receiver_i,confidence,entropy_norm,margin,correct,label_i
2,0.3497738242149353,0.5622183680534363,0.042617231607437134,False,1
4,0.40925562381744385,0.5293636918067932,0.19828800857067108,True,0
8,0.9992802739143372,0.002275745617225766,0.9989158511161804,True,1
17,0.9999513626098633,0.0002039354294538498,0.9999371767044067,True,1
19,0.7444725036621094,0.2710689306259155,0.6003741025924683,True,1
26,0.9999862909317017,6.168936670292169e-05,0.9999805688858032,True,1
33,0.8792287707328796,0.1301533281803131,0.762875497341156,False,1
35,0.9999825954437256,7.462094072252512e-05,0.9999697208404541,True,1
41,0.968598484992981,0.0491628497838974,0.939167320728302,True,1
42,0.7357919216156006,0.3788207173347473,0.6686168909072876,True,1
45,0.999997615814209,1.1849669135699514e-05,0.9999957084655762,True,1
47,0.9984530210494995,0.004413279239088297,0.9977544546127319,True,1
74,0.9994469285011292,0.001852452289313078,0.9992189407348633,True,1
95,0.9999940395355225,2.8335016395431012e-05,0.999991238117218,True,1
100,0.9710999727249146,0.05499064177274704,0.9582400918006897,True,1
108,0.9944414496421814,0.012518934905529022,0.9898027777671814,True,1
113,0.4092654585838318,0.4109862446784973,0.11139124631881714,False,1
120,0.4389466643333435,0.5345490574836731,0.22048413753509521,True,2
129,0.7175474762916565,0.31147652864456177,0.5677563548088074,True,1
131,0.9961334466934204,0.010498607531189919,0.9945104122161865,True,1
135,0.8928382992744446,0.13119596242904663,0.797538697719574,False,2
140,0.9783530235290527,0.036644820123910904,0.9577232003211975,False,1
141,0.9999997615814209,1.1343770438543288e-06,0.9999995827674866,True,1
143,0.9846653342247009,0.030691199004650116,0.9749768972396851,True,1
169,0.978652834892273,0.044947829097509384,0.9683063626289368,True,1
171,0.9887964725494385,0.02360543981194496,0.9803895950317383,True,1
172,0.9998315572738647,0.0006029519136063755,0.9997251033782959,True,1
176,0.7739945650100708,0.23900087177753448,0.5964623689651489,True,1
178,0.6949266195297241,0.34354332089424133,0.5415776968002319,True,1
179,0.9748088121414185,0.049935854971408844,0.9622671604156494,True,1
180,0.9943555593490601,0.012166671454906464,0.9890438914299011,True,1
181,0.6126871705055237,0.3913779854774475,0.3766883313655853,True,0
183,0.9999963045120239,1.752762727846857e-05,0.9999929666519165,True,1
186,0.9009854793548584,0.12405028939247131,0.8128592371940613,True,1
194,0.45550957322120667,0.4251681864261627,0.08913761377334595,True,0
198,0.8942281007766724,0.1327524036169052,0.8057612180709839,True,0
200,0.9815793037414551,0.04019905999302864,0.9762080907821655,False,1
214,0.4410974085330963,0.5808525085449219,0.2805994153022766,True,1
223,0.9997708201408386,0.0008231204119510949,0.999661922454834,True,1
237,0.49964240193367004,0.48478183150291443,0.2501837909221649,True,1
239,0.7751715183258057,0.20120476186275482,0.5641290545463562,False,1
253,0.9899123311042786,0.0239290501922369,0.9843462109565735,True,1
263,0.9861656427383423,0.03411567211151123,0.9834743142127991,False,2
270,0.9999979734420776,9.933885849022772e-06,0.9999961256980896,True,1
292,0.9988443851470947,0.0031176770571619272,0.9977770447731018,True,1
296,0.9966109395027161,0.008862695656716824,0.9946410059928894,True,1
298,0.9880906343460083,0.02604834921658039,0.9808777570724487,True,0
303,0.7839927077293396,0.2392088770866394,0.6379441022872925,True,1
304,0.758194625377655,0.19577601552009583,0.5220298767089844,True,1
306,0.9992807507514954,0.0022414352279156446,0.9988834261894226,True,1
316,0.9989810585975647,0.002971712267026305,0.9982039332389832,True,1
318,0.9068779349327087,0.1411055028438568,0.8489255309104919,True,0
319,0.8374596238136292,0.24346986413002014,0.7599359750747681,True,1
329,0.9915733933448792,0.018817782402038574,0.9868358969688416,True,1
331,0.9079486131668091,0.1530604213476181,0.8707966208457947,True,0
339,0.9997290968894958,0.000966254563536495,0.9996131062507629,True,1
341,0.9999961853027344,1.7144267985713668e-05,0.9999926686286926,True,1
346,0.5375378727912903,0.30373358726501465,0.1308160126209259,False,0
349,0.8770986199378967,0.21393288671970367,0.8470348119735718,False,2
351,0.4227566123008728,0.45377981662750244,0.08255735039710999,False,0
354,0.47794273495674133,0.4972043037414551,0.23791112005710602,True,2
364,0.8037629723548889,0.27141955494880676,0.7383460998535156,True,0
374,0.9999237060546875,0.0002947692119050771,0.9998827576637268,True,1
375,0.6014291644096375,0.3665749430656433,0.37128663063049316,False,0
386,0.9718326926231384,0.054170988500118256,0.9602014422416687,True,1
412,0.9324414730072021,0.08836685866117477,0.8685065507888794,True,1
421,0.694914698600769,0.2900920808315277,0.47002464532852173,True,2
424,0.993096649646759,0.01753743551671505,0.989761471748352,True,1
426,0.9797483086585999,0.04072948917746544,0.9701237082481384,True,1
433,0.9996813535690308,0.001003982499241829,0.9994009733200073,True,1
441,0.9997796416282654,0.0008080253028310835,0.9996933937072754,True,1
453,0.8880331516265869,0.16254909336566925,0.8358540534973145,True,0
457,0.9999690055847168,0.00012624869123101234,0.9999494552612305,True,1
465,0.9852574467658997,0.03093385510146618,0.9757513999938965,True,1
471,0.9999730587005615,0.00011234768317081034,0.9999600648880005,True,1
483,0.9996111989021301,0.0013237817911431193,0.9994210600852966,True,1
487,0.9020184278488159,0.12489528208971024,0.8166568279266357,True,0
488,0.9999004602432251,0.0003696253406815231,0.9998255968093872,True,1
494,0.9969308972358704,0.007263276260346174,0.9941005706787109,True,1
495,0.9989311099052429,0.0031635365448892117,0.9981998205184937,True,1
499,0.7061362862586975,0.24903814494609833,0.45908114314079285,True,1
534,0.9648253321647644,0.05878034979104996,0.935248613357544,True,1
540,0.9975935816764832,0.006970488000661135,0.9967873692512512,True,1
541,0.5153042078018188,0.34412986040115356,0.2305217981338501,False,2
555,0.8718027472496033,0.19391705095767975,0.8041181564331055,False,2
556,0.42517736554145813,0.5180495381355286,0.10491636395454407,True,2
557,0.9966477751731873,0.008956370875239372,0.9953193664550781,True,1
560,0.5866707563400269,0.5025036334991455,0.48009541630744934,False,1
561,0.9999511241912842,0.00019494819571264088,0.9999179244041443,True,1
565,0.5854601860046387,0.42026621103286743,0.391480416059494,True,1
579,0.981509804725647,0.034851305186748505,0.9662731289863586,True,1
601,0.9995248317718506,0.0016088763950392604,0.9993197917938232,True,1
610,0.51589435338974,0.3729778230190277,0.13637933135032654,False,2
612,0.7006928324699402,0.29398658871650696,0.49487078189849854,False,1
626,1.0,3.671582362585468e-07,0.9999999403953552,True,1
630,0.5260665416717529,0.2601892352104187,0.06742960214614868,True,1
635,0.9534583687782288,0.0714770033955574,0.914466917514801,True,1
664,0.9594936370849609,0.07350548356771469,0.9374700784683228,True,1
687,0.9742257595062256,0.055410876870155334,0.9650112390518188,True,1
692,0.6416555643081665,0.3864426016807556,0.46364307403564453,False,2
695,0.9813942909240723,0.04097124561667442,0.9736701250076294,True,0
699,0.9954909682273865,0.010119209997355938,0.9913151860237122,True,1
703,0.7480379939079285,0.19221462309360504,0.49763575196266174,True,1
705,0.9475235342979431,0.08459947258234024,0.9203765988349915,True,1
708,0.5360298752784729,0.37698259949684143,0.17358925938606262,True,1
710,0.963657557964325,0.0682460144162178,0.9479267597198486,True,0
719,0.9999499320983887,0.00019952753791585565,0.9999158978462219,True,1
733,0.7390527725219727,0.3288811147212982,0.6122544407844543,True,0
741,0.9997289776802063,0.0009251844021491706,0.9995404481887817,True,1
760,0.9758396148681641,0.04769253358244896,0.9600996375083923,True,0
764,0.9958385229110718,0.01101697888225317,0.9939597249031067,True,1
766,0.6905695796012878,0.26221105456352234,0.42196279764175415,False,1
774,0.9954938888549805,0.011646089144051075,0.9937726259231567,True,1
776,0.9662066698074341,0.051030538976192474,0.933485209941864,True,1
780,0.7661046385765076,0.24563772976398468,0.5824310183525085,False,1
781,0.8648837804794312,0.18684488534927368,0.7899254560470581,True,1
796,0.9733346700668335,0.05180670693516731,0.958143949508667,True,1
797,0.9999651908874512,0.0001395965227857232,0.9999403357505798,True,1
799,0.9997648596763611,0.0008325216476805508,0.9996451735496521,True,1
800,0.9992427825927734,0.002413886832073331,0.99888676404953,True,1
802,0.9962453246116638,0.009187431074678898,0.9934272766113281,True,1
808,0.9539720416069031,0.08006677776575089,0.9266984462738037,True,1
816,0.7608709335327148,0.26669058203697205,0.6147099733352661,False,0
836,0.8567573428153992,0.23280858993530273,0.8087565302848816,False,2
854,0.9995092153549194,0.0014814242022112012,0.9990888833999634,True,1
857,0.9394388198852539,0.10626327246427536,0.9078813791275024,True,0
867,0.8743686676025391,0.14204904437065125,0.7595459222793579,False,1
877,0.9996907711029053,0.0010645563015714288,0.9995407462120056,True,1
887,0.9899256229400635,0.023694615811109543,0.9852131009101868,True,1
893,0.9992918968200684,0.0020813315641134977,0.9987317323684692,True,1
897,0.9184260964393616,0.1401987075805664,0.8841865062713623,False,1
903,0.9998213648796082,0.0006300185923464596,0.9997243881225586,True,1
905,0.9999938011169434,2.882941953430418e-05,0.9999905228614807,True,1
907,0.9999524354934692,0.00019066772074438632,0.9999321103096008,True,1
908,0.9988227486610413,0.0030692811124026775,0.9976579546928406,True,1
919,0.9999674558639526,0.00012681286898441613,0.9999371767044067,True,1
921,0.9634784460067749,0.07268904894590378,0.9518922567367554,True,1
928,0.9895201921463013,0.02549779787659645,0.9862813949584961,True,1
940,0.4688383638858795,0.41511696577072144,0.11608809232711792,True,0
943,0.29120150208473206,0.6563999056816101,0.07951308786869049,True,0
950,0.8325003385543823,0.2723521590232849,0.7787191867828369,True,1
975,0.9975382089614868,0.005903388373553753,0.9951505661010742,True,1
976,0.9997417330741882,0.0008788724662736058,0.999617874622345,True,1
980,0.9552463889122009,0.08995834738016129,0.9435360431671143,True,1
986,0.7150994539260864,0.3238046169281006,0.5284577012062073,True,1
1003,0.9985544085502625,0.003892704611644149,0.9972724914550781,True,1
1012,0.9999476671218872,0.000202304741833359,0.9999148845672607,True,1
1013,0.6541475653648376,0.28273215889930725,0.34717631340026855,True,1
1018,0.9551990628242493,0.08579486608505249,0.9332548975944519,True,1
1026,0.9999992847442627,3.829142769973259e-06,0.9999986886978149,True,1
1047,0.9999992847442627,3.595624320951174e-06,0.9999989867210388,True,1
1049,0.6077632308006287,0.31310033798217773,0.2821999192237854,True,0
1050,0.9999521970748901,0.00018825118604581803,0.9999219179153442,True,1
1058,0.9998918771743774,0.00039862096309661865,0.9998220205307007,True,1
1061,0.9795986413955688,0.036844801157712936,0.9629899859428406,True,1
1076,0.9999743700027466,0.00011338019976392388,0.9999662041664124,True,1
1078,0.9999043941497803,0.0003681365051306784,0.9998566508293152,True,1
1081,0.9998800754547119,0.0004419164906721562,0.9998235106468201,True,1
1083,0.7824811339378357,0.1882573664188385,0.5730606317520142,True,1
1084,0.9994334578514099,0.0018080921145156026,0.9990872740745544,True,1
1086,0.9999269247055054,0.00027717003831639886,0.999876081943512,True,1
1115,0.8043301105499268,0.22847045958042145,0.6751149892807007,True,1
1121,0.9996908903121948,0.0009598503820598125,0.9993939399719238,True,1
1126,0.9499779343605042,0.07362844794988632,0.9048112630844116,True,1
1139,0.6829271912574768,0.3388548195362091,0.5287224650382996,True,1
1140,0.9999126195907593,0.0003385178279131651,0.9998654723167419,True,1
1142,0.9136679172515869,0.11846625804901123,0.8422175645828247,False,0
1151,0.9999462366104126,0.00021359408856369555,0.9999195337295532,True,1
1169,0.9999996423721313,1.988386657103547e-06,0.9999993443489075,True,1
1170,0.9999932050704956,3.2687858038116246e-05,0.9999902844429016,True,1
1182,0.9999370574951172,0.0002608013746794313,0.9999211430549622,True,1
1215,0.9999839067459106,6.805361772421747e-05,0.999972403049469,True,1
1221,0.9998714923858643,0.0004886867827735841,0.9998054504394531,True,1
1223,0.38949093222618103,0.5976571440696716,0.19750964641571045,False,2
1230,0.8009047508239746,0.17102007567882538,0.6037136316299438,True,1
1243,0.9876032471656799,0.02840227261185646,0.9813263416290283,True,1
1245,0.9998757839202881,0.00046926119830459356,0.9998195767402649,True,1
1246,0.9999929666519165,3.135098813800141e-05,0.9999871850013733,True,1
1251,0.9988228678703308,0.003188088769093156,0.9977360367774963,True,1
1255,0.46609365940093994,0.5313162207603455,0.28549453616142273,False,1
1274,0.7184042930603027,0.32338815927505493,0.5850875377655029,True,0
1285,0.9476136565208435,0.09637455642223358,0.9260424375534058,True,0
1292,0.9996315240859985,0.0012153122806921601,0.9993557333946228,True,1
1298,0.9976116418838501,0.006733546499162912,0.9968486428260803,True,1
1301,0.9973586201667786,0.006713693030178547,0.9954971075057983,True,1
1303,0.9994545578956604,0.0015543547924607992,0.9989104866981506,True,1
1308,0.9975886344909668,0.006882479414343834,0.99652498960495,True,1
1323,0.5751340985298157,0.2933594584465027,0.19368088245391846,False,0
1327,0.9912412166595459,0.02066083811223507,0.9878627061843872,False,1
1331,0.9999949932098389,2.3746737497276627e-05,0.9999925494194031,True,1
1336,0.9518295526504517,0.07442300021648407,0.9163860082626343,True,0
1339,0.9999750852584839,0.00010513569577597082,0.9999626278877258,True,1
1341,0.9990179538726807,0.003031610744073987,0.9985625147819519,True,1
1343,0.5427295565605164,0.5175179839134216,0.3661125898361206,False,2
1346,0.9999164342880249,0.0003350689075887203,0.9998849034309387,True,1
1347,0.46851104497909546,0.4198312759399414,0.2332208752632141,True,2
1354,0.9999808073043823,8.027778676478192e-05,0.9999671578407288,True,1
1367,0.9999182224273682,0.0002874379279091954,0.9998382925987244,True,1
1371,0.913338840007782,0.10218385607004166,0.8287534713745117,False,1
1373,0.6532649397850037,0.41600242257118225,0.5199482440948486,False,2
1374,0.9301272034645081,0.08763253688812256,0.8619256615638733,True,0
1389,0.6173114776611328,0.2627143859863281,0.25987643003463745,True,1
1395,0.996353268623352,0.009325207211077213,0.99402916431427,True,1
1396,0.9939554333686829,0.013894465751945972,0.9893466830253601,True,0
1397,0.9999988079071045,6.030398708389839e-06,0.9999980330467224,True,1
1400,0.25698888301849365,0.7158692479133606,0.011943355202674866,False,1
1401,0.9951127171516418,0.012101243250072002,0.9917897582054138,True,1
1405,0.47935396432876587,0.5287778973579407,0.2861682176589966,True,1
1412,0.9650379419326782,0.05803196132183075,0.9374191761016846,True,1
1428,0.9999960660934448,1.9200746464775875e-05,0.9999942779541016,True,1
1431,0.9985108971595764,0.004372968338429928,0.997810959815979,True,1
1441,0.9998718500137329,0.0004602344997692853,0.9997730851173401,True,1
1447,0.9587356448173523,0.0720696672797203,0.9309936165809631,True,0
1448,0.9685767889022827,0.060981448739767075,0.9558671712875366,True,1
1452,0.9998643398284912,0.0005182353779673576,0.9998103976249695,True,1
1456,0.9999641180038452,0.0001454205485060811,0.9999458193778992,True,1
1458,0.9959737658500671,0.01075270026922226,0.9939373731613159,True,1
1475,0.7535727024078369,0.25528156757354736,0.5530238747596741,True,1
1476,0.8986251950263977,0.133604034781456,0.8149782419204712,False,1
1479,0.9512208104133606,0.06878817826509476,0.9049018025398254,True,1
1481,0.9997547268867493,0.0008343754452653229,0.9996113181114197,True,1
1482,0.7198839783668518,0.24598316848278046,0.471845805644989,True,1
1483,0.9950422048568726,0.012009046040475368,0.9926678538322449,True,1
1488,0.9410231709480286,0.08632310479879379,0.891197919845581,False,1
1494,0.9545401930809021,0.0923064574599266,0.9406639933586121,True,1
1496,0.8538153767585754,0.15121802687644958,0.713901162147522,True,1
1513,0.3412984609603882,0.501341700553894,0.0012042820453643799,False,0
1520,0.9914590120315552,0.018264517188072205,0.9845699071884155,True,1
1526,0.9999434947967529,0.00020811098511330783,0.9998896718025208,True,1
1532,0.9876452088356018,0.023474933579564095,0.9760816693305969,True,1
1540,0.9967259168624878,0.007922082208096981,0.9939342141151428,True,0
1551,0.9999750852584839,0.00010267019388265908,0.9999580383300781,True,1
1553,0.8690506815910339,0.13422571122646332,0.7404398322105408,True,1
1557,0.9988067150115967,0.0035432237200438976,0.9980954527854919,True,1
1558,0.9922864437103271,0.016297586262226105,0.985257089138031,True,1
1568,0.9898768067359924,0.020335590466856956,0.9806432127952576,False,1
1569,0.9999788999557495,8.747798710828647e-05,0.9999622106552124,True,1
1573,0.9957309365272522,0.01082623191177845,0.9931111931800842,True,1
1576,0.9421969056129456,0.10429085791110992,0.908122181892395,True,1
1579,0.9996798038482666,0.0010034561855718493,0.9993855953216553,True,1
1596,0.9997703433036804,0.0007969995494931936,0.9996168613433838,True,1
1605,0.9992508292198181,0.0022335464600473642,0.9986914396286011,True,1
1619,0.9977384805679321,0.005397430621087551,0.9954972863197327,True,1
1631,0.9996803998947144,0.0010827057994902134,0.999491274356842,True,1
1636,0.9978891015052795,0.005916489288210869,0.9968580603599548,True,1
1647,0.9999904632568359,4.186334626865573e-05,0.9999825358390808,True,1
1662,0.9909147024154663,0.021704083308577538,0.9873135089874268,True,1
1665,0.9753419756889343,0.04786726459860802,0.9598368406295776,True,1
1666,0.9999278783798218,0.0002857845101971179,0.9998936653137207,True,1
1668,0.9998354911804199,0.0005788456182926893,0.9997356534004211,True,1
1670,0.9290132522583008,0.10231608152389526,0.8690428733825684,True,1
1671,0.9998834133148193,0.0004327155475039035,0.9998074769973755,True,1
1675,0.9997530579566956,0.0008415211923420429,0.999561607837677,True,1
1678,0.9995669722557068,0.001346162287518382,0.9992184638977051,True,1
1680,0.999992847442627,3.3233165595447645e-05,0.999988317489624,True,1
1684,0.6421874165534973,0.38612696528434753,0.48297274112701416,True,1
1690,0.26130300760269165,0.648443341255188,0.03447936475276947,True,0
1702,0.9999719858169556,0.00010997524077538401,0.9999454617500305,True,1
1707,0.9831151366233826,0.03725040331482887,0.9762960076332092,True,1
1711,0.9151341915130615,0.13602598011493683,0.8750548362731934,True,1
1714,0.35911473631858826,0.5619836449623108,0.14465206861495972,True,0
1731,0.5842681527137756,0.3946496546268463,0.37962138652801514,False,2
1732,0.9802107214927673,0.04209661856293678,0.972027063369751,True,1
1738,0.9935593605041504,0.015097466297447681,0.9892438054084778,True,1
1742,0.8288719058036804,0.23972009122371674,0.7504035234451294,False,1
1750,0.9999397993087769,0.00023527177108917385,0.99990314245224,True,1
1751,0.9708013534545898,0.05814480781555176,0.9542866349220276,True,1
1767,0.9625820517539978,0.055155131965875626,0.9261030554771423,False,1
1775,0.9013941287994385,0.1472611278295517,0.8517955541610718,False,0
1778,0.9900016784667969,0.022041458636522293,0.9834346175193787,True,1
1782,0.9863102436065674,0.029620738700032234,0.9794144034385681,True,0
1784,0.9998100399971008,0.0006419061101041734,0.9996591806411743,True,1
1788,0.9932746887207031,0.015997273847460747,0.9898814558982849,True,1
1805,0.9997504353523254,0.00085830083116889,0.9995679259300232,True,1
1828,0.9999982118606567,8.944027285906486e-06,0.9999966621398926,True,1
1830,0.886076807975769,0.12057359516620636,0.7732129096984863,True,1
1831,0.4901258647441864,0.4355521500110626,0.15069115161895752,True,1
1836,0.563750147819519,0.5144926309585571,0.43082863092422485,False,0
1862,0.975035548210144,0.04812701791524887,0.9603881239891052,True,1
1867,0.9952231049537659,0.010692480951547623,0.990861177444458,True,1
1882,0.3419305980205536,0.5528921484947205,0.07065743207931519,False,2
1904,0.9512803554534912,0.06851442903280258,0.9043835997581482,True,1
1914,0.4412831962108612,0.6133826375007629,0.28543365001678467,True,1
1915,0.9891517162322998,0.023832451552152634,0.9813997149467468,True,1
1922,0.9107251167297363,0.11213470995426178,0.829664409160614,False,1
1924,0.21813058853149414,0.8082970976829529,0.04471559822559357,False,1
1929,0.9973711967468262,0.0075076972134411335,0.9963393211364746,True,1
1931,0.9737116694450378,0.050083041191101074,0.9541550874710083,True,1
1958,0.6440375447273254,0.41755661368370056,0.5300403833389282,True,3
1986,0.6677635908126831,0.23565921187400818,0.3511732220649719,True,3
1991,0.9732548594474792,0.04997953772544861,0.9577011466026306,True,3
1994,0.9003480076789856,0.1427813619375229,0.8392704725265503,False,3
2003,0.8131083846092224,0.28874754905700684,0.7578569054603577,True,5
2017,0.9875872731208801,0.02904246188700199,0.9825884699821472,True,3
2022,0.9183785915374756,0.14931072294712067,0.8930656313896179,True,5
2032,0.3774339556694031,0.49168142676353455,0.013152062892913818,True,5
2035,0.547753632068634,0.4116015136241913,0.2938791811466217,False,4
2046,0.399558961391449,0.5010704398155212,0.13206061720848083,True,5
2052,0.9819228053092957,0.03773706033825874,0.9709817171096802,True,5
2061,0.5897496342658997,0.29802608489990234,0.2255430817604065,False,3
2078,0.7037054896354675,0.3870477080345154,0.6165410280227661,True,5
2079,0.557047426700592,0.4740299582481384,0.3987155556678772,True,5
2093,0.3644469976425171,0.66297447681427,0.20873935520648956,False,4
2094,0.8993613123893738,0.11788331717252731,0.8039295077323914,True,3
2104,0.37134358286857605,0.4626292586326599,0.08706110715866089,True,5
2108,0.7940698862075806,0.24845574796199799,0.6648072004318237,True,3
2110,0.48684990406036377,0.38240551948547363,0.10737699270248413,True,5
2128,0.6977816224098206,0.4334757626056671,0.6343231797218323,True,5
2146,0.4780223071575165,0.4643634259700775,0.26003292202949524,True,3
2161,0.9000375270843506,0.15115953981876373,0.8650838136672974,True,3
2163,0.9796750545501709,0.040789950639009476,0.9689592719078064,False,4
2165,0.49527525901794434,0.38985446095466614,0.1641501784324646,False,3
2176,0.898192822933197,0.17216788232326508,0.860431969165802,True,5
2183,0.30062562227249146,0.6801666617393494,0.12499652802944183,True,5
2199,0.5749297738075256,0.24827489256858826,0.15981236100196838,True,5
2211,0.3596925437450409,0.6496820449829102,0.1535116732120514,False,5
2220,0.6171187162399292,0.35761576890945435,0.3536336421966553,False,5
2244,0.6852591633796692,0.32598018646240234,0.5373483896255493,True,5
2247,0.710674524307251,0.26951947808265686,0.4696425795555115,True,3
2256,0.999596893787384,0.0014118013205006719,0.999470591545105,False,4
2264,0.9925501346588135,0.014840086922049522,0.9851781129837036,True,3
2266,0.933623194694519,0.12339262664318085,0.9153532385826111,True,3
2282,0.7062563300132751,0.3748400807380676,0.6343592405319214,False,3
2287,0.4842352569103241,0.3690947890281677,0.18994542956352234,False,3
2289,0.6625551581382751,0.39626115560531616,0.4880439043045044,True,4
2290,0.6472005844116211,0.3241923153400421,0.3707234859466553,True,5
2298,0.9991075396537781,0.002746912417933345,0.9985330104827881,True,5
2303,0.8751906752586365,0.1879553496837616,0.815066933631897,False,6
2304,0.5388085246086121,0.5007656812667847,0.35953912138938904,False,5
2310,0.9893625378608704,0.022567979991436005,0.9809771180152893,True,5
2316,0.6167668104171753,0.2562994360923767,0.2605285346508026,False,3
2327,0.3203325569629669,0.5741642117500305,0.039352625608444214,False,4
2330,0.8750172257423401,0.15655027329921722,0.774943470954895,False,3
2333,0.3515128493309021,0.7295013070106506,0.12566570937633514,False,5
2343,0.9965682029724121,0.00895726215094328,0.9944789409637451,True,3
2354,0.9861817359924316,0.032763633877038956,0.9827932119369507,True,5
2355,0.983836829662323,0.03527270257472992,0.9769946336746216,True,3
2372,0.9659379720687866,0.05543562024831772,0.9360905289649963,True,3
2373,0.9016526341438293,0.1656566709280014,0.8731723427772522,True,3
2377,0.436861515045166,0.6197487711906433,0.2924072742462158,False,5
2379,0.22501130402088165,0.6139686107635498,0.0014111846685409546,True,3
2382,0.3768698275089264,0.5708885788917542,0.12491604685783386,False,5
2386,0.9976509213447571,0.006447067949920893,0.9965736865997314,False,5
2391,0.9639387726783752,0.05788583680987358,0.9323232769966125,True,3
2415,0.9808525443077087,0.03653114661574364,0.9672977328300476,True,3
2437,0.7620952725410461,0.27798226475715637,0.625577449798584,False,4
2439,0.6637616753578186,0.34428778290748596,0.44564729928970337,False,4
2447,0.795005738735199,0.2731786370277405,0.6859712600708008,True,5
2457,0.9233965277671814,0.12007861584424973,0.8877671957015991,True,3
2458,0.39108288288116455,0.528544008731842,0.16568990051746368,True,5
2468,0.6081026196479797,0.4247299134731293,0.4059236943721771,False,3
2475,0.8464130759239197,0.22384291887283325,0.7879629731178284,False,4
2477,0.39941564202308655,0.4134628474712372,0.023862868547439575,False,3
2478,0.5750594735145569,0.47928541898727417,0.4665307104587555,False,6
2502,0.9684644937515259,0.05180111527442932,0.940773069858551,True,3
2516,0.8322427272796631,0.2223726063966751,0.7366827726364136,True,3
2517,0.36622047424316406,0.5636731386184692,0.15874335169792175,True,5
2519,0.8448300361633301,0.17341095209121704,0.7132642865180969,False,5
2523,0.9133026599884033,0.12548990547657013,0.8558865785598755,True,5
2541,0.5964084267616272,0.4371636211872101,0.3993709087371826,True,5
2545,0.4260402321815491,0.40732455253601074,0.013858169317245483,False,5
2546,0.686595618724823,0.21568073332309723,0.3770993947982788,True,3
2551,0.46255022287368774,0.47098490595817566,0.22688843309879303,False,4
2555,0.9794973134994507,0.04354340210556984,0.9701778292655945,False,5
2557,0.47349676489830017,0.38837960362434387,0.09011247754096985,False,4
2558,0.5788891911506653,0.3792821168899536,0.2720259428024292,True,3
2568,0.3371715843677521,0.5924149751663208,0.15519769489765167,True,4
2590,0.7984885573387146,0.23091967403888702,0.658528208732605,True,3
2592,0.20874571800231934,0.6604918241500854,0.014742597937583923,False,5
2619,0.9528822898864746,0.07164240628480911,0.9126099944114685,True,3
2624,0.9567880034446716,0.07498272508382797,0.9367789030075073,True,5
2628,0.7023369073867798,0.38665494322776794,0.6228604912757874,False,5
2649,0.8850141763687134,0.19375349581241608,0.8391686081886292,False,4
2650,0.5703449845314026,0.2892477512359619,0.1798480749130249,False,5
2657,0.5882999300956726,0.4115040898323059,0.4140368103981018,False,5
2662,0.9359161257743835,0.11707352846860886,0.9159603118896484,True,3
2664,0.8632904291152954,0.19384339451789856,0.7759230136871338,False,4
2665,0.6361060738563538,0.45694926381111145,0.5074275732040405,False,4
2670,0.6658251881599426,0.3479158580303192,0.4895503520965576,False,5
2682,0.9289433360099792,0.11152376234531403,0.8822668790817261,True,5
2686,0.9072692394256592,0.14999990165233612,0.8666008710861206,True,5
2693,0.7650423049926758,0.2522485554218292,0.6105955839157104,False,5
2696,0.9007461071014404,0.16075940430164337,0.8524500131607056,True,5
2709,0.8667860627174377,0.2198353260755539,0.8257488012313843,False,5
2714,0.827281653881073,0.27473944425582886,0.7684867978096008,False,4
2716,0.9070736169815063,0.1499309539794922,0.8576247692108154,True,5
2718,0.7013158202171326,0.36073219776153564,0.5413943529129028,True,3
2720,0.3174431622028351,0.6702439188957214,0.08870993554592133,False,3
2737,0.9432622194290161,0.08616163581609726,0.9017415046691895,True,3
2769,0.7593578696250916,0.2047407329082489,0.5312530994415283,True,3
2776,0.5972520112991333,0.4719836413860321,0.48309630155563354,False,3
2778,0.9270821213722229,0.10878083854913712,0.8716785311698914,True,5
2795,0.7378240823745728,0.20773927867412567,0.486741840839386,False,3
2809,0.9563686847686768,0.08267655968666077,0.9360372424125671,True,5
2810,0.9930839538574219,0.01851114258170128,0.9903568029403687,True,5
2817,0.5561010837554932,0.2494712769985199,0.12258803844451904,True,3
2819,0.7729402780532837,0.22138744592666626,0.5737711787223816,True,5
2822,0.5496310591697693,0.3372827172279358,0.19427761435508728,False,3
2830,0.41922256350517273,0.472068190574646,0.08444654941558838,False,5
2840,0.915000855922699,0.14651331305503845,0.8869154453277588,True,3
2846,0.769340455532074,0.3139650523662567,0.7035459876060486,True,5
2847,0.8804274797439575,0.17516203224658966,0.8196445107460022,True,3
2853,0.6109018325805664,0.45821961760520935,0.5005594491958618,False,5
2856,0.4306652843952179,0.5399951338768005,0.23283018171787262,False,6
2871,0.5944971442222595,0.391266793012619,0.400410532951355,False,4
2877,0.35448306798934937,0.5395812392234802,0.08625549077987671,False,5
2879,0.421362042427063,0.5371972322463989,0.13708257675170898,False,5
2884,0.983234167098999,0.03286977484822273,0.9731829166412354,True,3
2888,0.5689305663108826,0.47865504026412964,0.3629457354545593,False,6
2894,0.6149021983146667,0.3113805055618286,0.3021397590637207,False,4
2911,0.37158459424972534,0.5036419034004211,0.07662054896354675,False,5
2913,0.42299890518188477,0.4306761622428894,0.00776633620262146,True,5
2919,0.9549040794372559,0.0815887302160263,0.9309307336807251,True,5
2920,0.9739086031913757,0.051181595772504807,0.9627128839492798,True,3
2925,0.7939426302909851,0.21230779588222504,0.650805652141571,True,3
2932,0.9536993503570557,0.07167848199605942,0.9137986302375793,True,5
2937,0.8027263283729553,0.16960006952285767,0.6073145270347595,True,3
2942,0.5658589601516724,0.49834656715393066,0.42918887734413147,True,4
2944,0.8595273494720459,0.16992098093032837,0.7497063875198364,True,3
2954,0.9416837096214294,0.10169815272092819,0.9174112677574158,True,5
2955,0.9813125729560852,0.04058197885751724,0.9718499779701233,True,5
2956,0.9997174143791199,0.0009998953901231289,0.9995961785316467,True,5
2964,0.5002838969230652,0.4394616484642029,0.2096957266330719,False,5
2968,0.4971521198749542,0.4449772238731384,0.23277682065963745,False,3
2969,0.5055204629898071,0.27702805399894714,0.04174688458442688,False,5
2972,0.9935385584831238,0.01594456657767296,0.9901776313781738,True,5
2977,0.9845167994499207,0.02676919475197792,0.9690751433372498,True,3
2981,0.42759186029434204,0.48024290800094604,0.061508744955062866,False,5
2982,0.8850177526473999,0.16413825750350952,0.8187786340713501,True,5
2986,0.7247182726860046,0.2814340591430664,0.5715129971504211,False,4
2995,0.9836456775665283,0.030290549620985985,0.9698501229286194,True,3
2996,0.7122938632965088,0.3824104070663452,0.610605776309967,False,5
3015,0.9396726489067078,0.09880492091178894,0.897700309753418,False,6
3025,0.9905136823654175,0.02189875952899456,0.9847697615623474,True,5
3044,0.5912832021713257,0.4462246298789978,0.41474729776382446,False,3
3051,0.46937063336372375,0.5606269836425781,0.3154844641685486,True,4
3058,0.44342467188835144,0.6277269721031189,0.31244218349456787,False,5
3072,0.2557271718978882,0.7161766290664673,0.07133932411670685,False,4
3076,0.40308520197868347,0.49023884534835815,0.05504786968231201,False,5
3078,0.27232176065444946,0.5819030404090881,0.01615944504737854,False,3
3090,0.8548597693443298,0.20607733726501465,0.8011407256126404,True,3
3095,0.4167175590991974,0.4831158220767975,0.03623202443122864,True,4
3099,0.8263301849365234,0.23560747504234314,0.7272703647613525,True,3
3106,0.9844803214073181,0.03644436597824097,0.9783381223678589,True,5
3113,0.6908056139945984,0.28940659761428833,0.45336347818374634,True,3
3115,0.934040367603302,0.11187109351158142,0.906394362449646,False,3
3117,0.5838611125946045,0.24448716640472412,0.17863550782203674,False,3
3126,0.5885763764381409,0.4808889925479889,0.40569013357162476,True,5
3146,0.6489088535308838,0.3994773328304291,0.4797508418560028,False,6
3157,0.3782235383987427,0.6191332936286926,0.179591104388237,True,5
3160,0.8127538561820984,0.20582112669944763,0.7093483805656433,True,3
3161,0.8075084090232849,0.2904489040374756,0.7503811717033386,True,5
3164,0.8664128184318542,0.22202801704406738,0.8159520030021667,True,5
3181,0.6548119187355042,0.41708096861839294,0.5601285696029663,False,4
3196,0.9478229284286499,0.10173404216766357,0.9358537793159485,True,3
3209,0.949886679649353,0.09445134550333023,0.9297073483467102,True,5
3215,0.5562261343002319,0.45693787932395935,0.35408300161361694,False,4
3227,0.711433470249176,0.26789233088493347,0.48491835594177246,True,3
3228,0.7640340328216553,0.23833067715168,0.5722283720970154,False,4
3235,0.9509091973304749,0.07570547610521317,0.9108021855354309,True,3
3236,0.732109546661377,0.27589622139930725,0.5302881598472595,False,3
3240,0.7790493369102478,0.3181339502334595,0.712040364742279,False,5
3243,0.5024338960647583,0.40138599276542664,0.15833184123039246,False,3
3253,0.9792068004608154,0.04117400944232941,0.9651498198509216,True,3
3261,0.4018910825252533,0.569225549697876,0.16239863634109497,True,4
3268,0.5531594157218933,0.406168133020401,0.26424741744995117,False,5
3294,0.4101802706718445,0.6352875828742981,0.2600671648979187,False,4
3298,0.8025222420692444,0.25989553332328796,0.7203529477119446,False,4
3305,0.8823216557502747,0.20684802532196045,0.8455176949501038,True,5
3306,0.5122033357620239,0.483141154050827,0.28310245275497437,False,6
3311,0.9996384382247925,0.0012870298232883215,0.9994763135910034,True,5
3315,0.5318753123283386,0.4663352370262146,0.2957521378993988,True,3
3317,0.9487781524658203,0.07846719771623611,0.9048406481742859,False,4
3320,0.6757264137268066,0.32749518752098083,0.4707043766975403,True,5
3328,0.9987825751304626,0.003492972580716014,0.997916042804718,True,3
3342,0.6611590385437012,0.2887067198753357,0.37500038743019104,False,5
3345,0.4958140254020691,0.3159550726413727,0.0441458523273468,False,3
3355,0.7473427653312683,0.3488103449344635,0.666459321975708,True,5
3361,0.9980706572532654,0.005427233874797821,0.996878445148468,True,3
3362,0.998350977897644,0.004663081374019384,0.9973803162574768,True,3
3375,0.30216869711875916,0.6422761678695679,0.09356212615966797,False,4
3382,0.5235885977745056,0.548364520072937,0.4113128185272217,False,6
3383,0.42521271109580994,0.5428341031074524,0.13016089797019958,False,3
3384,0.30173641443252563,0.6441830992698669,0.047986894845962524,True,5
3388,0.7892847061157227,0.2476981282234192,0.6640475988388062,True,5
3397,0.9572739601135254,0.0728909894824028,0.9270411729812622,False,4
3400,0.9156559705734253,0.12369957566261292,0.8559137582778931,True,5
3405,0.7765532732009888,0.19595251977443695,0.5637340545654297,True,3
3408,0.9438012838363647,0.10916443169116974,0.9304443001747131,False,4
3414,0.9909340143203735,0.01843895949423313,0.9826857447624207,True,3
3440,0.606624960899353,0.2947401702404022,0.25722402334213257,False,5
3448,0.9667072296142578,0.056779347360134125,0.9436302781105042,True,3
3450,0.9998793601989746,0.0004057079495396465,0.9997599124908447,False,5
3460,0.9882204532623291,0.02490820363163948,0.9825125932693481,True,5
3467,0.835891604423523,0.21758492290973663,0.7399638295173645,True,5
3473,0.4833414852619171,0.5691553950309753,0.35330963134765625,False,4
3475,0.7961573600769043,0.27064335346221924,0.697700560092926,False,5
3477,0.9956374764442444,0.010478180833160877,0.99239182472229,True,5
3483,0.7087152004241943,0.29719895124435425,0.48499220609664917,False,5
3484,0.7102239727973938,0.2430254966020584,0.4500007927417755,True,3
3488,0.9751977324485779,0.04926752299070358,0.9646515250205994,True,3
3489,0.32764336466789246,0.6224777698516846,0.12803171575069427,False,5
3490,0.8817856907844543,0.1224505603313446,0.7640347480773926,False,3
3497,0.6512118577957153,0.3167346119880676,0.3889828622341156,False,5
3500,0.7168545722961426,0.3206740617752075,0.5398255586624146,True,5
3502,0.3685145080089569,0.6465374827384949,0.17063194513320923,False,6
3505,0.41375893354415894,0.6236832737922668,0.3026437759399414,False,5
3506,0.8519160151481628,0.2031988948583603,0.7716584801673889,False,5
3511,0.5507468581199646,0.4708157181739807,0.3349735736846924,True,5
3516,0.4492225646972656,0.48319458961486816,0.19382625818252563,True,5
3524,0.9589800238609314,0.06665714830160141,0.9316293001174927,True,3
3538,0.7831485271453857,0.2793734669685364,0.6929987072944641,True,5
3539,0.49104711413383484,0.47672146558761597,0.30960485339164734,False,3
3544,0.5825033187866211,0.37365496158599854,0.3438394069671631,False,5
3545,0.8025075793266296,0.2635590434074402,0.6974200010299683,False,5
3546,0.32781538367271423,0.5154399275779724,0.011130213737487793,True,6
3562,0.5189024806022644,0.49137577414512634,0.30333662033081055,False,3
3563,0.972564160823822,0.05470084398984909,0.9574849605560303,True,3
3564,0.847270131111145,0.2475714087486267,0.7883352637290955,False,4
3578,0.504606306552887,0.29654887318611145,0.05705717206001282,False,3
3582,0.6399295926094055,0.4474114775657654,0.5463076829910278,False,5
3587,0.8456388711929321,0.2336185723543167,0.7774168252944946,False,5
3588,0.8983688354492188,0.12617039680480957,0.8144307136535645,False,3
3591,0.9821015000343323,0.03323861211538315,0.9678831696510315,True,3
3595,0.9710883498191833,0.05308903753757477,0.9556805491447449,False,5
3602,0.9727238416671753,0.05751173198223114,0.9638583660125732,True,3
3619,0.45859256386756897,0.3950653672218323,0.03924548625946045,True,5
3633,0.677013099193573,0.4352113604545593,0.6069139242172241,False,4
3637,0.5951099991798401,0.27818694710731506,0.21992719173431396,True,5
3638,0.6662829518318176,0.2700096070766449,0.37567976117134094,False,5
3642,0.2359163761138916,0.7005868554115295,0.003091365098953247,False,4
3647,0.8853065371513367,0.17265968024730682,0.8199433088302612,True,3
3650,0.979113757610321,0.03851620480418205,0.9640223383903503,True,3
3654,0.7804368734359741,0.1894635707139969,0.5688559412956238,True,5
3658,0.7400614023208618,0.24066384136676788,0.5144987106323242,True,3
3660,0.5046795606613159,0.5661121010780334,0.29601430892944336,True,5
3672,0.4048170745372772,0.4613542854785919,0.05929100513458252,False,4
3687,0.8714430332183838,0.13171979784965515,0.7445201873779297,True,3
3695,0.3739297091960907,0.5721688270568848,0.10881733894348145,False,3
3701,0.8320550322532654,0.21227958798408508,0.7148094177246094,True,3
3716,0.46866998076438904,0.42919450998306274,0.14166387915611267,True,5
3717,0.6394497752189636,0.2766641676425934,0.3226155638694763,False,3
3721,0.682235598564148,0.3377454876899719,0.5275458097457886,False,4
3726,0.9150006771087646,0.13685016334056854,0.8763498067855835,False,4
3727,0.6836007833480835,0.3687243163585663,0.5507502555847168,False,4
3733,0.9796283841133118,0.03648071736097336,0.9617938995361328,True,3
3735,0.8779250383377075,0.18409378826618195,0.8287746906280518,False,3
3740,0.46704888343811035,0.4372583031654358,0.13723978400230408,True,5
3747,0.5590107440948486,0.2975541651248932,0.1592472791671753,True,3
3748,0.39607998728752136,0.6073803901672363,0.18230196833610535,False,5
3755,0.9997163414955139,0.0008798953494988382,0.9994391798973083,True,3
3756,0.48506519198417664,0.5012316107749939,0.2563766837120056,False,4
3770,0.8931996822357178,0.14145496487617493,0.814305305480957,True,3
3772,0.7297298908233643,0.2155480682849884,0.4756905734539032,True,3
3776,0.9543572068214417,0.08749634772539139,0.9385139346122742,False,5
3780,0.3652104437351227,0.5833480954170227,0.0994158387184143,False,5
3781,0.3872128129005432,0.42585599422454834,0.029871374368667603,True,5
3797,0.4042457640171051,0.5131794810295105,0.11606886982917786,True,3
3799,0.8088268041610718,0.2868889272212982,0.7375742197036743,True,5
3803,0.8628838062286377,0.2088470607995987,0.8108293414115906,False,4
3819,0.9026554226875305,0.16979432106018066,0.8738077878952026,True,5
3834,0.9932070374488831,0.016189519315958023,0.9897375702857971,True,3
3839,0.5750004649162292,0.3368006646633148,0.23323267698287964,False,5
3845,0.5441023707389832,0.24677015841007233,0.09668362140655518,False,5
3846,0.24469640851020813,0.5853031277656555,0.02688002586364746,False,3
3852,0.31938090920448303,0.6084922552108765,0.1292153298854828,False,5
3865,0.9804994463920593,0.040767498314380646,0.9708013534545898,True,7
3869,0.6036913394927979,0.4529939293861389,0.4143170416355133,True,7
3871,0.9985679388046265,0.003896246198564768,0.9973067045211792,True,8
3872,0.9012486338615417,0.1801752746105194,0.8803384304046631,True,8
3878,0.8453105092048645,0.17617091536521912,0.7186349630355835,True,7
3881,0.9928682446479797,0.014444452710449696,0.9858871698379517,True,8
3883,0.8568533658981323,0.19494527578353882,0.7852516174316406,True,7
3893,0.9582300186157227,0.07387667894363403,0.9345662593841553,True,7
3904,0.999829888343811,0.0006463287863880396,0.9997648000717163,True,7
3906,0.9262396693229675,0.12614816427230835,0.8887990117073059,True,7
3908,0.8867583274841309,0.17275410890579224,0.827740490436554,True,7
3911,0.9291441440582275,0.11595618724822998,0.8856410384178162,True,7
3916,0.971143901348114,0.05877820774912834,0.9562334418296814,True,7
3925,0.9899661540985107,0.022754227742552757,0.9853671193122864,True,7
3931,0.8694192171096802,0.21522760391235352,0.8327115178108215,True,7
3936,0.3514101803302765,0.5446536540985107,0.1434323787689209,True,7
3940,0.8936696648597717,0.15446719527244568,0.8268464803695679,True,7
3941,0.7779392600059509,0.2868885099887848,0.6500903367996216,True,7
3943,0.7151885628700256,0.2534196972846985,0.46685129404067993,True,7
3948,0.9998892545700073,0.0004359568702057004,0.999850332736969,True,7
3949,0.9626598358154297,0.0779011994600296,0.952282190322876,True,7
3957,0.7052910327911377,0.43391507863998413,0.6296799778938293,True,8
3967,0.543272852897644,0.4830407500267029,0.2823370695114136,True,8
3968,0.9999998807907104,8.7210952415262e-07,0.9999997615814209,True,7
3971,0.9976803064346313,0.00636407732963562,0.996441662311554,True,7
3973,0.5670181512832642,0.4983503520488739,0.44177186489105225,True,8
3979,0.9902675747871399,0.025240126997232437,0.9879292845726013,True,8
3986,0.9863566160202026,0.03172247111797333,0.9822373986244202,True,7
3999,0.9440599679946899,0.08484978973865509,0.8968259692192078,True,8
4002,0.4561581611633301,0.5215327143669128,0.23571285605430603,True,7
4010,0.7608596086502075,0.35532477498054504,0.6645079851150513,True,8
4018,0.4619922637939453,0.5897245407104492,0.2551336884498596,True,8
4026,0.9999954700469971,2.1061721781734377e-05,0.999992311000824,True,8
4043,0.8500444889068604,0.18074482679367065,0.727936863899231,True,8
4067,0.9980280995368958,0.005800682585686445,0.9973600506782532,True,8
4069,0.9830993413925171,0.0397200845181942,0.9775103330612183,True,8
4078,0.9026600122451782,0.16356611251831055,0.8701731562614441,True,7
4079,0.9746107459068298,0.05380585789680481,0.9615943431854248,True,8
4093,0.962182343006134,0.0708160251379013,0.9387255311012268,True,8
4095,0.9788857102394104,0.04523023962974548,0.9688670635223389,True,8
4099,0.9906935095787048,0.02317162975668907,0.9871788024902344,True,8
4104,0.9906052947044373,0.024248261004686356,0.9883078336715698,True,8
4107,0.48007380962371826,0.5257078409194946,0.31074243783950806,False,8
4110,0.8121697902679443,0.28750497102737427,0.7626736164093018,True,8
4117,0.985841691493988,0.034064460545778275,0.9825557470321655,True,8
4120,0.9876349568367004,0.03052942268550396,0.9823744297027588,True,8
4122,0.9998408555984497,0.0005713615100830793,0.9997492432594299,True,8
4135,0.875848650932312,0.18951012194156647,0.8189803957939148,True,7
4143,0.8001121878623962,0.2433251142501831,0.6671308279037476,True,7
4151,0.7951098680496216,0.28473225235939026,0.696845293045044,True,7
4152,0.9986762404441833,0.003966917749494314,0.9981114268302917,True,7
4156,0.9990031123161316,0.0030750201549381018,0.9984602928161621,True,7
4159,0.8315016031265259,0.19486913084983826,0.6993201971054077,True,7
4161,0.6568988561630249,0.4125864803791046,0.5163590908050537,False,8
4181,0.9972594976425171,0.0076158600859344006,0.9958345890045166,True,8
4184,0.604483962059021,0.44794565439224243,0.4246337413787842,False,8
4186,0.9891619682312012,0.025990523397922516,0.9833696484565735,True,8
4191,0.3014205992221832,0.637168288230896,0.06299886107444763,True,8
4204,0.8542577028274536,0.229995459318161,0.7978667616844177,True,7
4205,0.8122196793556213,0.2888478636741638,0.7687336802482605,True,8
4209,0.9832774996757507,0.03974001482129097,0.979365885257721,True,8
4222,0.9343392252922058,0.11840847134590149,0.9153756499290466,True,7
4234,0.6871193051338196,0.40750113129615784,0.5539728403091431,True,8
4252,0.7059924602508545,0.3974294662475586,0.5801597833633423,True,8
4258,0.967976450920105,0.0660637617111206,0.9547039866447449,True,8
4260,0.7023255228996277,0.251107782125473,0.4292067885398865,True,8
4279,0.8474697470664978,0.2122725546360016,0.7628775835037231,True,8
4284,0.9474849104881287,0.09338075667619705,0.9219909906387329,True,7
4285,0.9693016409873962,0.06411749869585037,0.9563843011856079,True,7
4306,0.817137598991394,0.2428688108921051,0.7463577389717102,True,7
4308,0.9960689544677734,0.01076916977763176,0.9945693016052246,True,7
4311,0.9816879630088806,0.03858014568686485,0.974031388759613,True,7
4317,0.9937580823898315,0.01426134817302227,0.988935112953186,True,8
4318,0.9784667491912842,0.04728630185127258,0.9669380187988281,True,8
4332,0.9930825233459473,0.01823148876428604,0.9906191229820251,True,7
4343,0.8181283473968506,0.18346083164215088,0.655779242515564,True,8
4353,0.9989688396453857,0.002895231591537595,0.998064398765564,True,8
4366,0.9621583223342896,0.07757895439863205,0.9519736766815186,True,7
4375,0.807301938533783,0.1686362624168396,0.61668860912323,True,8
4386,0.7092452645301819,0.37890997529029846,0.5987290740013123,True,8
4390,0.9999970197677612,1.4559032024408225e-05,0.9999951720237732,True,8
4398,0.9189997911453247,0.11427289247512817,0.8516481518745422,True,8
4420,0.9967691898345947,0.008800618350505829,0.9949551224708557,True,7
4445,0.9991437196731567,0.002632375108078122,0.9985820651054382,True,8
4453,0.6503036022186279,0.25573262572288513,0.32364657521247864,True,8
4454,0.9831647276878357,0.03372274339199066,0.9708437919616699,True,7
4463,0.9996843338012695,0.0011036550858989358,0.9995346069335938,True,8
4468,0.6725285053253174,0.4353311359882355,0.5710700154304504,False,8
4475,0.7801633477210999,0.20017945766448975,0.5738444328308105,True,8
4479,0.6746556758880615,0.41444557905197144,0.5959694981575012,True,7
4483,0.9254447817802429,0.13301528990268707,0.897467851638794,False,8
4487,0.9582926034927368,0.0666470006108284,0.9228007197380066,True,7
4495,0.9993606209754944,0.002090162830427289,0.9989644885063171,True,8
4499,0.9773021936416626,0.04806375876069069,0.9695811867713928,True,7
4500,0.3139631748199463,0.6840404272079468,0.11868534982204437,True,8
4502,0.8639628887176514,0.17895466089248657,0.7826310396194458,True,7
4509,0.9999721050262451,0.00011513000208651647,0.9999503493309021,True,7
4514,0.9948167204856873,0.013310875743627548,0.9922853112220764,True,7
4523,0.9012673497200012,0.14281249046325684,0.8328291177749634,True,7
4533,0.9510899782180786,0.0889504924416542,0.9351857900619507,True,7
4535,0.9857527613639832,0.0309765487909317,0.9777820706367493,True,7
4540,0.789887547492981,0.2546229064464569,0.6540948748588562,True,8
4541,0.7586426734924316,0.3017483651638031,0.6486716270446777,False,8
4551,0.7517616748809814,0.30552154779434204,0.6639060378074646,True,7
4578,0.9972795844078064,0.0068261027336120605,0.9949877262115479,True,8
4581,0.9994920492172241,0.0017429906874895096,0.9993273615837097,True,7
4582,0.9381338357925415,0.1031719446182251,0.9085116386413574,True,7
4597,0.9999929666519165,3.456270496826619e-05,0.999990701675415,True,7
4598,0.9998660087585449,0.0005011138273403049,0.9998130202293396,True,7
4608,0.6554526686668396,0.33688610792160034,0.43189048767089844,True,7
4609,0.9585043787956238,0.08197947591543198,0.940883219242096,True,7
4610,0.9966599941253662,0.008684137836098671,0.9944256544113159,True,7
4623,0.9769619703292847,0.049337685108184814,0.9686369299888611,True,7
4625,0.8418547511100769,0.19730472564697266,0.7211609482765198,False,7
4626,0.9944517016410828,0.011717495508491993,0.9890393018722534,True,7
4627,0.9435561895370483,0.09119098633527756,0.9054840803146362,True,8
4630,0.9767781496047974,0.04809640720486641,0.9663899540901184,True,7
4631,0.490374892950058,0.48312950134277344,0.2413298785686493,False,8
4638,0.9896575808525085,0.020107390359044075,0.979867160320282,True,7
4653,0.9836267828941345,0.03431522473692894,0.9740914702415466,True,7
4655,0.993441104888916,0.015497880056500435,0.9899641871452332,True,7
4664,0.9868994951248169,0.028959408402442932,0.9809399247169495,True,7
4676,0.3665686249732971,0.5943988561630249,0.07380172610282898,True,7
4683,0.9950173497200012,0.011941978707909584,0.991672158241272,True,8
4690,0.8710311055183411,0.1763036549091339,0.7796280980110168,True,7
4692,0.9963710308074951,0.010075213387608528,0.9951831102371216,True,7
4708,0.9790970683097839,0.046748075634241104,0.9728448987007141,True,8
4712,0.3165960907936096,0.6215587258338928,0.009853571653366089,False,7
4713,0.727521538734436,0.34042370319366455,0.630516529083252,True,7
4721,0.9736392498016357,0.05676189810037613,0.9660975933074951,True,7
4724,0.9982191920280457,0.005186633672565222,0.9972568154335022,True,7
4726,0.9845378398895264,0.035597000271081924,0.9794533252716064,True,7
4731,0.9997058510780334,0.0010604332201182842,0.9996233582496643,True,7
4732,0.8774914741516113,0.16352978348731995,0.7872952222824097,True,7
4733,0.9992375373840332,0.002423984929919243,0.9988470673561096,True,7
4736,0.969245433807373,0.05654250085353851,0.9476853013038635,True,7
4737,0.24863983690738678,0.7283745408058167,0.06047987937927246,False,8
4739,0.9971824884414673,0.007655218243598938,0.9955140948295593,True,7
4751,0.8555296659469604,0.22779086232185364,0.8119146227836609,True,7
4756,0.8976183533668518,0.13356547057628632,0.8115990161895752,True,8
4761,0.9938513040542603,0.015270953997969627,0.9906517267227173,True,7
4768,0.6075079441070557,0.5027616620063782,0.467738538980484,True,8
4780,0.41155925393104553,0.48497071862220764,0.04283285140991211,False,7
4781,0.9859697818756104,0.031098362058401108,0.9802554249763489,True,7
4802,0.6380531787872314,0.2825813889503479,0.3257955014705658,False,7
4806,0.9873348474502563,0.027155987918376923,0.9792705774307251,True,7
4809,0.9813608527183533,0.03897462412714958,0.9736586213111877,True,7
4831,0.7345775961875916,0.33116722106933594,0.6392956376075745,True,8
4840,0.9995474219322205,0.0014978733379393816,0.9992820620536804,True,7
4847,0.9855934977531433,0.03185607120394707,0.9770525693893433,True,8
4855,0.3081854283809662,0.662242591381073,0.11879169940948486,True,7
4858,0.7289871573448181,0.3071427345275879,0.5686047673225403,False,8
4860,0.9998801946640015,0.00043803983135148883,0.9997937083244324,True,7
4877,0.8587542772293091,0.19439317286014557,0.7861002683639526,True,7
4880,0.9186068177223206,0.10329017043113708,0.8431153297424316,True,7
4894,0.9943682551383972,0.013923300430178642,0.9913038015365601,True,7
4899,0.9998799562454224,0.00047928254934959114,0.9998528957366943,True,8
4908,0.7639614939689636,0.31631946563720703,0.6544613838195801,False,8
4911,0.9985559582710266,0.004346405155956745,0.9979824423789978,True,8
4921,0.9991891980171204,0.002740490948781371,0.9988623261451721,True,8
4942,0.71462082862854,0.3238033652305603,0.5406413078308105,True,7
4951,0.8731839060783386,0.17509640753269196,0.7866131067276001,True,7
4962,0.8815748691558838,0.1982516646385193,0.838241696357727,True,7
4968,0.9522990584373474,0.08759169280529022,0.9239281415939331,True,8
4971,0.986213207244873,0.026225605979561806,0.9740064740180969,True,8
4972,0.9993013143539429,0.002249105367809534,0.9989503026008606,True,7
4979,0.9959492683410645,0.010549335740506649,0.9942110776901245,True,7
4985,0.9987917542457581,0.003515668911859393,0.9979501962661743,True,7
4987,0.9818523526191711,0.0390147939324379,0.9749558568000793,True,7
4999,0.9982051849365234,0.005199072416871786,0.9973198175430298,True,7
5000,0.9955660700798035,0.01145486906170845,0.9937548041343689,True,7
5003,0.5584104657173157,0.5309019088745117,0.4153669476509094,True,8
5008,0.9415901899337769,0.10333681851625443,0.9080696105957031,True,8
5013,0.9994296431541443,0.0017438443610444665,0.9989415407180786,True,8
5020,0.8713940382003784,0.14157678186893463,0.7509046792984009,True,8
5023,0.9779380559921265,0.04875703528523445,0.9688013195991516,True,8
5029,0.9103242754936218,0.1618301421403885,0.8790871500968933,True,8
5037,0.9410597085952759,0.10819293558597565,0.9064498543739319,True,8
5044,0.9976270794868469,0.006151508539915085,0.995751142501831,True,7
5051,0.9589233994483948,0.06923072040081024,0.9266416430473328,True,7
5065,0.9675392508506775,0.06741883605718613,0.9554113745689392,True,8
5068,0.9527640342712402,0.08234314620494843,0.9252638220787048,True,7
5069,0.9775183796882629,0.04559557884931564,0.9667550325393677,True,7
5080,0.9857094287872314,0.031546954065561295,0.9777187705039978,True,7
5088,0.6392050981521606,0.34229302406311035,0.3821873962879181,True,8
5111,0.9558858871459961,0.07825537025928497,0.9317321181297302,True,7
5135,0.546543300151825,0.5517635941505432,0.3897331953048706,True,8
5150,0.8739442229270935,0.15706384181976318,0.7769132852554321,True,7
5165,0.5977059602737427,0.5238314270973206,0.4910571873188019,False,8
5170,0.7825890183448792,0.2714444398880005,0.657781720161438,False,7
5171,0.9878576993942261,0.024599021300673485,0.9777827262878418,True,8
5178,0.9986327290534973,0.004306906834244728,0.99826979637146,True,7
5182,0.8753511309623718,0.20305848121643066,0.8408492803573608,True,7
5187,0.984623372554779,0.030816223472356796,0.9719422459602356,True,8
5191,0.9674187302589417,0.06292230635881424,0.9527044296264648,True,8
5198,0.37252193689346313,0.6060040593147278,0.15244027972221375,False,8
5202,0.9263005256652832,0.12126035243272781,0.8889750838279724,True,7
5205,0.8012001514434814,0.29087138175964355,0.7268891334533691,True,7
5206,0.9723789095878601,0.05753074958920479,0.9615684747695923,True,7
5209,0.7443278431892395,0.22538445889949799,0.5073540210723877,True,8
5212,0.9725515246391296,0.04933253303170204,0.950299859046936,True,8
5222,0.6077344417572021,0.4370307922363281,0.459991455078125,False,8
5243,0.9908291101455688,0.022076934576034546,0.987787663936615,True,7
5247,0.3959534466266632,0.4752424359321594,0.05665791034698486,False,8
5263,0.9894611239433289,0.02322673797607422,0.9842547178268433,True,7
5264,0.9981694221496582,0.005102680996060371,0.9971910119056702,True,7
5270,0.9786560535430908,0.04135577380657196,0.9627936482429504,True,8
5271,0.6794299483299255,0.36837950348854065,0.5753698348999023,True,7
5288,0.9027345180511475,0.16399462521076202,0.8641161918640137,False,7
5295,0.9999332427978516,0.00025484830257482827,0.999879777431488,True,8
5298,0.9901642203330994,0.021879876032471657,0.9832977056503296,True,8
5306,0.9367929697036743,0.11331311613321304,0.915686309337616,True,7
5308,0.9186936020851135,0.12947359681129456,0.8808750510215759,True,7
5313,0.9977523684501648,0.006712203845381737,0.9969848990440369,True,8
5314,0.9998983144760132,0.00036338521749712527,0.9998091459274292,True,8
5337,0.803698718547821,0.2820391356945038,0.7353339791297913,True,7
5352,0.34848934412002563,0.6780283451080322,0.18352192640304565,False,8
5371,0.9846479892730713,0.026667539030313492,0.9693792462348938,False,8
5376,0.9503921866416931,0.092595174908638,0.9305631518363953,True,7
5383,0.818301796913147,0.23221327364444733,0.7250622510910034,True,7
5389,0.7564931511878967,0.2618832588195801,0.5786573886871338,True,8
5394,0.6336219906806946,0.4705471396446228,0.5176609754562378,False,7
5396,0.9910324215888977,0.020458847284317017,0.9853829145431519,True,7
5397,0.9811275005340576,0.037434570491313934,0.9676403999328613,True,7
5404,0.3815867006778717,0.5345137119293213,0.13511723279953003,False,7
5413,0.999647855758667,0.0011959056137129664,0.9994900822639465,True,7
5415,0.9394347071647644,0.10742825269699097,0.9082814455032349,True,7
5429,0.5847781896591187,0.31851476430892944,0.23940810561180115,True,8
5447,0.9228300452232361,0.13069751858711243,0.8897262215614319,True,7
5449,0.9234669208526611,0.13326051831245422,0.8929481506347656,True,7
5450,0.9576437473297119,0.08276376873254776,0.944774329662323,True,7
5458,0.9707959294319153,0.055728934705257416,0.9517980217933655,True,7
5459,0.8798525929450989,0.18067853152751923,0.8114115595817566,True,7
5466,0.9893708229064941,0.024985503405332565,0.9856507778167725,True,7
5471,0.9927910566329956,0.01779993437230587,0.9883543252944946,True,8
5477,0.9940981864929199,0.014653613790869713,0.9906488656997681,True,8
5483,0.9188259243965149,0.13641725480556488,0.8795830607414246,True,8
5485,0.8813356161117554,0.2112455815076828,0.8482193946838379,True,8
5492,0.8942289352416992,0.12379755079746246,0.7960572242736816,False,8
5496,0.40940696001052856,0.4909061789512634,0.05505436658859253,False,8
5498,0.5539864897727966,0.41841500997543335,0.23315465450286865,True,8
5510,0.9943017959594727,0.012194039300084114,0.9888553023338318,True,7
5515,0.9871008396148682,0.02967260405421257,0.9808766841888428,True,7
5519,0.732137143611908,0.3725144565105438,0.6699053645133972,True,8
5520,0.9675540924072266,0.06906675547361374,0.9590721726417542,True,8
5521,0.9501304626464844,0.09453772008419037,0.935263991355896,True,7
5522,0.9087509512901306,0.14124135673046112,0.8637664914131165,True,8
5523,0.9846226572990417,0.03444475680589676,0.9783055782318115,True,8
5532,0.9893856048583984,0.025712328031659126,0.9855571389198303,True,8
5562,0.999661922454834,0.0011981402058154345,0.9995310306549072,True,7
5572,0.8047486543655396,0.2573869526386261,0.7282221913337708,True,7
5573,0.9276142716407776,0.1133943498134613,0.8797951340675354,True,8
5574,0.7725845575332642,0.2900131046772003,0.6229913830757141,True,8
5580,0.9912672638893127,0.019961435347795486,0.9860053658485413,True,7
5584,0.9565878510475159,0.0821528434753418,0.9378536939620972,True,7
5587,0.39577507972717285,0.516287624835968,0.024386674165725708,True,7
5591,0.9923122525215149,0.01960841566324234,0.9902055263519287,True,7
5595,0.4754895269870758,0.584547221660614,0.3051172196865082,True,7
5599,0.9625726342201233,0.07222043722867966,0.9478644132614136,True,7
5607,0.8460977077484131,0.21744133532047272,0.7741206884384155,True,7
5610,0.3642318546772003,0.5981207489967346,0.03685954213142395,False,7
5613,0.9640481472015381,0.058098919689655304,0.9328473806381226,True,8
5623,0.969074547290802,0.04901157319545746,0.9401850700378418,True,8
5629,0.8902302980422974,0.1507948487997055,0.8154090642929077,True,7
5630,0.6891768574714661,0.33264216780662537,0.5309991836547852,True,7
5631,0.45696884393692017,0.6266476511955261,0.29401451349258423,True,7
5635,0.9976069927215576,0.0072451080195605755,0.9969175457954407,True,8
5640,0.9011210799217224,0.14168468117713928,0.8315152525901794,False,8
5646,0.6213346719741821,0.24148449301719666,0.25521013140678406,False,8
5649,0.9858660697937012,0.029996387660503387,0.9779284596443176,True,7
5653,0.9998251795768738,0.0006786632584407926,0.9997568726539612,True,8
5658,0.7689931988716125,0.318310409784317,0.7022648453712463,True,7
5661,0.9989448189735413,0.0032589626498520374,0.9984055161476135,True,7
5664,0.9904775619506836,0.023004161193966866,0.9861723780632019,True,8
5667,0.9797760248184204,0.04443465173244476,0.9719838500022888,True,7
5668,0.782409131526947,0.2128685563802719,0.5884580016136169,True,8
5678,0.4029965102672577,0.6814447641372681,0.2570866346359253,False,7
5680,0.605044424533844,0.45327264070510864,0.5017849206924438,True,8
5693,0.9967548251152039,0.008860143832862377,0.9952545166015625,True,7
5703,0.7333105802536011,0.2869281768798828,0.6062756180763245,True,8
5717,0.594637930393219,0.4043775796890259,0.37175244092941284,True,7
5721,0.9908908009529114,0.022764775902032852,0.9881516098976135,True,7
5722,0.6640244722366333,0.3728906214237213,0.539337158203125,True,7
5726,0.9739959239959717,0.049321431666612625,0.9549210667610168,True,8
5731,0.9383929371833801,0.1168198436498642,0.9197452664375305,True,7
5733,0.9662919044494629,0.06839257478713989,0.9564260244369507,True,7
5750,0.9868424534797668,0.026724256575107574,0.9761223196983337,True,8
5752,0.2726680338382721,0.6190352439880371,0.0430896133184433,False,8
5754,0.8616312742233276,0.18260106444358826,0.7632370591163635,True,7
5755,0.985699474811554,0.032505884766578674,0.9797967076301575,True,7
5761,0.9838654398918152,0.02991368994116783,0.9691331386566162,True,7
5765,0.9873170256614685,0.02957991696894169,0.982400119304657,True,7
5769,0.7720448970794678,0.33292511105537415,0.6853402853012085,True,7
5774,0.9171814918518066,0.15318630635738373,0.8968178033828735,False,8
5781,0.6279277205467224,0.34039920568466187,0.3613981008529663,False,7
5787,0.5403910279273987,0.553287148475647,0.3642738461494446,True,8
5791,0.63346266746521,0.41232427954673767,0.43892520666122437,True,8
5794,0.9917007088661194,0.020518068224191666,0.9882304072380066,True,7
5806,0.9944978356361389,0.014181007631123066,0.9926536679267883,True,8
5809,0.5737692713737488,0.4418136179447174,0.40259531140327454,True,8
5817,0.8009582757949829,0.20372582972049713,0.6273994445800781,True,7
5831,0.575535774230957,0.29795756936073303,0.19375061988830566,False,8
5834,0.681646466255188,0.20886529982089996,0.3632996380329132,False,8
5835,0.8768380880355835,0.19241736829280853,0.830680251121521,True,8
5843,0.4966496229171753,0.4488660395145416,0.19196683168411255,True,7
5849,0.9269545674324036,0.11566216498613358,0.8961503505706787,True,8
5851,0.9829117059707642,0.035699959844350815,0.974736213684082,True,8
5859,0.9437220096588135,0.08835390210151672,0.9044771194458008,True,8
5878,0.9147161245346069,0.14828583598136902,0.8898075819015503,True,8
5888,0.47448357939720154,0.6320622563362122,0.3372431695461273,False,8
5898,0.9994809031486511,0.0016356263076886535,0.9991970062255859,True,7
5901,0.8241677284240723,0.2582273781299591,0.7472812533378601,True,7
5913,0.9993775486946106,0.001993814716115594,0.9991170167922974,True,7
5938,0.4690713882446289,0.4253232777118683,0.18107560276985168,True,7
5957,0.9966024160385132,0.009093545377254486,0.9948122501373291,True,7
5967,0.6499765515327454,0.33173781633377075,0.3809710443019867,True,8
5971,0.9990540146827698,0.002947216620668769,0.9987027645111084,True,7
5978,0.2742195725440979,0.7027872204780579,0.008482486009597778,True,8
5982,0.9710614085197449,0.05312509462237358,0.9526108503341675,True,7
5984,0.8612878918647766,0.19037167727947235,0.7781038284301758,True,8
5986,0.7500566840171814,0.19243642687797546,0.5021616220474243,True,8
5988,0.9096660017967224,0.15127818286418915,0.8753191828727722,True,7
5989,0.7609823346138,0.3027902841567993,0.6289104223251343,True,7
5991,0.46634694933891296,0.5013645887374878,0.1510728895664215,True,8
5995,0.9928476810455322,0.015504289418458939,0.98667311668396,True,8
6015,0.8980112671852112,0.1623629331588745,0.8675273656845093,False,8
6024,0.9049686789512634,0.15034876763820648,0.8525876402854919,True,7
6035,0.9235300421714783,0.12914833426475525,0.8994983434677124,True,7
6043,0.9992734789848328,0.002228269586339593,0.9987116456031799,True,8
6047,0.733001708984375,0.37435388565063477,0.6631486415863037,True,8
6069,0.9480266571044922,0.08806837350130081,0.9109955430030823,True,7
6077,0.9857067465782166,0.028180673718452454,0.9746723771095276,True,8
6079,0.9858485460281372,0.030240589752793312,0.9770050644874573,True,7
6080,0.9918310046195984,0.020015552639961243,0.9879012703895569,True,7
6088,0.9925850033760071,0.01693713292479515,0.9880375862121582,True,8
6093,0.9756286144256592,0.04697195440530777,0.9584732055664062,True,8
6095,0.8311856389045715,0.20150183141231537,0.7118773460388184,True,7
6097,0.4312378764152527,0.555412232875824,0.2562178075313568,True,7
6108,0.9662078619003296,0.05885057896375656,0.9404618144035339,True,8
6111,0.9929330348968506,0.015287241898477077,0.9866669178009033,True,8
6115,0.967620313167572,0.06500931829214096,0.954362690448761,True,7
6117,0.4036685526371002,0.5798428058624268,0.2022414356470108,True,8
6123,0.953734278678894,0.08254991471767426,0.9237781763076782,True,8
6136,0.9742607474327087,0.048612285405397415,0.9573683738708496,True,8
6138,0.9946098327636719,0.012484965845942497,0.9902328848838806,True,8
6148,0.8420349955558777,0.1838533729314804,0.7090677618980408,True,8
6156,0.9930024743080139,0.01814587414264679,0.9909955263137817,True,8
6164,0.9987881779670715,0.00380034651607275,0.9984115362167358,True,8
6166,0.7827268838882446,0.26073986291885376,0.6809278130531311,True,7
6169,0.4459593594074249,0.4563272297382355,0.12758862972259521,False,8
6175,0.44969236850738525,0.5431122779846191,0.27951550483703613,False,8
6187,0.9321813583374023,0.1249731034040451,0.9132504463195801,True,7
6203,0.2686902582645416,0.6506423354148865,0.02458760142326355,True,8
6205,0.9611955285072327,0.07039473950862885,0.9380894899368286,True,8
6211,0.9999512434005737,0.0001977263018488884,0.9999194741249084,True,8
6218,0.9112710356712341,0.13431361317634583,0.8513504862785339,True,8
6220,0.8866379857063293,0.12611430883407593,0.7795273065567017,True,8
6234,0.986314058303833,0.032814010977745056,0.9818031787872314,True,8
6239,0.8539100289344788,0.23838050663471222,0.7890556454658508,True,8
6242,0.9298534989356995,0.13378404080867767,0.9090458750724792,True,8
6244,0.9532005190849304,0.08480344712734222,0.9219589829444885,True,8
6256,0.2772335410118103,0.6961771845817566,0.04343438148498535,True,8
6271,0.9909804463386536,0.020015927031636238,0.9848895072937012,True,8
6274,0.9893710613250732,0.026246463879942894,0.984906017780304,True,8
6275,0.99503493309021,0.01352725736796856,0.9934688806533813,True,8
6284,0.9894068837165833,0.025196406990289688,0.9857705235481262,True,7
6287,0.7566509246826172,0.3271023631095886,0.6712878346443176,False,8
6294,0.7015466094017029,0.20851995050907135,0.4054742157459259,True,8
6298,0.8510258793830872,0.1662016361951828,0.718552827835083,True,8
6301,0.9721320271492004,0.06114701181650162,0.962701141834259,True,8
6303,0.9745513796806335,0.053486041724681854,0.9628033638000488,True,8
6306,0.9881600141525269,0.026507535949349403,0.9808161854743958,True,8
6316,0.9960750937461853,0.010199319571256638,0.9934052228927612,True,8
6325,0.9999227523803711,0.0002975286333821714,0.9998696446418762,True,10
6326,0.6449857354164124,0.21844720840454102,0.2904236912727356,True,9
6339,0.6830563545227051,0.2782220244407654,0.4092782735824585,False,11
6343,0.30753153562545776,0.565595269203186,0.024012356996536255,False,11
6344,0.9538160562515259,0.07907745987176895,0.9249594807624817,True,9
6349,0.933490514755249,0.10433954745531082,0.893040120601654,False,9
6350,0.9999995231628418,2.8836798264819663e-06,0.9999990463256836,True,10
6354,0.5682264566421509,0.3978501856327057,0.3333856463432312,False,9
6357,0.998178243637085,0.00559332687407732,0.9977246522903442,False,9
6369,0.9998356103897095,0.0005969991907477379,0.9997703433036804,True,10
6384,0.9938719272613525,0.015968648716807365,0.9922531247138977,True,10
6390,0.5563936233520508,0.2388194501399994,0.11667212843894958,True,9
6399,0.999985933303833,6.120964826550335e-05,0.9999755024909973,True,9
6409,0.9992642998695374,0.002385132946074009,0.9990206956863403,True,10
6411,0.993715226650238,0.015494272112846375,0.9909049868583679,True,9
6426,0.5947672724723816,0.31898921728134155,0.2671429216861725,False,9
6439,0.7850441336631775,0.2979848384857178,0.6914522647857666,True,11
6440,0.566744327545166,0.32780230045318604,0.19464761018753052,False,11
6444,0.6456573009490967,0.33256933093070984,0.38449108600616455,True,9
6450,0.6261563301086426,0.39365464448928833,0.4746360182762146,True,9
6453,0.8066602349281311,0.190297931432724,0.6330544948577881,True,9
6456,0.8435672521591187,0.1985366940498352,0.737411379814148,True,11
6463,0.6166303157806396,0.22545327246189117,0.23448431491851807,False,9
6465,0.753258466720581,0.26456350088119507,0.5837368369102478,True,9
6466,0.8791191577911377,0.17011909186840057,0.8237347602844238,True,9
6473,0.5262753963470459,0.47050905227661133,0.3260340690612793,True,11
6476,0.9981203675270081,0.00542795704677701,0.9972957372665405,True,10
6499,0.9998296499252319,0.0006326904403977096,0.9997647404670715,True,10
6513,0.9884152412414551,0.024091841652989388,0.9797078371047974,True,9
6514,0.8140716552734375,0.22354929149150848,0.6775169968605042,True,9
6517,0.6202405095100403,0.3419288098812103,0.3423134982585907,True,9
6519,0.9333941340446472,0.09490279108285904,0.8752958178520203,True,9
6524,0.9999960660934448,1.888351653178688e-05,0.9999930262565613,False,9
6527,0.9980467557907104,0.004805563949048519,0.9961426854133606,True,9
6533,0.5686727166175842,0.22850798070430756,0.13742595911026,True,9
6539,0.9840893745422363,0.034855492413043976,0.9775282740592957,True,9
6541,0.9094818830490112,0.13789862394332886,0.8504701852798462,True,11
6547,0.9992846846580505,0.002047089161351323,0.9986259937286377,True,10
6555,0.3545380234718323,0.5305243134498596,0.048289328813552856,False,11
6565,0.9995506405830383,0.0014613141538575292,0.9993482828140259,True,10
6566,0.7077422142028809,0.3456609547138214,0.5923131704330444,True,11
6570,0.9408362507820129,0.09737097471952438,0.913657546043396,True,11
6580,0.9998934268951416,0.00040133800939656794,0.9998443722724915,True,10
6584,0.9964696168899536,0.009428530000150204,0.994884729385376,True,10
6585,0.9929336309432983,0.01589495688676834,0.9874755144119263,True,10
6600,0.5366092920303345,0.33335673809051514,0.13737604022026062,True,11
6604,0.9965399503707886,0.00895291194319725,0.994251549243927,True,9
6605,0.9114529490470886,0.14163225889205933,0.8720508813858032,True,11
6618,0.9087164998054504,0.14906392991542816,0.8782878518104553,False,9
6625,0.9587993025779724,0.06147811934351921,0.9203104376792908,True,9
6634,0.4494711756706238,0.4060273766517639,0.17170175909996033,False,9
6647,0.5720977783203125,0.3577568531036377,0.2908386290073395,True,11
6649,0.9998441934585571,0.0005344946985132992,0.999711811542511,True,10
6654,0.8739838600158691,0.19037045538425446,0.8088526725769043,False,9
6664,0.9997745156288147,0.0007898218464106321,0.999625563621521,True,9
6673,0.9965953230857849,0.00845919456332922,0.99385005235672,True,9
6684,0.9998410940170288,0.0005772723234258592,0.9997401237487793,True,10
6688,0.9948844313621521,0.013282045722007751,0.9927251935005188,True,10
6690,0.9753172397613525,0.049430858343839645,0.9655383229255676,True,9
6703,0.9977267384529114,0.0061543285846710205,0.9962552189826965,True,10
6705,0.47758954763412476,0.5279338359832764,0.2326824963092804,True,11
6707,0.24075479805469513,0.7513128519058228,0.05870506167411804,False,9
6708,0.5185984373092651,0.37759771943092346,0.13572898507118225,False,9
6711,0.8433048725128174,0.2622792422771454,0.8078153729438782,False,11
6717,0.5122193098068237,0.4987621307373047,0.30920863151550293,True,11
6723,0.9918774366378784,0.019772078841924667,0.9882374405860901,True,10
6725,0.998400866985321,0.004683871753513813,0.9976279735565186,True,10
6728,0.5285912752151489,0.4636414647102356,0.36494171619415283,False,9
6741,0.998847246170044,0.0032060889061540365,0.9978762269020081,True,10
6744,0.999028205871582,0.002752247964963317,0.9981719255447388,True,9
6745,0.311643123626709,0.5774328708648682,0.041267991065979004,False,11
6746,0.23070502281188965,0.7390899658203125,0.07823699712753296,False,11
6750,0.9846426844596863,0.02946309559047222,0.9721277952194214,True,9
6752,0.9970153570175171,0.007823442108929157,0.9949436783790588,True,9
6806,0.9778658151626587,0.04605548828840256,0.9679519534111023,True,9
6816,0.9902572631835938,0.023580627515912056,0.98576819896698,True,11
6817,0.6882904767990112,0.3260076642036438,0.46649646759033203,False,9
6823,0.9161582589149475,0.1362350732088089,0.8747125864028931,True,9
6824,0.34172874689102173,0.6226428747177124,0.1263100951910019,False,9
6825,0.979832112789154,0.042358141392469406,0.9678277969360352,True,11
6838,0.901455819606781,0.14069993793964386,0.8496074676513672,True,9
6840,0.3529597520828247,0.638554036617279,0.11958861351013184,True,11
6850,0.9999945163726807,2.533364931878168e-05,0.9999899864196777,True,9
6857,0.9642623662948608,0.07337813079357147,0.9487401843070984,True,9
6862,0.8332810401916504,0.16641411185264587,0.6778323650360107,True,9
6864,0.9987840056419373,0.003718454157933593,0.9983199834823608,True,9
6867,0.9853681921958923,0.03084695152938366,0.9752749800682068,True,11
6907,0.8271570801734924,0.15913382172584534,0.6573834419250488,True,9
6909,0.9999309778213501,0.000250087003223598,0.999866247177124,True,10
6911,0.9760169386863708,0.04784442484378815,0.9612454771995544,True,9
6916,0.9777712821960449,0.046975862234830856,0.9688405990600586,True,10
6918,0.9972641468048096,0.007481432519853115,0.9958385825157166,True,10
6933,0.7080660462379456,0.3178154230117798,0.5536773204803467,False,9
6942,0.6389102339744568,0.34826865792274475,0.418392539024353,False,9
6946,0.9999053478240967,0.00036713358713313937,0.9998708963394165,True,10
6955,0.3836541175842285,0.5088940858840942,0.12734153866767883,False,9
6971,0.9836652874946594,0.030549192801117897,0.9689222574234009,True,9
6979,0.646149754524231,0.2692631185054779,0.32492145895957947,False,11
6981,0.6578355431556702,0.38130462169647217,0.5321485996246338,True,11
6985,0.9997870326042175,0.000721776916179806,0.9996278882026672,True,9
6989,0.9988266825675964,0.003486062167212367,0.9981505274772644,True,9
7000,0.9999487400054932,0.0002045808214461431,0.9999246597290039,True,10
7002,0.9997166991233826,0.0009485941845923662,0.9995004534721375,True,9
7011,0.90152508020401,0.16852892935276031,0.8687074780464172,True,10
7021,0.5524612665176392,0.42592740058898926,0.3098568916320801,False,11
7024,0.8309228420257568,0.219993457198143,0.7328990697860718,True,11
7050,0.4874017536640167,0.3596515953540802,0.06369718909263611,True,9
7057,0.5495259165763855,0.45596233010292053,0.34243565797805786,False,11
7069,1.0,9.83347021588088e-08,1.0,True,10
7076,0.9999325275421143,0.00025189798907376826,0.9998781085014343,True,10
7082,0.9998065829277039,0.0006714515620842576,0.999661922454834,True,10
7087,0.9241164326667786,0.12393401563167572,0.8814042210578918,True,9
7089,0.551719605922699,0.23203933238983154,0.10432437062263489,True,9
7091,0.2520263195037842,0.6472313404083252,0.0005868673324584961,True,11
7093,0.700141429901123,0.31426841020584106,0.5062687397003174,False,9
7095,0.8572106957435608,0.2260759472846985,0.814795732498169,False,9
7097,0.9978631138801575,0.006114582065492868,0.9968941807746887,True,9
7099,0.9900525212287903,0.021631402894854546,0.9829705357551575,False,9
7105,0.8528971076011658,0.15094470977783203,0.713813066482544,False,9
7107,1.0,3.5580350754571555e-07,0.9999999403953552,True,10
7111,0.7992039918899536,0.2858251631259918,0.7017900347709656,False,9
7116,0.9023176431655884,0.13061358034610748,0.8234365582466125,False,9
7136,0.9999178647994995,0.0003208763955626637,0.999881386756897,True,9
7142,0.9338370561599731,0.0990893691778183,0.8848091959953308,True,10
7144,0.9976186156272888,0.006444241385906935,0.9963455200195312,True,10
7163,0.9870158433914185,0.028568189591169357,0.9806270599365234,True,10
7187,0.9956870675086975,0.01071041077375412,0.9927144050598145,True,10
7191,0.6235558986663818,0.2372826486825943,0.25565579533576965,False,9
7201,0.8946437835693359,0.12457311898469925,0.7960479259490967,True,11
7213,0.9895680546760559,0.02206040918827057,0.9814186692237854,True,9
7225,0.9537370800971985,0.06347262114286423,0.9078530073165894,True,9
7232,0.9456742405891418,0.10511785745620728,0.9253257513046265,False,11
7240,0.5402531623840332,0.254863977432251,0.09493619203567505,False,9
7253,0.9322290420532227,0.08396437764167786,0.8650286197662354,True,9
7257,0.9843181371688843,0.03272756189107895,0.9757723808288574,True,11
7263,0.9221903085708618,0.12628211081027985,0.8822622895240784,True,9
7265,0.9943280816078186,0.014246654696762562,0.9919931888580322,True,10
7266,0.9435026049613953,0.09217026829719543,0.9078030586242676,False,9
7268,0.8887016773223877,0.15682947635650635,0.8144450187683105,False,9
7271,0.9914488196372986,0.017566584050655365,0.9837188124656677,True,10
7273,0.792685866355896,0.22306106984615326,0.6189199090003967,True,9
7274,0.9513037800788879,0.07095111161470413,0.9058936238288879,False,9
7278,0.5064306855201721,0.23553608357906342,0.014484137296676636,True,9
7280,0.9288374781608582,0.11809977889060974,0.8917816877365112,True,9
7287,0.5368702411651611,0.4757331609725952,0.34966033697128296,True,9
7316,0.8496888279914856,0.20290786027908325,0.7746918201446533,False,9
7319,0.5791905522346497,0.3833877742290497,0.29537200927734375,False,9
7326,0.8768271803855896,0.15151628851890564,0.7720144391059875,True,11
7329,0.9744054675102234,0.044186532497406006,0.9528753161430359,True,9
7335,0.9993634819984436,0.0019485708326101303,0.9989098906517029,True,9
7338,0.4172109067440033,0.5404894948005676,0.21226921677589417,False,9
7341,0.7563452124595642,0.23349161446094513,0.5431452989578247,True,11
7347,0.9998062252998352,0.0006728058215230703,0.9996627569198608,True,9
7357,0.911487877368927,0.15384414792060852,0.8798622488975525,True,11
7368,0.8716727495193481,0.1514759361743927,0.7599009871482849,True,10
7374,0.9997078776359558,0.0009071879903785884,0.9994260668754578,True,10
7376,0.9998453855514526,0.0005623024189844728,0.9997685551643372,True,10
7378,0.9969954490661621,0.008144368417561054,0.9956508874893188,True,10
7379,0.9987780451774597,0.0037947252858430147,0.9983755350112915,True,10
7385,0.9502137899398804,0.08355779945850372,0.9180010557174683,True,9
7391,0.7333395481109619,0.22219783067703247,0.48358598351478577,False,9
7396,0.6419607996940613,0.34201642870903015,0.4713785648345947,False,9
7403,0.9529017806053162,0.07571198791265488,0.9179601073265076,True,11
7419,0.9565289616584778,0.07763973623514175,0.9365419745445251,True,9
7423,0.9291989207267761,0.13249719142913818,0.9037472605705261,False,9
7429,0.9992081522941589,0.002338496735319495,0.9986452460289001,True,9
7431,0.44813400506973267,0.4657124876976013,0.13426116108894348,False,9
7432,0.7758960723876953,0.2043074071407318,0.5687481164932251,False,9
7434,0.9979471564292908,0.00591189693659544,0.9971250295639038,True,9
7438,0.9978790283203125,0.005865195300430059,0.9969245791435242,True,10
7449,0.4831075072288513,0.6033987998962402,0.3265754282474518,True,11
7452,0.9960589408874512,0.010212215594947338,0.9936652779579163,True,9
7460,0.940038800239563,0.11434759199619293,0.923673152923584,False,11
7461,0.9996824264526367,0.0010023809736594558,0.9993906617164612,True,9
7470,0.8876218795776367,0.1753305196762085,0.8375173807144165,False,9
7474,0.9925325512886047,0.018368368968367577,0.9894089698791504,True,11
7489,0.6133800148963928,0.3332234025001526,0.39554253220558167,True,9
7505,0.998137354850769,0.005359501112252474,0.9972691535949707,True,10
7514,0.8091248273849487,0.18208126723766327,0.6301267743110657,True,9
7525,0.563990592956543,0.47014951705932617,0.3854002356529236,False,9
7530,0.6646249294281006,0.31278395652770996,0.3933684825897217,False,9
7541,0.9634038805961609,0.06893771886825562,0.9412103295326233,True,11
7542,0.9396506547927856,0.11082319170236588,0.9121873378753662,True,9
7547,0.8965152502059937,0.1470094472169876,0.8448337912559509,False,11
7557,0.59454745054245,0.42212867736816406,0.44006800651550293,False,9
7564,0.6812770366668701,0.3489469885826111,0.4881945252418518,False,11
7567,0.5028557777404785,0.3047761917114258,0.05145823955535889,True,9
7569,0.40257734060287476,0.39058709144592285,0.09244528412818909,True,9
7572,0.9889694452285767,0.023868588730692863,0.9818674921989441,True,9
7575,0.9999431371688843,0.00022810239170212299,0.999908983707428,True,9
7593,0.5081000924110413,0.4243617057800293,0.23515087366104126,True,9
7595,0.6976190209388733,0.29442834854125977,0.48117750883102417,False,9
7607,0.982055127620697,0.0350986123085022,0.9693481922149658,True,9
7610,0.8909531235694885,0.11746244132518768,0.7829658389091492,True,9
7611,0.9997251629829407,0.0009294062620028853,0.9995361566543579,True,9
7623,0.9999872446060181,5.610355583485216e-05,0.9999783635139465,True,10
7631,0.9634103775024414,0.06551807373762131,0.9453729391098022,True,10
7637,0.9656796455383301,0.0651601180434227,0.9462608695030212,False,11
7640,0.7327287197113037,0.28313007950782776,0.5746932029724121,True,9
7641,0.9993995428085327,0.0019118483178317547,0.999110221862793,True,10
7649,0.9993377327919006,0.002125881379470229,0.9990058541297913,False,9
7651,0.5755019187927246,0.4637012779712677,0.3879050016403198,True,11
7655,0.9829346537590027,0.03382285684347153,0.9708424210548401,True,10
7664,0.9980231523513794,0.005704605486243963,0.9972337484359741,True,10
7669,0.9422724843025208,0.08150622993707657,0.8890920281410217,False,9
7671,0.9969379901885986,0.00790298543870449,0.9947120547294617,True,9
7680,0.5813608765602112,0.3969995677471161,0.3115699887275696,False,11
7692,0.9998464584350586,0.0005087936297059059,0.9996975660324097,True,9
7699,0.9999991655349731,4.4282942326390184e-06,0.9999983310699463,True,10
7705,0.9612352848052979,0.05988505110144615,0.926185131072998,True,9
7724,0.7734631299972534,0.23375508189201355,0.6001356840133667,False,9
7733,0.7942397594451904,0.2917461693286896,0.7029027342796326,True,11
7735,0.6625980734825134,0.3621695339679718,0.4656158685684204,False,11
7747,0.9800527691841125,0.04348240792751312,0.9725058078765869,True,10
7749,0.997448205947876,0.00689247390255332,0.9960077404975891,True,10
7750,0.7550531625747681,0.24846996366977692,0.5549613833427429,True,11
7752,0.84150630235672,0.22854717075824738,0.7589796185493469,True,11
7760,0.9999570846557617,0.00016519983182661235,0.9999197125434875,True,9
7762,0.9952682852745056,0.011134001426398754,0.9915803074836731,True,9
7765,0.9957757592201233,0.009478912688791752,0.9917884469032288,True,9
7766,0.8912725448608398,0.12775827944278717,0.7901206016540527,True,9
7770,0.8068800568580627,0.24191763997077942,0.6694827079772949,False,9
7771,0.6606351733207703,0.28303220868110657,0.39940232038497925,True,9
7772,0.9241850972175598,0.09064888954162598,0.8487923741340637,False,9
7776,0.671042263507843,0.4310067594051361,0.5894697904586792,False,9
7787,0.9982696771621704,0.004470307845622301,0.9966952204704285,True,10
7788,0.9950618147850037,0.012236052192747593,0.9919456243515015,False,9
7794,0.9996447563171387,0.0010714383097365499,0.9992954134941101,True,9
7805,0.9975559711456299,0.0065103014931082726,0.9959753751754761,True,10
7807,0.7416274547576904,0.2557562291622162,0.5362843871116638,False,9
7808,0.7154499888420105,0.3418198823928833,0.6181021332740784,False,9
7810,0.9216309189796448,0.13326261937618256,0.8807228207588196,True,11
7812,0.9580516219139099,0.07187367975711823,0.9297324419021606,True,9
7819,0.5042214393615723,0.49043750762939453,0.2925896942615509,False,9
7820,0.949615478515625,0.09013758599758148,0.9221393465995789,False,9
7821,0.3529953956604004,0.6018656492233276,0.08416327834129333,True,11
7823,0.7563945651054382,0.24964147806167603,0.5613510608673096,False,10
7824,0.9988006353378296,0.00357049866579473,0.998123049736023,True,10
7852,0.9893155097961426,0.023886462673544884,0.9818828105926514,True,11
7877,0.9968564510345459,0.00756957707926631,0.994084358215332,True,9
7879,0.7713748812675476,0.33500999212265015,0.7156398296356201,False,11
7881,0.9999799728393555,8.653691475046799e-05,0.9999716877937317,True,10
7884,0.9046955108642578,0.13265681266784668,0.8386987447738647,False,9
7891,0.9861834049224854,0.024358181282877922,0.97237628698349,False,9
7896,0.9980251789093018,0.005676726810634136,0.9973365068435669,True,10
7905,0.2442232072353363,0.7556255459785461,0.07879680395126343,True,9
7917,0.507314920425415,0.47737812995910645,0.3325333297252655,True,9
7924,0.9927096366882324,0.016062354668974876,0.9871401190757751,True,9
7927,0.9942470788955688,0.013216448947787285,0.9894905686378479,True,9
7944,0.8905177116394043,0.1722848266363144,0.8453167676925659,True,9
7950,0.9928971529006958,0.014901207759976387,0.9862954020500183,True,9
7953,0.8951833844184875,0.16057853400707245,0.850670576095581,True,11
7959,0.995422899723053,0.011866148561239243,0.9937086701393127,False,9
7965,0.9833194613456726,0.034869227558374405,0.9746534824371338,True,10
7966,0.9974150657653809,0.00720198592171073,0.9959772825241089,True,9
7983,0.9865661263465881,0.031442876905202866,0.9802547097206116,True,9
7989,0.3219956159591675,0.6051269769668579,0.053558945655822754,False,9
7994,0.3852980136871338,0.5041011571884155,0.02562403678894043,False,11
7998,0.9909981489181519,0.019322475418448448,0.9835273623466492,True,9
8005,0.9972063899040222,0.007307305000722408,0.9952580332756042,False,9
8010,0.34176310896873474,0.5254319906234741,0.05753275752067566,False,9
8013,0.8296607136726379,0.20494765043258667,0.693744421005249,False,9
8017,0.6020479202270508,0.2996620237827301,0.2604878544807434,True,9
8042,0.9919215440750122,0.01798205077648163,0.9857236742973328,True,10
8044,0.5370572209358215,0.23391003906726837,0.07533854246139526,True,9
8046,0.7065627574920654,0.36416295170783997,0.5810057520866394,True,11
8067,0.5667003393173218,0.34752267599105835,0.24089813232421875,False,9
8070,0.8456447124481201,0.223556250333786,0.774166464805603,False,9
8075,0.9921835064888,0.01780594140291214,0.9870443940162659,True,10
8080,0.9999996423721313,1.9528140455804532e-06,0.9999992847442627,True,9
8084,0.9994149208068848,0.0018933536484837532,0.9991083741188049,False,9
8085,0.37256115674972534,0.5581372380256653,0.11158129572868347,False,11
8090,0.9856590628623962,0.03017527423799038,0.9766917824745178,True,10
8094,0.9441885352134705,0.10071893781423569,0.9139223694801331,False,9
8099,0.6740415096282959,0.2984701991081238,0.48462122678756714,False,9
8120,0.5710465908050537,0.2414003610610962,0.14814332127571106,True,9
8125,0.9878737330436707,0.025280829519033432,0.9793225526809692,True,9
8131,0.9999963045120239,1.6942072761594318e-05,0.9999926090240479,True,10
8141,0.8400550484657288,0.21793405711650848,0.7555956244468689,True,9
8144,0.9999099969863892,0.0003425947797950357,0.9998611807823181,True,9
8145,0.9993658661842346,0.0017887939466163516,0.9987407326698303,True,10
8146,0.8131067156791687,0.22148701548576355,0.6780529618263245,True,11
8147,0.9990220069885254,0.0028834380209445953,0.9984948635101318,True,9
8160,0.7036510705947876,0.3793907165527344,0.5607358813285828,True,11
8181,0.9999679327011108,0.0001262391306227073,0.9999398589134216,True,10
8198,0.9999754428863525,0.00010388712689746171,0.9999585151672363,True,9
8201,0.9794518947601318,0.040858350694179535,0.967597484588623,True,9
8203,0.9507731795310974,0.09259570389986038,0.9316189289093018,False,9
8204,0.9872658252716064,0.02362426556646824,0.9750585556030273,True,10
8210,0.9954679012298584,0.010590555146336555,0.9916031360626221,True,9
8212,0.9931355714797974,0.01578645221889019,0.9898114800453186,True,10
8223,0.9870970249176025,0.02890103869140148,0.9822030663490295,True,11
8233,0.9595656394958496,0.05661626160144806,0.9191633462905884,True,9
8243,0.9991725087165833,0.002576957456767559,0.9987942576408386,True,10
8249,0.9998170733451843,0.0006873582024127245,0.9997581839561462,True,10
8254,0.9721525311470032,0.05823851376771927,0.963256299495697,True,11
8259,0.9549928903579712,0.08858087658882141,0.9374878406524658,True,11
8280,0.9997157454490662,0.0010050201090052724,0.9995763897895813,True,10
8281,0.9998623132705688,0.0005136258550919592,0.9998080730438232,True,9
8288,0.9863336682319641,0.02844132110476494,0.9786257147789001,True,9
8307,0.9999995231628418,2.124173761330894e-06,0.9999993443489075,True,10
8314,0.9955123066902161,0.010457302443683147,0.9917232990264893,False,9
8315,0.8651382327079773,0.13671284914016724,0.7324469089508057,True,9
8321,0.8633821606636047,0.1963159143924713,0.7885662317276001,True,9
8323,0.6554970145225525,0.3703514039516449,0.46453386545181274,False,9
8342,0.9836806058883667,0.03212316334247589,0.9735984206199646,True,12
8347,0.866580069065094,0.1830068826675415,0.8076924085617065,True,12
8348,0.9626868963241577,0.07307659089565277,0.9436798691749573,True,12
8361,0.9976813793182373,0.005848849657922983,0.9956756830215454,True,12
8368,0.9968536496162415,0.008710783906280994,0.9958012104034424,True,12
8371,0.9965632557868958,0.009539321064949036,0.995100200176239,True,12
8373,0.9567974805831909,0.07426810264587402,0.929948091506958,True,12
8375,0.999359667301178,0.0019967611879110336,0.9989034533500671,True,12
8377,0.9992945194244385,0.0022481558844447136,0.9989944696426392,True,12
8383,0.9948310256004333,0.012853559106588364,0.9919067025184631,True,12
8386,0.9993677735328674,0.0019069125410169363,0.9988443851470947,True,12
8388,0.340785413980484,0.4236353039741516,0.018331468105316162,True,12
8391,0.983726441860199,0.03691795840859413,0.9758334755897522,True,12
8401,0.959733784198761,0.06608451157808304,0.9267258048057556,True,12
8410,0.9804010987281799,0.03372826799750328,0.9615564942359924,True,12
8411,0.9914570450782776,0.020803136751055717,0.9884681701660156,True,12
8414,0.9995431900024414,0.0015062680467963219,0.9993285536766052,True,12
8427,0.9578210115432739,0.07768838107585907,0.935149073600769,False,12
8431,0.9233661890029907,0.0927777960896492,0.8479642868041992,True,12
8441,0.8775593042373657,0.17681385576725006,0.8093168139457703,True,12
8460,0.9952865839004517,0.012579900212585926,0.993884265422821,True,12
8467,0.7413429021835327,0.3714737296104431,0.6831598281860352,True,12
8475,0.9863533973693848,0.028137095272541046,0.9763900637626648,True,12
8478,0.9829363822937012,0.03433024510741234,0.9698967933654785,True,12
8481,0.958756148815155,0.06426645815372467,0.9233890771865845,True,12
8491,0.8924614191055298,0.18441876769065857,0.8505553603172302,True,12
8502,0.7965865731239319,0.22199946641921997,0.6415417194366455,False,12
8518,0.9816650748252869,0.03786568343639374,0.9720768928527832,True,12
8522,0.9111915230751038,0.13420264422893524,0.8499627113342285,True,12
8529,0.8297714591026306,0.1536056250333786,0.6600233912467957,False,12
8530,0.8868786096572876,0.1488378643989563,0.7966811060905457,True,12
8539,0.7757236361503601,0.3012521266937256,0.683509111404419,True,12
8540,0.5350123047828674,0.24609604477882385,0.07846391201019287,True,12
8542,0.91199791431427,0.1456882208585739,0.8660146594047546,True,12
8547,0.9676651358604431,0.06193404272198677,0.949052095413208,True,12
8548,0.9754085540771484,0.041356515139341354,0.9531465768814087,True,12
8550,0.9974772334098816,0.006354422774165869,0.995281994342804,True,12
8551,0.9250544905662537,0.13964028656482697,0.9003495573997498,True,12
8556,0.9876406788825989,0.02560270205140114,0.9785651564598083,True,12
8558,0.9762272834777832,0.04767484962940216,0.9667106866836548,True,12
8559,0.8093006014823914,0.2570016384124756,0.721970796585083,True,12
8560,0.6948268413543701,0.30062350630760193,0.4817035496234894,False,12
8562,0.9977915287017822,0.0055568628013134,0.9957688450813293,True,12
8566,0.9935548901557922,0.014285732060670853,0.9880237579345703,True,12
8568,0.9686200618743896,0.05721275880932808,0.9506266117095947,True,12
8575,0.9955138564109802,0.010881965979933739,0.992035984992981,True,12
8576,0.9936830997467041,0.014754666946828365,0.9893952012062073,True,12
8580,0.9212491512298584,0.13469663262367249,0.8924202919006348,True,12
8593,0.9982191920280457,0.005319579970091581,0.9974350333213806,True,12
8594,0.9451152682304382,0.09797483682632446,0.9202539324760437,True,12
8616,0.9658189415931702,0.0626177191734314,0.9498169422149658,False,12
8621,0.9018676280975342,0.15702807903289795,0.8655842542648315,True,12
8634,0.9824745059013367,0.04152178019285202,0.978049099445343,True,12
8640,0.9942607879638672,0.015350930392742157,0.9928404688835144,True,12
8644,0.8867822289466858,0.16398458182811737,0.829825758934021,True,12
8647,0.6860888600349426,0.40918147563934326,0.592457115650177,True,12
8649,0.7611852288246155,0.21504488587379456,0.5424840450286865,True,12
8653,0.6938918828964233,0.26738041639328003,0.4265596568584442,False,12
8658,0.8335698246955872,0.2125607579946518,0.7418434619903564,True,12
8661,0.9921393990516663,0.017118560150265694,0.9858520030975342,True,12
8666,0.9869017004966736,0.030132541432976723,0.979804277420044,True,12
8670,0.9892292618751526,0.025254102423787117,0.9847211837768555,True,12
8689,0.9641439914703369,0.06337489187717438,0.9371868968009949,True,12
8695,0.9984649419784546,0.004026027861982584,0.9970430731773376,True,12
8697,0.5768718123435974,0.36229369044303894,0.27184441685676575,False,12
8698,0.8741851449012756,0.18097634613513947,0.8011936545372009,True,12
8705,0.9859209656715393,0.032348986715078354,0.9785686731338501,True,12
8712,0.9609322547912598,0.058072417974472046,0.9235849380493164,True,12
8714,0.6869342923164368,0.4184221923351288,0.5602033138275146,True,12
8716,0.5793711543083191,0.43186819553375244,0.3609803318977356,True,12
8728,0.981155514717102,0.04247605428099632,0.9751023650169373,True,12
8731,0.9505468010902405,0.07611175626516342,0.9083641767501831,True,12
8733,0.9972836971282959,0.007330495864152908,0.9962362051010132,True,12
8741,0.9906691312789917,0.021196963265538216,0.9852144718170166,True,12
8752,0.9219421744346619,0.10310575366020203,0.8508267998695374,True,12
8757,0.4754573404788971,0.29990047216415405,0.019255489110946655,False,12
8764,0.9434037804603577,0.11117205768823624,0.9274069666862488,True,12
8767,0.9970507621765137,0.0073120975866913795,0.994490921497345,True,12
8769,0.9950681924819946,0.01261117123067379,0.9920027852058411,True,12
8774,0.6932844519615173,0.2859549820423126,0.4712684452533722,True,12
8780,0.9994613528251648,0.0016511173453181982,0.999040424823761,True,12
8793,0.9727805852890015,0.049449533224105835,0.9519761800765991,True,12
8797,0.9632129669189453,0.062487464398145676,0.9342746138572693,True,12
8807,0.9369609951972961,0.11758754402399063,0.9171271920204163,True,12
8812,0.9197466373443604,0.12100256979465485,0.8595063090324402,True,12
8834,0.6620480418205261,0.26691195368766785,0.35593751072883606,True,12
8842,0.9988441467285156,0.003138862317427993,0.9977708458900452,True,12
8844,0.9658523201942444,0.07542603462934494,0.9591032862663269,True,12
8846,0.9961296319961548,0.00917006190866232,0.9928348660469055,True,12
8850,0.8102709650993347,0.2011777013540268,0.6455982327461243,True,12
8856,0.8379533886909485,0.17402158677577972,0.6912147998809814,True,12
8862,0.4146900475025177,0.47573867440223694,0.14432460069656372,False,12
8884,0.997681736946106,0.00645455764606595,0.996289074420929,True,12
8887,0.9987657070159912,0.003758801845833659,0.9982254505157471,True,12
8900,0.9536030888557434,0.09004725515842438,0.9364815950393677,True,12
8908,0.850475549697876,0.23434211313724518,0.8068914413452148,True,12
8911,0.9562768936157227,0.07909537106752396,0.9387341141700745,True,12
8918,0.8549160957336426,0.19306008517742157,0.7535936236381531,True,12
8920,0.6424074172973633,0.349906325340271,0.3983297646045685,True,12
8921,0.7688013315200806,0.2814495265483856,0.6237087845802307,True,12
8922,0.9689374566078186,0.058042723685503006,0.951161801815033,True,12
8926,0.7895522117614746,0.2677623927593231,0.7022336721420288,True,12
8929,0.9686999320983887,0.06535933911800385,0.9588531255722046,True,12
8930,0.6927281618118286,0.2993433177471161,0.4671306908130646,True,12
8932,0.9706414937973022,0.0539064034819603,0.9486924409866333,True,12
8938,0.6598659157752991,0.4010969400405884,0.5373591184616089,True,12
8947,0.7000779509544373,0.3754918873310089,0.5760067105293274,False,12
8952,0.6492854356765747,0.2629358172416687,0.3224264681339264,True,12
8953,0.9400236010551453,0.1016540378332138,0.9099209904670715,True,12
8956,0.9323558807373047,0.12495448440313339,0.9013494253158569,True,12
8960,0.9883362650871277,0.027768181636929512,0.983734667301178,True,12
8961,0.9727849960327148,0.05666523054242134,0.9597110748291016,True,12
8990,0.9938532114028931,0.0159718319773674,0.9915343523025513,True,12
8991,0.9728767275810242,0.04950600117444992,0.9538907408714294,False,12
8996,0.9789639711380005,0.04177215322852135,0.9637470841407776,True,12
9009,0.9982179999351501,0.0047889878042042255,0.9967812895774841,True,12
9013,0.9097989201545715,0.15560314059257507,0.8815991282463074,True,12
9014,0.996080219745636,0.010125241242349148,0.9937425255775452,True,12
9029,0.9600626826286316,0.06687598675489426,0.9290733337402344,False,12
9034,0.99894779920578,0.003324956400319934,0.9985907673835754,True,12
9041,0.9968457818031311,0.008591894991695881,0.995010256767273,True,12
9054,0.3126713037490845,0.633613646030426,0.10504980385303497,False,12
9056,0.9835857152938843,0.033580973744392395,0.9720039963722229,True,12
9064,0.9254128932952881,0.12374333292245865,0.893695056438446,True,12
9084,0.9870063066482544,0.031650710850954056,0.9823931455612183,True,12
9093,0.775782585144043,0.20013287663459778,0.5652473568916321,True,12
9110,0.9972658157348633,0.0069677745923399925,0.9950008988380432,True,12
9111,0.9645530581474304,0.05195785313844681,0.9294644594192505,True,12
9128,0.7722587585449219,0.3293513059616089,0.7161452770233154,True,12
9133,0.9633675813674927,0.07235104590654373,0.9521270990371704,True,12
9134,0.9990825653076172,0.0029677143320441246,0.9988004565238953,True,12
9136,0.5340170860290527,0.26706066727638245,0.0855097770690918,False,12
9142,0.9991839528083801,0.0025503721553832293,0.9988306760787964,True,12
9148,0.9630780220031738,0.06787393242120743,0.9391757845878601,True,12
9149,0.9999964237213135,1.747442911437247e-05,0.9999942183494568,True,12
9150,0.6414915323257446,0.3786419928073883,0.483769953250885,True,12
9155,0.9816314578056335,0.03958475962281227,0.9710670113563538,True,12
9157,0.981266975402832,0.04076367989182472,0.9708600640296936,True,12
9161,0.28742337226867676,0.7171338796615601,0.09648579359054565,True,12
9164,0.7537241578102112,0.30712926387786865,0.632777214050293,True,12
9169,0.9813023209571838,0.03689168021082878,0.9666144847869873,True,12
9175,0.9712168574333191,0.059100449085235596,0.9585179686546326,True,12
9184,0.705146074295044,0.31329891085624695,0.5022234320640564,True,12
9185,0.6895959377288818,0.32324767112731934,0.5155249834060669,False,12
9204,0.48320329189300537,0.5387630462646484,0.32903194427490234,False,12
9213,0.9916011691093445,0.0187895018607378,0.9871103167533875,True,12
9216,0.9937716126441956,0.012788049876689911,0.9876107573509216,True,12
9218,0.9906602501869202,0.021814754232764244,0.9869075417518616,True,12
9220,0.9355301856994629,0.12420443445444107,0.9143735766410828,True,12
9231,0.998896598815918,0.003434381913393736,0.9984326362609863,True,12
9239,0.9810295701026917,0.041780002415180206,0.9720655679702759,True,12
9240,0.9628361463546753,0.06229829788208008,0.9326798915863037,True,12
9242,0.4057063162326813,0.5371521711349487,0.076852947473526,True,12
9247,0.790067732334137,0.2644232511520386,0.6816387176513672,True,12
9255,0.8493636846542358,0.18673260509967804,0.7468611001968384,True,12
9258,0.8592890501022339,0.2018953561782837,0.7752553820610046,True,12
9265,0.5409775376319885,0.3200570046901703,0.14386412501335144,True,12
9268,0.9767449498176575,0.04586062207818031,0.962718665599823,True,12
9292,0.9984999895095825,0.004695074167102575,0.9980819821357727,True,12
9293,0.9949209094047546,0.012581759132444859,0.9914572238922119,True,12
9298,0.6908755302429199,0.32461392879486084,0.5317007303237915,True,12
9304,0.4182049036026001,0.5667735934257507,0.21004565060138702,True,12
9310,0.9855633974075317,0.033414509147405624,0.9791850447654724,True,12
9315,0.9899036884307861,0.021602103486657143,0.9819194674491882,True,12
9319,0.33398446440696716,0.7345077991485596,0.135812908411026,True,12
9322,0.9794584512710571,0.034711141139268875,0.9598098397254944,True,12
9323,0.9874535799026489,0.028933672234416008,0.9816443920135498,True,12
9325,0.7646342515945435,0.20624572038650513,0.5440801382064819,True,12
9331,0.9798633456230164,0.03778202086687088,0.9625763893127441,True,12
9336,0.9179395437240601,0.12206552177667618,0.860684335231781,True,12
9344,0.9797849059104919,0.04357731714844704,0.9711527228355408,True,12
9357,0.9143633246421814,0.13907551765441895,0.8807310461997986,True,12
9358,0.9995511174201965,0.0015217653708532453,0.9993899464607239,True,12
9360,0.9967465400695801,0.008341170847415924,0.994619607925415,True,12
9361,0.7714092135429382,0.21987050771713257,0.5668938159942627,False,12
9372,0.49915140867233276,0.4760926067829132,0.2743898034095764,False,12
9394,0.977532148361206,0.04758431762456894,0.9676511883735657,True,12
9396,0.9995282888412476,0.0014647371135652065,0.9991499781608582,True,12
9402,0.9711058139801025,0.05277332291007042,0.948588490486145,True,12
9406,0.9883301258087158,0.022868037223815918,0.977899968624115,True,12
9415,0.9633402824401855,0.05755725875496864,0.9301071763038635,True,12
9419,0.38474956154823303,0.6119107604026794,0.1866341531276703,False,12
9424,0.6565060019493103,0.22833287715911865,0.31954172253608704,False,12
9432,0.9858919978141785,0.030705399811267853,0.9798842072486877,True,12
9441,0.9978505373001099,0.006390586495399475,0.9970483183860779,True,12
9443,0.9126196503639221,0.12252578884363174,0.8436632752418518,True,12
9456,0.999809205532074,0.0006831359351053834,0.9997010231018066,True,12
9458,0.5275892615318298,0.44035038352012634,0.31013646721839905,True,12
9459,0.9925515651702881,0.015602445229887962,0.9857819676399231,True,12
9464,0.9531915783882141,0.0847068652510643,0.9268153309822083,False,12
9465,0.44182273745536804,0.40476030111312866,0.025747209787368774,True,12
9479,0.5069828033447266,0.604507565498352,0.3646925985813141,True,12
9489,0.9986494183540344,0.0038010375574231148,0.9977163672447205,True,12
9494,0.9422659873962402,0.11289997398853302,0.9252201914787292,True,12
9495,0.9999713897705078,0.00011787734547397122,0.9999548196792603,True,12
9496,0.9887948036193848,0.022690294310450554,0.9791499972343445,True,12
9501,0.9984017014503479,0.004851347766816616,0.9977482557296753,True,12
9506,0.5679689049720764,0.30655571818351746,0.18720442056655884,False,12
9508,0.9434189796447754,0.10537838935852051,0.9171108603477478,True,12
9537,0.5198265314102173,0.3284645974636078,0.12262275815010071,False,12
9541,0.9916644096374512,0.021349459886550903,0.9889279007911682,True,12
9542,0.8825533986091614,0.17444448173046112,0.8136333227157593,True,12
9553,0.9831074476242065,0.03875206038355827,0.9774860143661499,True,12
9559,0.9948071837425232,0.01123388297855854,0.9898114204406738,True,12
9561,0.997802197933197,0.006043781992048025,0.9962950944900513,True,12
9562,0.9351227283477783,0.1016123965382576,0.8862431049346924,True,12
9580,0.425419420003891,0.5680041313171387,0.22911344468593597,False,12
9590,0.881870687007904,0.1680016666650772,0.8161221146583557,True,12
9596,0.994264543056488,0.012020306661725044,0.9886370301246643,True,12
9599,0.9183534979820251,0.10182712972164154,0.8406537771224976,True,12
9603,0.8894717693328857,0.17911431193351746,0.8570635914802551,True,12
9610,0.9215595126152039,0.11519943922758102,0.8730142712593079,True,12
9620,0.9962421655654907,0.009607105515897274,0.9938169717788696,True,12
9628,0.7588040828704834,0.2822965681552887,0.6570512056350708,False,12
9632,0.977119505405426,0.04552147537469864,0.9637061357498169,True,12
9633,0.4357452094554901,0.6000725030899048,0.21672570705413818,False,12
9639,0.999351441860199,0.0019429943058639765,0.9988197684288025,True,12
9640,0.9548850655555725,0.09245017170906067,0.9377586245536804,True,12
9645,0.5507919788360596,0.41608181595802307,0.29142969846725464,True,12
9649,0.6260857582092285,0.39155617356300354,0.46349793672561646,False,12
9655,0.9966580867767334,0.009370255284011364,0.9955836534500122,True,12
9660,0.5929230451583862,0.5129711031913757,0.5067263841629028,True,12
9664,0.7099215984344482,0.38849422335624695,0.6075170636177063,True,12
9668,0.945268452167511,0.0749279037117958,0.8925290703773499,True,12
9674,0.8924742937088013,0.11921950429677963,0.7880334854125977,True,12
9679,0.994520366191864,0.0128541374579072,0.9902057647705078,True,12
9704,0.9592142701148987,0.07477302104234695,0.9349247217178345,True,12
9713,0.9880738854408264,0.02442231774330139,0.978413462638855,True,12
9714,0.9909459352493286,0.019141292199492455,0.9833223819732666,True,12
9719,0.9991140961647034,0.002497680950909853,0.9983462691307068,True,12
9731,0.630940318107605,0.4083816707134247,0.45787495374679565,False,12
9732,0.9969027638435364,0.007239236030727625,0.9939265847206116,True,12
9742,0.9814070463180542,0.03898562490940094,0.9709848761558533,True,12
9749,0.5914308428764343,0.29804903268814087,0.22791239619255066,True,12
9750,0.9999626874923706,0.00014682076289318502,0.9999319911003113,True,12
9755,0.5341486930847168,0.2787705361843109,0.09727191925048828,True,12
9765,0.9782066345214844,0.04847533628344536,0.9726718068122864,True,12
9768,0.9951643943786621,0.011665666475892067,0.991897702217102,True,12
9774,0.605896532535553,0.415223091840744,0.37472718954086304,True,12
9790,0.9977796673774719,0.006275343243032694,0.9963957071304321,True,12
9794,0.9711278080940247,0.05319976061582565,0.9512702822685242,True,12
9802,0.9775511622428894,0.04693194478750229,0.9688207507133484,True,12
9803,0.9540618658065796,0.08597458899021149,0.9306860566139221,True,12
9805,0.9906122088432312,0.021893257275223732,0.9871484637260437,True,12
9811,0.34501776099205017,0.5643245577812195,0.12705837190151215,True,12
9830,0.9370172023773193,0.09154640138149261,0.8829137682914734,True,12
9843,0.9940826296806335,0.01517449226230383,0.9921457171440125,True,12
9854,0.5716138482093811,0.42566555738449097,0.38166943192481995,True,12
9859,0.5602973103523254,0.41975510120391846,0.30235806107521057,True,12
9862,0.9826093912124634,0.035982441157102585,0.972004771232605,True,12
9868,0.29308685660362244,0.7579206228256226,0.12859007716178894,True,12
9881,0.8515801429748535,0.21272912621498108,0.7793386578559875,True,12
9885,0.9836549162864685,0.03022034466266632,0.9687139987945557,True,12
9889,0.9806451201438904,0.04488367587327957,0.9743080735206604,True,12
9891,0.9946172833442688,0.013884427957236767,0.9924153685569763,True,12
9893,0.9783857464790344,0.04288212209939957,0.963187038898468,True,12
9896,0.9320006370544434,0.12223028391599655,0.9042600393295288,True,12
9899,0.9931350946426392,0.017019832506775856,0.989579975605011,True,12
9920,0.39458373188972473,0.5770435333251953,0.14390364289283752,False,12
9926,0.8336976170539856,0.24430891871452332,0.7585736513137817,True,12
9943,0.9828488230705261,0.041187357157468796,0.9790574908256531,True,12
9945,0.9952882528305054,0.012448986060917377,0.9932522773742676,True,12
9954,0.7213605046272278,0.28678596019744873,0.5090574026107788,True,12
9963,0.8725414276123047,0.1534344106912613,0.7655619382858276,True,12
9964,0.9230812788009644,0.12187497317790985,0.8791031837463379,True,12
9966,0.262897253036499,0.6755724549293518,0.04424801468849182,True,12
9975,0.40241605043411255,0.5638254284858704,0.15452934801578522,True,12
9986,0.9802432656288147,0.03944685682654381,0.966393768787384,True,12
9992,0.9984390139579773,0.004485070705413818,0.9976422786712646,True,12
9997,0.9310236573219299,0.12365308403968811,0.8955499529838562,True,12
10003,0.9637857675552368,0.07517830282449722,0.9483856558799744,True,12
10017,0.9976584911346436,0.006371215917170048,0.9959181547164917,True,12
10018,0.9867458939552307,0.02531612664461136,0.9747083187103271,True,12
10019,0.9757604598999023,0.038163989782333374,0.9515445232391357,True,12
10032,0.4955283999443054,0.26388025283813477,0.006958961486816406,False,12
10043,0.9800626635551453,0.03849242255091667,0.9643371105194092,True,12
10051,0.7302209138870239,0.2464173287153244,0.4940522313117981,True,12
10052,0.9784088134765625,0.03909563645720482,0.9625557661056519,False,12
10056,0.890984833240509,0.15876063704490662,0.8405747413635254,True,12
10064,0.999819815158844,0.0006367195746861398,0.9996840953826904,True,12
10091,0.9977019429206848,0.005983790382742882,0.9958867430686951,True,12
10092,0.7509830594062805,0.27030953764915466,0.5644454956054688,False,12
10099,0.9661997556686401,0.07106006145477295,0.9540910124778748,True,12
10102,0.9973049163818359,0.007378788664937019,0.9960635304450989,True,12
10108,0.4040892422199249,0.5593101978302002,0.092744380235672,False,12
10110,0.6857112050056458,0.3707752227783203,0.5327948331832886,True,12
10113,0.9877555966377258,0.026474270969629288,0.9806817173957825,True,12
10133,0.9846872687339783,0.033920153975486755,0.9774457812309265,True,12
10135,0.9816484451293945,0.03580351173877716,0.9689591526985168,True,12
10137,0.9544849991798401,0.07237700372934341,0.9165046215057373,True,12
10140,0.9921137094497681,0.01567474938929081,0.9843732118606567,True,12
10150,0.6129187941551208,0.2556239664554596,0.2433493435382843,True,12
10158,0.8972154259681702,0.14560742676258087,0.8300763964653015,True,12
10162,0.9599613547325134,0.08298280835151672,0.9510701298713684,True,12
10172,0.9829712510108948,0.04024883359670639,0.9793016910552979,True,12
10190,0.9733666181564331,0.057791732251644135,0.9627218842506409,True,12
10197,0.9887264370918274,0.02450820617377758,0.9807220697402954,True,12
10200,0.674148440361023,0.38413819670677185,0.5097680687904358,True,12
10208,0.9373922348022461,0.09453307092189789,0.8855215311050415,True,12
10211,0.8699458837509155,0.21781595051288605,0.8363590240478516,True,12
10217,0.9683778285980225,0.05897090584039688,0.9535192847251892,True,12
10224,0.9939496517181396,0.01581178419291973,0.9916577935218811,True,12
10240,0.992745578289032,0.01734914258122444,0.9882537722587585,True,12
10244,0.7879137396812439,0.2188488095998764,0.6111714243888855,True,12
10257,0.7253186702728271,0.2938283681869507,0.571524977684021,True,12
10262,0.9243449568748474,0.13098503649234772,0.8969043493270874,True,12
10263,0.3559550642967224,0.5774099826812744,0.0227777361869812,False,12
10266,0.7818386554718018,0.2929478585720062,0.6847369074821472,True,12
10281,0.9860482215881348,0.028018996119499207,0.9778674840927124,True,12
10287,0.9977734684944153,0.006542345974594355,0.9970976710319519,True,12
10294,0.9716473817825317,0.0595235601067543,0.9604140520095825,True,12
10303,0.9368823766708374,0.09605221450328827,0.8926966190338135,True,12
10307,0.6260043382644653,0.33729222416877747,0.33857396245002747,True,12
10309,0.9981772899627686,0.005056752357631922,0.9971657991409302,True,12
10310,0.9931325316429138,0.01807047799229622,0.9908673763275146,True,12
10316,0.449508398771286,0.4436570703983307,0.06720101833343506,True,12
10321,0.8087377548217773,0.16811531782150269,0.6196826100349426,True,12
10324,0.9748411774635315,0.04995172470808029,0.9640011191368103,True,12
10328,0.9902471303939819,0.024432824924588203,0.9872980713844299,True,12
10330,0.9996986389160156,0.0009297477663494647,0.99940425157547,True,12
10331,0.9922807812690735,0.018705669790506363,0.9883707761764526,True,12
10338,0.9626737236976624,0.06791801750659943,0.941379725933075,True,12
10347,0.9395554065704346,0.10414597392082214,0.9022766351699829,True,12
10349,0.5963171720504761,0.40990617871284485,0.3449113368988037,True,12
10361,0.9978581070899963,0.005912039428949356,0.9965217113494873,True,12
10370,0.9999382495880127,0.00024507433408871293,0.9999063611030579,True,12
10371,0.9594475030899048,0.05784061178565025,0.9194939732551575,True,12
10373,0.9938997030258179,0.015018603764474392,0.9902713298797607,True,12
10377,0.9832690954208374,0.036343641579151154,0.9749654531478882,True,12
10386,0.8840010762214661,0.15948131680488586,0.800151526927948,True,12
10390,0.9956046342849731,0.012379728257656097,0.9941291809082031,True,12
10391,0.9922072291374207,0.019109616056084633,0.9892871975898743,True,12
10395,0.9943623542785645,0.014170072041451931,0.9914348721504211,True,12
10396,0.4871123135089874,0.42241576313972473,0.22599303722381592,False,12
10401,0.9787154197692871,0.04515711963176727,0.9711459875106812,True,12
10413,0.9768460988998413,0.04837322235107422,0.9632824659347534,True,12
10431,0.9980301260948181,0.004987918771803379,0.9961889386177063,True,12
10432,0.7614840865135193,0.20301397144794464,0.5342376232147217,True,12
10435,0.9978951215744019,0.005952448584139347,0.9971015453338623,True,12
10437,0.8991705775260925,0.14915356040000916,0.8361090421676636,True,12
10441,0.9098703861236572,0.14461658895015717,0.8695138096809387,True,12
10450,0.9584831595420837,0.06819929927587509,0.9245145916938782,True,12
10454,0.9766498804092407,0.04148560389876366,0.9559590220451355,True,12
10460,0.6358556151390076,0.2258184254169464,0.2746010720729828,True,12
10465,0.9026336669921875,0.111728236079216,0.8080437183380127,True,12
10467,0.6056381464004517,0.44768401980400085,0.4101402461528778,True,12
10474,0.6569614410400391,0.21915486454963684,0.31565651297569275,True,12
10503,0.9463810324668884,0.08701766282320023,0.9056812524795532,False,12
10508,0.388959676027298,0.4086473882198334,0.019765198230743408,True,12
10520,0.34878984093666077,0.4166523814201355,0.0319962203502655,True,12
10532,0.968993067741394,0.06252609193325043,0.9505910873413086,True,12
10544,0.5585412383079529,0.2558958828449249,0.13084012269973755,False,12
10574,0.5348847508430481,0.49619078636169434,0.3548476994037628,False,12
10582,0.9870457649230957,0.024553639814257622,0.9752406477928162,True,12
10591,0.9878982901573181,0.029413485899567604,0.9842782020568848,True,12
10596,0.804961085319519,0.22510665655136108,0.6754248142242432,False,12
10599,0.445637971162796,0.5067156553268433,0.23590196669101715,True,12
10600,0.7673093676567078,0.20657102763652802,0.5483518242835999,True,12
10601,0.5905326008796692,0.40337756276130676,0.3146945536136627,False,12
10606,0.9945462942123413,0.014363227412104607,0.9922309517860413,True,12
10608,0.9985528588294983,0.003710084594786167,0.9971464276313782,True,12
10619,0.9984789490699768,0.003893887624144554,0.9970223307609558,True,12
10620,0.6545961499214172,0.293190598487854,0.3610765039920807,True,12
10628,0.9956191182136536,0.011117572896182537,0.9929587841033936,True,12
10637,0.9991810917854309,0.002623687731102109,0.9987756609916687,True,12
10641,0.8675586581230164,0.21468545496463776,0.832291305065155,True,12
10642,0.6068511605262756,0.37989088892936707,0.3602006137371063,True,12
10645,0.8257063031196594,0.2574842870235443,0.7646644711494446,False,12
10646,0.9169889688491821,0.14675572514533997,0.886938214302063,True,12
10651,0.9967057108879089,0.008650570176541805,0.9947423934936523,True,12
10654,0.9758415222167969,0.04456351697444916,0.9575216770172119,False,12
10655,0.5671398639678955,0.2350548654794693,0.13691526651382446,True,12
10658,0.9593862891197205,0.07547550648450851,0.9419585466384888,True,12
10689,0.6015715003013611,0.37972450256347656,0.36541417241096497,False,12
10691,0.9956538677215576,0.010649962350726128,0.9932860732078552,True,12
10695,0.6759751439094543,0.3538194000720978,0.5164413452148438,True,12
10707,0.9710344076156616,0.04427019879221916,0.9422704577445984,True,12
10711,0.981246292591095,0.040613580495119095,0.9716812968254089,True,12
10720,0.9344145059585571,0.11346527189016342,0.8979154825210571,True,12
10727,0.9562901854515076,0.061687909066677094,0.9134899973869324,True,12
10733,0.9503422379493713,0.07573160529136658,0.9068067073822021,True,12
10735,0.6242834329605103,0.3623514175415039,0.3893997073173523,False,12
10736,0.991313636302948,0.019591813907027245,0.9852668046951294,True,12
10741,0.9976394176483154,0.006333416327834129,0.9959291815757751,True,12
10743,0.9999480247497559,0.00020322544150985777,0.9999076724052429,True,13
10754,0.4718354642391205,0.527259349822998,0.3038847744464874,False,13
10761,0.9379862546920776,0.11548660695552826,0.9230304956436157,True,13
10768,0.8838123679161072,0.1691288948059082,0.8444026112556458,True,13
10771,0.9999525547027588,0.00018380273832008243,0.9999118447303772,True,13
10773,0.9985905289649963,0.004399710800498724,0.9981788396835327,True,13
10784,0.9999985694885254,7.4169624895148445e-06,0.9999978542327881,True,13
10786,0.9755271673202515,0.053198158740997314,0.9663750529289246,True,13
10791,0.9999604225158691,0.00015582259220536798,0.99992835521698,True,13
10797,0.9989234805107117,0.003107542172074318,0.9980379343032837,True,13
10801,0.969910204410553,0.05497609078884125,0.947410523891449,True,13
10804,0.9996069073677063,0.0013062518555670977,0.9993413090705872,True,13
10806,0.999139666557312,0.0023887937422841787,0.9983201622962952,True,13
10808,0.9990710020065308,0.0027273306623101234,0.9984625577926636,True,13
10823,0.6336091160774231,0.4214225113391876,0.5025890469551086,True,13
10824,0.98902428150177,0.02375224605202675,0.9817452430725098,True,13
10828,0.999871015548706,0.0004528348508756608,0.9997579455375671,True,13
10835,0.9862086772918701,0.029645634815096855,0.9775524139404297,True,13
10839,0.999987006187439,5.8401928981766105e-05,0.9999799728393555,True,13
10869,0.9997641444206238,0.0008469765307381749,0.9996622800827026,True,13
10874,0.8640937209129333,0.20991480350494385,0.8046473860740662,True,13
10880,0.9994879961013794,0.0016751493094488978,0.9992268085479736,True,13
10888,0.6552957892417908,0.44060850143432617,0.5423738360404968,False,13
10890,0.9710558652877808,0.056861650198698044,0.9526100754737854,True,13
10893,0.9973063468933105,0.00780091155320406,0.9965565800666809,True,13
10897,0.9316139817237854,0.0959135964512825,0.8716560006141663,True,13
10900,0.9991247057914734,0.002642882987856865,0.9985210299491882,True,13
10904,0.7966234087944031,0.2681552767753601,0.6759316921234131,True,13
10907,0.9570258259773254,0.07932563126087189,0.9329333901405334,True,13
10913,0.9972702860832214,0.007087888661772013,0.9952908754348755,True,13
10929,0.9799060225486755,0.041901372373104095,0.9714931845664978,True,13
10932,0.3836331367492676,0.5249524116516113,0.182661235332489,False,13
10936,0.9484466910362244,0.0811845138669014,0.906227707862854,True,13
10939,0.999722421169281,0.0008929832838475704,0.9994697570800781,True,13
10954,0.9973289966583252,0.0071307276375591755,0.9958944916725159,True,13
10959,0.7168262004852295,0.3848145008087158,0.6350600719451904,True,13
10968,0.9874143004417419,0.023451536893844604,0.9753821492195129,True,13
10975,0.9751834273338318,0.0500883124768734,0.965023398399353,True,13
10976,0.9979705214500427,0.005631013307720423,0.9966534376144409,True,13
10977,0.9999090433120728,0.00032726034987717867,0.9998281002044678,True,13
10982,0.9990695118904114,0.0026581662241369486,0.9982877969741821,True,13
10986,0.9980792999267578,0.005714980885386467,0.9973966479301453,True,13
10996,0.47871869802474976,0.45346736907958984,0.17430469393730164,False,13
11007,0.9999144077301025,0.0003011165536008775,0.9998315572738647,True,13
11009,0.9992934465408325,0.00223927921615541,0.9988507628440857,True,13
11010,0.7662977576255798,0.23804804682731628,0.568555474281311,True,13
11011,0.9993964433670044,0.001971808960661292,0.9990848302841187,True,13
11013,0.9256855845451355,0.11898323148488998,0.887204647064209,True,13
11021,0.7949405908584595,0.24620330333709717,0.650934100151062,True,13
11039,0.7068537473678589,0.23377904295921326,0.43000122904777527,True,13
11041,0.36811426281929016,0.6354971528053284,0.13381057977676392,False,13
11045,0.9266396164894104,0.12561282515525818,0.9041648507118225,True,13
11048,0.9968221187591553,0.00901523232460022,0.9959233403205872,True,13
11050,0.6707137823104858,0.38256728649139404,0.5475832223892212,False,13
11055,0.9997889399528503,0.000739294511731714,0.9996431469917297,True,13
11058,0.38284099102020264,0.6023834347724915,0.09692442417144775,False,13
11067,0.9957734942436218,0.010461602360010147,0.9925686717033386,True,13
11073,0.9994494318962097,0.001720026833936572,0.9990124106407166,True,13
11084,0.9992213249206543,0.0022754219826310873,0.9985612630844116,True,13
11086,0.997914731502533,0.006163084879517555,0.9973222613334656,True,13
11098,0.993333637714386,0.01585521548986435,0.9894315004348755,True,13
11102,0.9911779761314392,0.021161440759897232,0.988031268119812,True,13
11104,0.981257438659668,0.03916219621896744,0.9734179973602295,True,13
11106,0.9769619703292847,0.049531739205121994,0.9706947803497314,True,13
11109,0.9780135154724121,0.04440401494503021,0.9645089507102966,True,13
11110,0.9919354915618896,0.018508054316043854,0.9862030744552612,True,13
11120,0.9923102855682373,0.017524663358926773,0.9865339398384094,True,13
11123,0.9996160268783569,0.0013176228385418653,0.9994056820869446,True,13
11136,0.8208476305007935,0.2150186002254486,0.6840615272521973,True,13
11138,0.9960113763809204,0.009230216965079308,0.9923534989356995,True,13
11145,0.5205100178718567,0.5082143545150757,0.34799015522003174,True,13
11152,0.6525960564613342,0.43238019943237305,0.5566301345825195,True,13
11153,0.8994290828704834,0.15045110881328583,0.8328813314437866,True,13
11155,0.98847895860672,0.026673898100852966,0.9822505712509155,True,13
11169,0.9982885718345642,0.004656326025724411,0.9968904852867126,True,13
11181,0.9461991190910339,0.10398439317941666,0.920203447341919,False,13
11196,0.9995266199111938,0.001556641305796802,0.999281108379364,True,13
11206,0.9997851252555847,0.0007657505921088159,0.9996767044067383,True,13
11210,0.9996912479400635,0.001010266481898725,0.9994351863861084,True,13
11233,0.999321699142456,0.0019957460463047028,0.9987242221832275,True,13
11234,0.9041160345077515,0.10756967216730118,0.8091102838516235,True,13
11239,0.9937881827354431,0.016276976093649864,0.9915198087692261,True,13
11240,0.979550302028656,0.04659663885831833,0.972121000289917,True,13
11250,0.9994045495986938,0.0019784686155617237,0.9991476535797119,True,13
11251,0.9998561143875122,0.0005140030407346785,0.9997459650039673,True,13
11252,0.9170153737068176,0.13876086473464966,0.8740591406822205,True,13
11258,0.4917459785938263,0.27534934878349304,0.0066176652908325195,True,13
11273,0.9937386512756348,0.014357722364366055,0.9889277219772339,True,13
11279,0.9992302656173706,0.0024023361038416624,0.9987247586250305,True,13
11289,0.9949682354927063,0.011030090041458607,0.9901835918426514,True,13
11292,0.9988241791725159,0.0033815582282841206,0.9979087114334106,True,13
11295,0.7352270483970642,0.3860809803009033,0.6877779364585876,False,13
11302,0.9999955892562866,1.990915188798681e-05,0.9999914765357971,True,13
11315,0.5977188348770142,0.3181590437889099,0.26929906010627747,True,13
11325,0.9954055547714233,0.010501150041818619,0.9912033677101135,True,13
11331,0.9324039220809937,0.10768083482980728,0.8855419754981995,True,13
11332,0.9995357990264893,0.001409142161719501,0.9991133213043213,True,13
11346,0.9444220662117004,0.08131729811429977,0.8945299386978149,True,13
11349,0.999423623085022,0.0018250588327646255,0.9989994764328003,True,13
11365,0.8547682762145996,0.19766806066036224,0.7601727247238159,True,13
11374,0.9945996999740601,0.013668869622051716,0.9916892051696777,True,13
11382,0.9973228573799133,0.0067420415580272675,0.9950134754180908,True,13
11383,0.9976775050163269,0.0062140352092683315,0.9958928227424622,True,13
11384,0.9999791383743286,8.657774014864117e-05,0.9999616146087646,True,13
11388,0.9966993927955627,0.007961858995258808,0.9937869906425476,True,13
11403,0.9995840191841125,0.0012935679405927658,0.9992188811302185,True,13
11404,0.6561015248298645,0.39160528779029846,0.48986124992370605,True,13
11408,0.9053767323493958,0.17113348841667175,0.8820987939834595,True,13
11419,0.9900321960449219,0.02306322194635868,0.9845677614212036,True,13
11425,0.9964109063148499,0.009710845537483692,0.9953896999359131,True,13
11440,0.9194128513336182,0.1479572206735611,0.9003638625144958,True,13
11447,0.9727984070777893,0.05927140265703201,0.9649932980537415,True,13
11453,0.9896809458732605,0.020606879144906998,0.9802118539810181,True,13
11465,0.9991267323493958,0.002715089824050665,0.9986819624900818,True,13
11470,0.9998993873596191,0.0003732771147042513,0.999826192855835,True,13
11474,0.9998853206634521,0.0003897988935932517,0.9997730255126953,True,13
11476,0.9682958126068115,0.05828230082988739,0.9503127932548523,True,13
11488,0.20273277163505554,0.7313966155052185,0.0598091185092926,False,13
11498,0.9999171495437622,0.00031884448253549635,0.999872088432312,True,13
11500,0.9307864904403687,0.12705403566360474,0.9020552039146423,True,13
11503,0.642465353012085,0.2863125503063202,0.3400615155696869,False,13
11513,0.9199569225311279,0.1312449425458908,0.875967264175415,True,13
11514,0.8239152431488037,0.24588711559772491,0.7480549812316895,True,13
11525,0.9999749660491943,0.00010371396638220176,0.9999560117721558,True,13
11528,0.9998587369918823,0.0005329807172529399,0.9998046159744263,True,13
11533,0.6241077184677124,0.3003291189670563,0.303864449262619,False,13
11535,0.7157431244850159,0.2375686764717102,0.45581263303756714,True,13
11536,0.9790538549423218,0.035845860838890076,0.9593620300292969,True,13
11539,0.9970768690109253,0.008220101706683636,0.9960002899169922,True,13
11540,0.9910661578178406,0.020533541217446327,0.9852079749107361,True,13
11542,0.982886016368866,0.034727390855550766,0.9714322686195374,True,13
11543,0.9996685981750488,0.001130120363086462,0.999467670917511,True,13
11558,0.9401088356971741,0.09858155250549316,0.9115221500396729,True,13
11565,0.9814577698707581,0.04122529923915863,0.9755702614784241,True,13
11566,0.9955765008926392,0.011410270817577839,0.9928092956542969,True,13
11572,0.999849796295166,0.0005607170751318336,0.9997808337211609,True,13
11576,0.8444119691848755,0.2011391669511795,0.7347404956817627,True,13
11580,0.8689284920692444,0.20004776120185852,0.8149212002754211,True,13
11584,0.9025625586509705,0.14909416437149048,0.8479463458061218,True,13
11589,0.9999972581863403,1.3656795999850146e-05,0.9999955296516418,True,13
11611,0.9894554018974304,0.025150541216135025,0.9861319065093994,True,13
11622,0.9998334646224976,0.0006275362684391439,0.9997641444206238,True,13
11623,0.9549862742424011,0.07741952687501907,0.9239131212234497,True,13
11624,0.9998677968978882,0.0004715319082606584,0.9997618198394775,True,13
11633,0.9982239603996277,0.004463085904717445,0.996512770652771,True,13
11634,0.5639573335647583,0.2745194435119629,0.15557387471199036,False,13
11640,0.9846462607383728,0.02706802450120449,0.9695754051208496,True,13
11641,0.9999964237213135,1.7248577933060005e-05,0.9999940991401672,True,13
11643,0.9545009732246399,0.09411560744047165,0.9401237368583679,True,13
11647,0.9996527433395386,0.0012281546369194984,0.9995094537734985,True,13
11655,0.9999217987060547,0.0003058741276618093,0.9998893737792969,True,13
11665,0.9994837045669556,0.0017490091267973185,0.9992856979370117,True,13
11673,0.9963899254798889,0.009680148214101791,0.9943357110023499,True,13
11674,0.9720355868339539,0.047717757523059845,0.9472434520721436,True,13
11688,0.9514418840408325,0.08323320001363754,0.9162644743919373,True,13
11692,0.9079515337944031,0.13545505702495575,0.842416524887085,True,13
11708,0.999951958656311,0.0001794618583517149,0.999906599521637,True,13
11709,0.9999860525131226,5.951663479208946e-05,0.9999741911888123,True,13
11711,0.9081124663352966,0.15962402522563934,0.8755821585655212,True,13
11717,0.992577850818634,0.017824001610279083,0.9886961579322815,True,13
11722,0.3777303099632263,0.5913479328155518,0.17371314764022827,True,13
11729,0.9628351926803589,0.06423814594745636,0.9372615218162537,True,13
11731,0.9969635605812073,0.008420773781836033,0.995793342590332,True,13
11744,0.9999550580978394,0.0001717949053272605,0.999914288520813,True,13
11745,0.9951913356781006,0.012571828439831734,0.9931373596191406,True,13
11750,0.9920720458030701,0.01812351867556572,0.9878492951393127,True,13
11753,0.47042176127433777,0.5954745411872864,0.319044828414917,True,13
11756,0.9988613128662109,0.0031189434230327606,0.9978199601173401,True,13
11760,0.9624954462051392,0.06369579583406448,0.932284414768219,True,13
11768,0.9844299554824829,0.033178187906742096,0.9748417139053345,True,13
11778,0.5080843567848206,0.6313945055007935,0.4078037738800049,False,13
11787,0.9855583906173706,0.031219257041811943,0.9771685004234314,True,13
11792,0.9491151571273804,0.08608578890562057,0.9167945384979248,True,13
11805,0.9739981889724731,0.053891342133283615,0.9595358371734619,True,13
11811,0.6378329992294312,0.3478936553001404,0.38707852363586426,True,13
11817,0.7658441662788391,0.35436439514160156,0.7190648913383484,True,13
11821,0.9989239573478699,0.003004480618983507,0.9979617595672607,True,13
11825,0.9887655973434448,0.025557203218340874,0.9843271374702454,True,13
11828,0.9999483823776245,0.00019223989511374384,0.9998996257781982,True,13
11832,0.8952322602272034,0.13609082996845245,0.8084087371826172,True,13
11837,0.9822612404823303,0.03485899418592453,0.9714161157608032,True,13
11852,0.9796024560928345,0.040550410747528076,0.9661632180213928,True,13
11858,0.9719341397285461,0.06005203723907471,0.9627810120582581,True,13
11862,0.9934205412864685,0.016376519575715065,0.9898236393928528,True,13
11870,0.9869727492332458,0.027345333248376846,0.9773626923561096,True,13
11881,0.9323532581329346,0.10007549077272415,0.8790440559387207,True,13
11885,0.9706478714942932,0.060738302767276764,0.9566268920898438,True,13
11888,0.998091995716095,0.005431365221738815,0.9969102740287781,True,13
11906,0.8333127498626709,0.24086925387382507,0.7516430616378784,True,13
11908,0.9996845722198486,0.001024184050038457,0.9994242787361145,True,13
11933,0.371754914522171,0.578458845615387,0.049274176359176636,True,13
11939,0.9842332005500793,0.032341934740543365,0.9724478721618652,True,13
11946,0.5950326323509216,0.3124609887599945,0.24393272399902344,True,13
11950,0.3087046146392822,0.6225636005401611,0.1097453385591507,False,13
11951,0.6567380428314209,0.3780158758163452,0.50163334608078,True,13
11955,0.9971900582313538,0.007993635721504688,0.9963511228561401,True,13
11957,0.9995715022087097,0.0014674145495519042,0.9993887543678284,True,13
11959,0.9929376244544983,0.01662503369152546,0.988930881023407,True,13
11961,0.9991521835327148,0.0025185400154441595,0.998678982257843,True,13
11986,0.8928855657577515,0.15679298341274261,0.8223967552185059,True,13
11987,0.9921211004257202,0.016862018033862114,0.9854733943939209,True,13
12001,0.5188798904418945,0.5326764583587646,0.3361254334449768,False,13
12008,0.9971445202827454,0.007864831015467644,0.9961150884628296,True,13
12011,0.9750524163246155,0.05214497447013855,0.9623885154724121,True,13
12014,0.9991291165351868,0.0028091678395867348,0.9988192915916443,True,13
12016,0.9928193688392639,0.018526725471019745,0.9907666444778442,True,13
12023,0.9839296340942383,0.03255266696214676,0.9715734124183655,True,13
12025,0.9871341586112976,0.03026379831135273,0.9835526347160339,True,13
12033,0.9977413415908813,0.006600914057344198,0.9970257878303528,True,13
12047,0.9997588992118835,0.0008359491475857794,0.9996093511581421,True,13
12057,0.9358606934547424,0.1093161329627037,0.8929175138473511,True,13
12059,0.999815046787262,0.0006778364768251777,0.9997181296348572,True,13
12073,0.9994064569473267,0.0019257927779108286,0.9990484118461609,True,13
12079,0.5649121999740601,0.44689005613327026,0.3897266983985901,False,13
12082,0.8747153878211975,0.17686867713928223,0.8109238743782043,True,13
12096,0.35795149207115173,0.5676601529121399,0.04878640174865723,True,13
12102,0.9898121953010559,0.023272186517715454,0.9840785264968872,True,13
12104,0.9989424347877502,0.002909173257648945,0.9979667067527771,True,13
12114,0.7106757760047913,0.31411683559417725,0.5100933313369751,True,13
12120,0.9911549091339111,0.021637454628944397,0.9873881936073303,True,13
12133,0.990875244140625,0.022412963211536407,0.9878742098808289,True,13
12143,0.9999995231628418,3.000188371515833e-06,0.9999990463256836,True,13
12146,0.9869263172149658,0.02789904735982418,0.9780322313308716,True,13
12161,0.9728557467460632,0.055725522339344025,0.9583776593208313,True,13
12163,0.9363381862640381,0.09899798780679703,0.9009639620780945,True,13
12167,0.9138239622116089,0.14992396533489227,0.8768841624259949,True,14
12175,0.9575768709182739,0.07960689812898636,0.9343650937080383,True,14
12177,0.8719816207885742,0.19525958597660065,0.8124653100967407,True,14
12181,0.8943924903869629,0.18286241590976715,0.8618902564048767,False,14
12190,0.9999382495880127,0.0002314865414518863,0.9998835921287537,True,14
12196,0.3199648857116699,0.6720781326293945,0.13856758177280426,True,14
12198,0.9226667881011963,0.11174130439758301,0.8597461581230164,True,14
12201,0.7285177707672119,0.39402681589126587,0.6451222896575928,True,14
12215,0.36900389194488525,0.5649274587631226,0.09884494543075562,False,14
12217,0.9822653532028198,0.03635253757238388,0.9743080735206604,True,14
12226,0.37558379769325256,0.47268831729888916,0.031343936920166016,True,14
12233,0.9952316880226135,0.011463262140750885,0.9919958710670471,True,14
12241,0.9225289225578308,0.113649882376194,0.859346866607666,True,14
12245,0.7802701592445374,0.24246160686016083,0.608555793762207,True,14
12248,0.9099915623664856,0.1517431139945984,0.8637373447418213,True,14
12252,0.44610390067100525,0.6136450171470642,0.31737905740737915,False,14
12259,0.9729962348937988,0.05971210449934006,0.9660400152206421,True,14
12261,0.8857256770133972,0.1498754620552063,0.7975459098815918,True,14
12267,0.8835619688034058,0.1454116702079773,0.7820936441421509,True,14
12274,0.8127475380897522,0.27273380756378174,0.7156399488449097,True,14
12276,0.8777353763580322,0.1502670794725418,0.7714915871620178,True,14
12277,0.885913610458374,0.16279171407222748,0.8043230772018433,True,14
12282,0.8326693773269653,0.2561156749725342,0.76772540807724,True,14
12285,0.840632438659668,0.19214728474617004,0.7139848470687866,True,14
12288,0.8230441212654114,0.21253539621829987,0.6844066381454468,True,14
12297,0.8999001383781433,0.17543908953666687,0.8632302284240723,True,14
12301,0.868678629398346,0.14814911782741547,0.7477535009384155,True,14
12305,0.4858216643333435,0.3681311309337616,0.061214596033096313,True,14
12314,0.836745023727417,0.20832715928554535,0.7151705026626587,True,14
12332,0.9676401615142822,0.06434664875268936,0.9534980654716492,True,14
12334,0.9500443935394287,0.09729240834712982,0.9309190511703491,True,14
12336,0.554041862487793,0.32722461223602295,0.1742146909236908,False,14
12342,0.593595564365387,0.5093967318534851,0.4826633930206299,True,14
12365,0.9475884437561035,0.09401994943618774,0.916886031627655,True,14
12373,0.8623780012130737,0.20913231372833252,0.7922788262367249,True,14
12380,0.929972231388092,0.10312241315841675,0.8745769262313843,True,14
12403,0.911647379398346,0.14376002550125122,0.8736743927001953,True,14
12405,0.9769395589828491,0.04990573227405548,0.968851625919342,True,14
12438,0.8904940485954285,0.18942053616046906,0.8649500608444214,True,14
12449,0.6822632551193237,0.4439283609390259,0.6149008274078369,True,14
12453,0.9964411854743958,0.010159320197999477,0.995527446269989,True,14
12470,0.9978991746902466,0.005950548220425844,0.9966405034065247,True,14
12479,0.7393865585327148,0.3916137218475342,0.6819758415222168,True,14
12482,0.7784281969070435,0.26232418417930603,0.6304653286933899,True,14
12483,0.9961899518966675,0.01028837263584137,0.9946772456169128,True,14
12496,0.8142510652542114,0.27233803272247314,0.7455214858055115,True,14
12497,0.6355384588241577,0.3574931025505066,0.3809870779514313,True,14
12498,0.32587456703186035,0.7474393248558044,0.18581224977970123,False,14
12506,0.7381282448768616,0.38315364718437195,0.6855608820915222,True,14
12515,0.6785313487052917,0.24092459678649902,0.37494394183158875,True,14
12520,0.8004355430603027,0.3048035204410553,0.7335472106933594,True,14
12526,0.7626798152923584,0.3472411334514618,0.6779177188873291,True,14
12541,0.5437366366386414,0.4993933141231537,0.39211899042129517,False,14
12543,0.32823440432548523,0.6515135169029236,0.10027255117893219,False,14
12560,0.441333532333374,0.5381985902786255,0.2042926400899887,True,14
12566,0.34015777707099915,0.621491014957428,0.08056515455245972,False,14
12567,0.47507503628730774,0.5936519503593445,0.2878280282020569,True,14
12574,0.9995043277740479,0.0017436507623642683,0.9993707537651062,True,14
12591,0.9880419969558716,0.02687988616526127,0.9811307787895203,True,14
12594,0.459114670753479,0.3936655521392822,0.14747107028961182,False,14
12596,0.9601369500160217,0.07485941052436829,0.9368759989738464,True,14
12598,0.4803796112537384,0.5516245365142822,0.2742680311203003,True,14
12604,0.6300415396690369,0.28911513090133667,0.3037004768848419,True,14
12608,0.9832951426506042,0.03554186969995499,0.9722608327865601,True,14
12618,0.9805729985237122,0.04307257756590843,0.9731783866882324,True,14
12624,0.9572603106498718,0.06094672530889511,0.9155165553092957,True,14
12639,0.9817041754722595,0.039588335901498795,0.9740487933158875,True,14
12647,0.3614056408405304,0.7603907585144043,0.26987403631210327,False,14
12655,0.9583970904350281,0.08381699025630951,0.9384911060333252,True,14
12656,0.9495981931686401,0.10230983048677444,0.9387586712837219,True,14
12673,0.9850768446922302,0.035433925688266754,0.9802390933036804,True,14
12686,0.5616169571876526,0.4198976457118988,0.271026611328125,True,14
12696,0.8693925738334656,0.22072505950927734,0.8312386274337769,True,14
12708,0.6845453977584839,0.21031679213047028,0.36985763907432556,False,14
12710,0.6911714673042297,0.2079523652791977,0.38289740681648254,True,14
12720,0.9102880954742432,0.13479694724082947,0.8435673713684082,True,14
12733,0.6429800391197205,0.3580005466938019,0.4135337173938751,True,14
12734,0.5395801663398743,0.4906257092952728,0.40360957384109497,True,14
12735,0.3285791873931885,0.6559921503067017,0.12724080681800842,False,14
12744,0.9816892147064209,0.042944129556417465,0.9775355458259583,True,14
12762,0.9529216289520264,0.08846253156661987,0.9262007474899292,True,14
12765,0.935721755027771,0.10069146752357483,0.888440728187561,False,14
12770,0.6975647807121277,0.30014568567276,0.47535496950149536,True,14
12771,0.9949705004692078,0.013268413953483105,0.9932413697242737,True,14
12776,0.9982643723487854,0.005004826467484236,0.9971636533737183,True,14
12783,0.9198639988899231,0.1507454514503479,0.8957561254501343,True,14
12792,0.9164232015609741,0.15019237995147705,0.890823245048523,True,14
12800,0.4983466863632202,0.640153169631958,0.3894740343093872,True,14
12802,0.9148836731910706,0.13034212589263916,0.8530254364013672,True,14
12804,0.7686511874198914,0.3201158940792084,0.6549055576324463,True,14
12809,0.9240641593933105,0.10290955007076263,0.8558695912361145,True,14
12810,0.9889823794364929,0.023997066542506218,0.9810038208961487,True,14
12812,0.3799726665019989,0.6228302121162415,0.18423432111740112,False,14
12817,0.38888752460479736,0.622126579284668,0.22198568284511566,True,14
12818,0.7429304122924805,0.3195568323135376,0.5916738510131836,True,14
12822,0.28404000401496887,0.7438948154449463,0.10175921022891998,True,14
12825,0.31703609228134155,0.6703856587409973,0.13243483006954193,True,14
12827,0.24321871995925903,0.7695096731185913,0.036642685532569885,True,14
12838,0.7021214962005615,0.35002854466438293,0.5304409861564636,True,14
12844,0.9224405288696289,0.14863726496696472,0.9051412343978882,True,14
12846,0.9408251643180847,0.10851161181926727,0.9177131056785583,True,14
12865,0.6480842232704163,0.43769946694374084,0.5092417001724243,True,14
12867,0.5467407703399658,0.499507874250412,0.3141031563282013,True,14
12871,0.9391584396362305,0.10793877393007278,0.9191194772720337,True,14
12876,0.9950075149536133,0.012970945797860622,0.9924487471580505,True,14
12889,0.7934859991073608,0.2689785361289978,0.6663309931755066,True,14
12908,0.9742251038551331,0.04971381649374962,0.9586499929428101,False,14
12909,0.8078521490097046,0.26175639033317566,0.7180662751197815,True,14
12922,0.939431369304657,0.10537037253379822,0.904840886592865,True,14
12926,0.9982556700706482,0.005285315681248903,0.9977269768714905,True,14
12927,0.998139500617981,0.005604564677923918,0.9976552128791809,True,14
12939,0.35353174805641174,0.6819384694099426,0.12800195813179016,False,14
12964,0.9861591458320618,0.03256509453058243,0.980562686920166,True,14
12965,0.23571090400218964,0.6172042489051819,0.02922014892101288,False,14
12986,0.31863951683044434,0.6812476515769958,0.17192672193050385,True,14
12993,0.8317492604255676,0.24900561571121216,0.7577267289161682,True,14
12996,0.9381476640701294,0.10780797153711319,0.9098609089851379,True,14
13004,0.855663001537323,0.2040969431400299,0.7647155523300171,False,14
13007,0.2936799228191376,0.5625288486480713,0.02953431010246277,False,14
13010,0.9318831562995911,0.1273801177740097,0.9070793390274048,True,14
13014,0.5550867915153503,0.4783285856246948,0.40670573711395264,False,14
13016,0.2530788481235504,0.6716598272323608,0.03996093571186066,False,14
13017,0.48111143708229065,0.5447131395339966,0.31496915221214294,True,14
13029,0.7998003363609314,0.3109316825866699,0.7580730319023132,True,14
13035,0.9267383813858032,0.11397213488817215,0.8753393888473511,True,14
13040,0.8063493371009827,0.29484686255455017,0.7426602244377136,True,14
13043,0.9903450608253479,0.0237580556422472,0.9868601560592651,True,15
13052,0.6387929916381836,0.3848513960838318,0.4499870240688324,True,15
13055,0.9911571741104126,0.021103784441947937,0.9866965413093567,True,15
13057,0.8279669880867004,0.2517120838165283,0.7690704464912415,True,15
13058,0.9420874118804932,0.10863102227449417,0.9239018559455872,True,15
13061,0.9965621829032898,0.009126374498009682,0.9948415756225586,True,15
13064,0.32150623202323914,0.6091507077217102,0.07914265990257263,False,16
13067,0.7189193367958069,0.3895600736141205,0.6281208992004395,False,15
13074,0.5557412505149841,0.39482414722442627,0.2968772351741791,True,15
13075,0.7235863208770752,0.3073824644088745,0.5602421760559082,False,16
13090,0.8128317594528198,0.2185007929801941,0.6759584546089172,True,16
13092,0.7191171646118164,0.3790346086025238,0.6361992955207825,True,15
13094,0.2169737070798874,0.6967254877090454,0.008444368839263916,False,15
13095,0.999800980091095,0.0006388737238012254,0.9996049404144287,True,16
13097,0.9828670620918274,0.03448233753442764,0.9711810946464539,True,15
13101,0.9656256437301636,0.06825072318315506,0.9538778066635132,True,16
13111,0.8732431530952454,0.2084680050611496,0.823169469833374,True,16
13121,0.9933187961578369,0.016172710806131363,0.9893081188201904,True,16
13138,0.9954837560653687,0.011589717119932175,0.9926732182502747,True,16
13146,0.9983919262886047,0.004546281415969133,0.9973932504653931,True,15
13157,0.964606761932373,0.060487303882837296,0.9387838244438171,True,15
13158,0.6772862076759338,0.36531808972358704,0.527746319770813,False,16
13164,0.3125304579734802,0.6256610155105591,0.04226726293563843,True,16
13173,0.6240275502204895,0.4040347933769226,0.3950551450252533,True,16
13177,0.983653724193573,0.03699919208884239,0.9754471778869629,True,15
13193,0.9728865027427673,0.0528380423784256,0.9579081535339355,True,15
13194,0.9999730587005615,0.0001127992436522618,0.9999587535858154,True,16
13195,0.6471160054206848,0.42051705718040466,0.49712908267974854,True,15
13197,0.9947734475135803,0.013339142315089703,0.9926702380180359,True,15
13205,0.9894522428512573,0.02154955454170704,0.9805036187171936,True,15
13210,0.997347354888916,0.007198497653007507,0.9959898591041565,True,15
13213,0.9982553124427795,0.0048080505803227425,0.9970826506614685,True,15
13221,0.9666590094566345,0.07282280176877975,0.9554802179336548,True,16
13225,0.988287627696991,0.02770034223794937,0.9842112064361572,True,16
13234,0.9670384526252747,0.06683488190174103,0.9503448009490967,True,15
13248,0.8289322853088379,0.2734801769256592,0.7884517908096313,True,15
13258,0.981916606426239,0.04080049693584442,0.976689338684082,True,16
13272,0.8442784547805786,0.19054952263832092,0.7240161895751953,True,16
13274,0.9701331257820129,0.059247322380542755,0.9589372873306274,True,16
13276,0.9959936141967773,0.011124302633106709,0.9948445558547974,True,15
13278,0.49876654148101807,0.4561266601085663,0.27801674604415894,True,15
13279,0.7941140532493591,0.2483372837305069,0.6484189629554749,True,16
13288,0.9233217239379883,0.11902544647455215,0.8784399628639221,False,16
13289,0.9801478385925293,0.03489532321691513,0.9618116617202759,False,16
13295,0.7701708078384399,0.31822794675827026,0.698459267616272,False,15
13303,0.9988566637039185,0.0035668611526489258,0.9985106587409973,True,16
13305,0.9631038904190063,0.06558769196271896,0.9401807188987732,True,15
13307,0.9415486454963684,0.10923385620117188,0.9184891581535339,True,16
13325,0.9999260902404785,0.00028676120564341545,0.9998882412910461,True,15
13327,0.9855496287345886,0.03203274682164192,0.9790640473365784,True,15
13334,0.9942284822463989,0.016019416972994804,0.9927617311477661,True,16
13336,0.9962465167045593,0.010039038956165314,0.9949856996536255,True,15
13347,0.5147526264190674,0.41197115182876587,0.29077085852622986,True,16
13351,0.9965718984603882,0.009271438233554363,0.994890034198761,True,15
13358,0.47053074836730957,0.5119153261184692,0.22367429733276367,False,15
13361,0.6010570526123047,0.5140624046325684,0.49082547426223755,True,15
13363,0.6242344975471497,0.41839754581451416,0.4781671464443207,True,15
13373,0.9882297515869141,0.026098482310771942,0.9812145829200745,True,16
13398,0.9065262079238892,0.1421400010585785,0.8444972634315491,True,16
13409,0.8609882593154907,0.22199596464633942,0.8281017541885376,True,16
13410,0.43937918543815613,0.6042799353599548,0.20058397948741913,True,15
13412,0.8427544832229614,0.22188936173915863,0.7525677680969238,True,15
13414,0.9239434003829956,0.13249488174915314,0.8972682952880859,True,16
13421,0.8560764789581299,0.21976201236248016,0.8099535703659058,True,16
13424,0.8329129815101624,0.2595332860946655,0.7826201915740967,True,16
13429,0.9237830638885498,0.1369546502828598,0.9006979465484619,True,15
13456,0.3213112950325012,0.544409990310669,0.001471877098083496,False,16
13468,0.9960530996322632,0.010899879969656467,0.9949339032173157,False,16
13478,0.9991177916526794,0.0028371699154376984,0.9987612962722778,True,15
13481,0.9626169800758362,0.06942369788885117,0.9483357667922974,True,15
13489,0.9998373985290527,0.000591409276239574,0.9997538328170776,True,16
13509,0.9369601607322693,0.11660953611135483,0.9173613786697388,True,15
13513,0.9953601956367493,0.010958736762404442,0.9915652275085449,True,15
13528,0.9985439777374268,0.00440887501463294,0.9980615377426147,True,15
13529,0.9999020099639893,0.0003719468368217349,0.9998441934585571,True,15
13534,0.9835876822471619,0.038192328065633774,0.9787562489509583,True,15
13537,0.726367712020874,0.27065858244895935,0.5081217288970947,False,16
13548,0.9628762602806091,0.07618754357099533,0.9514583945274353,True,15
13553,0.9883070588111877,0.027948252856731415,0.9842613339424133,True,15
13581,0.8946121335029602,0.17707352340221405,0.8659439086914062,True,16
13584,0.9990288019180298,0.003050974803045392,0.9985525608062744,True,16
13588,0.9957550764083862,0.010675265453755856,0.9937648773193359,True,15
13595,0.9995403289794922,0.001512289047241211,0.999282717704773,True,15
13598,0.9990577101707458,0.002924519358202815,0.9986941814422607,True,15
13600,0.904373824596405,0.1606505811214447,0.8638978004455566,True,15
13606,0.689427375793457,0.44911035895347595,0.6254432201385498,False,16
13608,0.9998546838760376,0.0005400515510700643,0.9997698068618774,True,16
13614,0.9540358185768127,0.09045092761516571,0.9404818415641785,True,15
13633,0.9943642616271973,0.013624469749629498,0.9917348027229309,True,15
13636,0.9864829182624817,0.03153964877128601,0.9826819896697998,True,15
13639,0.9946973323822021,0.01354209054261446,0.992908775806427,True,15
13649,0.9859209656715393,0.032173268496990204,0.9798708558082581,True,15
13652,0.9994602799415588,0.0017226943746209145,0.9991163611412048,True,15
13654,0.9957802295684814,0.010772664099931717,0.9935925006866455,True,15
13662,0.9999650716781616,0.00014109202311374247,0.9999405145645142,True,15
13663,0.9710618257522583,0.056709107011556625,0.957635223865509,True,15
13665,0.8607257008552551,0.16536536812782288,0.7475743889808655,True,15
13675,0.9997779726982117,0.000817109365016222,0.9997032284736633,True,16
13676,0.8704710006713867,0.19099687039852142,0.7912991642951965,True,15
13682,0.9764646887779236,0.04982919991016388,0.9664456248283386,True,15
13683,0.3761189579963684,0.5659273266792297,0.09532639384269714,False,15
13692,0.9950950145721436,0.01314892340451479,0.9935668110847473,True,16
13696,0.9999608993530273,0.00015894841635599732,0.9999333024024963,True,16
13699,0.9899958372116089,0.023800740018486977,0.9863873720169067,True,16
13731,0.8749110102653503,0.19558359682559967,0.8181923627853394,True,15
13737,0.8216449618339539,0.21634386479854584,0.7116431593894958,True,15
13747,0.9981196522712708,0.0055372160859405994,0.9975358843803406,True,15
13757,0.3056637942790985,0.818431556224823,0.19576296210289001,False,15
13764,0.9851573705673218,0.03336044400930405,0.9789198637008667,True,15
13767,0.9723837971687317,0.05206676945090294,0.9544693231582642,True,16
13770,0.9711925983428955,0.06281907856464386,0.9631664156913757,True,16
13775,0.7534590363502502,0.3476842939853668,0.6588091850280762,True,16
13779,0.5856626629829407,0.26936307549476624,0.19351816177368164,True,16
13788,0.9974019527435303,0.006896607112139463,0.9954963326454163,True,16
13795,0.6244382262229919,0.42097654938697815,0.4326639771461487,True,15
13808,0.9872504472732544,0.02808508090674877,0.9798173308372498,True,16
13842,0.7736190557479858,0.30550920963287354,0.6915953159332275,True,15
13849,0.6702442169189453,0.341873437166214,0.5296711921691895,True,16
13854,0.3911186456680298,0.5598650574684143,0.07745260000228882,True,16
13861,0.4461310803890228,0.39107826352119446,0.04218056797981262,True,16
13863,0.2914445102214813,0.5212392807006836,0.007991164922714233,False,15
13865,0.987133264541626,0.028043312951922417,0.9790177345275879,True,15
13874,0.46231910586357117,0.567496120929718,0.23142580687999725,False,16
13876,0.6950957775115967,0.33551305532455444,0.5269360542297363,False,15
13884,0.9963812828063965,0.010214267298579216,0.9951521158218384,True,16
13893,0.9917101263999939,0.020925471559166908,0.9886367321014404,True,16
13898,0.9989393353462219,0.0031137249898165464,0.9981362223625183,True,16
13909,0.5301411151885986,0.5353696942329407,0.37577521800994873,True,16
13911,0.6703624725341797,0.29633504152297974,0.4079704284667969,True,15
13912,0.9976463913917542,0.006778552662581205,0.9966225624084473,True,15
13913,0.9988177418708801,0.003663454670459032,0.9983927011489868,True,16
13914,0.9578256011009216,0.08016088604927063,0.9395917654037476,True,16
13919,0.884452760219574,0.1831989288330078,0.8361470699310303,True,15
13928,0.8312007188796997,0.20465849339962006,0.7024965286254883,True,15
13932,0.9354391694068909,0.08496413379907608,0.8741168975830078,True,15
13937,0.8713836073875427,0.195968896150589,0.8061538338661194,True,16
13941,0.8859426379203796,0.18216928839683533,0.8351842164993286,True,16
13950,0.9999916553497314,4.026435635751113e-05,0.9999886155128479,True,16
13956,0.9740331172943115,0.04678565636277199,0.9538528323173523,True,15
13958,0.9472710490226746,0.076716348528862,0.8995442390441895,False,16
13962,0.9913641214370728,0.021484067663550377,0.988789975643158,True,16
13975,0.9878009557723999,0.027552589774131775,0.9824831485748291,True,16
13988,0.9082033038139343,0.15226209163665771,0.8673322796821594,True,16
14002,0.9744576811790466,0.04485506936907768,0.9536446332931519,True,16
14008,0.23377734422683716,0.7158002853393555,0.012386426329612732,True,16
14012,0.9079193472862244,0.1541241854429245,0.8636000752449036,True,16
14013,0.9622581005096436,0.06804335117340088,0.9397791028022766,True,16
14019,0.9666792750358582,0.07067195326089859,0.9584528207778931,True,16
14024,0.5571317076683044,0.45465317368507385,0.3805621862411499,True,16
14025,0.9070155620574951,0.14910340309143066,0.8642861247062683,True,16
14030,0.9312160015106201,0.1254863440990448,0.9107497930526733,True,16
14033,0.8390695452690125,0.218169704079628,0.7690215110778809,False,16
14035,0.7598034143447876,0.3265931010246277,0.6727228164672852,True,15
14036,0.9433597922325134,0.1010051965713501,0.9232303500175476,True,15
14045,0.8531715869903564,0.214981809258461,0.798311173915863,True,16
14056,0.9974059462547302,0.007176986429840326,0.9960355162620544,True,15
14059,0.903721809387207,0.14098401367664337,0.8501260280609131,True,15
14060,0.690163791179657,0.4127171039581299,0.598315954208374,True,15
14078,0.9690086245536804,0.06465154141187668,0.9556623101234436,True,16
14083,0.9957279562950134,0.011180860921740532,0.9938008785247803,True,16
14092,0.7320082187652588,0.2560041844844818,0.5091031789779663,True,16
14094,0.8951326608657837,0.16063527762889862,0.8432703614234924,True,16
14101,0.9446247816085815,0.09824155271053314,0.9116587042808533,True,15
14105,0.611940324306488,0.4543752670288086,0.4855625629425049,True,15
14109,0.7039433717727661,0.32717442512512207,0.5141012072563171,True,15
14112,0.9948815107345581,0.012815051712095737,0.9920952916145325,True,15
14113,0.9996065497398376,0.0013013232965022326,0.9993754625320435,True,15
14114,0.974090576171875,0.04451661556959152,0.9513662457466125,True,15
14116,0.9439255595207214,0.1044863909482956,0.9275848269462585,True,15
14120,0.9982917904853821,0.004735995549708605,0.9972212910652161,True,15
14129,0.9987006187438965,0.003914200235158205,0.9981591105461121,True,16
14135,0.9997212290763855,0.0009457258274778724,0.9995835423469543,True,15
14137,0.6239117383956909,0.43337929248809814,0.48665180802345276,True,15
14141,0.6064841151237488,0.4048350155353546,0.39770424365997314,True,16
14146,0.5954309105873108,0.3833633363246918,0.3997986316680908,True,15
14152,0.9749114513397217,0.048304058611392975,0.9587063193321228,True,15
14158,0.9883527159690857,0.02839428186416626,0.9845582246780396,True,16
14164,0.798402726650238,0.22719304263591766,0.6540001034736633,True,15
14166,0.7601937055587769,0.27605146169662476,0.5905871391296387,True,15
14171,0.9995400905609131,0.001442968612536788,0.9991791248321533,True,15
14174,0.9997442364692688,0.0008656540303491056,0.9995644688606262,True,15
14175,0.9005215764045715,0.1527664065361023,0.8448790907859802,True,16
14177,0.22340244054794312,0.7969611883163452,0.04885321855545044,False,15
14181,0.9407209157943726,0.0905577540397644,0.8941153287887573,True,16
14193,0.9987055063247681,0.003806798718869686,0.9981221556663513,True,15
14204,0.9964873790740967,0.009481646120548248,0.9953973889350891,True,15
14206,0.4177248179912567,0.3946540951728821,0.06972569227218628,False,16
14209,0.5556700825691223,0.5557249188423157,0.4420661926269531,True,15
14222,0.826219379901886,0.2562640607357025,0.7612523436546326,True,15
14227,0.5712333917617798,0.2657470703125,0.16169291734695435,True,16
14230,0.9601581692695618,0.07022715359926224,0.9375804662704468,False,16
14236,0.9316791296005249,0.100010447204113,0.8757588267326355,False,16
14240,0.9740471243858337,0.055973101407289505,0.9617875814437866,True,16
14250,0.998791515827179,0.003680387744680047,0.9981371164321899,True,16
14269,0.9991769194602966,0.002529312390834093,0.9986240267753601,True,15
14270,0.9456456899642944,0.09561372548341751,0.9199014902114868,True,15
14292,0.7379809617996216,0.3145029842853546,0.6301637291908264,True,16
14302,0.578886091709137,0.32377076148986816,0.23037239909172058,True,15
14304,0.3543267548084259,0.5870949625968933,0.06489932537078857,False,15
14313,0.9327356815338135,0.08962007611989975,0.8704099655151367,True,15
14316,0.8989807963371277,0.16654720902442932,0.8638893365859985,False,16
14323,0.8467647433280945,0.19406504929065704,0.7363237738609314,True,16
14324,0.9900769591331482,0.02342933975160122,0.9856846928596497,True,16
14330,0.6366907358169556,0.2534434199333191,0.2919858694076538,True,16
14340,0.9917627573013306,0.018857154995203018,0.9863559603691101,True,15
14362,0.6276581287384033,0.3225054144859314,0.31878527998924255,True,16
14375,0.9968171715736389,0.007559752091765404,0.9939078092575073,True,15
14379,0.9650025367736816,0.06478922069072723,0.9475330710411072,True,15
14384,0.918708086013794,0.115993432700634,0.8615825772285461,True,16
14389,0.6112308502197266,0.41375741362571716,0.38971662521362305,True,16
14391,0.3534242510795593,0.657841682434082,0.12691353261470795,True,16
14399,0.5578093528747559,0.4132150411605835,0.31753963232040405,True,16
14400,0.8866841793060303,0.13367751240730286,0.7837094664573669,True,16
14406,0.939566969871521,0.11024150997400284,0.9137128591537476,True,16
14420,0.9465160369873047,0.09768985956907272,0.925469160079956,True,15
14435,0.6476004123687744,0.2563210129737854,0.32221513986587524,True,15
14444,0.8028889894485474,0.24754945933818817,0.6645877957344055,True,15
14446,0.9987241625785828,0.003772892290726304,0.9978346824645996,True,16
14456,0.9983370304107666,0.004590699449181557,0.9971259236335754,True,15
14469,0.9113060832023621,0.15171338617801666,0.8799377679824829,False,16
14474,0.9998310804367065,0.0006244727410376072,0.9997454881668091,True,15
14475,0.7629850506782532,0.2251558154821396,0.5531240701675415,False,16
14477,0.8015421032905579,0.3119247257709503,0.7624605298042297,False,16
14486,0.9808257222175598,0.04103608429431915,0.9711596965789795,True,15
14491,0.986466109752655,0.03072468750178814,0.9806067943572998,True,16
14494,0.9997566342353821,0.0007960117072798312,0.9995373487472534,True,16
14498,0.9616883993148804,0.07385744899511337,0.9479824900627136,True,15
14502,0.8926311135292053,0.18871687352657318,0.851873517036438,False,16
14509,0.9897421598434448,0.02426091581583023,0.984260618686676,True,16
14514,0.9768164753913879,0.047966111451387405,0.9633613228797913,True,16
14517,0.6721168756484985,0.3328999876976013,0.4885324537754059,True,16
14529,0.9944227337837219,0.013859103433787823,0.991023063659668,True,16
14540,0.9861343502998352,0.0300462506711483,0.9774758219718933,True,16
14541,0.8781334757804871,0.1691182255744934,0.7921220064163208,True,16
14545,0.7504529356956482,0.3162870705127716,0.6644973754882812,True,16
14550,0.9183233976364136,0.124240443110466,0.8596476316452026,True,16
14553,0.9888090491294861,0.02471703290939331,0.9815465211868286,True,16
14556,0.8250454068183899,0.18001854419708252,0.6642237305641174,True,16
14557,0.9816961288452148,0.041082192212343216,0.9753516912460327,True,16
14559,0.2970368266105652,0.5867890119552612,0.06087033450603485,True,16
14563,0.9431008100509644,0.09655381739139557,0.9062522649765015,False,16
14564,0.9573758840560913,0.07702165096998215,0.9304118752479553,False,16
14567,0.7961341738700867,0.2717391550540924,0.6763027310371399,True,16
14585,0.6042603254318237,0.40939411520957947,0.45786452293395996,True,15
14587,0.967452883720398,0.06463444232940674,0.9541100263595581,True,15
14588,0.3452237844467163,0.5286254286766052,0.04108595848083496,True,16
14592,0.8566078543663025,0.2294190675020218,0.8242082595825195,True,16
14594,0.2659927010536194,0.6975905895233154,0.08699342608451843,False,15
14597,0.3686188757419586,0.5666587352752686,0.09762802720069885,True,15
14603,0.4352588951587677,0.5897361040115356,0.20063453912734985,True,15
14622,0.9902405738830566,0.023644033819437027,0.9868982434272766,True,16
14634,0.778224527835846,0.257580041885376,0.6343179941177368,True,15
14647,0.8010772466659546,0.261880487203598,0.7064700722694397,True,16
14648,0.9495474696159363,0.08519583940505981,0.9203689098358154,True,15
14649,0.9961560368537903,0.009727160446345806,0.9934490919113159,True,16
14656,0.9878450036048889,0.030087918043136597,0.9842464327812195,True,16
14661,0.6825611591339111,0.431991308927536,0.5880104899406433,True,16
14663,0.9992477893829346,0.00236426736228168,0.9989519119262695,True,15
14678,0.9345274567604065,0.0998343825340271,0.8851873278617859,True,16
14694,0.789420485496521,0.23356537520885468,0.6364092230796814,True,15
14703,0.9506607055664062,0.08551686257123947,0.9247523546218872,True,15
14723,0.6903932690620422,0.4198928773403168,0.6093200445175171,True,16
14727,0.7953100204467773,0.30581262707710266,0.7398703098297119,True,16
14732,0.6403360366821289,0.3179343044757843,0.35608726739883423,True,16
14737,0.9827364683151245,0.03631701320409775,0.971616804599762,True,16
14750,0.6993461847305298,0.3864111602306366,0.5979284048080444,False,15
14752,0.9853019714355469,0.03579876199364662,0.9803845286369324,True,16
14753,0.3988003134727478,0.5883554816246033,0.12265974283218384,False,16
14764,0.9952738881111145,0.010067845694720745,0.990567147731781,True,16
14779,0.9826420545578003,0.03449227288365364,0.9692866206169128,True,16
14785,0.897596538066864,0.14052224159240723,0.8182300329208374,True,16
14787,0.9444739818572998,0.09050546586513519,0.9086629152297974,True,16
14793,0.863569974899292,0.19140589237213135,0.7710247039794922,True,16
14794,0.8986772298812866,0.16464188694953918,0.8498401045799255,True,15
14797,0.5430744886398315,0.4551253020763397,0.2875853180885315,True,15
14803,0.4351454973220825,0.46176716685295105,0.23330770432949066,False,16
14805,0.9906057715415955,0.02171441726386547,0.986647367477417,True,16
14810,0.9163105487823486,0.13083572685718536,0.8859055042266846,True,15
14813,0.9659876823425293,0.05943654850125313,0.943844199180603,True,16
14821,0.9576308727264404,0.07939432561397552,0.9410297870635986,True,16
14823,0.8649893403053284,0.1935131847858429,0.7973214387893677,True,16
14849,0.9996504783630371,0.0011317379539832473,0.9994093179702759,True,16
14855,0.9495130777359009,0.09422490745782852,0.9327853918075562,True,15
14856,0.5188674330711365,0.47085312008857727,0.22326472401618958,False,15
14866,0.9183328747749329,0.1506568193435669,0.8996248841285706,False,16
14872,0.610630989074707,0.3641597330570221,0.3741292655467987,False,15
14875,0.765159010887146,0.32975125312805176,0.678293764591217,True,15
14895,0.9499136805534363,0.09959135204553604,0.9319707155227661,True,16
14900,0.4392341375350952,0.4956817328929901,0.20201726257801056,True,15
14901,0.5371160507202148,0.3272418677806854,0.1334991753101349,False,16
14905,0.8390806317329407,0.24587075412273407,0.781682550907135,True,16
14909,0.9994704127311707,0.0016892405692487955,0.9992325901985168,True,15
14916,0.8202638626098633,0.24099744856357574,0.7371782064437866,False,16
14920,0.9532303214073181,0.0958162173628807,0.9411959648132324,True,16
14921,0.6908789277076721,0.3683086931705475,0.5249775648117065,True,15
14926,0.9826410412788391,0.040270935744047165,0.9767947196960449,True,16
14931,0.9113170504570007,0.13217882812023163,0.8503134250640869,True,15
14933,0.7486697435379028,0.3076348304748535,0.5983162522315979,True,16
14940,0.9995874762535095,0.0014258709270507097,0.9994295239448547,True,16
14942,0.7993248105049133,0.26389169692993164,0.7052865624427795,True,16
14946,0.9869454503059387,0.0301220566034317,0.9815422296524048,True,16
14949,0.9995964169502258,0.001464706496335566,0.9994649887084961,True,16
14959,0.9915568828582764,0.019746115431189537,0.9872602820396423,True,16
14966,0.912564218044281,0.12241598218679428,0.8448503613471985,False,16
14975,0.6043972373008728,0.2957799732685089,0.2543274760246277,False,16
14982,0.5059115886688232,0.32973870635032654,0.07152631878852844,True,16
14988,0.9592946767807007,0.07536321133375168,0.9408009052276611,True,15
14992,0.9803126454353333,0.042520925402641296,0.9721766114234924,True,16
14994,0.7740710377693176,0.24505123496055603,0.6076071262359619,True,16
15001,0.1844828575849533,0.7116347551345825,0.01586732268333435,True,15
15007,0.8899080753326416,0.18987683951854706,0.8643960952758789,True,15
15008,0.6970100402832031,0.3223825693130493,0.5030194520950317,True,16
15013,0.9946134686470032,0.011595774441957474,0.9894494414329529,True,16
15023,0.9606471061706543,0.07207997143268585,0.9339074492454529,True,16
15031,0.6174985766410828,0.36022716760635376,0.3921999931335449,False,17
15035,0.9783971905708313,0.04807485640048981,0.9725057482719421,True,17
15044,0.5427383184432983,0.3286285698413849,0.16105589270591736,True,17
15046,0.9748302102088928,0.04677113518118858,0.9568339586257935,True,17
15057,0.998278021812439,0.0049675228074193,0.9972254633903503,True,17
15060,0.6473015546798706,0.2742590010166168,0.32996341586112976,True,19
15064,0.5940982103347778,0.4907922148704529,0.4827612638473511,True,17
15073,0.6277391910552979,0.3882317841053009,0.4037347435951233,True,17
15078,0.5095657110214233,0.5501124858856201,0.34769582748413086,False,17
15079,0.5975649356842041,0.4000796675682068,0.38574737310409546,True,19
15090,0.985988199710846,0.03437330201268196,0.9815826416015625,True,17
15099,0.34710532426834106,0.6027837991714478,0.07715708017349243,False,19
15100,0.9998757839202881,0.0004688207700382918,0.99981689453125,True,17
15102,0.9981046915054321,0.005315967369824648,0.9968591928482056,True,17
15104,0.44691580533981323,0.42057570815086365,0.07009315490722656,False,19
15107,0.9397409558296204,0.09198267012834549,0.8904197216033936,True,17
15115,0.42210400104522705,0.4586934745311737,0.12663012742996216,False,19
15120,0.9575435519218445,0.07390815019607544,0.9286271333694458,True,17
15122,0.48897644877433777,0.4758143126964569,0.21539363265037537,False,18
15123,0.9186798334121704,0.12370011955499649,0.8668266534805298,True,19
15142,0.3470412492752075,0.7144227027893066,0.16838426887989044,False,19
15145,0.8001379370689392,0.26559731364250183,0.7091253995895386,True,19
15150,0.8190129995346069,0.2803749144077301,0.7460011839866638,True,17
15155,0.636886477470398,0.3610239326953888,0.3931543529033661,True,17
15156,0.31721028685569763,0.5416996479034424,0.022046178579330444,False,18
15163,0.6671414971351624,0.3305495083332062,0.41507747769355774,True,17
15169,0.21805055439472198,0.790442943572998,0.045700520277023315,False,19
15182,0.4232455790042877,0.5697329044342041,0.1925024688243866,True,19
15183,0.8215746283531189,0.22201849520206451,0.6994360089302063,False,17
15192,0.9176491498947144,0.11913180351257324,0.8550377488136292,True,17
15195,0.3987061083316803,0.4986506998538971,0.09572014212608337,False,18
15201,0.9528492093086243,0.09266354143619537,0.9403221607208252,True,18
15215,0.477546364068985,0.5597761273384094,0.27280235290527344,False,17
15236,0.900274932384491,0.16701281070709229,0.8656108975410461,True,17
15248,0.9097709059715271,0.1440007984638214,0.8728213906288147,True,17
15254,0.9881818890571594,0.023546535521745682,0.9775525331497192,True,17
15270,0.8246247172355652,0.25446075201034546,0.7561604976654053,True,19
15288,0.6964505910873413,0.39703598618507385,0.5537645220756531,True,17
15290,0.640390157699585,0.4787245988845825,0.5650999546051025,True,17
15302,0.6646410226821899,0.3557431399822235,0.4725469648838043,False,17
15319,0.4125318229198456,0.5456077456474304,0.14124467968940735,True,19
15320,0.3747652769088745,0.5822853446006775,0.10400137305259705,True,17
15324,0.8665865659713745,0.21204707026481628,0.8364031314849854,True,18
15326,0.8720860481262207,0.2015797346830368,0.8357269763946533,True,17
15331,0.9161777496337891,0.14584623277187347,0.8865170478820801,True,17
15334,0.9594273567199707,0.07594738900661469,0.9434812664985657,True,19
15335,0.47766828536987305,0.4085812568664551,0.1277429759502411,False,17
15336,0.5041163563728333,0.4142596125602722,0.25803759694099426,True,18
15340,0.21290145814418793,0.6875854134559631,0.03139336407184601,False,17
15341,0.7994526028633118,0.18481047451496124,0.6084582805633545,False,19
15342,0.6169127821922302,0.4487680494785309,0.4764820635318756,True,18
15348,0.9965684413909912,0.009150565601885319,0.9949159622192383,True,19
15364,0.6828572750091553,0.3749564290046692,0.5266062021255493,False,19
15366,0.27573442459106445,0.744931161403656,0.049984708428382874,False,19
15369,0.9973638653755188,0.007131532765924931,0.9955670833587646,True,17
15372,0.5170267224311829,0.2932714819908142,0.07270744442939758,False,17
15381,0.9934013485908508,0.017163407057523727,0.9908046722412109,True,17
15386,0.8479159474372864,0.22019249200820923,0.7701516151428223,True,17
15390,0.9976822137832642,0.006351709831506014,0.9960490465164185,True,17
15416,0.5104243159294128,0.3844572901725769,0.1387326419353485,False,18
15417,0.3988957405090332,0.48949548602104187,0.10990095138549805,False,17
15418,0.9694638848304749,0.06348731368780136,0.9573360681533813,True,17
15422,0.9952091574668884,0.01114632934331894,0.9911178350448608,True,17
15426,0.9906805157661438,0.021601315587759018,0.9845667481422424,True,17
15439,0.875181257724762,0.19151997566223145,0.8264675736427307,True,18
15464,0.6389809846878052,0.35298874974250793,0.39335232973098755,False,17
15470,0.36298176646232605,0.5677067637443542,0.14388339221477509,False,17
15472,0.44512873888015747,0.3614872395992279,0.007570475339889526,True,17
15476,0.99744713306427,0.007821528241038322,0.9969560503959656,True,17
15477,0.3161255717277527,0.4965774416923523,0.052500367164611816,False,19
15478,0.9584423899650574,0.07624852657318115,0.9352312684059143,True,19
15494,0.945912778377533,0.08281136304140091,0.9025343060493469,True,17
15513,0.7328421473503113,0.2736075818538666,0.5482997894287109,True,17
15528,0.9933144450187683,0.014993641525506973,0.9883488416671753,True,19
15530,0.7817938923835754,0.2941572368144989,0.7038817405700684,True,19
15537,0.8249543905258179,0.24608466029167175,0.7298653721809387,True,19
15544,0.8774470686912537,0.1818840503692627,0.8265833854675293,True,17
15545,0.9895206689834595,0.02461468242108822,0.9858587980270386,True,17
15547,0.6183891892433167,0.36686626076698303,0.4482351541519165,True,18
15549,0.3792523443698883,0.5912833213806152,0.0577603280544281,True,17
15550,0.6549220085144043,0.38129210472106934,0.5329614877700806,False,17
15559,0.8030658960342407,0.22399307787418365,0.6551640033721924,True,17
15564,0.36815232038497925,0.6154825687408447,0.18205928802490234,True,18
15571,0.9059898257255554,0.14358645677566528,0.856691300868988,True,19
15574,0.7460535168647766,0.315199613571167,0.6223655343055725,True,17
15582,0.8762402534484863,0.15990956127643585,0.7774919867515564,True,17
15591,0.8836163878440857,0.16478043794631958,0.8017089366912842,True,17
15606,0.7871708869934082,0.32066184282302856,0.724769651889801,True,17
15608,0.4736618995666504,0.4781109094619751,0.17724308371543884,False,19
15610,0.2887413501739502,0.7317826151847839,0.12208631634712219,True,17
15611,0.6455888152122498,0.3971266746520996,0.4976423680782318,True,17
15617,0.4263690412044525,0.42605501413345337,0.029142647981643677,True,17
15621,0.8261934518814087,0.21388578414916992,0.7058573961257935,True,17
15629,0.8688827753067017,0.20197834074497223,0.8256465196609497,False,17
15635,0.5059220790863037,0.46799996495246887,0.23483017086982727,False,17
15639,0.36564943194389343,0.5489751100540161,0.04228273034095764,False,19
15643,0.9742076396942139,0.05455205217003822,0.9639130234718323,True,19
15669,0.8127235174179077,0.19227629899978638,0.64854896068573,True,17
15675,0.4990029036998749,0.5134401321411133,0.29492413997650146,True,17
15676,0.9987271428108215,0.003847874468192458,0.9979887008666992,True,18
15684,0.9623573422431946,0.07575887441635132,0.9471316933631897,True,17
15686,0.7182450294494629,0.3710586130619049,0.6039005517959595,True,19
15696,0.9978548884391785,0.006118340417742729,0.9965246319770813,True,18
15710,0.572658896446228,0.2588619291782379,0.16612452268600464,True,17
15712,0.5367472171783447,0.4083782732486725,0.22797754406929016,True,17
15730,0.7129814028739929,0.3221973180770874,0.582909345626831,False,17
15743,0.6723166704177856,0.40624934434890747,0.5496426224708557,False,17
15744,0.9377641677856445,0.11237329244613647,0.9042294025421143,False,19
15746,0.9991160035133362,0.0025052716955542564,0.9983339905738831,True,17
15747,0.7398594617843628,0.312150239944458,0.5889087915420532,False,17
15752,0.597207248210907,0.32858431339263916,0.26986104249954224,False,19
15765,0.32713615894317627,0.6301605701446533,0.09494374692440033,False,18
15773,0.9507766366004944,0.08813734352588654,0.9296386241912842,True,17
15783,0.7441514730453491,0.31473639607429504,0.6222171187400818,False,19
15791,0.3857594132423401,0.6355257630348206,0.22256024181842804,False,17
15795,0.9547138810157776,0.0746520385146141,0.9200665354728699,True,17
15796,0.22356343269348145,0.798143744468689,0.1150888055562973,True,18
15801,0.9748983979225159,0.04994456470012665,0.96298748254776,True,17
15803,0.8739243149757385,0.17360292375087738,0.7871409058570862,False,19
15809,0.8022322654724121,0.306811660528183,0.7621781826019287,True,17
15817,0.9894145727157593,0.022065825760364532,0.9825367331504822,True,17
15823,0.4999634027481079,0.35667553544044495,0.09821140766143799,True,18
15826,0.9688502550125122,0.053645651787519455,0.9429512619972229,True,17
15827,0.8525003790855408,0.18774525821208954,0.7471585869789124,True,17
15834,0.9938607215881348,0.016284959390759468,0.9913338422775269,True,17
15837,0.6712995171546936,0.3992920219898224,0.5650829076766968,False,19
15843,0.8947072625160217,0.16968980431556702,0.8495560884475708,True,17
15847,0.45145267248153687,0.5323188900947571,0.22830219566822052,False,17
15858,0.43350949883461,0.46086403727531433,0.06189405918121338,True,17
15878,0.3367847204208374,0.5519543290138245,0.0013749003410339355,True,17
15880,0.3520100712776184,0.7050183415412903,0.166297048330307,True,19
15901,0.4290640950202942,0.49673184752464294,0.22280897200107574,False,18
15955,0.999440610408783,0.0018051350489258766,0.9991893172264099,True,17
15961,0.6486058831214905,0.4321195185184479,0.5399765968322754,True,19
15962,0.9356721043586731,0.09759819507598877,0.8836804628372192,True,17
15964,0.6840406060218811,0.32669538259506226,0.5059504508972168,True,17
15970,0.9484300017356873,0.10486464202404022,0.9318757057189941,True,17
15972,0.9953885078430176,0.012320799753069878,0.9932605624198914,True,17
15976,0.8858895897865295,0.14449118077754974,0.7883756756782532,True,17
15992,0.8852875828742981,0.17409569025039673,0.8170757293701172,True,17
15993,0.9999291896820068,0.0002805870899464935,0.9998989701271057,True,17
15998,0.9926812052726746,0.01952316053211689,0.9912512898445129,True,17
16010,0.9950366616249084,0.012778650969266891,0.992748498916626,False,19
16013,0.7652257084846497,0.3049735724925995,0.6550485491752625,True,17
16014,0.9914419054985046,0.019401216879487038,0.9849927425384521,True,17
16022,0.6832116842269897,0.4036862850189209,0.5568416118621826,False,19
16023,0.9915663599967957,0.021136276423931122,0.9890795350074768,True,17
16026,0.9585241079330444,0.07815805077552795,0.9430415034294128,True,17
16045,0.45841071009635925,0.6337411999702454,0.28716498613357544,False,17
16046,0.9866712689399719,0.028677087277173996,0.9795323610305786,False,17
16057,0.6602742075920105,0.4017214775085449,0.5011080503463745,True,17
16060,0.4500620663166046,0.4867841303348541,0.19532093405723572,False,17
16062,0.5235394835472107,0.4458673894405365,0.21855205297470093,True,19
16078,0.7099763751029968,0.37611424922943115,0.5790515542030334,True,17
16082,0.983781099319458,0.035349659621715546,0.9755948781967163,True,19
16092,0.9995788931846619,0.0014712124830111861,0.999375581741333,True,17
16101,0.819259524345398,0.24241814017295837,0.7150404453277588,True,17
16102,0.9528660774230957,0.09005455672740936,0.9325001835823059,True,17
16110,0.9504066109657288,0.09861980378627777,0.9337472319602966,True,17
16115,0.9474091529846191,0.09834045171737671,0.9226269125938416,True,17
16121,0.9250972270965576,0.12612730264663696,0.8975449204444885,True,18
16122,0.4939446747303009,0.494046688079834,0.2921026349067688,False,19
16129,0.9897403717041016,0.024231381714344025,0.9855512976646423,True,18
16140,0.3544588088989258,0.6485231518745422,0.2104719877243042,False,18
16144,0.9766184091567993,0.0476396381855011,0.9655434489250183,True,19
16153,0.908681333065033,0.15446211397647858,0.8639143705368042,True,17
16158,0.9337432980537415,0.11577372252941132,0.9033093452453613,True,17
16192,0.7741875052452087,0.24158354103565216,0.6060887575149536,True,17
16193,0.9985964894294739,0.0042579201981425285,0.9979264140129089,True,17
16196,0.46147623658180237,0.5538685321807861,0.25851795077323914,False,17
16197,0.9900396466255188,0.0256393663585186,0.9868048429489136,True,17
16208,0.34726929664611816,0.515651524066925,0.02093636989593506,True,18
16210,0.579542338848114,0.2784944474697113,0.18933343887329102,True,17
16213,0.7405858635902405,0.365953654050827,0.6649074554443359,True,17
16217,0.4449607729911804,0.5649017691612244,0.24002158641815186,False,19
16240,0.5643885731697083,0.46432802081108093,0.4213189482688904,True,18
16241,0.712446391582489,0.29185396432876587,0.5091474056243896,True,17
16250,0.9807313084602356,0.0403287336230278,0.9700812697410583,True,19
16251,0.5420833230018616,0.5070071816444397,0.40396997332572937,True,17
16253,0.7092667818069458,0.32041695713996887,0.5763289332389832,True,17
16261,0.9853109121322632,0.033008117228746414,0.9785977005958557,True,19
16262,0.6836641430854797,0.4015367031097412,0.5862488746643066,True,19
16310,0.9827861785888672,0.03829722851514816,0.9739673137664795,True,17
16317,0.7431074380874634,0.2622920572757721,0.5414290428161621,False,17
16320,0.36199021339416504,0.6048910617828369,0.13282747566699982,False,17
16324,0.46440625190734863,0.41262540221214294,0.1199491024017334,False,17
16326,0.4957350790500641,0.3780757188796997,0.10355615615844727,True,18
16333,0.9999934434890747,2.9709000955335796e-05,0.9999889135360718,True,17
16338,0.9272116422653198,0.1254165768623352,0.892190158367157,True,18
16344,0.20524922013282776,0.7492861151695251,0.003086969256401062,False,17
16353,0.9991084933280945,0.0027036848478019238,0.9985918402671814,True,18
16358,0.973073422908783,0.05288572981953621,0.9588424563407898,True,19
16362,0.9985028505325317,0.004400495905429125,0.9976962208747864,True,17
16395,0.5783479809761047,0.2406492531299591,0.16271206736564636,True,17
16404,0.6896201968193054,0.2998742163181305,0.4746982157230377,True,17
16405,0.48315301537513733,0.3615221679210663,0.11626920104026794,False,17
16411,0.9918013215065002,0.01974622532725334,0.9878833889961243,True,17
16415,0.9418736100196838,0.0977180153131485,0.9054135680198669,True,17
16416,0.49312353134155273,0.46034467220306396,0.2557450532913208,False,18
16417,0.3541313111782074,0.5376192927360535,0.12987886369228363,False,19
16422,0.9934843182563782,0.016212403774261475,0.9902926683425903,True,17
16425,0.2498079240322113,0.6949584484100342,0.0618872344493866,False,19
16433,0.9993454813957214,0.001933915656991303,0.998792290687561,True,17
16448,0.9906717538833618,0.020601365715265274,0.9853479862213135,True,19
16457,0.9326530694961548,0.13068808615207672,0.9148573875427246,True,17
16474,0.9926306009292603,0.017784003168344498,0.987882137298584,False,17
16475,0.4558973014354706,0.5739670395851135,0.2500309944152832,False,17
16484,0.8418927788734436,0.1880568414926529,0.7111586332321167,True,17
16494,0.9734088778495789,0.05349660664796829,0.9629515409469604,True,19
16498,0.5180844068527222,0.299122154712677,0.07945689558982849,True,19
16506,0.7910745143890381,0.18094168603420258,0.5881239771842957,False,17
16516,0.6723228096961975,0.29291319847106934,0.42815229296684265,False,17
16519,0.5592057704925537,0.46368464827537537,0.3387773334980011,False,19
16524,0.6737942695617676,0.3694121539592743,0.5105466842651367,True,18
16525,0.6854182481765747,0.38348570466041565,0.5572794675827026,False,17
16526,0.9962007403373718,0.009564812295138836,0.9935837984085083,True,17
16528,0.8010852336883545,0.23981772363185883,0.6610655784606934,True,19
16531,0.7854000926017761,0.323930025100708,0.7292499542236328,True,17
16545,0.3410002589225769,0.522472083568573,0.03458300232887268,True,17
16549,0.50034499168396,0.5843620896339417,0.3576919436454773,False,19
16562,0.651792585849762,0.4412146508693695,0.5546056628227234,False,17
16563,0.913130521774292,0.13808642327785492,0.8778486847877502,False,17
16570,0.874874472618103,0.21108919382095337,0.8447741270065308,False,17
16578,0.9998606443405151,0.0005021559773012996,0.9997575879096985,True,17
16587,0.564129114151001,0.38663193583488464,0.2761532962322235,True,17
16588,0.9921156764030457,0.018538078293204308,0.9881160855293274,True,17
16595,0.9978781938552856,0.006158543284982443,0.9969131350517273,True,17
16597,0.9995539784431458,0.0015071292873471975,0.999319314956665,True,17
16607,0.5023969411849976,0.5411123633384705,0.29554182291030884,True,17
16611,0.44205793738365173,0.39971688389778137,0.020931869745254517,False,17
16614,0.8442189693450928,0.20968762040138245,0.7925978899002075,False,18
16616,0.7499144673347473,0.33315494656562805,0.6703134775161743,True,17
16617,0.7382407784461975,0.31926271319389343,0.6054296493530273,False,19
16627,0.6190904974937439,0.34475693106651306,0.3232622742652893,True,19
16630,0.9962711334228516,0.01013339776545763,0.9945650696754456,True,17
16631,0.5334718227386475,0.5536465644836426,0.4034256339073181,False,17
16644,0.5598880648612976,0.5579361915588379,0.46792173385620117,True,19
16647,0.9918074011802673,0.01811560057103634,0.9850590229034424,False,17
16652,0.9832152724266052,0.031610794365406036,0.9685255885124207,True,17
16661,0.9688847661018372,0.06085750088095665,0.9533941745758057,True,19
16675,0.7274154424667358,0.304151326417923,0.5426099300384521,True,18
16678,0.6953569054603577,0.2603728473186493,0.4302317500114441,True,17
16682,0.41590064764022827,0.4321378171443939,0.0799970030784607,True,18
16684,0.7427805066108704,0.2708110809326172,0.5852676630020142,False,17
16689,0.2698541581630707,0.7789192795753479,0.1463679075241089,True,17
16702,0.9874393343925476,0.028756732121109962,0.9804055094718933,True,17
16704,0.9670471549034119,0.0673409029841423,0.9564875364303589,True,18
16706,0.9961722493171692,0.009325657971203327,0.9930043816566467,True,17
16710,0.6690389513969421,0.33634859323501587,0.5360730290412903,True,17
16713,0.9652565121650696,0.07221189141273499,0.951005756855011,True,17
16715,0.45645493268966675,0.40637433528900146,0.06410160660743713,True,17
16717,0.9305710196495056,0.11221349984407425,0.885998547077179,True,19
16722,0.8174052238464355,0.21868117153644562,0.6838927865028381,False,17
16723,0.996822714805603,0.007770629599690437,0.9941367506980896,True,17
16735,0.3479452431201935,0.5498612523078918,0.02896195650100708,True,18
16744,0.7534642219543457,0.26794081926345825,0.5711674094200134,False,17
16760,0.9696322679519653,0.04880442097783089,0.9415609836578369,True,17
16761,0.6136931777000427,0.4166078269481659,0.41940075159072876,True,17
16767,0.9337228536605835,0.11404229700565338,0.9027261734008789,False,17
16769,0.528603196144104,0.5187860727310181,0.31162479519844055,True,19
16774,0.6958345174789429,0.3077617287635803,0.4762783646583557,True,17
16775,0.9943475127220154,0.014102998189628124,0.9915464520454407,True,17
16777,0.39900436997413635,0.6466904878616333,0.19770146906375885,False,17
16778,0.23350615799427032,0.7074272036552429,0.06524810194969177,False,17
16781,0.7718343138694763,0.3300226926803589,0.6981958150863647,True,19
16782,0.9987820982933044,0.0034343444276601076,0.9978610873222351,True,17
16787,0.8885107636451721,0.20858202874660492,0.8652287125587463,True,17
16803,0.9819884896278381,0.04065122455358505,0.9769192337989807,True,17
16810,0.5786093473434448,0.40265581011772156,0.33881354331970215,True,17
16817,0.9961297512054443,0.011159604415297508,0.995171844959259,True,17
16819,0.48906856775283813,0.3994347155094147,0.10055199265480042,False,17
16824,0.9933866858482361,0.016644619405269623,0.990569531917572,False,17
16846,0.9451570510864258,0.11016923189163208,0.9337536096572876,True,17
16854,0.8883519768714905,0.19107922911643982,0.8416666984558105,True,17
16858,0.448192298412323,0.5015092492103577,0.21072928607463837,False,19
16865,0.7970430850982666,0.2780192196369171,0.6960034370422363,True,18
16876,0.6315372586250305,0.420369029045105,0.45517852902412415,False,19
16878,0.6564763784408569,0.32789599895477295,0.39818042516708374,True,17
16883,0.8470721244812012,0.20940013229846954,0.7539631128311157,True,17
16905,0.34312620759010315,0.5316864848136902,0.027133405208587646,True,19
16915,0.398756742477417,0.474538654088974,0.01958024501800537,True,17
16925,0.7081752419471741,0.380288302898407,0.6062308549880981,False,19
16929,0.6140836477279663,0.4221211373806,0.4103832244873047,False,17
16932,0.6878064274787903,0.3374454379081726,0.5597918033599854,False,18
16938,0.7739216685295105,0.2544451057910919,0.6166114807128906,True,18
16944,0.4872249364852905,0.4259825646877289,0.16953378915786743,True,18
16952,0.7155908346176147,0.3386622667312622,0.5911154747009277,True,17
16953,0.6254148483276367,0.3616836965084076,0.36466696858406067,False,17
16959,0.7240911722183228,0.30218198895454407,0.5417525172233582,True,19
16963,0.8734443187713623,0.1692567765712738,0.8091555833816528,True,17
16966,0.6816293001174927,0.25636664032936096,0.38932904601097107,True,17
16985,0.985123336315155,0.034268949180841446,0.9804356694221497,True,17
16993,0.999403715133667,0.0020084341522306204,0.9992371201515198,True,17
16994,0.6667503714561462,0.28781425952911377,0.39770954847335815,True,18
17000,0.8111985921859741,0.31162458658218384,0.7675312757492065,True,17
17004,0.9056179523468018,0.16943782567977905,0.8830227851867676,True,17
17006,0.9163063764572144,0.14749090373516083,0.8903824090957642,True,17
17007,0.3876507878303528,0.5519158244132996,0.08282661437988281,True,19
17011,0.638416051864624,0.38977670669555664,0.4611947536468506,False,17
17024,0.5388282537460327,0.4081633687019348,0.22083860635757446,False,18
17025,0.45683300495147705,0.608744204044342,0.2968054413795471,True,19
17035,0.993107259273529,0.0154973603785038,0.987415075302124,True,17
17038,0.9058024287223816,0.14785601198673248,0.8606702089309692,True,17
17040,0.7548363208770752,0.24431677162647247,0.5540513396263123,True,17
17047,0.982920229434967,0.03596928343176842,0.9743545651435852,True,18
17048,0.833220899105072,0.24207651615142822,0.763794481754303,True,19
17054,0.3032981753349304,0.7001310586929321,0.033855140209198,True,19
17065,0.9409441947937012,0.10468567162752151,0.9169790744781494,True,17
17072,0.8467995524406433,0.22795847058296204,0.7838720083236694,False,17
