dataset,train_seed,analysis_seed,receiver_i,neighbor_j,neighbor_k,edge_id_j,edge_id_k,alpha_j,alpha_k,norm_deltaV_j,norm_deltaV_k,label_i,S_exact_real,S_norm_real,S_second_real,Q_best_real,Q_text_sh,Q_visual_sh,Q_joint_sh,S_exact_sh,S_norm_sh,S_second_sh,Q_best_sh,receiver_correct_full
Grocery,42,12345,8288,7585,8080,53470,57338,0.0555555559694767,0.02749287150800228,0.6371960639953613,0.25100621581077576,9,0.00010957848280668259,0.020884869620203972,0.00011727464152440944,0.0026781782507896423,0.0008684145286679268,0.0018390873447060585,0.0026350226253271103,-7.2479248046875e-05,-0.013566454872488976,-8.830645004136048e-05,0.0026350226253271103,True
Grocery,42,12345,8288,8080,7585,57338,53470,0.02749287150800228,0.0555555559694767,0.25100621581077576,0.6371960639953613,9,-2.3881904780864716e-05,-0.005872250534594059,-2.629304038095047e-05,0.002021508291363716,0.00021026097238063812,0.0019710641354322433,0.0022020824253559113,2.0757317543029785e-05,0.004735419061034918,2.08903883721963e-05,0.0022020824253559113,True
Grocery,42,12345,10736,9750,9049,76090,67516,0.05986843630671501,0.0471404530107975,0.421543687582016,0.45653197169303894,12,-1.2197531759738922e-05,-0.0037817475385963917,-1.6261648308151574e-05,0.001606580801308155,0.0011075995862483978,0.00045519229024648666,0.0015531331300735474,-9.658746421337128e-06,-0.0030997907742857933,-1.2738780593689607e-05,0.0015531331300735474,True
Grocery,42,12345,10736,9049,9750,67516,76090,0.0471404530107975,0.05986843630671501,0.45653197169303894,0.421543687582016,12,1.387670636177063e-07,4.4675118260784075e-05,-1.6601487615090869e-06,0.0015531331300735474,0.0011089593172073364,0.0004976633936166763,0.0016054017469286919,-1.2209638953208923e-06,-0.00038012166623957455,-3.3699686591986164e-06,0.0016054017469286919,True
Grocery,42,12345,12871,4854,1592,30670,6630,0.04225771129131317,0.1428571492433548,0.46593350172042847,0.9026982188224792,14,-0.0002096518874168396,-0.0144706005230546,-0.00019217944077491202,0.0,-0.002887725830078125,0.021589189767837524,0.0193018838763237,0.0006004199385643005,0.01371485274285078,0.0006629210309024001,0.021589189767837524,True
Grocery,42,12345,12871,12971,1592,108810,6630,0.18898224830627441,0.1428571492433548,1.4787942171096802,0.9026982188224792,14,-0.013377480208873749,-0.06741315126419067,-0.025758046930180974,0.09253135323524475,0.017327219247817993,0.027834057807922363,0.03951682895421982,-0.005644448101520538,-0.06665769964456558,-0.008706813652000676,0.03951682895421982,True
Grocery,42,12345,12871,1592,12971,6630,108810,0.1428571492433548,0.18898224830627441,0.9026982188224792,1.4787942171096802,14,-0.001155845820903778,-0.022819150239229202,-0.0016145766726493455,0.024748295545578003,0.003748178482055664,0.06981644034385681,0.07121928036212921,-0.002345338463783264,-0.016198888421058655,-0.004241435702615429,0.07121928036212921,True
Grocery,42,12345,799,567,66,2472,260,0.1178511381149292,0.1767766922712326,1.0201165676116943,1.7422226667404175,1,2.2046355297788978e-05,0.04603166505694389,3.092344113169609e-05,0.00024202783242799342,-1.429201802238822e-05,0.000662657548673451,0.0006762440898455679,2.7878559194505215e-05,0.020601894706487656,4.49057030702521e-05,0.0006762440898455679,True
Grocery,42,12345,799,66,567,260,2472,0.1767766922712326,0.1178511381149292,1.7422226667404175,1.0201165676116943,1,2.7165282517671585e-05,0.02006421610713005,3.3574276047313996e-05,0.0006789834005758166,-7.029942935332656e-06,0.00022784507018513978,0.0002434576745145023,2.2642547264695168e-05,0.04733540862798691,2.9536518431309946e-05,0.0002434576745145023,True
Grocery,42,12345,799,161,567,756,2472,0.0857492983341217,0.1178511381149292,0.4837181866168976,1.0201165676116943,1,5.36322477273643e-06,0.034802425652742386,5.929633017035698e-06,7.972907042130828e-05,-8.102331776171923e-06,0.0002357111661694944,0.00024238528567366302,1.4776451280340552e-05,0.030391164124011993,2.16335706405505e-05,0.00024238528567366302,True
Grocery,42,12345,4483,12131,12134,102428,102468,0.13363061845302582,0.15811388194561005,1.7384982109069824,1.6276144981384277,8,0.002834796905517578,0.0008019722299650311,0.004695031002059924,0.0,-0.4924006462097168,-0.5033845901489258,-0.9993062019348145,-0.003520965576171875,-0.0017648141365498304,-0.006625924009101144,0.0,False
Grocery,42,12345,4483,10938,12131,90491,102428,0.0800640806555748,0.13363061845302582,0.7645302414894104,1.7384982109069824,8,-0.0005083084106445312,-0.0005588056519627571,-0.0007208822231122847,0.0,-0.27154016494750977,-1.2705974578857422,-1.53875732421875,0.003380298614501953,0.0010971807641908526,0.0065362504683800305,0.0,False
Grocery,42,12345,4483,12134,12131,102468,102428,0.15811388194561005,0.13363061845302582,1.6276144981384277,1.7384982109069824,8,-0.004731655120849609,-0.0021768694277852774,-0.00972710045206493,0.0,-0.5901188850402832,-1.270341396331787,-1.8573360443115234,0.003124237060546875,0.0008403465035371482,0.004208173822739051,0.0,False
Grocery,42,12345,1142,5568,6008,36831,40935,0.10660035908222198,0.0883883461356163,1.141340970993042,1.3856532573699951,0,0.0142364501953125,0.009711633436381817,0.01777059301059225,0.16117501258850098,0.1776413917541504,0.29505228996276855,0.47046375274658203,-0.002229928970336914,-0.002364323241636157,-0.0014357654741429492,0.47046375274658203,False
Grocery,42,12345,1142,6008,5568,40935,36831,0.0883883461356163,0.10660035908222198,1.3856532573699951,1.141340970993042,0,-0.002550840377807617,-0.0025821670424193144,-0.0016446229796053813,0.4926586151123047,0.18147099018096924,-0.7416551113128662,-0.5443696975708008,0.01581442356109619,0.010776469483971596,0.0195968090979305,0.18147099018096924,False
Grocery,42,12345,3916,4449,5390,25802,35319,0.044901326298713684,0.03892494738101959,0.4779052436351776,0.45531928539276123,7,-0.00028266943991184235,-0.01122951041907072,-0.0003377152758619155,0.012444669380784035,0.0010032989084720612,0.01037561148405075,0.011133844032883644,-0.0002450663596391678,-0.010885663330554962,-0.00028837325716630667,0.011133844032883644,True
Grocery,42,12345,3916,5390,4449,35319,25802,0.03892494738101959,0.044901326298713684,0.45531928539276123,0.4779052436351776,7,1.8812716007232666e-07,8.98639700608328e-06,2.594260813795768e-06,0.010467419400811195,0.00034949183464050293,0.011416196823120117,0.011753259226679802,-1.2429431080818176e-05,-0.0005284856306388974,-1.1550752612397496e-05,0.011753259226679802,True
Grocery,42,12345,11331,15514,11226,133505,93775,0.07216878235340118,0.06225728243589401,0.5448575615882874,0.46442145109176636,13,7.698684930801392e-05,0.014757542870938778,7.312329465349607e-05,0.002323552966117859,0.0026595070958137512,0.011475890874862671,0.013876430690288544,-0.0002589672803878784,-0.009244922548532486,-0.0002873662490620163,0.013876430690288544,True
Grocery,42,12345,11331,11226,11254,93775,94053,0.06225728243589401,0.054554469883441925,0.46442145109176636,0.4604461193084717,13,0.000380098819732666,0.017235103994607925,0.00037668269256463903,0.010836824774742126,-0.0008403956890106201,0.017838507890701294,0.01730317622423172,0.00030506402254104614,0.00847821868956089,0.0002699024502644405,0.017838507890701294,True
Grocery,42,12345,11331,11254,11226,94053,93775,0.054554469883441925,0.06225728243589401,0.4604461193084717,0.46442145109176636,13,7.61374831199646e-05,0.0021018581464886665,4.571650041862094e-05,0.018150009214878082,-0.00014486908912658691,0.01098969578742981,0.011072054505348206,0.0002272278070449829,0.010232431814074516,0.00023120224010239048,0.011072054505348206,True
Grocery,42,12345,557,1691,1203,7106,5058,0.20412413775920868,0.15811388194561005,1.4849950075149536,0.9367944598197937,1,0.0004921916406601667,0.06546995043754578,0.0006195576970267807,0.003927609417587519,0.00026414799503982067,3.7289923056960106e-05,0.00045208726078271866,0.00015064934268593788,0.19992344081401825,0.00016519799911918816,0.00045208726078271866,True
Grocery,42,12345,557,1203,1691,5058,7106,0.15811388194561005,0.20412413775920868,0.9367944598197937,1.4849950075149536,1,8.224882185459137e-05,0.08453221619129181,8.691216047624149e-05,0.0005276133306324482,0.00024078227579593658,0.003823863109573722,0.0042457859963178635,0.000181140610948205,0.02179674804210663,0.00026080486556098,0.0042457859963178635,True
Grocery,42,12345,15843,16916,16419,141013,138227,0.027472112327814102,0.18257418274879456,0.29735836386680603,1.4284316301345825,17,-0.0003647655248641968,-0.009682410396635532,-0.0004004385098219567,0.01865411549806595,0.004372656345367432,0.08335258066654205,0.08630252629518509,-0.0014227107167243958,-0.008175193332135677,-0.0017007198736001686,0.08630252629518509,True
Grocery,42,12345,15843,16419,16916,138227,141013,0.18257418274879456,0.027472112327814102,1.4284316301345825,0.29735836386680603,17,-0.005772948265075684,-0.027899766340851784,-0.007627661286291679,0.10057223588228226,0.014718875288963318,0.017188750207424164,0.03005816787481308,-0.0018494576215744019,-0.029846422374248505,-0.0022613638541023116,0.03005816787481308,True
Grocery,42,12345,2298,3089,2099,14045,9033,0.15430335700511932,0.18898224830627441,0.791073739528656,0.9518614411354065,5,-0.00020909623708575964,-0.08377241343259811,-0.0003279611220333705,0.001143448636867106,0.000587860238738358,-8.915492799133062e-05,0.0005504612345248461,5.175592377781868e-05,0.0421641506254673,6.504790314736381e-05,0.000587860238738358,True
Grocery,42,12345,2298,2099,3089,9033,14045,0.18898224830627441,0.15430335700511932,0.9518614411354065,0.791073739528656,5,5.045090802013874e-05,0.04459057375788689,6.266353462239069e-05,0.000540482229553163,0.0007833973504602909,0.00048720045015215874,0.0010781335877254605,-0.00019246421288698912,-0.0819435566663742,-0.00029864773215845385,0.0010781335877254605,True
Grocery,42,12345,10377,8664,8631,63103,62666,0.1178511381149292,0.10050378739833832,0.7192323803901672,0.7894385457038879,12,0.0012853210791945457,0.10411477833986282,0.0013780436795314643,0.005529950372874737,0.008289087563753128,0.005648020654916763,0.012463292106986046,-0.0014738161116838455,-0.055825501680374146,-0.002056885604716388,0.012463292106986046,True
Grocery,42,12345,10377,8631,8664,62666,63103,0.10050378739833832,0.1178511381149292,0.7894385457038879,0.7192323803901672,12,-0.000738261267542839,-0.042419370263814926,-0.0009395274043598528,0.00833280012011528,0.002790362574160099,-0.003267379477620125,0.0001529548317193985,0.0006299717351794243,0.1014331802725792,0.0006183263063872259,0.002790362574160099,True
Grocery,42,12345,13788,13194,13166,110804,110675,0.024077171459794044,0.07372097671031952,0.2640626132488251,0.8704251050949097,16,5.935085937380791e-06,0.007733150385320187,6.129832291649725e-06,0.00038077053613960743,-4.687393084168434e-05,0.0019465512596070766,0.0019261003471910954,2.642301842570305e-05,0.006741364952176809,3.515227166404924e-05,0.0019465512596070766,True
Grocery,42,12345,13788,13166,13194,110675,110804,0.07372097671031952,0.024077171459794044,0.8704251050949097,0.2640626132488251,16,-0.00013980921357870102,-0.029216423630714417,-0.00019054371999070404,0.0023227380588650703,0.0002344707027077675,0.0004112217575311661,0.0006211763247847557,-2.4516135454177856e-05,-0.019351603463292122,-2.7714848769269863e-05,0.0006211763247847557,True
Grocery,42,12345,5187,12192,12522,103146,106058,0.05330017954111099,0.07312723994255066,0.349810928106308,0.5030525922775269,8,0.00014667026698589325,0.030553165823221207,0.00015289740848942624,0.0023269066587090492,-0.000736502930521965,-0.0029068123549222946,-0.00383545458316803,-0.00019213929772377014,-0.025691263377666473,-0.00016196825342366407,0.0,True
Grocery,42,12345,5187,5879,12522,39548,106058,0.06428243964910507,0.07312723994255066,0.5747928023338318,0.5030525922775269,8,0.0001629367470741272,0.018847912549972534,0.00018012792196674208,0.0042409347370266914,-0.000492866151034832,-0.0029886746779084206,-0.0035918178036808968,-0.0001102769747376442,-0.015590447001159191,-9.313938098814098e-05,0.0,True
Grocery,42,12345,5187,12522,5879,106058,39548,0.07312723994255066,0.06428243964910507,0.5030525922775269,0.5747928023338318,8,-0.0005145743489265442,-0.053522977977991104,-0.00040959585535326045,0.0,-0.003131149336695671,0.0037526683881878853,0.0012727221474051476,0.0006512030959129333,0.07983805239200592,0.0006752494572103157,0.0037526683881878853,True
Grocery,42,12345,3414,2771,6676,12175,45926,0.15430335700511932,0.1259881556034088,1.0217690467834473,0.9656540751457214,3,-0.0005774563178420067,-0.04334815591573715,-0.0007677846760970209,0.006371946074068546,0.004059989005327225,-0.00171000137925148,0.00295286625623703,0.0006028786301612854,0.06911473721265793,0.00046589327964569483,0.004059989005327225,True
Grocery,42,12345,3414,6676,2771,45926,12175,0.1259881556034088,0.15430335700511932,0.9656540751457214,1.0217690467834473,3,-6.764475256204605e-05,-0.03151234984397888,-0.0001457297163751101,0.0005250526592135429,0.0004749344661831856,0.0011491486802697182,0.001606556586921215,-1.752655953168869e-05,-0.005425088107585907,-2.5536533674164357e-05,0.001606556586921215,True
Grocery,42,12345,3095,3051,13083,13789,109601,0.3333333432674408,0.09245003014802933,2.6108386516571045,1.0261484384536743,4,-0.0010808110237121582,-0.0018094468396157026,-0.0006572887821954532,0.2991982698440552,-0.01615440845489502,0.10579109191894531,0.08817142248153687,-0.0014652609825134277,-0.00697355018928647,-0.0013013036548873893,0.10579109191894531,True
Grocery,42,12345,3095,13083,3051,109601,13789,0.09245003014802933,0.3333333432674408,1.0261484384536743,2.6108386516571045,4,-0.0010693669319152832,-0.00472489045932889,-0.0009953234904813146,0.11262845993041992,0.007444024085998535,0.2983287572860718,0.3055616021156311,-0.00021117925643920898,-0.0003454398538451642,0.0008744779381625505,0.3055616021156311,True
Grocery,42,12345,14116,14919,14110,129299,121141,0.28867512941360474,0.2182178795337677,1.969030737876892,2.5823965072631836,15,-0.03628957271575928,-0.09700214117765427,-0.06226861283102082,0.16891074180603027,0.0862310528755188,0.2799255847930908,0.299933522939682,-0.06622311472892761,-0.09942065179347992,-0.12914101855140647,0.299933522939682,True
Grocery,42,12345,14116,14113,14110,121174,121141,0.1259881556034088,0.2182178795337677,1.370653510093689,2.5823965072631836,15,-0.006444886326789856,-0.04104558005928993,-0.009451253397524922,0.07528644800186157,0.028493613004684448,0.23418186604976654,0.24219608306884766,-0.020479395985603333,-0.04056357592344284,-0.03624911764334,0.24219608306884766,True
Grocery,42,12345,14116,14110,14919,121141,129299,0.2182178795337677,0.28867512941360474,2.5823965072631836,1.969030737876892,15,-0.03753960132598877,-0.06605461984872818,-0.06848839915664624,0.2653859555721283,0.03777410089969635,0.1362435519695282,0.15038743615150452,-0.023630216717720032,-0.07284169644117355,-0.03916922579059057,0.15038743615150452,True
Grocery,42,12345,9396,9100,9574,68144,73864,0.020602142438292503,0.040555354207754135,0.20916961133480072,0.27121537923812866,12,-1.1908996384590864e-06,-0.011841260828077793,-1.270163849914576e-06,4.9685564590618014e-05,2.4901877623051405e-05,3.4791301004588604e-05,5.802584928460419e-05,-1.6673293430358171e-06,-0.01416243240237236,-1.6355927979019021e-06,5.802584928460419e-05,True
Grocery,42,12345,9396,9574,9100,73864,68144,0.040555354207754135,0.020602142438292503,0.27121537923812866,0.20916961133480072,12,-3.810651833191514e-06,-0.019692955538630486,-4.161240245821937e-06,9.484132169745862e-05,6.100296741351485e-05,2.835638588294387e-05,8.626308408565819e-05,-3.0962692108005285e-06,-0.01762925647199154,-3.257804655641015e-06,8.626308408565819e-05,True
Grocery,42,12345,143,3535,329,16903,1483,0.04052204638719559,0.37796449661254883,0.39455121755599976,2.9073703289031982,1,8.224975317716599e-05,0.04648417979478836,8.388429460539715e-05,0.0008435770869255066,-0.0021378658711910248,0.02267860621213913,0.021889492869377136,0.0013487525284290314,0.028877515345811844,0.002078762564799047,0.02267860621213913,True
Grocery,42,12345,143,329,3535,1483,16903,0.37796449661254883,0.04052204638719559,2.9073703289031982,0.39455121755599976,1,-0.0020328089594841003,-0.03616241365671158,-0.02374832188733126,0.027090243995189667,7.810071110725403e-05,-2.6149675250053406e-05,0.0010039275512099266,0.000951976515352726,0.8590388894081116,0.0011773453425293595,0.0010039275512099266,True
Grocery,42,12345,10330,2183,9760,9377,76218,0.05504819005727768,0.011478341184556484,0.45420438051223755,0.09822531789541245,12,2.2636086214333773e-06,0.041016850620508194,2.3573908663838027e-06,2.3715838324278593e-05,-2.693338319659233e-05,5.243753548711538e-06,-2.1213083527982235e-05,4.7654611989855766e-07,0.008924047462642193,4.859577143243963e-07,5.243753548711538e-06,True
Grocery,42,12345,10330,9760,2183,76218,9377,0.011478341184556484,0.05504819005727768,0.09822531789541245,0.45420438051223755,12,-1.1918018572032452e-07,-0.0072952439077198505,-4.603044621841568e-08,8.103757863864303e-06,2.5025801733136177e-06,2.6217749109491706e-05,2.8482027119025588e-05,-2.3830216377973557e-07,-0.0041652219370007515,-1.9337670274165067e-07,2.8482027119025588e-05,True
Grocery,42,12345,16865,13230,17026,111799,141793,0.07453560084104538,0.17407765984535217,0.7197265625,1.3324625492095947,18,0.0007852017879486084,0.00606193020939827,0.0008694932618298623,0.06437239050865173,-0.009599924087524414,0.26356178522109985,0.2594333291053772,0.005471467971801758,0.010273223742842674,0.007102899384509561,0.26356178522109985,True
Grocery,42,12345,16865,17026,13230,141793,111799,0.17407765984535217,0.07453560084104538,1.3324625492095947,0.7197265625,18,-0.027035504579544067,-0.04050064459443092,-0.034868268784361695,0.3202486038208008,0.03041592240333557,0.07139351963996887,0.09557342529296875,-0.006236016750335693,-0.031593501567840576,-0.007118258311455279,0.09557342529296875,True
Grocery,42,12345,8131,6755,7516,46405,52928,0.04981354996562004,0.04981354996562004,0.49983325600624084,0.580950915813446,10,4.547473508864641e-13,1.583928366244436e-07,-1.1296302756379386e-07,1.4305051081464626e-06,4.7683488446637057e-07,7.152525540732313e-07,1.1920878932869527e-06,4.547473508864641e-13,1.8993904404851492e-07,-8.178798643252273e-08,1.1920878932869527e-06,True
Grocery,42,12345,8131,7703,7516,54444,52928,0.1270001232624054,0.04981354996562004,0.6192066669464111,0.580950915813446,10,-3.5762423067353666e-07,-0.06111956760287285,-4.958095080650646e-07,2.7417995625000913e-06,1.3112953638483305e-06,9.536693141853902e-07,2.0265483726689126e-06,-2.3841630536480807e-07,-0.05542615056037903,-2.4136049551197295e-07,2.0265483726689126e-06,True
Grocery,42,12345,8131,7516,6755,52928,46405,0.04981354996562004,0.04981354996562004,0.580950915813446,0.49983325600624084,10,4.547473508864641e-13,1.8993904404851492e-07,-8.606246722405347e-08,1.1920878932869527e-06,4.7683488446637057e-07,9.536697689327411e-07,1.4305051081464626e-06,4.547473508864641e-13,1.583928366244436e-07,-1.1881299098077726e-07,1.4305051081464626e-06,True
Grocery,42,12345,6303,5314,5348,34729,34987,0.05103103443980217,0.04902903363108635,0.40070801973342896,0.5095326900482178,8,9.407103061676025e-05,0.012145379558205605,0.00010189227740027606,0.0038256682455539703,-0.000551179051399231,0.011714138090610504,0.011376824229955673,0.00021386519074440002,0.009045927785336971,0.00025660302217441833,0.011714138090610504,True
Grocery,42,12345,6303,5348,5314,34987,34729,0.04902903363108635,0.05103103443980217,0.5095326900482178,0.40070801973342896,8,0.00040787458419799805,0.01739457994699478,0.0004643759734691399,0.011520244181156158,-0.0009877029806375504,0.003762105479836464,0.0029320362955331802,0.00015763379633426666,0.020520279183983803,0.00016522130768935783,0.003762105479836464,True
Grocery,42,12345,6303,5874,5314,39504,34729,0.033407654613256454,0.05103103443980217,0.40182676911354065,0.40070801973342896,8,0.0001641400158405304,0.010357308201491833,0.00018535914598271155,0.007841799408197403,-0.0005684681236743927,0.0038222409784793854,0.003351271152496338,9.749829769134521e-05,0.012593441642820835,0.00010559763721411627,0.0038222409784793854,True
Grocery,42,12345,1308,779,454,3329,1950,0.3162277638912201,0.28867512941360474,2.1058802604675293,2.237576723098755,1,-0.001101731788367033,-0.11934685707092285,-0.0027415973303530623,0.004064800217747688,0.00479853805154562,0.01134319044649601,0.012597385793924332,-0.003544342704117298,-0.12332814186811447,-0.008996785951174724,0.012597385793924332,True
Grocery,42,12345,1308,454,779,1950,3329,0.28867512941360474,0.3162277638912201,2.237576723098755,2.1058802604675293,1,-0.004626019857823849,-0.14144082367420197,-0.011921068170663376,0.014040185138583183,0.0027266922406852245,0.002820247318595648,0.004435565322637558,-0.0011113742366433144,-0.11133208870887756,-0.0025981986854213424,0.004435565322637558,True
Grocery,42,12345,5599,5932,5597,40254,37027,0.08512565493583679,0.08703882992267609,0.780125081539154,0.6039935946464539,7,-0.00012506917119026184,-0.003878278424963355,-0.00013661282248965574,0.016061775386333466,0.001234438270330429,0.011832654476165771,0.012916777282953262,-0.00015031546354293823,-0.005784950684756041,-0.0001737018718883257,0.012916777282953262,True
Grocery,42,12345,5599,4985,5597,31981,37027,0.05063696950674057,0.08703882992267609,0.46215108036994934,0.6039935946464539,7,8.624792098999023e-05,0.010463288053870201,9.319228972063439e-05,0.0041645728051662445,0.0005925297737121582,0.01172308623790741,0.012274868786334991,-4.0747225284576416e-05,-0.001657031592912972,-4.233713732964715e-05,0.012274868786334991,True
Grocery,42,12345,5599,5597,5932,37027,40254,0.08703882992267609,0.08512565493583679,0.6039935946464539,0.780125081539154,7,-0.00023193657398223877,-0.00858353916555643,-0.00027149587407002997,0.013394571840763092,0.0016840212047100067,0.0150563083589077,0.01653660461306572,-0.0002037249505519867,-0.006122104823589325,-0.0002289345915756977,0.01653660461306572,True
Grocery,42,12345,12143,10855,11040,89683,91746,0.02744106575846672,0.015221563167870045,0.22382386028766632,0.05943368747830391,13,1.1920923270736239e-07,0.9226061701774597,-3.747740565132109e-09,1.1920923270736239e-07,1.1920923270736239e-07,0.0,1.1920923270736239e-07,0.0,0.0,-1.443725673139795e-10,1.1920923270736239e-07,True
Grocery,42,12345,12143,11040,10855,91746,89683,0.015221563167870045,0.02744106575846672,0.05943368747830391,0.22382386028766632,13,0.0,0.0,7.925146808595601e-11,0.0,0.0,1.1920923270736239e-07,1.1920923270736239e-07,0.0,0.0,1.1184435691591177e-09,1.1920923270736239e-07,True
Grocery,42,12345,16528,16858,10087,140561,79537,0.16903084516525269,0.09128709137439728,1.674041986465454,0.5972431302070618,19,0.08875787258148193,0.2097163200378418,0.10000528654744167,0.16723519563674927,-0.07273432612419128,0.010873660445213318,-0.060030728578567505,0.0018299371004104614,0.012739858590066433,0.0013126572751660272,0.010873660445213318,True
Grocery,42,12345,16528,10087,16858,79537,140561,0.09128709137439728,0.16903084516525269,0.5972431302070618,1.674041986465454,19,0.000575631856918335,0.010973538272082806,0.0005381205715506519,0.012128055095672607,-0.05778905749320984,0.2241443544626236,0.19820399582386017,0.031848713755607605,0.06633249670267105,0.03908742330758132,0.2241443544626236,True
Grocery,42,12345,3819,9925,202,77884,932,0.08451542258262634,0.22360679507255554,0.9074622988700867,1.5731794834136963,5,0.0004105418920516968,0.01197641622275114,0.00044325025332077675,0.0,-0.0015620216727256775,-0.019350379705429077,-0.02090863138437271,3.769993782043457e-06,9.014585521072149e-05,1.6147524729215448e-05,0.0,True
Grocery,42,12345,3819,202,9925,932,77884,0.22360679507255554,0.08451542258262634,1.5731794834136963,0.9074622988700867,5,0.022642627358436584,0.16796539723873138,0.02526976563987894,0.05608133226633072,0.06549309194087982,-0.028196290135383606,0.0505276694893837,0.013230867683887482,0.09174273908138275,0.014002470396688563,0.06549309194087982,True
Grocery,42,12345,11383,1998,11840,8677,99682,0.05330017954111099,0.027410123497247696,0.3341282606124878,0.34426000714302063,13,-1.6523990780115128e-06,-0.0035636990796774626,-1.6519075252512659e-06,0.0,-0.00018236413598060608,0.000487219775095582,0.00033830548636615276,3.3449847251176834e-05,0.033187683671712875,3.479818380890046e-05,0.000487219775095582,True
Grocery,42,12345,11383,11840,1998,99682,8677,0.027410123497247696,0.05330017954111099,0.34426000714302063,0.3341282606124878,13,1.7910031601786613e-05,0.017499849200248718,1.869988725215451e-05,0.0005027595907449722,-7.957592606544495e-05,-8.587981574237347e-05,-0.0001649728510528803,4.828907549381256e-07,0.0014613630482926965,3.7449059688248377e-07,0.0,True
Grocery,42,12345,3450,11206,11410,93403,95690,0.028171807527542114,0.031782086938619614,0.26112642884254456,0.27902910113334656,5,-2.86102294921875e-06,-7.715632818872109e-06,1.0577472860373582e-06,0.04192924499511719,0.04192638397216797,-0.1336040496826172,-0.09167766571044922,0.0,0.0,7.191297142914791e-07,0.04192638397216797,False
Grocery,42,12345,3450,12065,11410,101718,95690,0.038490016013383865,0.031782086938619614,0.2632545530796051,0.27902910113334656,5,-6.67572021484375e-06,-4.821633410756476e-05,7.256558257062729e-08,0.009176254272460938,0.009169578552246094,-0.1336050033569336,-0.1244344711303711,9.5367431640625e-07,3.569019554561237e-06,1.4904532141507396e-07,0.009169578552246094,False
Grocery,42,12345,3450,11410,11206,95690,93403,0.031782086938619614,0.028171807527542114,0.27902910113334656,0.26112642884254456,5,-3.814697265625e-06,-1.4276332876761444e-05,1.517910185599991e-07,0.009167671203613281,0.009168624877929688,-0.18540000915527344,-0.17623424530029297,-2.86102294921875e-06,-7.715751962678041e-06,2.2830013442083306e-07,0.009168624877929688,False
Grocery,42,12345,9943,8506,9747,61109,76026,0.10000000149011612,0.06201736629009247,0.6428858041763306,0.3710598945617676,12,2.275407314300537e-05,0.002881141845136881,-1.3370990161430674e-05,0.003960166126489639,0.0032196901738643646,0.0032861661165952682,0.006110880523920059,-0.00039497576653957367,-0.03130567446351051,-0.0004750112120525939,0.006110880523920059,True
Grocery,42,12345,9943,9970,8506,78349,61109,0.22360679507255554,0.10000000149011612,1.3263555765151978,0.6428858041763306,12,-0.007408333942294121,-0.10145117342472076,-0.01335189989276931,0.03280764818191528,0.017772100865840912,0.002269737422466278,0.018930306658148766,-0.0011115316301584244,-0.02852117270231247,-0.0020915850464005474,0.018930306658148766,True
Grocery,42,12345,9943,9747,8506,76026,61109,0.06201736629009247,0.10000000149011612,0.3710598945617676,0.6428858041763306,12,-0.000668063759803772,-0.041850313544273376,-0.0008256048379297063,0.007647549733519554,0.004286585375666618,0.0013564955443143845,0.005444791167974472,-0.00019828975200653076,-0.017883464694023132,-0.0003021173507566559,0.005444791167974472,True
Grocery,42,12345,12993,15885,12786,135410,107745,0.08606629818677902,0.40824827551841736,0.6064378023147583,2.892864227294922,14,0.0021645277738571167,0.02223256789147854,0.0018039285850217773,0.047596946358680725,-0.020268768072128296,0.0734626054763794,0.06707459688186646,0.013880759477615356,0.08631991595029831,0.01662596950970239,0.0734626054763794,True
Grocery,42,12345,12993,12786,15885,107745,135410,0.40824827551841736,0.08606629818677902,2.892864227294922,0.6064378023147583,14,0.021465584635734558,0.12015625834465027,0.021555678078429882,0.10005640983581543,0.0407489538192749,0.05633179843425751,0.09051042795181274,-0.0065703243017196655,-0.035024695098400116,-0.011455118509696023,0.09051042795181274,True
Grocery,42,12345,12596,12442,12595,105462,106616,0.14907120168209076,0.1666666716337204,1.062885046005249,1.5584075450897217,14,0.00023542717099189758,0.03462276980280876,0.00011119046900377565,0.003282170742750168,-0.004421655088663101,0.020403794944286346,0.018170759081840515,0.00218861922621727,0.0509025976061821,0.0024509735316422085,0.020403794944286346,True
Grocery,42,12345,12596,12595,12442,106616,105462,0.1666666716337204,0.14907120168209076,1.5584075450897217,1.062885046005249,14,6.21601939201355e-05,0.0013293325901031494,-0.00020075282466078953,0.023411300033330917,0.0009617097675800323,0.0035982616245746613,0.004479307681322098,-8.066371083259583e-05,-0.008923678658902645,-0.0003062762420467321,0.004479307681322098,True
Grocery,42,12345,9889,16302,9690,137584,75181,0.05143444985151291,0.02635231427848339,0.4223532974720001,0.19901785254478455,12,5.2889809012413025e-05,0.01436198502779007,4.722571612031411e-05,0.0018677525222301483,0.0018075872212648392,0.0015735682100057602,0.00326697900891304,-0.0001141764223575592,-0.01717417873442173,-0.00012773929701178672,0.00326697900891304,True
Grocery,42,12345,9889,10732,9690,87360,75181,0.019574007019400597,0.02635231427848339,0.18465100228786469,0.19901785254478455,12,-5.738995969295502e-05,-0.011402501724660397,-6.108038536811289e-05,0.002487851306796074,0.0008071064949035645,0.0015071574598550797,0.0022664982825517654,-4.776567220687866e-05,-0.010427428409457207,-5.0863949631446054e-05,0.0022664982825517654,True
Grocery,42,12345,9889,9690,10732,75181,87360,0.02635231427848339,0.019574007019400597,0.19901785254478455,0.18465100228786469,12,-9.276159107685089e-05,-0.01599220186471939,-0.00010037487332182704,0.002853827551007271,0.0014069601893424988,0.001776406541466713,0.003078080713748932,-0.00010528601706027985,-0.016814937815070152,-0.00011420729297214345,0.003078080713748932,True
Grocery,42,12345,565,456,1635,1955,6889,0.0980580672621727,0.0653720498085022,0.7868022322654724,0.44029757380485535,1,-0.013128519058227539,-0.020021706819534302,-0.013260835636101559,0.3212928771972656,0.07010120153427124,0.06096541881561279,0.13174957036972046,0.0006829500198364258,0.0025985841639339924,0.000752748921398632,0.13174957036972046,True
Grocery,42,12345,565,1635,456,6889,1955,0.0653720498085022,0.0980580672621727,0.44029757380485535,0.7868022322654724,1,-0.0017555952072143555,-0.008979828096926212,-0.0018240740003168804,0.09687435626983643,0.04044079780578613,0.24435073137283325,0.2778211236000061,-0.006970405578613281,-0.012389350682497025,-0.006491544826489646,0.2778211236000061,True
Grocery,42,12345,9441,9658,10064,74721,79296,0.034079909324645996,0.022310538217425346,0.15617097914218903,0.25184980034828186,12,-5.930894985795021e-06,-0.011431933380663395,-6.339879223918844e-06,0.00025642989203333855,0.00014235405251383781,0.00016721151769161224,0.00030233291909098625,-7.232651114463806e-06,-0.011819824576377869,-7.675241456252182e-06,0.00030233291909098625,True
Grocery,42,12345,9441,10064,9658,79296,74721,0.022310538217425346,0.034079909324645996,0.25184980034828186,0.15617097914218903,12,-4.029134288430214e-06,-0.007859921082854271,-4.209808932694782e-06,0.00025428924709558487,9.371992200613022e-05,0.00011881627142429352,0.00020909751765429974,-3.4386757761240005e-06,-0.008155406452715397,-3.651160551755949e-06,0.00020909751765429974,True
Grocery,42,12345,3408,13915,14690,118924,126941,0.18257418274879456,0.20412413775920868,1.1615619659423828,1.9461654424667358,4,-0.0013775825500488281,-0.0012123846681788564,-0.0021681173327280368,0.09695959091186523,-0.5374865531921387,-0.006506443023681641,-0.575324535369873,-0.031331539154052734,-0.0279916450381279,-0.06624413495330839,0.0,False
Grocery,42,12345,3408,14690,13915,126941,118924,0.20412413775920868,0.18257418274879456,1.9461654424667358,1.1615619659423828,4,-0.018646717071533203,-0.027616389095783234,-0.03628762840004644,0.0,-0.3268003463745117,0.09651613235473633,-0.2312183380126953,-0.0009341239929199219,-0.0014271570835262537,-0.0014223343790531174,0.09651613235473633,False
Grocery,42,12345,4317,4319,9378,23699,71762,0.18257418274879456,0.07784989476203918,1.5017071962356567,0.502479076385498,8,0.0019954065792262554,0.16470742225646973,0.0025751999801487116,0.005059719085693359,-0.0014076647348701954,-0.0008747419342398643,-0.002600609790533781,-0.0003182031214237213,-0.06516514718532562,-0.00023435129813243724,0.0,True
Grocery,42,12345,4317,4493,9378,26464,71762,0.046373892575502396,0.07784989476203918,0.2850362956523895,0.502479076385498,8,6.721401587128639e-05,0.04833555221557617,6.760970689941969e-05,0.0006616734899580479,-0.00047560688108205795,-0.0010899188928306103,-0.0016685519367456436,-0.00010302616283297539,-0.03185632824897766,-8.59348397146569e-05,0.0,True
Grocery,42,12345,4317,9378,4493,71762,26464,0.07784989476203918,0.046373892575502396,0.502479076385498,0.2850362956523895,8,-0.00020136218518018723,-0.05087144672870636,-0.00015920094965162293,0.0,-0.0012166094966232777,0.0006004991009831429,-0.0004877219907939434,0.0001283884048461914,0.05570381134748459,0.00012255185091416586,0.0006004991009831429,True
Grocery,42,12345,1882,537,2529,2351,10994,0.09245003014802933,0.10050378739833832,0.9502007961273193,1.0094408988952637,2,0.00794064998626709,0.01458787638694048,0.007831621979871362,0.08177816867828369,0.08074867725372314,0.01308906078338623,0.10280776023864746,0.008970022201538086,0.04561518877744675,0.008004950758087727,0.10280776023864746,False
Grocery,42,12345,1882,2529,537,10994,2351,0.10050378739833832,0.09245003014802933,1.0094408988952637,0.9502007961273193,2,0.008135795593261719,0.0429583378136158,0.007168604145900301,0.0987619161605835,0.07690942287445068,-0.2761251926422119,-0.19128656387329102,0.007929205894470215,0.014567146077752113,0.00786909408498644,0.07690942287445068,False
Grocery,42,12345,1327,1794,1184,7620,4978,0.3333333432674408,0.18257418274879456,3.76346755027771,1.9876127243041992,1,0.01440882682800293,0.0036048605106770992,0.0176187545470059,1.1846592426300049,1.194115161895752,-0.32718658447265625,0.8718819618225098,0.0049533843994140625,0.00206978851929307,0.006754340116802309,1.194115161895752,False
Grocery,42,12345,1327,1184,1794,4978,7620,0.18257418274879456,0.3333333432674408,1.9876127243041992,3.76346755027771,1,0.006114006042480469,0.006433962844312191,0.008595334628804352,0.4720783233642578,0.46991515159606934,-1.9995999336242676,-1.5214076042175293,0.008277177810668945,0.0020740011241286993,0.014515057654025028,0.46991515159606934,False
Grocery,42,12345,6117,6728,7578,46240,53355,0.17407765984535217,0.20412413775920868,0.6225488781929016,1.5863449573516846,8,0.016055524349212646,0.03373928740620613,0.01673478284340385,0.08777803182601929,-0.2089707851409912,-0.12197506427764893,-0.3518824577331543,-0.02093660831451416,-0.030661599710583687,-0.012690106835536208,0.0,True
Grocery,42,12345,6117,7578,6728,53355,46240,0.20412413775920868,0.17407765984535217,1.5863449573516846,0.6225488781929016,8,-0.0292167067527771,-0.039918433874845505,-0.01767958768644079,0.0,-0.2815179228782654,0.08918404579162598,-0.17768436670303345,0.014649510383605957,0.02671384997665882,0.01581314507787597,0.08918404579162598,True
Grocery,42,12345,780,5871,40,39330,145,0.07715167850255966,0.10050378739833832,0.8128125667572021,0.36598798632621765,1,-0.009337425231933594,-0.018675491213798523,-0.01098376368621004,0.24532270431518555,0.05268549919128418,0.08122777938842773,0.13238906860351562,-0.001524209976196289,-0.0057236067950725555,-0.0015658544619537162,0.13238906860351562,False
Grocery,42,12345,780,40,5871,145,39330,0.10050378739833832,0.07715167850255966,0.36598798632621765,0.8128125667572021,1,0.0002396106719970703,0.0005139310960657895,0.0003027122431200763,0.23323535919189453,0.14998769760131836,0.18104028701782227,0.3348109722137451,0.003782987594604492,0.005681535229086876,0.004327795409478553,0.3348109722137451,False
Grocery,42,12345,16158,15422,16919,133006,141112,0.20412413775920868,0.2357022762298584,1.6091660261154175,1.5885528326034546,17,-0.02836756408214569,-0.06219882518053055,-0.053093075456580735,0.21385560929775238,0.04683771729469299,0.1810399889945984,0.1933952122926712,-0.03448249399662018,-0.08185309916734695,-0.06617301387261298,0.1933952122926712,True
Grocery,42,12345,16158,16919,15422,141112,133006,0.2357022762298584,0.20412413775920868,1.5885528326034546,1.6091660261154175,17,-0.059604793787002563,-0.11507967859506607,-0.11648917582857941,0.22916944324970245,0.07501402497291565,0.225139781832695,0.24814695119857788,-0.052006855607032776,-0.09485096484422684,-0.09832080412192731,0.24814695119857788,True
Grocery,42,12345,16570,2055,7874,8870,55843,0.26726123690605164,0.16903084516525269,1.1352183818817139,1.5039929151535034,17,-0.015545368194580078,-0.010276800021529198,-0.028984203980054357,0.0,-0.42949676513671875,0.07767915725708008,-0.3330373764038086,0.018780231475830078,0.022351741790771484,0.02664289230264331,0.07767915725708008,False
Grocery,42,12345,16570,7874,2055,55843,8870,0.16903084516525269,0.26726123690605164,1.5039929151535034,1.1352183818817139,17,0.004303455352783203,0.022816156968474388,0.003254472718670659,0.09215545654296875,-0.056223392486572266,-0.36218833923339844,-0.4251565933227539,-0.006744861602783203,-0.00799563154578209,-0.01591276119952226,0.0,False
Grocery,42,12345,16570,7809,2055,55315,8870,0.37796449661254883,0.26726123690605164,3.125741720199585,1.1352183818817139,17,-0.011636734008789062,-0.003041214309632778,-0.04703662999139535,1.9189906120300293,-0.17049026489257812,-0.3359217643737793,-0.539423942565918,-0.03301191329956055,-0.031565096229314804,-0.08350066240216134,0.0,False
Grocery,42,12345,15192,15422,16919,133004,141110,0.25,0.28867512941360474,1.9708178043365479,1.9455716609954834,17,0.051234230399131775,0.18424034118652344,0.06311752516791813,0.11342473328113556,-0.06301774084568024,0.10807375609874725,0.08522564172744751,0.04016962647438049,0.15671846270561218,0.04171686005675983,0.10807375609874725,True
Grocery,42,12345,15192,16919,15422,141110,133004,0.28867512941360474,0.25,1.9455716609954834,1.9708178043365479,17,0.04444845765829086,0.17635595798492432,0.0391711764961431,0.10379492491483688,-0.08469867706298828,0.10549799352884293,0.07996028661727905,0.05916097015142441,0.21898740530014038,0.0692604036366331,0.10549799352884293,True
Grocery,42,12345,14793,14358,5722,124002,37900,0.05025189369916916,0.07216878235340118,0.4790244400501251,0.8075316548347473,16,-0.0004881173372268677,-0.008136226795613766,-0.0005205617543195575,0.029752478003501892,0.005310565233230591,0.00247780978679657,0.008641481399536133,0.0008531063795089722,0.051924124360084534,0.0008668511473228703,0.008641481399536133,True
Grocery,42,12345,14793,13452,14358,113986,124002,0.06154574453830719,0.05025189369916916,0.22535672783851624,0.4790244400501251,16,0.001284077763557434,0.031206704676151276,0.0013264908878964955,0.019931703805923462,0.023175284266471863,0.02506008744239807,0.046275973320007324,-0.00195939838886261,-0.020731883123517036,-0.0022013411935511173,0.046275973320007324,True
Grocery,42,12345,14793,5722,14358,37900,124002,0.07216878235340118,0.05025189369916916,0.8075316548347473,0.4790244400501251,16,0.0018109232187271118,0.1279161423444748,0.0018876655423885969,0.007984012365341187,0.006511673331260681,0.023148342967033386,0.029612362384796143,-4.7653913497924805e-05,-0.000803981616627425,-5.7123619735854284e-05,0.029612362384796143,True
Grocery,42,12345,15635,17065,15222,142035,131912,0.12126781791448593,0.1178511381149292,1.0792099237442017,0.9195922613143921,17,0.005578398704528809,0.007899790070950985,0.003893985698595004,0.3558617830276489,0.09831154346466064,0.36932623386383057,0.44189155101776123,-0.02574622631072998,-0.028307197615504265,-0.03095716093308431,0.44189155101776123,False
Grocery,42,12345,15635,16800,17065,140314,142035,0.5,0.12126781791448593,5.318505764007568,1.0792099237442017,17,0.1811908483505249,0.4545567035675049,0.39765542253828023,0.0,-0.06438708305358887,0.2682030200958252,0.2244884967803955,0.02067255973815918,0.037108875811100006,0.011626477237680524,0.2682030200958252,False
Grocery,42,12345,15635,15222,17065,131912,142035,0.1178511381149292,0.12126781791448593,0.9195922613143921,1.0792099237442017,17,0.003568410873413086,0.00522009190171957,0.002806671934363514,0.3400115966796875,-0.05728602409362793,0.28436279296875,0.23158955574035645,0.004512786865234375,0.00787244364619255,0.0035928929573893925,0.28436279296875,False
Grocery,42,12345,16689,10832,13227,89361,111635,0.02749287150800228,0.02809387817978859,0.3237672746181488,0.4174017012119293,17,-0.0014019012451171875,-0.023516984656453133,-0.0013727895903248057,0.029105186462402344,0.016927123069763184,0.005846261978149414,0.027048110961914062,0.004274725914001465,0.08580081164836884,0.004241131418835689,0.027048110961914062,True
Grocery,42,12345,16689,13227,10832,111635,89361,0.02809387817978859,0.02749287150800228,0.4174017012119293,0.3237672746181488,17,0.0008293390274047852,0.03917912021279335,0.0008345106554301894,0.01099860668182373,0.0018531084060668945,0.006647467613220215,0.008354425430297852,-0.0001461505889892578,-0.008671047165989876,-0.00012876564791936373,0.008354425430297852,True
Grocery,42,12345,6108,4029,4026,21522,21298,0.04652421176433563,0.07293249666690826,0.6087427139282227,0.7249069809913635,8,1.181289553642273e-05,0.00046085845679044724,9.706994509769626e-06,0.012810274958610535,1.9039958715438843e-05,0.010320596396923065,0.010284081101417542,-5.5555254220962524e-05,-0.0026937543880194426,-8.2677767299698e-05,0.010320596396923065,True
Grocery,42,12345,6108,4026,4029,21298,21522,0.07293249666690826,0.04652421176433563,0.7249069809913635,0.6087427139282227,8,-4.016980528831482e-05,-0.0019528096308931708,-0.00010402460991733482,0.010305210947990417,-0.0006107129156589508,0.012671168893575668,0.012211374938488007,0.00015091896057128906,0.005919953808188438,0.00015282658302614855,0.012671168893575668,True
Grocery,42,12345,3090,3591,2100,17245,9037,0.26726123690605164,0.7071067690849304,2.446887493133545,3.7780213356018066,3,-0.06629791855812073,-0.08484282344579697,-0.13785618308211794,0.35756129026412964,0.19699455797672272,0.028151482343673706,0.24393261969089508,0.018786579370498657,0.0400499552488327,-0.04879538963946396,0.24393261969089508,True
Grocery,42,12345,3090,2100,3591,9037,17245,0.7071067690849304,0.26726123690605164,3.7780213356018066,2.446887493133545,3,0.2500382661819458,0.1596260815858841,0.2909516634108746,0.7051189541816711,0.9343897700309753,0.10165286064147949,1.0098719596862793,-0.026170670986175537,-0.012791672721505165,-0.02803131949777815,1.0098719596862793,True
Grocery,42,12345,15334,938,16302,3909,137587,0.07453560084104538,0.05143444985151291,0.44034385681152344,0.4223532974720001,19,0.0014290064573287964,0.09107739478349686,0.0014643347211088873,0.0071305036544799805,-0.007298532873392105,0.006654117256402969,0.0006702281534671783,0.001314643770456314,0.08990315347909927,0.0013064927384453283,0.006654117256402969,True
Grocery,42,12345,15334,16302,938,137587,3909,0.05143444985151291,0.07453560084104538,0.4223532974720001,0.44034385681152344,19,0.0005423836410045624,0.035230815410614014,0.0005761681959053789,0.007426377385854721,-0.0030113868415355682,0.00797702744603157,0.005548123270273209,0.0005824826657772064,0.035223960876464844,0.0006380962698837871,0.00797702744603157,True
Grocery,42,12345,15901,9535,8951,73509,66496,0.11470786482095718,0.03498557209968567,0.8524171113967896,0.22182543575763702,18,0.00880885124206543,0.023029766976833344,0.008371655500788278,0.1868448257446289,-0.07894694805145264,0.09797704219818115,0.020101070404052734,0.0010709762573242188,0.005435735918581486,0.0006553676088651471,0.09797704219818115,False
Grocery,42,12345,15901,2595,8951,11397,66496,0.0306569654494524,0.03498557209968567,0.14616991579532623,0.22182543575763702,18,-0.0006425380706787109,-0.017677806317806244,-0.0006399856857162956,0.0,-0.017060160636901855,0.09879446029663086,0.08198797702789307,0.0002536773681640625,0.0012822180287912488,0.0002134863439629673,0.09879446029663086,False
Grocery,42,12345,15901,8951,2595,66496,11397,0.03498557209968567,0.0306569654494524,0.22182543575763702,0.14616991579532623,18,0.0001817941665649414,0.0009185490198433399,0.00017574756458631213,0.09886634349822998,-0.011980175971984863,-0.0023795366287231445,-0.014310836791992188,4.887580871582031e-05,0.0017047385917976499,5.1052231474055735e-05,0.0,False
Grocery,42,12345,15254,16016,16412,136125,138174,0.12909944355487823,0.20000000298023224,1.131693720817566,1.746764898300171,17,0.0015534870326519012,0.0879756286740303,0.0018722445354738696,0.008052327670156956,-0.0051350221037864685,0.017720405012369156,0.015801124274730682,0.003215741366147995,0.08318746089935303,0.004572859743202114,0.017720405012369156,True
Grocery,42,12345,15254,16412,16016,138174,136125,0.20000000298023224,0.12909944355487823,1.746764898300171,1.131693720817566,17,0.004553891718387604,0.12202801555395126,0.005964011911541594,0.016382254660129547,-0.00500921905040741,0.007347600534558296,0.004596595652401447,0.0022582141682505608,0.13320106267929077,0.002567881709684441,0.007347600534558296,True
Grocery,42,12345,5222,6941,6363,47802,43617,0.1666666716337204,0.20412413775920868,1.4755197763442993,1.399638295173645,8,0.026715993881225586,0.03472759202122688,0.029850164089717995,0.2057805061340332,-0.3690999746322632,0.3985241651535034,0.027231335639953613,-0.002192854881286621,-0.0027588095981627703,-0.0071484853128176516,0.3985241651535034,False
Grocery,42,12345,5222,6363,6941,43617,47802,0.20412413775920868,0.1666666716337204,1.399638295173645,1.4755197763442993,8,-0.03003096580505371,-0.03638497367501259,-0.0339414158895287,0.4263622760772705,-0.4628642797470093,0.19733107089996338,-0.2303680181503296,0.03516519069671631,0.03948645666241646,0.03852900221237138,0.19733107089996338,False
Grocery,42,12345,3654,3793,2998,18701,13549,0.1666666716337204,0.15430335700511932,0.7599117755889893,1.0639146566390991,5,0.0040289610624313354,0.01876136288046837,0.0043524787419984,0.10535940527915955,-0.010628774762153625,0.005265414714813232,-0.004228547215461731,0.0011348128318786621,0.056394532322883606,0.00127153429951539,0.005265414714813232,True
Grocery,42,12345,3654,2998,3793,13549,18701,0.15430335700511932,0.1666666716337204,1.0639146566390991,0.7599117755889893,5,0.0005414187908172607,0.005650824401527643,0.0005357517969122091,0.04817688465118408,0.056864768266677856,0.12393507361412048,0.16625332832336426,-0.014546513557434082,-0.04191436618566513,-0.016396931943456854,0.16625332832336426,True
Grocery,42,12345,8900,9230,9849,69862,77156,0.14433756470680237,0.14433756470680237,1.250443696975708,0.9776923656463623,12,-0.007852263748645782,-0.07775858044624329,-0.01142796991794363,0.04656516760587692,0.016830872744321823,-0.004211537539958954,0.014202244579792023,0.0015829093754291534,0.04491202533245087,0.0014649553308218512,0.016830872744321823,True
Grocery,42,12345,8900,9849,9230,77156,69862,0.14433756470680237,0.14433756470680237,0.9776923656463623,1.250443696975708,12,0.0012715868651866913,0.03769250959157944,0.0010904675685132724,0.016232099384069443,0.025190606713294983,0.027986042201519012,0.045489728450775146,-0.007686920464038849,-0.07790820300579071,-0.011162105973046949,0.045489728450775146,True
Grocery,42,12345,16526,15520,15365,133586,132739,0.16903084516525269,0.14907120168209076,0.584904134273529,1.5004507303237915,17,8.613616228103638e-05,0.05264121666550636,9.096210763195065e-05,0.0007750706281512976,-0.0005642455071210861,0.002501056296750903,0.0021807190496474504,0.00024390826001763344,0.04649386927485466,0.0003086277053555187,0.002501056296750903,True
Grocery,42,12345,16526,16396,15365,138071,132739,0.22360679507255554,0.14907120168209076,2.443753480911255,1.5004507303237915,17,0.0002904045395553112,0.09822189062833786,0.0004719262462047286,0.0013331014197319746,-4.9031805247068405e-05,0.002695932751521468,0.002695932751521468,4.9031805247068405e-05,0.00901169702410698,-3.2909094420841445e-05,0.002695932751521468,True
Grocery,42,12345,16526,15365,16396,132739,138071,0.14907120168209076,0.22360679507255554,1.5004507303237915,2.443753480911255,17,-0.00013661454431712627,-0.021821556612849236,-0.00023104645504306784,0.0030619536992162466,0.00019821897149085999,0.001641350332647562,0.0018217249307781458,-1.7844373360276222e-05,-0.004873774945735931,-1.0092387925484932e-05,0.0018217249307781458,True
Grocery,42,12345,5466,4803,4617,30081,28441,0.073323555290699,0.12909944355487823,0.6712620854377747,1.0008565187454224,7,-0.0002046693116426468,-0.014324336312711239,-0.00025647026915395516,0.007041771896183491,0.0007885098457336426,0.008644451387226582,0.00909701082855463,-0.00033595040440559387,-0.018130099400877953,-0.00046122077571402625,0.00909701082855463,True
Grocery,42,12345,5466,4617,4803,28441,30081,0.12909944355487823,0.073323555290699,1.0008565187454224,0.6712620854377747,7,-0.0004241345450282097,-0.022328825667500496,-0.0006514926314224448,0.00928539503365755,0.0007483400404453278,0.00658012367784977,0.007132883183658123,-0.00019558053463697433,-0.013524355366826057,-0.00027490173502958356,0.007132883183658123,True
Grocery,42,12345,9599,8992,10155,66924,80476,0.0439799502491951,0.10660035908222198,0.21639055013656616,0.6984756588935852,12,0.00021570920944213867,0.014781765639781952,0.00021837980216364095,0.0071886032819747925,0.007238671183586121,-0.002365797758102417,0.005038514733314514,0.00016564130783081055,0.011311983689665794,0.00016015879096524565,0.007238671183586121,True
Grocery,42,12345,9599,10155,8992,80476,66924,0.10660035908222198,0.0439799502491951,0.6984756588935852,0.21639055013656616,12,0.0004121065139770508,0.010669696144759655,0.0004028378860073049,0.019105948507785797,0.01895805448293686,-0.0032366663217544556,0.016281388700008392,0.0005600005388259888,0.014554495923221111,0.0005934991235925673,0.01895805448293686,True
Grocery,42,12345,13295,10598,9659,85567,74750,0.045980047434568405,0.03327791392803192,0.37340569496154785,0.2837984263896942,15,-0.000270843505859375,-0.0010062215151265264,-0.0002743580956433428,0.0,-0.03490161895751953,-0.26990175247192383,-0.30531787872314453,-0.0005145072937011719,-0.0008432869799435139,-0.0005444099930801923,0.0,False
Grocery,42,12345,13295,9659,10598,74750,85567,0.03327791392803192,0.045980047434568405,0.2837984263896942,0.37340569496154785,15,-0.0007848739624023438,-0.000987830338999629,-0.0008421802576537019,0.0,-0.1292123794555664,-0.1007547378540039,-0.2287888526916504,0.0011782646179199219,0.0025683909188956022,0.0012775013958222037,0.0,False
Grocery,42,12345,13295,4558,9659,27424,74750,0.021147746592760086,0.03327791392803192,0.13216523826122284,0.2837984263896942,15,-6.532669067382812e-05,-0.0005978694534860551,-6.0168295304538835e-05,0.0,-0.048775672912597656,-0.2702198028564453,-0.31919193267822266,-0.0001964569091796875,-0.00030783575493842363,-0.00020366244836163088,0.0,False
Grocery,42,12345,12198,12203,2222,103253,9626,0.10425720363855362,0.3535533845424652,1.0403660535812378,3.1516060829162598,14,0.0002488642930984497,0.0641532689332962,0.00025902680729961115,0.00027158111333847046,0.00010329484939575195,-0.004916846752166748,-0.004396401345729828,0.0004171505570411682,0.04429970681667328,0.0002904343384474631,0.00010329484939575195,True
Grocery,42,12345,12198,2222,12203,9626,103253,0.3535533845424652,0.10425720363855362,3.1516060829162598,1.0403660535812378,14,0.0035561025142669678,0.1186298057436943,0.0019042308962472655,0.013210177421569824,0.014954924583435059,-0.0036267414689064026,0.0131397545337677,0.0018115714192390442,0.05710875242948532,0.001812617867716441,0.014954924583435059,True
Grocery,42,12345,6570,15958,3788,135827,18489,0.10000000149011612,0.03671115264296532,1.0882223844528198,0.47295746207237244,11,-0.0018010511994361877,-0.061238378286361694,-0.002400846114114419,0.0150727778673172,-0.001467376947402954,0.009717896580696106,0.008449837565422058,0.00019931793212890625,0.010151092894375324,6.488758202053411e-06,0.009717896580696106,True
Grocery,42,12345,6570,3788,15958,18489,135827,0.03671115264296532,0.10000000149011612,0.47295746207237244,1.0882223844528198,11,0.00016760453581809998,0.008522192016243935,0.0001743868264897485,0.009749609977006912,-0.001008450984954834,0.013257477432489395,0.012263275682926178,1.4249235391616821e-05,0.000537114858161658,1.6514672624243715e-05,0.013257477432489395,True
Grocery,42,12345,3582,4373,5268,24945,34315,0.025837117806077003,0.03587479889392853,0.335173636674881,0.4302411377429962,5,-4.267692565917969e-05,-0.00013166654389351606,-6.889855613279039e-05,0.04821348190307617,0.04795694351196289,-0.17346549034118652,-0.12529468536376953,0.00021386146545410156,0.0006168183172121644,0.0002786482253834753,0.04795694351196289,False
Grocery,42,12345,3582,5268,4373,34315,24945,0.03587479889392853,0.025837117806077003,0.4302411377429962,0.335173636674881,5,-0.00098419189453125,-0.0028484445065259933,-0.0009743195709197849,0.019461393356323242,0.019414901733398438,-0.1611483097076416,-0.1426711082458496,-0.0009377002716064453,-0.002900992287322879,-0.0010034994527630947,0.019414901733398438,False
Grocery,42,12345,5532,10768,13227,87992,111509,0.029695695266127586,0.04291410744190216,0.31697794795036316,0.6375916004180908,8,6.041768938302994e-05,0.03206943720579147,6.484190494275067e-05,0.0008156402036547661,-0.0010569635778665543,0.0012115370482206345,0.00029976852238178253,0.00014519505202770233,0.05653398483991623,0.00015534398264029016,0.0012115370482206345,True
Grocery,42,12345,5532,13227,10768,111509,87992,0.04291410744190216,0.029695695266127586,0.6375916004180908,0.31697794795036316,8,5.592219531536102e-05,0.021042747423052788,6.283972576441306e-05,0.0013008099049329758,-0.00041406042873859406,0.0008450346067547798,0.00046199746429920197,3.1023286283016205e-05,0.018025239929556847,3.341002614784812e-05,0.0008450346067547798,True
Grocery,42,12345,9966,10110,8660,79807,63040,0.1178511381149292,0.25,0.7046485543251038,1.5153247117996216,12,-0.0046617984771728516,-0.01066926121711731,-0.005169068932580387,0.21613776683807373,0.14663290977478027,0.32200801372528076,0.4709433317184448,0.002302408218383789,0.002450454281643033,0.0030228056672415397,0.4709433317184448,True
Grocery,42,12345,9966,8660,10110,63040,79807,0.25,0.1178511381149292,1.5153247117996216,0.7046485543251038,12,0.022533774375915527,0.01694244146347046,0.023665376851958353,0.6762765645980835,0.39145469665527344,0.07949578762054443,0.4539952278137207,-0.016955256462097168,-0.01833108253777027,-0.021510919320449476,0.4539952278137207,True
Grocery,42,12345,9966,9719,10110,75538,79807,0.041959069669246674,0.1178511381149292,0.3883305788040161,0.7046485543251038,12,-0.004519939422607422,-0.010720000602304935,-0.004483562254218448,0.2085580825805664,0.07540488243103027,0.06507885456085205,0.13794541358947754,-0.002538323402404785,-0.009116586297750473,-0.002666692131622417,0.13794541358947754,True
Grocery,42,12345,7093,945,6912,3925,47577,0.16903084516525269,0.10482847690582275,1.5379786491394043,0.6622684001922607,9,0.044716477394104004,0.05708904564380646,0.04046534555369674,0.36927974224090576,-0.15053939819335938,0.26233017444610596,0.11124134063720703,-0.0005494356155395508,-0.0010483193909749389,-0.005279103186391347,0.26233017444610596,False
Grocery,42,12345,7093,6912,945,47577,3925,0.10482847690582275,0.16903084516525269,0.6622684001922607,1.5379786491394043,9,0.00382387638092041,0.007357307709753513,0.0017505290985500022,0.2579573392868042,-0.17834007740020752,0.38841772079467773,0.23565614223480225,0.02557849884033203,0.03187693655490875,0.02204634855618737,0.38841772079467773,False
Grocery,42,12345,12011,11255,10815,94098,88980,0.26726123690605164,0.09712858498096466,2.5556273460388184,0.6350418925285339,13,-0.0041764527559280396,-0.03073069453239441,-0.0069638883728368045,0.06586422771215439,0.0027801357209682465,-0.004731597378849983,-0.0009197276085615158,0.001031734049320221,0.12236703187227249,0.0010153284461786442,0.0027801357209682465,True
Grocery,42,12345,12011,10815,11255,88980,94098,0.09712858498096466,0.26726123690605164,0.6350418925285339,2.5556273460388184,13,0.0006384234875440598,0.07942407578229904,0.0006103255733255915,0.0020572729408740997,0.006439290940761566,0.06161949411034584,0.06431519240140915,-0.0037435926496982574,-0.02828042209148407,-0.005940863397850689,0.06431519240140915,True
Grocery,42,12345,14992,14943,14513,129584,125301,0.03466876223683357,0.028867511078715324,0.32872313261032104,0.2274010330438614,16,-0.00010075420141220093,-0.013667957857251167,-0.00011080468067218132,0.003635399043560028,0.0008720345795154572,0.002036595717072487,0.0028358474373817444,-7.278285920619965e-05,-0.012670035474002361,-7.783291617136166e-05,0.0028358474373817444,True
Grocery,42,12345,14992,14514,14943,125315,129584,0.06933752447366714,0.03466876223683357,0.40499868988990784,0.32872313261032104,16,-0.0005436725914478302,-0.03630378842353821,-0.0006445341561975861,0.007215980440378189,0.0033110957592725754,0.0030873585492372513,0.006046488881111145,-0.00035196542739868164,-0.02828177995979786,-0.0004036162202130911,0.006046488881111145,True
Grocery,42,12345,14992,14513,14943,125301,129584,0.028867511078715324,0.03466876223683357,0.2274010330438614,0.32872313261032104,16,-4.2943283915519714e-05,-0.00845353864133358,-4.5628439537169496e-05,0.002518482506275177,0.0005685687065124512,0.0027922354638576508,0.003303961828351021,-5.6842342019081116e-05,-0.008528769947588444,-6.176969667135178e-05,0.003303961828351021,True
Grocery,42,12345,12282,7353,12512,51598,105965,0.026851078495383263,0.024318020790815353,0.09861064702272415,0.10209395736455917,14,-7.674098014831543e-06,-0.0010065442183986306,-8.12612802291975e-06,0.0038159340620040894,-0.0008065104484558105,0.0028769075870513916,0.0020576566457748413,-1.2740492820739746e-05,-0.0022191787138581276,-1.4544931560618753e-05,0.0028769075870513916,True
Grocery,42,12345,12282,12512,7353,105965,51598,0.024318020790815353,0.026851078495383263,0.10209395736455917,0.09861064702272415,14,-1.0594725608825684e-05,-0.001846112310886383,-1.264021966422427e-05,0.0028747618198394775,-0.0020588189363479614,0.0038207024335861206,0.0017494410276412964,-1.2442469596862793e-05,-0.0016309496713802218,-1.310978709484648e-05,0.0038207024335861206,True
Grocery,42,12345,12282,12278,12512,103760,105965,0.02217845618724823,0.024318020790815353,0.08639475703239441,0.10209395736455917,14,-2.2545456886291504e-05,-0.0034129489213228226,-2.2047542868346495e-05,0.003314197063446045,-0.0021259337663650513,0.0028596222400665283,0.0007382333278656006,4.544854164123535e-06,0.0007940275245346129,3.6724312067782256e-06,0.0028596222400665283,True
Grocery,42,12345,5313,5873,5874,39419,39482,0.06851886957883835,0.07715167850255966,0.7523424625396729,0.9279792308807373,8,6.70459121465683e-05,0.022218380123376846,7.761458875991077e-05,0.0014752659481018782,-0.00021340325474739075,0.0021324967965483665,0.0020149757619947195,9.58822201937437e-05,0.021986868232488632,0.00011644467791275894,0.0021324967965483665,True
Grocery,42,12345,5313,5874,5873,39482,39419,0.07715167850255966,0.06851886957883835,0.9279792308807373,0.7523424625396729,8,3.9875973016023636e-05,0.009028062224388123,4.428655073347612e-05,0.0021885030437260866,-8.052121847867966e-05,0.0015160294715315104,0.0014617906417697668,2.628238871693611e-05,0.008593645878136158,2.7861204711171896e-05,0.0015160294715315104,True
Grocery,42,12345,5313,5314,5874,34715,39482,0.1178511381149292,0.07715167850255966,0.9253956079483032,0.9279792308807373,8,5.006138235330582e-05,0.024442100897431374,6.823308094489056e-05,0.0010375815909355879,9.920867159962654e-05,0.0022890514228492975,0.002327587688341737,-6.067240610718727e-05,-0.012865615077316761,-0.00010926007888117334,0.002327587688341737,True
Grocery,42,12345,11708,13570,11686,115287,98183,0.045501574873924255,0.03798685595393181,0.26088234782218933,0.558285117149353,13,5.95995516050607e-07,0.05876338109374046,5.306888417594797e-07,4.768149665324017e-06,-6.436850526370108e-06,2.324451634194702e-05,1.9191586034139618e-05,2.3839202185627073e-06,0.048767924308776855,2.665750726487102e-06,2.324451634194702e-05,True
Grocery,42,12345,11708,11686,13570,98183,115287,0.03798685595393181,0.045501574873924255,0.558285117149353,0.26088234782218933,13,1.1919109965674579e-07,0.0023303322959691286,1.7671976694623602e-07,2.550924546085298e-05,-1.1920201359316707e-07,5.4833508329465985e-06,5.244943167781457e-06,-1.1920565157197416e-07,-0.010979111306369305,5.508409640778482e-08,5.4833508329465985e-06,True
Grocery,42,12345,1636,586,1215,2564,5097,0.1601281613111496,0.1601281613111496,1.9733515977859497,1.4476544857025146,1,-0.0008770367130637169,-0.0974758118391037,-0.001602824893561138,0.004060216713696718,0.002125741448253393,0.004135384690016508,0.005154451355338097,-0.0011066747829318047,-0.0969441756606102,-0.002074252871042671,0.005154451355338097,True
Grocery,42,12345,1636,1215,586,5097,2564,0.1601281613111496,0.1601281613111496,1.4476544857025146,1.9733515977859497,1,-0.0009408029727637768,-0.08886310458183289,-0.0017084639645103287,0.00482314545661211,0.001612314023077488,0.002922794781625271,0.0037764273583889008,-0.000758681446313858,-0.09128042310476303,-0.0013582139779030383,0.0037764273583889008,True
Grocery,42,12345,1636,532,586,2325,2564,0.40824827551841736,0.1601281613111496,3.199253559112549,1.9733515977859497,1,-0.025121521204710007,-0.24801300466060638,-0.11138762186125052,0.038084808737039566,0.007951033301651478,0.0058105443604290485,0.01011514663696289,-0.0036464310251176357,-0.15271900594234467,-0.009337886593566165,0.01011514663696289,True
Grocery,42,12345,11332,11853,10893,100000,90065,0.05270462855696678,0.0690065547823906,0.7448751926422119,0.44251787662506104,13,2.916943049058318e-05,0.0389195941388607,3.748134800124757e-05,0.0003601499192882329,-4.491570871323347e-05,0.00013011213741265237,9.567607776261866e-05,1.0479649063199759e-05,0.03871115297079086,1.1593197671455272e-05,0.00013011213741265237,True
Grocery,42,12345,11332,10893,11853,90065,100000,0.0690065547823906,0.05270462855696678,0.44251787662506104,0.7448751926422119,13,7.74077489040792e-06,0.028307534754276276,8.81809688902554e-06,0.0001328510115854442,-4.514283500611782e-05,0.0003680075751617551,0.0003441765147726983,2.131177461706102e-05,0.028140412643551826,2.7606861447174566e-05,0.0003680075751617551,True
Grocery,42,12345,13595,13820,13148,118052,110454,0.08671099692583084,0.05006261542439461,0.8429216146469116,0.21550120413303375,15,-1.833643182180822e-05,-0.03141016885638237,-2.3619095189684238e-05,0.0002827136486303061,3.9914215449243784e-05,4.694407107308507e-05,8.352383156307042e-05,-3.334454959258437e-06,-0.01956930384039879,-3.8476103351303975e-06,8.352383156307042e-05,True
Grocery,42,12345,13595,13148,13820,110454,118052,0.05006261542439461,0.08671099692583084,0.21550120413303375,0.8429216146469116,15,1.5481782611459494e-06,0.018069086596369743,1.6817929700224966e-06,4.206143785268068e-05,-2.763792872428894e-05,0.00021886694594286382,0.00020015952759422362,8.930510375648737e-06,0.019993333145976067,1.0751571686499683e-05,0.00021886694594286382,True
Grocery,42,12345,13146,13069,13130,109413,110182,0.05143444985151291,0.020998025313019753,0.5242536067962646,0.18769803643226624,15,-1.1760974302887917e-05,-0.012008491903543472,-1.3448854428429807e-05,0.00048380857333540916,4.093477036803961e-05,0.00016327283810824156,0.00020028662402182817,-3.9209844544529915e-06,-0.009693308733403683,-4.041819204522487e-06,0.00020028662402182817,True
Grocery,42,12345,13146,13130,13069,110182,109413,0.020998025313019753,0.05143444985151291,0.18769803643226624,0.5242536067962646,15,-4.514353349804878e-06,-0.01061385590583086,-4.740346814803613e-06,0.00021040102001279593,5.9243058785796165e-05,0.0004477420588955283,0.0004942768719047308,-1.2708245776593685e-05,-0.012692101299762726,-1.4751999616723694e-05,0.0004942768719047308,True
Grocery,42,12345,16597,15853,16702,135225,139759,0.25,0.25,2.2992186546325684,2.1650633811950684,17,0.00025250320322811604,0.1897856742143631,0.00034667852850678196,0.0005389759317040443,-0.00030454882653430104,0.0003950867976527661,0.0002858146617654711,0.0001952767197508365,0.1981578916311264,0.00024802329251532353,0.0003950867976527661,True
Grocery,42,12345,16597,16702,15853,139759,135225,0.25,0.25,2.1650633811950684,2.2992186546325684,17,-1.4854653272777796e-05,-0.011191665194928646,-2.5988011813511333e-05,0.0006562157068401575,9.619735646992922e-05,0.0008366789552383125,0.0008876764914020896,-4.5199820306152105e-05,-0.024827387183904648,-9.052667832366023e-05,0.0008876764914020896,True
Grocery,42,12345,16597,16830,15853,140446,135225,0.5,0.25,3.1024134159088135,2.2992186546325684,17,-0.0003352153580635786,-0.05594697222113609,-0.0012679402788284364,0.0028282185085117817,-2.9646791517734528e-05,0.0007493210141547024,0.0007618323434144258,4.215812077745795e-05,0.027361009269952774,3.13911020382261e-05,0.0007618323434144258,True
Grocery,42,12345,7391,7259,6807,50749,46726,0.05270462855696678,0.12909944355487823,0.387138694524765,0.9450569152832031,9,9.000301361083984e-05,0.00021809784811921418,8.572688573485476e-05,0.20638132095336914,-0.00029277801513671875,0.1280001401901245,0.12817633152008057,0.00046896934509277344,0.001828559790737927,0.00038510510398372854,0.12817633152008057,False
Grocery,42,12345,7391,6807,7259,46726,50749,0.12909944355487823,0.05270462855696678,0.9450569152832031,0.387138694524765,9,0.010922670364379883,0.02792646363377571,0.010908552978586505,0.1175464391708374,-0.2038254737854004,0.19256961345672607,0.00247037410736084,0.013726234436035156,0.03441319242119789,0.01371332047100568,0.19256961345672607,False
Grocery,42,12345,4398,3388,5973,15810,40584,0.1270001232624054,0.7071067690849304,0.6233001947402954,6.070404529571533,8,0.021477434784173965,0.18390297889709473,0.022975349266594697,0.047654662281274796,-0.19450825452804565,0.7616723775863647,0.7345346212387085,0.1673704981803894,0.09899389743804932,0.28055266739308266,0.7616723775863647,True
Grocery,42,12345,4398,5973,3388,40584,15810,0.7071067690849304,0.1270001232624054,6.070404529571533,0.6233001947402954,8,0.5403373837471008,0.4100460410118103,0.9943009119329912,0.38870537281036377,-0.12133881449699402,0.014385860413312912,-0.05220671370625496,0.054746244102716446,0.2913097143173218,0.027097246057412722,0.014385860413312912,True
Grocery,42,12345,6211,5614,6070,37122,41478,0.07453560084104538,0.05360562726855278,0.6583598852157593,0.5385849475860596,8,2.3839311324991286e-07,0.022200264036655426,3.2482580285898294e-07,5.244954081717879e-06,-2.9800721677020192e-06,6.4369851315859705e-06,3.695302439155057e-06,2.3838947527110577e-07,0.018166663125157356,3.4688230043749794e-07,6.4369851315859705e-06,True
Grocery,42,12345,6211,6070,5614,41478,37122,0.05360562726855278,0.07453560084104538,0.5385849475860596,0.6583598852157593,8,5.959736881777644e-07,0.043443385511636734,6.724251029722341e-07,6.079400918679312e-06,-7.032991561572999e-06,5.00656824442558e-06,-1.5496443666052073e-06,4.7677895054221153e-07,0.035059329122304916,4.464095220717906e-07,5.00656824442558e-06,True
Grocery,42,12345,13950,13986,14676,119716,126784,0.07453560084104538,0.10540925711393356,0.5829874873161316,0.5675942301750183,16,-1.1920292308786884e-07,-0.012332388199865818,-3.9725075481340306e-07,4.768319740833249e-06,1.5497062122449279e-06,4.7683261072961614e-07,2.026538822974544e-06,0.0,0.0,6.717306523688233e-08,2.026538822974544e-06,True
Grocery,42,12345,13950,14676,13986,126784,119716,0.10540925711393356,0.07453560084104538,0.5675942301750183,0.5829874873161316,16,0.0,0.0,7.044255672216509e-08,2.1457472030306235e-06,1.7881175153888762e-06,3.218613528588321e-06,4.887528120889328e-06,-1.1920292308786884e-07,-0.012035521678626537,-4.3743468536894724e-07,4.887528120889328e-06,True
Grocery,42,12345,1579,595,749,2600,3193,0.14433756470680237,0.07216878235340118,1.7191812992095947,0.8540025353431702,1,-5.597577546723187e-05,-0.07631555199623108,-8.422630286012456e-05,0.0003387461183592677,0.00025484824436716735,0.00016464910004287958,0.0003580451011657715,-6.145224324427545e-05,-0.07903292030096054,-8.912024566973485e-05,0.0003580451011657715,True
Grocery,42,12345,1579,749,595,3193,2600,0.07216878235340118,0.14433756470680237,0.8540025353431702,1.7191812992095947,1,-2.9062211979180574e-05,-0.06094404309988022,-3.780524226980412e-05,0.00022389745572581887,0.00011700871982611716,0.00011474467464722693,0.0002063830615952611,-2.537033287808299e-05,-0.05790377035737038,-3.3721237362621824e-05,0.0002063830615952611,True
Grocery,42,12345,2519,1904,9022,8057,67148,0.11470786482095718,0.06362847983837128,1.0045628547668457,0.5604086518287659,5,-0.013383030891418457,-0.011914403177797794,-0.016496018653073208,0.0,-0.10107481479644775,-0.02592790126800537,-0.12567150592803955,0.0013312101364135742,0.005268484354019165,0.0011932605501032898,0.0,False
Grocery,42,12345,2519,9022,1904,67148,8057,0.06362847983837128,0.11470786482095718,0.5604086518287659,1.0045628547668457,5,-0.000213623046875,-0.0023454513866454363,-0.00014891398841159614,0.04564666748046875,0.04033541679382324,-0.4870636463165283,-0.44163060188293457,0.005097627639770508,0.0052605485543608665,0.005922528240784066,0.04033541679382324,False
Grocery,42,12345,11058,16550,15353,138863,132685,0.1601281613111496,0.17407765984535217,1.1875262260437012,0.8736884593963623,13,0.0033664703369140625,0.00781410001218319,0.0027453196897828658,0.07196986675262451,0.06497365236282349,-0.4465615749359131,-0.37122535705566406,0.010362565517425537,0.01173881720751524,0.010956191361979412,0.06497365236282349,False
Grocery,42,12345,11058,15353,16550,132685,138863,0.17407765984535217,0.1601281613111496,0.8736884593963623,1.1875262260437012,13,-0.007881104946136475,-0.009116195142269135,-0.002856158963315869,0.04680103063583374,0.06132793426513672,-0.19131863117218018,-0.15239882469177246,-0.022408127784729004,-0.05532250925898552,-0.01992665384519336,0.06132793426513672,False
Grocery,42,12345,5243,4368,4487,24410,26444,0.03500700369477272,0.04756515100598335,0.37378978729248047,0.4053337574005127,7,6.259512156248093e-05,0.011339116841554642,7.039353815430083e-05,0.002728838473558426,-0.00026774127036333084,0.002812132239341736,0.002614031545817852,6.964057683944702e-05,0.012230702675879002,7.932774293443589e-05,0.002812132239341736,True
Grocery,42,12345,5243,4487,4368,26444,24410,0.04756515100598335,0.03500700369477272,0.4053337574005127,0.37378978729248047,7,0.00030101463198661804,0.0551028735935688,0.0003244833332825656,0.0025808755308389664,-0.0011692456901073456,0.002516726963222027,0.0016221879050135612,0.00027470663189888,0.05175166204571724,0.0002933083923489386,0.002516726963222027,True
Grocery,42,12345,5243,5387,4487,35259,26444,0.04428074508905411,0.04756515100598335,0.5586072206497192,0.4053337574005127,7,0.00017199106514453888,0.018389610573649406,0.00020510099089118307,0.004590310156345367,-0.00042184535413980484,0.00276920385658741,0.002459927462041378,0.00011256895959377289,0.01992023177444935,0.0001266001559944524,0.00276920385658741,True
Grocery,42,12345,11731,10762,11696,87729,98331,0.1111111119389534,0.13245323300361633,1.6179078817367554,1.5983387231826782,13,-0.0003887806087732315,-0.04332217946648598,-0.0006007166156499735,0.0042926897294819355,0.0007984861731529236,0.0032716630958020687,0.003729714546352625,-0.0003404347226023674,-0.043646182864904404,-0.0005152080821594631,0.003729714546352625,True
Grocery,42,12345,11731,10898,11696,90130,98331,0.12909944355487823,0.13245323300361633,1.8733893632888794,1.5983387231826782,13,-0.0005938438698649406,-0.04799331724643707,-0.000988029911739268,0.00588980782777071,0.0010306509211659431,0.003376133507117629,0.0039618792943656445,-0.00044490513391792774,-0.053163159638643265,-0.0006949496997749134,0.0039618792943656445,True
Grocery,42,12345,11731,11696,10898,98331,90130,0.13245323300361633,0.12909944355487823,1.5983387231826782,1.8733893632888794,13,-0.0008286214433610439,-0.07921567559242249,-0.0014135365785802366,0.004815844818949699,0.0020964816212654114,0.0057507045567035675,0.006806699559092522,-0.0010404866188764572,-0.07100409269332886,-0.0018943138433093888,0.006806699559092522,True
Grocery,42,12345,5450,17030,5306,141855,34676,0.09245003014802933,0.3333333432674408,1.1652272939682007,2.024949789047241,7,5.546584725379944e-05,0.001594375935383141,6.1925137637385e-05,0.017366480082273483,-0.002553611993789673,0.06196039915084839,0.06099802628159523,0.0015912353992462158,0.012677948921918869,0.002403935991742485,0.06196039915084839,True
Grocery,42,12345,5450,5306,17030,34676,141855,0.3333333432674408,0.09245003014802933,2.024949789047241,1.1652272939682007,7,-0.0019431784749031067,-0.01437071431428194,-0.0034481588138949373,0.06663738191127777,0.002001006156206131,0.018280066549777985,0.019422952085733414,-0.0008581206202507019,-0.021612931042909622,-0.0011150856533844805,0.019422952085733414,True
Grocery,42,12345,5247,16211,15012,137054,130376,0.10101525485515594,0.04652421176433563,0.7367151379585266,0.6270843744277954,8,-0.008562088012695312,-0.023166820406913757,-0.007953878530682357,0.05371665954589844,0.04053974151611328,-0.07255315780639648,-0.02739858627319336,0.004614830017089844,0.032847750931978226,0.004962005052479796,0.04053974151611328,False
Grocery,42,12345,5247,3441,16211,16359,137054,0.15430335700511932,0.10101525485515594,1.4322497844696045,0.7367151379585266,8,0.014008522033691406,0.010751704685389996,0.01564773743607306,0.0,-0.10035037994384766,-0.18104791641235352,-0.28942346572875977,-0.008025169372558594,-0.014058975502848625,-0.007286045139643295,0.0,False
Grocery,42,12345,5247,15012,16211,130376,137054,0.04652421176433563,0.10101525485515594,0.6270843744277954,0.7367151379585266,8,-0.0005998611450195312,-0.0031591844744980335,-0.0006082130017304316,0.0,-0.029499530792236328,-0.19067144393920898,-0.21857213973999023,0.0015988349914550781,0.003644125536084175,0.001463400394270854,0.0,False
Grocery,42,12345,5967,6304,4478,43135,26379,0.08804509043693542,0.10540925711393356,1.1397614479064941,1.1561397314071655,8,0.02287343144416809,0.040815990418195724,0.022750159657945246,0.2687651216983795,-0.08725231885910034,0.3587651550769806,0.30381929874420166,0.03230646252632141,0.043084658682346344,0.03219398924472882,0.3587651550769806,True
Grocery,42,12345,5967,4271,4478,22979,26379,0.10910893976688385,0.10540925711393356,1.426904320716858,1.1561397314071655,8,0.024385303258895874,0.051368143409490585,0.0256113052783023,0.22516557574272156,-0.09591299295425415,0.3562054932117462,0.29515862464904785,0.034866124391555786,0.04665755480527878,0.03380947965243693,0.3562054932117462,True
Grocery,42,12345,5967,4478,6304,26379,43135,0.10540925711393356,0.08804509043693542,1.1561397314071655,1.1397614479064941,8,0.044039517641067505,0.059665754437446594,0.04425411969590892,0.3470320999622345,-0.10490602254867554,0.25977471470832825,0.18673276901245117,0.03186407685279846,0.05778617039322853,0.03212951813034734,0.25977471470832825,True
Grocery,42,12345,5750,12621,5106,106830,33090,0.12309148907661438,0.05802588537335396,1.4454642534255981,0.43634551763534546,8,0.00012915395200252533,0.03671015426516533,0.000156266577217934,0.0003906823694705963,-0.0022413618862628937,0.0033727874979376793,0.001678265631198883,0.0005468400195240974,0.07498740404844284,0.0005845861575221103,0.0033727874979376793,True
Grocery,42,12345,5750,5106,12621,33090,106830,0.05802588537335396,0.12309148907661438,0.43634551763534546,1.4454642534255981,8,1.3000331819057465e-05,0.0016611156752333045,1.5474060329573498e-05,0.003906627185642719,-0.00013357866555452347,0.0005383789539337158,0.0003862576559185982,-1.8542632460594177e-05,-0.017522387206554413,1.3240330308536459e-05,0.0005383789539337158,True
Grocery,42,12345,10929,11208,11083,93475,92166,0.044901326298713684,0.05000000074505806,0.3972910940647125,0.5207189321517944,13,-0.00017181411385536194,-0.016647057607769966,-0.00019536514276180528,0.005074582993984222,0.0018776468932628632,0.005520038306713104,0.007150949910283089,-0.0002467352896928787,-0.016959330067038536,-0.00028769995553225037,0.007150949910283089,True
Grocery,42,12345,10929,11083,11208,92166,93475,0.05000000074505806,0.044901326298713684,0.5207189321517944,0.3972910940647125,13,-0.00028539635241031647,-0.018886065110564232,-0.00033520509655451686,0.00741303525865078,0.002052571624517441,0.003470093011856079,0.005324428901076317,-0.00019823573529720306,-0.01827545277774334,-0.00022697452885376673,0.005324428901076317,True
Grocery,42,12345,10929,1970,11208,8418,93475,0.02076137065887451,0.044901326298713684,0.11520364880561829,0.3972910940647125,13,-6.925314664840698e-06,-0.00267517170868814,-5.911344639552294e-06,0.0,-0.0002588629722595215,0.003198159858584404,0.0030129943042993546,7.369741797447205e-05,0.01139058917760849,7.867987516803137e-05,0.003198159858584404,True
Grocery,42,12345,8210,7389,7565,51889,53290,0.06666667014360428,0.05634361505508423,0.43748435378074646,0.37201234698295593,9,5.961209535598755e-05,0.026242371648550034,6.344922778249483e-05,0.0011059874668717384,-0.00018309243023395538,0.0013948562555015087,0.001278197392821312,6.643356755375862e-05,0.023259781301021576,7.187026249020203e-05,0.0013948562555015087,True
Grocery,42,12345,8210,8086,7389,57395,51889,0.06454972177743912,0.06666667014360428,0.8056977987289429,0.43748435378074646,9,9.789410978555679e-05,0.026659630239009857,0.000101747068687121,0.0017870469018816948,-0.0003179502673447132,0.0010829977691173553,0.0008475305512547493,8.248304948210716e-05,0.03668377548456192,8.813892276821861e-05,0.0010829977691173553,True
Grocery,42,12345,8210,7565,7389,53290,51889,0.05634361505508423,0.06666667014360428,0.37201234698295593,0.43748435378074646,9,0.00010476680472493172,0.03718005493283272,0.0001137259951868824,0.0013565230183303356,-0.00034356117248535156,0.0010756663978099823,0.000821919646114111,8.981442078948021e-05,0.040075019001960754,9.559804459955422e-05,0.0010756663978099823,True
Grocery,42,12345,13662,13627,15026,115995,130627,0.0842151939868927,0.020425183698534966,0.9853193759918213,0.23734889924526215,15,-1.0727781045716256e-06,-0.022107349708676338,-1.3850939419140837e-06,2.3721539037069306e-05,2.0264851627871394e-06,3.576169547159225e-07,2.384102117503062e-06,0.0,0.0,2.9109856000388723e-08,2.384102117503062e-06,True
Grocery,42,12345,13662,15026,13627,130627,115995,0.020425183698534966,0.0842151939868927,0.23734889924526215,0.9853193759918213,15,-1.1920201359316707e-07,-0.05239887535572052,-8.249238238712757e-09,1.0728472261689603e-06,9.536197467241436e-07,2.0979867258574814e-05,2.1575895516434684e-05,-3.5759148886427283e-07,-0.008216832764446735,-5.091518767258917e-07,2.1575895516434684e-05,True
Grocery,42,12345,15610,5398,16753,35624,140020,0.05923488736152649,0.25819888710975647,0.4751621186733246,1.2722834348678589,17,0.002312302589416504,0.03855947405099869,0.002408127768467744,0.017259836196899414,-0.04084348678588867,0.22967267036437988,0.20084524154663086,0.012016057968139648,0.025492239743471146,0.012813375282878636,0.22967267036437988,True
Grocery,42,12345,15610,15522,16753,133593,140020,0.25819888710975647,0.25819888710975647,1.2825849056243896,1.2722834348678589,17,0.06627583503723145,0.08217047899961472,0.06559767556014062,0.37214815616607666,0.4062211513519287,0.21148955821990967,0.6479098796844482,0.030199170112609863,0.023861154913902283,0.04045306307315069,0.6479098796844482,True
Grocery,42,12345,15610,16753,15522,140020,133593,0.25819888710975647,0.25819888710975647,1.2722834348678589,1.2825849056243896,17,0.058269381523132324,0.1370694935321808,0.062481727139123255,0.20959711074829102,-0.007570624351501465,-0.03174471855163574,-0.005567193031311035,0.03374814987182617,0.7519214749336243,0.027293822979316065,0.0,True
Grocery,42,12345,3834,8083,2391,57379,10399,0.20412413775920868,0.20412413775920868,1.1693178415298462,1.5875262022018433,3,0.004617186728864908,0.36544132232666016,0.004506383739917406,0.00400867685675621,0.01405760832130909,0.008740267716348171,0.017366131767630577,-0.005431744270026684,-0.13523906469345093,-0.011383534941805612,0.017366131767630577,True
Grocery,42,12345,3834,2914,2391,13103,10399,0.40824827551841736,0.20412413775920868,2.062406539916992,1.5875262022018433,3,0.005164668429642916,0.242275208234787,0.005277875413281656,0.00807634275406599,0.019738944247364998,0.009806456044316292,0.023047467693686485,-0.006497932597994804,-0.12355156987905502,-0.014464253925148229,0.023047467693686485,True
Grocery,42,12345,3834,2391,8083,10399,57379,0.20412413775920868,0.20412413775920868,1.5875262022018433,1.1693178415298462,3,-0.0023441845551133156,-0.09688214212656021,-0.004178900175093493,0.010926028713583946,0.002733552362769842,-0.00588113022968173,-0.0006076926365494728,0.0025398852303624153,0.2754043638706207,0.002239440158710297,0.002733552362769842,True
Grocery,42,12345,1662,866,1215,3611,5098,0.3162277638912201,0.1961161345243454,2.0755224227905273,1.7730072736740112,1,-0.00703517347574234,-0.11447703838348389,-0.016892380764315058,0.027209851890802383,0.01690397784113884,0.040497757494449615,0.04490888863801956,-0.012492846697568893,-0.12210702151060104,-0.030373190851899285,0.04490888863801956,True
Grocery,42,12345,1662,1215,866,5098,3611,0.1961161345243454,0.3162277638912201,1.7730072736740112,2.0755224227905273,1,-0.007019594311714172,-0.08593855798244476,-0.015332016221743698,0.03733097389340401,0.00693194754421711,0.020389027893543243,0.022695496678352356,-0.004625478759407997,-0.09247909486293793,-0.010304026716797763,0.022695496678352356,True
Grocery,42,12345,11760,11747,11032,98886,91647,0.21320071816444397,0.1270001232624054,2.4837262630462646,1.1198011636734009,13,-0.0005998611450195312,-0.0021960262674838305,-0.01164088503850362,0.13627883791923523,0.0015535280108451843,0.013215746730566025,0.013491425663232803,-0.0012778490781784058,-0.045216452330350876,-0.0026838601074388253,0.013491425663232803,True
Grocery,42,12345,11760,11032,11747,91647,98886,0.1270001232624054,0.21320071816444397,1.1198011636734009,2.4837262630462646,13,0.0016186274588108063,0.07272384315729141,0.0019824711531790055,0.010319270193576813,-0.019907116889953613,0.12001986801624298,0.1154961884021759,0.015383437275886536,0.060227252542972565,0.025462721224066193,0.12001986801624298,True
Grocery,42,12345,10262,2199,10237,9551,81297,0.09284766763448715,0.03737175464630127,0.4958838224411011,0.30509239435195923,12,-0.000483587384223938,-0.02582056075334549,-0.0006191953709318264,0.009606175124645233,0.010187655687332153,0.011007331311702728,0.020129919052124023,-0.0010650679469108582,-0.025773020461201668,-0.0012876161738507525,0.020129919052124023,True
Grocery,42,12345,10262,10237,2199,81297,9551,0.03737175464630127,0.09284766763448715,0.30509239435195923,0.4958838224411011,12,-5.395710468292236e-05,-0.0025193935725837946,-6.707931621397802e-05,0.01068136841058731,0.0009000897407531738,-0.004224114120006561,-0.003538966178894043,-0.00021494179964065552,-0.02481095679104328,-0.0001931097696977328,0.0009000897407531738,True
Grocery,42,12345,2183,2894,14133,13000,121410,0.08512565493583679,0.05661385506391525,0.3805576264858246,0.346417635679245,5,0.0026578903198242188,0.008188683539628983,0.0022016792900203634,0.16096150875091553,0.1689441204071045,0.12013900279998779,0.28375840187072754,-0.005324721336364746,-0.00929527822881937,-0.004863781304013281,0.28375840187072754,True
Grocery,42,12345,2183,14133,2894,121410,13000,0.05661385506391525,0.08512565493583679,0.346417635679245,0.3805576264858246,5,0.0012326240539550781,0.005396873224526644,0.0012160986744288171,0.11358165740966797,-0.02558600902557373,-0.01648426055908203,-0.04207313060760498,-2.86102294921875e-06,-3.400174682610668e-05,0.00011584950512246416,0.0,True
Grocery,42,12345,2516,947,3755,3945,18061,0.07001400738954544,0.12909944355487823,0.6266089081764221,0.7962725162506104,3,0.011415660381317139,0.1103973388671875,0.010587044839397958,0.03476373851299286,0.05769319832324982,0.07032895088195801,0.11650815606117249,-0.01151399314403534,-0.04708615690469742,-0.013631386862377623,0.11650815606117249,True
Grocery,42,12345,2516,3755,947,18061,3945,0.12909944355487823,0.07001400738954544,0.7962725162506104,0.6266089081764221,3,-0.026949092745780945,-0.07109381258487701,-0.03513171707123158,0.176057368516922,0.06726683676242828,-0.06902135908603668,0.02127186954021454,0.023026391863822937,0.1461435705423355,0.02306955007268812,0.06726683676242828,True
Grocery,42,12345,13017,13012,13015,109060,109084,0.17407765984535217,0.13245323300361633,0.9710094332695007,0.904931366443634,14,-0.028503835201263428,-0.04125487431883812,-0.030305179578955205,0.3312082886695862,0.1191520094871521,-0.19698798656463623,-0.0540810227394104,0.02375495433807373,0.06416425108909607,0.022935869140613217,0.1191520094871521,True
Grocery,42,12345,13017,7059,13015,48939,109084,0.04794633015990257,0.13245323300361633,0.1823200285434723,0.904931366443634,14,-0.0013050436973571777,-0.01051592081785202,-0.001336296902470821,0.061398327350616455,0.025089681148529053,-0.17861264944076538,-0.14814335107803345,0.005379617214202881,0.01528970617800951,0.005120800482282261,0.025089681148529053,True
Grocery,42,12345,13017,13015,13012,109084,109060,0.13245323300361633,0.17407765984535217,0.904931366443634,0.9710094332695007,14,0.01805400848388672,0.04952815920114517,0.017275430576807138,0.08100754022598267,0.12145733833312988,0.18219339847564697,0.28125494718551636,-0.022395789623260498,-0.038289573043584824,-0.02389825700559694,0.28125494718551636,True
Grocery,42,12345,8348,10305,8631,82245,62657,0.15430335700511932,0.17407765984535217,1.3500272035598755,1.3673474788665771,12,-0.0008812174201011658,-0.02227110229432583,-0.0016123104754982766,0.019343260675668716,0.020677365362644196,0.020430423319339752,0.03541025519371033,-0.005697533488273621,-0.0744599923491478,-0.008042664195350626,0.03541025519371033,True
Grocery,42,12345,8348,8363,8631,59367,62657,0.28867512941360474,0.17407765984535217,2.156679153442383,1.3673474788665771,12,0.0023835040628910065,0.04972074553370476,0.00036285226359628227,0.024300821125507355,0.03459789603948593,0.024170130491256714,0.04933078587055206,-0.009437240660190582,-0.08730197697877884,-0.01404938500721735,0.04933078587055206,True
Grocery,42,12345,8348,8631,10305,62657,82245,0.17407765984535217,0.15430335700511932,1.3673474788665771,1.3500272035598755,12,-0.006156928837299347,-0.07561518251895905,-0.008711447077725084,0.037633784115314484,0.016714025288820267,0.0034522712230682373,0.020196236670017242,2.9940158128738403e-05,0.0007417807355523109,-0.0005762173553087559,0.020196236670017242,True
Grocery,42,12345,14494,13172,14493,110688,125137,0.3333333432674408,0.19245009124279022,2.061572790145874,1.6282918453216553,16,-0.0006115138530731201,-0.17818202078342438,-0.0015137887673581738,0.0014102188870310783,0.0004379956517368555,4.264729795977473e-05,0.0004724381724372506,-8.204777259379625e-06,-0.00860859639942646,-2.1076479984355202e-05,0.0004724381724372506,True
Grocery,42,12345,14494,14493,13172,125137,110688,0.19245009124279022,0.3333333432674408,1.6282918453216553,2.061572790145874,16,-8.213886758312583e-06,-0.015612360090017319,-1.4823152751757576e-05,0.0002589452196843922,0.0005259676254354417,0.0006785929435864091,0.0008948817267082632,-0.00030967884231358767,-0.14750458300113678,-0.0006405420548469455,0.0008948817267082632,True
Grocery,42,12345,3726,12461,3189,105555,14593,0.40824827551841736,0.09128709137439728,2.9969234466552734,0.6738855242729187,4,-0.022547483444213867,-0.014774227514863014,-0.05558332999798832,0.7743418216705322,-0.22328996658325195,-0.051928043365478516,-0.2807915210723877,-0.0055735111236572266,-0.01002412848174572,-0.007661839462826465,0.0,False
Grocery,42,12345,3726,3189,12394,14593,105118,0.09128709137439728,0.06711560487747192,0.6738855242729187,0.4368203580379486,4,-0.001316070556640625,-0.0058092051185667515,-0.0016244243464861446,0.0,-0.05695319175720215,-0.037569522857666016,-0.09531641006469727,-0.0007936954498291016,-0.00418088398873806,-0.0009153519351081266,0.0,False
Grocery,42,12345,3726,12394,3189,105118,14593,0.06711560487747192,0.09128709137439728,0.4368203580379486,0.6738855242729187,4,-0.0007536411285400391,-0.003634373191744089,-0.0008606836919070951,0.0,-0.06515002250671387,-0.056201934814453125,-0.12265157699584961,-0.0012996196746826172,-0.005326232872903347,-0.0015918599573966662,0.0,False
Grocery,42,12345,1061,6832,1438,46865,5996,0.20412413775920868,0.40824827551841736,1.7467323541641235,2.982736587524414,1,0.002847990021109581,0.09408571571111679,0.0019951581012468012,0.0017074928618967533,0.008380606770515442,0.02352365292608738,0.028079135343432426,-0.003825124353170395,-0.06376970559358597,-0.0059568702110719025,0.028079135343432426,True
Grocery,42,12345,1061,1438,1945,5996,8186,0.40824827551841736,0.40824827551841736,2.982736587524414,4.158473968505859,1,-0.034931790083646774,-0.15515045821666718,-0.07250816368848147,0.0951080173254013,0.05709276720881462,0.02872331812977791,0.0692010149359703,-0.016615070402622223,-0.10718216001987457,-0.03164977888335274,0.0692010149359703,True
Grocery,42,12345,1061,1945,1438,8186,5996,0.40824827551841736,0.40824827551841736,4.158473968505859,2.982736587524414,1,-0.005475647747516632,-0.0791068971157074,-0.008495496566034313,0.03187134116888046,0.0268266461789608,0.03223773464560509,0.046525172889232635,-0.012539207935333252,-0.11875423789024353,-0.02171455813525873,0.046525172889232635,True
Grocery,42,12345,13808,14527,14528,125583,125595,0.0857492983341217,0.10206206887960434,0.8178296089172363,0.9630524516105652,16,-0.0005173366516828537,-0.03659762814640999,-0.0006342946816530115,0.006809225305914879,0.0027622757479548454,0.001874629408121109,0.004533344879746437,-0.00010356027632951736,-0.011293057352304459,-0.00013046077238187384,0.004533344879746437,True
Grocery,42,12345,13808,14528,14527,125595,125583,0.10206206887960434,0.0857492983341217,0.9630524516105652,0.8178296089172363,16,-0.00016990583389997482,-0.014615914784371853,-0.00021520818852218543,0.00572739914059639,0.004539236426353455,0.004385985434055328,0.008172409608960152,-0.0007528122514486313,-0.04403018206357956,-0.0009510306866424671,0.008172409608960152,True
Grocery,42,12345,16562,7021,5404,48577,35682,0.0833333358168602,0.14433756470680237,0.5723069310188293,1.6042894124984741,17,0.0031425952911376953,0.010018781758844852,0.0029716189347610555,0.15526390075683594,-0.09468412399291992,0.18188047409057617,0.08634591102600098,-0.0008504390716552734,-0.002343385014683008,-0.0022370351408932216,0.18188047409057617,False
Grocery,42,12345,16562,5404,7021,35682,48577,0.14433756470680237,0.0833333358168602,1.6042894124984741,0.5723069310188293,17,0.02057194709777832,0.02762054279446602,0.02123034390374748,0.3826889991760254,0.21519899368286133,0.15137434005737305,0.37360525131225586,0.007031917572021484,0.009500298649072647,0.007679253287852083,0.37360525131225586,False
Grocery,42,12345,9768,8414,8782,60008,64583,0.10540925711393356,0.05205791816115379,0.9794403910636902,0.4373537600040436,12,-0.0004547913558781147,-0.0498291477560997,-0.0006191509392186887,0.004336106590926647,0.0007960773073136806,0.0004888791590929031,0.0012279259972274303,-5.703046917915344e-05,-0.02269514836370945,-6.56601854862703e-05,0.0012279259972274303,True
Grocery,42,12345,9768,9049,8782,67506,64583,0.0471404530107975,0.05205791816115379,0.45653197169303894,0.4373537600040436,12,-4.434073343873024e-05,-0.018446465954184532,-5.036050081009549e-05,0.001179700717329979,0.00024839770048856735,0.0004415856674313545,0.000680246390402317,-9.736977517604828e-06,-0.007106039207428694,-1.065699373964297e-05,0.000680246390402317,True
Grocery,42,12345,9768,8782,9049,64583,67506,0.05205791816115379,0.0471404530107975,0.4373537600040436,0.45653197169303894,12,-1.588324084877968e-05,-0.010797662660479546,-1.76360141414665e-05,0.0007275477983057499,0.00033122673630714417,0.0009481101296842098,0.0012279259972274303,-5.1410868763923645e-05,-0.020504696294665337,-5.848489892973031e-05,0.0012279259972274303,True
Grocery,42,12345,2108,3249,3092,15058,14052,0.12126781791448593,0.1666666716337204,0.4875772297382355,0.941442608833313,3,0.002878636121749878,0.028390243649482727,0.002996815423852592,0.04925830662250519,0.05841916799545288,0.07112303376197815,0.12325997650623322,-0.006282225251197815,-0.024850359186530113,-0.008482778584819816,0.12325997650623322,True
Grocery,42,12345,2108,3092,3249,14052,15058,0.1666666716337204,0.12126781791448593,0.941442608833313,0.4875772297382355,3,-0.02779771387577057,-0.05617007240653038,-0.03607902486602414,0.2335435301065445,0.13331247866153717,-0.023539036512374878,0.11736597120761871,0.007592529058456421,0.027687983587384224,0.008196177657910541,0.13331247866153717,True
Grocery,42,12345,3361,3337,17071,15563,142076,0.125,0.02493773214519024,1.0907261371612549,0.2857893705368042,3,0.00017745757941156626,0.10672271251678467,0.0001800435248679479,0.0007426617667078972,0.0007806634530425072,-0.0004289743956178427,0.0004911449505016208,0.00013945589307695627,0.08199463784694672,0.00015482243796590775,0.0007806634530425072,True
Grocery,42,12345,3361,17071,3337,142076,15563,0.02493773214519024,0.125,0.2857893705368042,1.0907261371612549,3,5.581998266279697e-06,0.00954793207347393,5.3328856020232835e-06,3.379932604730129e-05,3.225449472665787e-05,-0.0003692463506013155,-0.0003298650262877345,7.126829586923122e-06,0.009744414128363132,6.019286523634946e-06,3.225449472665787e-05,True
Grocery,42,12345,10390,8869,10162,65669,80533,0.04364357888698578,0.11396057903766632,0.4602721631526947,0.5581476092338562,12,-4.655122756958008e-05,-0.017122261226177216,-5.264242409373538e-05,0.0013360967859625816,0.00041156867519021034,9.810132905840874e-05,0.00057237409055233,6.270408630371094e-05,0.05794912204146385,5.500324690807202e-05,0.00057237409055233,True
Grocery,42,12345,10390,10162,8869,80533,65669,0.11396057903766632,0.04364357888698578,0.5581476092338562,0.4602721631526947,12,0.0001381654292345047,0.057272400707006454,0.0001302301558237048,0.001275290735065937,0.0013845120556652546,0.0009471341036260128,0.002199784852564335,-0.00013186130672693253,-0.029099201783537865,-0.00016288799913896862,0.002199784852564335,True
Grocery,42,12345,10390,8567,10162,61821,80533,0.18898224830627441,0.11396057903766632,1.5749523639678955,0.5581476092338562,12,-0.0017357487231492996,-0.09516177326440811,-0.0031139393671279782,0.008252110332250595,0.0019345232285559177,-0.000135127454996109,0.0020953286439180374,0.0002959328703582287,0.07105249911546707,0.000329881182982107,0.0020953286439180374,True
Grocery,42,12345,664,10237,1553,81167,6450,0.03737175464630127,0.1386750489473343,0.30509239435195923,0.7386685609817505,1,-1.8328428268432617e-05,-0.0074512409046292305,-2.1628884529137425e-05,0.0012207217514514923,0.0003135949373245239,-0.0011585019528865814,-0.0008230805397033691,2.1826475858688354e-05,0.009509670548141003,2.537340303543567e-05,0.0003135949373245239,True
Grocery,42,12345,664,1553,10237,6450,81167,0.1386750489473343,0.03737175464630127,0.7386685609817505,0.30509239435195923,1,0.00019903481006622314,0.011451821774244308,1.8029623363210144e-05,0.008590571582317352,0.009072434157133102,0.0011497996747493744,0.00993940606713295,-0.000282827764749527,-0.014028007164597511,-0.00039074069508710256,0.00993940606713295,True
Grocery,42,12345,3113,3635,7224,17512,50474,0.25819888710975647,0.28867512941360474,1.7147557735443115,2.066516876220703,3,-0.023367464542388916,-0.04311339929699898,-0.026510884530391965,0.2593162953853607,0.16697481274604797,0.026497602462768555,0.17810359597206116,-0.015368819236755371,-0.04136117175221443,-0.05925101639214371,0.17810359597206116,True
Grocery,42,12345,3113,2768,3635,12161,17512,0.13245323300361633,0.25819888710975647,0.7828243970870972,1.7147557735443115,3,-0.022189736366271973,-0.05061035230755806,-0.027238864582159864,0.20812645554542542,0.11649242043495178,0.09936171770095825,0.20083525776863098,-0.015018880367279053,-0.03604334592819214,-0.017199310956890868,0.20083525776863098,True
Grocery,42,12345,3113,7224,3635,50474,17512,0.28867512941360474,0.25819888710975647,2.066516876220703,1.7147557735443115,3,0.0024915337562561035,0.004868640564382076,-0.05648637567768855,0.2571214735507965,0.28732535243034363,0.1231839656829834,0.3716681897640228,-0.0388411283493042,-0.04965769127011299,-0.046511350763963434,0.3716681897640228,True
Grocery,42,12345,4487,4267,5189,22899,33730,0.032915402203798294,0.06362847983837128,0.3567229211330414,0.44154080748558044,7,0.0004471316933631897,0.035014208406209946,0.0004666008775477933,0.006161432713270187,-0.003913659602403641,0.013639234006404877,0.01071745902299881,0.0009918846189975739,0.03508567065000534,0.0010999092582418997,0.013639234006404877,True
Grocery,42,12345,4487,5189,4267,33730,22899,0.06362847983837128,0.032915402203798294,0.44154080748558044,0.3567229211330414,7,-0.0015887431800365448,-0.03633759170770645,-0.0019157197233144688,0.02106649801135063,0.005460482090711594,0.007222525775432587,0.012069161981344223,-0.0006138458847999573,-0.02479967102408409,-0.0006890751389498762,0.012069161981344223,True
Grocery,42,12345,9496,8375,10360,59494,82948,0.08058229833841324,0.09534625709056854,0.948215901851654,0.8874584436416626,12,-0.00018276739865541458,-0.023105865344405174,-0.00021551724213108962,0.0038636112585663795,0.0010626446455717087,0.002316839061677456,0.003176356665790081,-0.00020312704145908356,-0.03098408877849579,-0.00025030773264367935,0.003176356665790081,True
Grocery,42,12345,9496,10360,8375,82948,59494,0.09534625709056854,0.08058229833841324,0.8874584436416626,0.948215901851654,12,-0.00018834974616765976,-0.03263824060559273,-0.0002630028180340403,0.0027912352234125137,0.0005732029676437378,0.002905355766415596,0.0033945292234420776,-8.402951061725616e-05,-0.012225857004523277,-0.00011256368505360614,0.0033945292234420776,True
Grocery,42,12345,7095,3076,16804,13964,140344,0.25,0.28867512941360474,2.7492122650146484,1.8922092914581299,9,0.01306772232055664,0.006743470672518015,0.012288826243927131,0.3650040626525879,0.3599128723144531,-1.3971600532531738,-1.0190887451171875,0.018158435821533203,0.006540842354297638,0.021590612751424616,0.3599128723144531,False
Grocery,42,12345,7095,16804,16332,140344,137732,0.28867512941360474,0.3535533845424652,1.8922092914581299,1.8507412672042847,9,0.0250701904296875,0.009008098393678665,0.0263731635423039,0.5973677635192871,0.5918993949890137,-1.279019832611084,-0.6565818786621094,0.030538558959960938,0.012082510627806187,0.03359247455342648,0.5918993949890137,False
Grocery,42,12345,7095,16332,16804,137732,140344,0.3535533845424652,0.28867512941360474,1.8507412672042847,1.8922092914581299,9,-0.03400754928588867,-0.013807620853185654,-0.05616021001145932,0.1453385353088379,0.12523984909057617,-1.3650922775268555,-1.2537617683410645,-0.013909339904785156,-0.005068827886134386,-0.0211043353675744,0.12523984909057617,False
Grocery,42,12345,14821,9822,13077,76764,109521,0.026659559458494186,0.03688555583357811,0.21107670664787292,0.25455424189567566,16,0.00012986361980438232,0.018005449324846268,0.00012473256543312373,0.001255631446838379,0.0013970211148262024,0.0009833425283432007,0.002368837594985962,-1.1526048183441162e-05,-0.0024269395507872105,-1.1975744842368427e-05,0.002368837594985962,True
Grocery,42,12345,14821,13077,9822,109521,76764,0.03688555583357811,0.026659559458494186,0.25455424189567566,0.21107670664787292,16,7.510185241699219e-06,0.0014451461611315608,7.808330434188682e-06,0.0026021674275398254,0.001426786184310913,-0.0037523694336414337,-0.0021145083010196686,0.00021107494831085205,0.02893945574760437,0.0002051939836996789,0.001426786184310913,True
Grocery,42,12345,14456,14375,14767,124171,127527,0.25,0.1386750489473343,2.310197114944458,0.7056471705436707,15,-0.0002857767976820469,-0.05017493665218353,-0.0005474223890261741,0.002704910933971405,0.0002817970234900713,0.0008696645963937044,0.0010604211129248142,-9.104050695896149e-05,-0.04115954786539078,-0.00011729621150839459,0.0010604211129248142,True
Grocery,42,12345,14456,14767,14375,127527,124171,0.1386750489473343,0.25,0.7056471705436707,2.310197114944458,15,-0.00013661000411957502,-0.05407379940152168,-0.00018078582109856765,0.0011948710307478905,0.0006143224891275167,0.0025630630552768707,0.002842700108885765,-0.0003346854355186224,-0.055594705045223236,-0.0005867233365482969,0.002842700108885765,True
Grocery,42,12345,1476,1919,6586,8114,45187,0.40824827551841736,0.07106690853834152,3.19395112991333,0.7801517248153687,1,0.10636615753173828,0.051835887134075165,0.10062708005802096,0.0,-0.4410262107849121,-0.5251245498657227,-1.086629867553711,-0.12047910690307617,-0.058690689504146576,-0.17962193443912947,0.0,False
Grocery,42,12345,1476,6586,1919,45187,8114,0.07106690853834152,0.40824827551841736,0.7801517248153687,3.19395112991333,1,-0.01600027084350586,-0.012048296630382538,-0.02103010754668344,0.0,-0.05661630630493164,-0.3191509246826172,-0.36155271530151367,0.014214515686035156,0.019278626888990402,0.009807986687051835,0.0,False
Grocery,42,12345,8460,8850,8894,65492,65944,0.05698028951883316,0.07537783682346344,0.49508753418922424,0.7499825954437256,12,4.5573338866233826e-05,0.030025210231542587,3.9793174707561884e-05,0.0007816995494067669,0.0005226130597293377,0.0017719278112053871,0.0021305344998836517,-0.00016400637105107307,-0.0370628722012043,-0.0002222657497107956,0.0021305344998836517,True
Grocery,42,12345,8460,8894,8850,65944,65492,0.07537783682346344,0.05698028951883316,0.7499825954437256,0.49508753418922424,12,-0.0002220822498202324,-0.045162659138441086,-0.00031147871434049736,0.002347647212445736,0.00045896368101239204,0.00040998635813593864,0.0009276298806071281,5.8679841458797455e-05,0.032661788165569305,5.151652429192091e-05,0.0009276298806071281,True
Grocery,42,12345,6942,10011,10741,78747,87481,0.07624928653240204,0.12909944355487823,0.8689243197441101,0.8927267789840698,9,0.010163187980651855,0.07975053042173386,0.010982243595068636,0.058637022972106934,0.055501341819763184,-0.15377748012542725,-0.08497726917266846,0.013298869132995605,0.04519488289952278,0.01412687247014309,0.055501341819763184,False
Grocery,42,12345,6942,10741,10011,87481,78747,0.12909944355487823,0.07624928653240204,0.8927267789840698,0.8689243197441101,9,-0.003527045249938965,-0.008562576957046986,-0.0032618282540285704,0.0,-0.0618969202041626,-0.0403439998626709,-0.11111366748809814,-0.008872747421264648,-0.04158685728907585,-0.010330678697602354,0.0,False
Grocery,42,12345,10959,11040,11037,91719,91673,0.041812099516391754,0.09090909361839294,0.163258358836174,0.42370158433914185,13,0.0005045533180236816,0.008687904104590416,0.0004915917081566206,0.029289960861206055,0.02475634217262268,-0.011715412139892578,0.01530599594116211,0.002265065908432007,0.043745920062065125,0.00218265402663811,0.02475634217262268,True
Grocery,42,12345,10959,11037,11040,91673,91719,0.09090909361839294,0.041812099516391754,0.42370158433914185,0.163258358836174,13,0.0032815635204315186,0.038440681993961334,0.0032090479708039785,0.04104268550872803,0.04344925284385681,0.0018978416919708252,0.04622235894203186,0.0008752644062042236,0.009558474645018578,0.0008249735573278524,0.04622235894203186,True
Grocery,42,12345,7091,14171,13290,121803,112450,0.06495697796344757,0.1601281613111496,0.47515931725502014,1.6011415719985962,11,0.002066373825073242,0.013236647471785545,0.0018139634369762486,0.0,-0.012511253356933594,-0.32337987422943115,-0.3257577419281006,0.01013338565826416,0.015315352939069271,0.007440424098786978,0.0,True
Grocery,42,12345,7091,13290,14171,112450,121803,0.1601281613111496,0.06495697796344757,1.6011415719985962,0.47515931725502014,11,0.02936375141143799,0.03813010826706886,0.019004085766683165,0.0,-0.039704322814941406,-0.08452725410461426,-0.1122819185256958,0.011949658393859863,0.050524208694696426,0.011336509383932011,0.0,True
Grocery,42,12345,13956,14213,6176,122448,42137,0.03030303120613098,0.037113480269908905,0.27009323239326477,0.29041531682014465,15,-6.224773824214935e-05,-0.009005262516438961,-6.60403223842615e-05,0.003425057977437973,0.0005084238946437836,-0.003691593185067177,-0.0031021423637866974,8.102692663669586e-05,0.011096281930804253,7.557107470111178e-05,0.0005084238946437836,True
Grocery,42,12345,13956,6176,14213,42137,122448,0.037113480269908905,0.03030303120613098,0.29041531682014465,0.27009323239326477,15,5.4679811000823975e-05,0.007515275850892067,5.060026146992691e-05,0.0003510545939207077,0.00044928863644599915,0.0028169136494398117,0.0032226480543613434,-4.355423152446747e-05,-0.006712154485285282,-4.621016291034055e-05,0.0032226480543613434,True
Grocery,42,12345,14340,13083,13416,109629,113755,0.05063696950674057,0.09534625709056854,0.5620446801185608,1.1758289337158203,15,-3.0593015253543854e-05,-0.010474095121026039,-3.376599102976265e-05,0.0014451118186116219,0.0004042424261569977,0.0036359205842018127,0.003940545953810215,-9.961705654859543e-05,-0.012482215650379658,-0.00012293323707593756,0.003940545953810215,True
Grocery,42,12345,14340,13416,13083,113755,109629,0.09534625709056854,0.05063696950674057,1.1758289337158203,0.5620446801185608,15,-0.00014111492782831192,-0.017328016459941864,-0.00018531287248514964,0.004001309163868427,0.0003675660118460655,0.0011535687372088432,0.0014774594455957413,-4.367530345916748e-05,-0.014565210789442062,-4.964824090540163e-05,0.0014774594455957413,True
Grocery,42,12345,16607,3919,15541,20009,133750,0.28867512941360474,0.07412493228912354,1.1843297481536865,0.5428881049156189,17,0.028493762016296387,0.10764503479003906,0.025416467647291066,0.11810368299484253,0.13225841522216797,-0.05298656225204468,0.09361088275909424,0.014339029788970947,0.05142093822360039,0.014297190046296529,0.13225841522216797,True
Grocery,42,12345,16607,15541,3919,133750,20009,0.07412493228912354,0.28867512941360474,0.5428881049156189,1.1843297481536865,17,0.008727669715881348,0.03769447281956673,0.008195511542151333,0.11140471696853638,0.1018909215927124,-0.08996748924255371,0.03016495704650879,0.018241524696350098,0.08216037601232529,0.014849851842311752,0.1018909215927124,True
Grocery,42,12345,9668,9513,9359,73366,71471,0.25819888710975647,0.05832118168473244,3.0522358417510986,0.3552601933479309,12,0.0072421059012413025,0.04689837619662285,0.00873272775058545,0.07358956336975098,-0.006994131952524185,0.008501484990119934,0.002618294209241867,0.0011109411716461182,0.06133079528808594,0.001121204854960212,0.008501484990119934,True
Grocery,42,12345,9668,9359,9513,71471,73366,0.05832118168473244,0.25819888710975647,0.3552601933479309,3.0522358417510986,12,-0.0006834864616394043,-0.022810235619544983,-0.0007590711064960481,0.014640264213085175,0.009963274002075195,0.0864504873752594,0.09079483896493912,-0.005618922412395477,-0.03001423180103302,-0.008361643735844687,0.09079483896493912,True
Grocery,42,12345,9240,13289,9848,112431,77143,0.0383482500910759,0.05000000074505806,0.27321097254753113,0.3732283413410187,12,-0.0001827627420425415,-0.016187002882361412,-0.00019636474658200204,0.005553968250751495,0.002453204244375229,-0.002523548901081085,0.00018454715609550476,0.0002548918128013611,0.04938510060310364,0.000249915308149878,0.002453204244375229,True
Grocery,42,12345,9240,9848,13289,77143,112431,0.05000000074505806,0.0383482500910759,0.3732283413410187,0.27321097254753113,12,0.00047066807746887207,0.04328653961420059,0.000476864479130798,0.005201317369937897,0.006064366549253464,0.003055490553379059,0.008727476000785828,-0.00039238110184669495,-0.021985407918691635,-0.0004355912988760541,0.008727476000785828,True
Grocery,42,12345,4252,13232,10768,111831,87948,0.04494665563106537,0.02300218679010868,0.6758096814155579,0.24553005397319794,8,4.082918167114258e-06,0.00014069242752157152,3.308672492708699e-05,0.0,-0.0030617713928222656,0.007356047630310059,0.004446744918823242,0.00015246868133544922,0.010257184505462646,0.00014912048953803585,0.007356047630310059,True
Grocery,42,12345,4252,10768,13232,87948,111831,0.02300218679010868,0.04494665563106537,0.24553005397319794,0.6758096814155579,8,-0.00014322996139526367,-0.009447716176509857,-0.00015580421044888298,0.0076517462730407715,-0.006151676177978516,-0.013413935899734497,-0.017746329307556152,0.0018192827701568604,0.04875871166586876,0.001669987088702165,0.0,True
Grocery,42,12345,16362,15482,12628,133333,106944,0.16903084516525269,0.054554469883441925,1.1793570518493652,0.3203200697898865,17,8.487026207149029e-05,0.02545512095093727,9.956801413650183e-05,0.0016246165614575148,-7.368263322860003e-05,-1.4046556316316128e-05,-7.249240297824144e-05,1.523678656667471e-05,0.0950922742486,1.4901466004533175e-05,0.0,True
Grocery,42,12345,16362,12628,15482,106944,133333,0.054554469883441925,0.16903084516525269,0.3203200697898865,1.1793570518493652,17,5.713663995265961e-06,0.033377449959516525,5.842303549171146e-06,0.0,-0.00016114301979541779,0.0016265502199530602,0.0015483438037335873,8.29366035759449e-05,0.024860741570591927,0.00011392330514033336,0.0016265502199530602,True
Grocery,42,12345,5178,4371,5063,24613,32609,0.011709730140864849,0.02746175043284893,0.14004884660243988,0.31977322697639465,7,-1.069623976945877e-06,-0.0038712983950972557,-1.0328864598138513e-06,0.00013760814908891916,1.4877412468194962e-05,0.0002265163930132985,0.00024032569490373135,-1.068110577762127e-06,-0.0022172413300722837,-9.756302903430996e-07,0.00024032569490373135,True
Grocery,42,12345,5178,5063,4371,32609,24613,0.02746175043284893,0.011709730140864849,0.31977322697639465,0.14004884660243988,7,-1.1548399925231934e-07,-0.00023960982798598707,-6.020390216725496e-08,0.0002409206936135888,1.6307225450873375e-05,0.00012367952149361372,0.00013903644867241383,-9.502982720732689e-07,-0.0034056815784424543,-9.252902536440757e-07,0.00013903644867241383,True
Grocery,42,12345,16723,7434,16786,52380,140243,0.06154574453830719,0.15430335700511932,0.6147023439407349,1.1779632568359375,17,7.60622788220644e-05,0.0751500278711319,7.978155921388008e-05,0.0004680333659052849,-0.0009828004986047745,0.003819983219727874,0.0034175419714301825,0.0005803594831377268,0.07060045748949051,0.0008190588101167238,0.003819983219727874,True
Grocery,42,12345,16723,16786,7434,140243,52380,0.15430335700511932,0.06154574453830719,1.1779632568359375,0.6147023439407349,17,0.0015118794981390238,0.2074245661497116,0.0018235034552887474,0.002888463204726577,-0.0012190432753413916,0.00033443281427025795,-0.0006749476306140423,0.00020966283045709133,0.09408529102802277,0.00018279341949994135,0.00033443281427025795,True
Grocery,42,12345,8556,9409,8846,72213,65443,0.09534625709056854,0.03289758414030075,0.8279958963394165,0.3757295310497284,12,0.0005383007228374481,0.06535473465919495,0.0005711897823511012,0.0038491440936923027,-0.0019186576828360558,0.001931426115334034,0.00037244707345962524,0.00035967864096164703,0.0851806253194809,0.0003658897060398078,0.001931426115334034,True
Grocery,42,12345,8556,8846,9409,65443,72213,0.03289758414030075,0.09534625709056854,0.3757295310497284,0.8279958963394165,12,3.896281123161316e-05,0.008575965650379658,4.263818477467495e-05,0.002252141945064068,-9.213946759700775e-05,0.004363830201327801,0.004295305348932743,2.3614615201950073e-05,0.0026984168216586113,2.4637956932575228e-05,0.004363830201327801,True
Grocery,42,12345,171,476,907,2061,3753,0.2357022762298584,0.22360679507255554,1.916633129119873,1.7930490970611572,1,-0.00023414939641952515,-0.015508327633142471,-0.0008038147646444675,0.0074320705607533455,0.009815404191613197,0.01717619225382805,0.0217006616294384,-0.005290934816002846,-0.10866067558526993,-0.010401530003448668,0.0217006616294384,True
Grocery,42,12345,171,907,476,3753,2061,0.22360679507255554,0.2357022762298584,1.7930490970611572,1.916633129119873,1,-0.007611947134137154,-0.12389266490936279,-0.014225761906422031,0.026913948357105255,0.00836940761655569,0.0036261174827814102,0.011042860336601734,-0.0009526647627353668,-0.04135117679834366,-0.0019114720657728945,0.011042860336601734,True
Grocery,42,12345,3672,8492,11113,60890,92476,0.026082025840878487,0.027369027957320213,0.21161487698554993,0.32759445905685425,4,0.000125885009765625,0.005857682321220636,0.00013069893593206997,0.0032472610473632812,-0.010890841484069824,0.07150888442993164,0.06082653999328613,0.0002084970474243164,0.0014557178365066648,0.00020190633977239657,0.07150888442993164,False
Grocery,42,12345,3672,11113,8492,92476,60890,0.027369027957320213,0.026082025840878487,0.32759445905685425,0.21161487698554993,4,-0.0007165670394897461,-0.004348740912973881,-0.0007319940714481804,0.08202958106994629,0.008875250816345215,0.0026526451110839844,0.012248516082763672,0.0007206201553344727,0.030308183282613754,0.0007067696624470606,0.012248516082763672,False
Grocery,42,12345,172,664,1553,2822,6447,0.1386750489473343,0.07692307978868484,1.0231318473815918,0.40973961353302,1,-1.3107317499816418e-05,-0.057819679379463196,-1.7720842065993865e-05,0.00010678784747142345,4.469526174943894e-05,-1.1322481441311538e-05,3.7901452742516994e-05,4.528672434389591e-06,0.04821368306875229,4.855446846580792e-06,4.469526174943894e-05,True
Grocery,42,12345,172,1553,664,6447,2822,0.07692307978868484,0.1386750489473343,0.40973961353302,1.0231318473815918,1,8.341885404661298e-07,0.023880179971456528,6.010030260444375e-07,1.7044032574631274e-05,2.216795110143721e-05,4.8746325774118304e-05,6.662454688921571e-05,-4.2897299863398075e-06,-0.031186962500214577,-5.435321928452054e-06,6.662454688921571e-05,True
Grocery,42,12345,172,10583,1553,85367,6447,0.0326860249042511,0.07692307978868484,0.16251975297927856,0.40973961353302,1,-5.959300324320793e-07,-0.0318291038274765,-3.916116229935381e-07,0.0,-2.8605572879314423e-06,-6.197878974489868e-06,-9.65436629485339e-06,-5.959300324320793e-07,-0.0318291038274765,-6.529940636743222e-07,0.0,True
Grocery,42,12345,7438,7004,7126,48422,49654,0.08908708393573761,0.0555555559694767,1.089011311531067,0.6059619188308716,10,-6.482936441898346e-05,-0.017348049208521843,-0.00010873841034960731,0.0018360717222094536,9.733159095048904e-05,0.0009375829249620438,0.0010100246872752905,-2.4889828637242317e-05,-0.012171367183327675,-3.340272301335362e-05,0.0010100246872752905,True
Grocery,42,12345,7438,7126,7004,49654,48422,0.0555555559694767,0.08908708393573761,0.6059619188308716,1.089011311531067,10,-5.85019588470459e-05,-0.02409796416759491,-7.146718548097929e-05,0.001184580149129033,0.0003217731136828661,0.0018071886152029037,0.0020205737091600895,-0.00010838801972568035,-0.02612045593559742,-0.00014718151985213427,0.0020205737091600895,True
Grocery,42,12345,610,4029,13227,21393,111465,0.04652421176433563,0.05255883187055588,0.6087427139282227,0.7808870077133179,2,-0.0003311634063720703,-0.010299031622707844,-0.00033412685088654234,0.01591181755065918,0.014532804489135742,-0.06345391273498535,-0.04919600486755371,-0.00027489662170410156,-0.0021614301949739456,-0.00029454426607562474,0.014532804489135742,False
Grocery,42,12345,610,13227,4029,111465,21393,0.05255883187055588,0.04652421176433563,0.7808870077133179,0.6087427139282227,2,-0.0011382102966308594,-0.009010503999888897,-0.0011772538985505288,0.05030179023742676,0.04984450340270996,0.002004384994506836,0.051167964935302734,-0.0006809234619140625,-0.006609825417399406,-0.0007414528019550431,0.051167964935302734,False
Grocery,42,12345,10606,8814,10284,64909,81881,0.10540925711393356,0.08451542258262634,0.5935101509094238,0.48940813541412354,12,-0.00021376926451921463,-0.041444357484579086,-0.0002884388023118064,0.0024721017107367516,0.0011142431758344173,0.0005729552358388901,0.001598795410245657,-8.840300142765045e-05,-0.02690288983285427,-0.0001164800699170385,0.001598795410245657,True
Grocery,42,12345,10606,10284,8814,81881,64909,0.08451542258262634,0.10540925711393356,0.48940813541412354,0.5935101509094238,12,-0.00012205960229039192,-0.030236324295401573,-0.00016673111715056338,0.001957391854375601,0.0016270927153527737,0.0015088049694895744,0.0028595849871635437,-0.0002763126976788044,-0.046086739748716354,-0.0003875305584323727,0.0028595849871635437,True
Grocery,42,12345,555,562,1347,2439,5587,0.4472135901451111,0.15811388194561005,2.7889456748962402,1.257869005203247,2,0.23378562927246094,0.3076770603656769,0.2802002046389974,0.0,0.11942100524902344,0.6216845512390137,0.7490053176879883,0.007899761199951172,0.005301458761096001,0.004512639523153738,0.7490053176879883,False
Grocery,42,12345,555,1347,562,5587,2439,0.15811388194561005,0.4472135901451111,1.257869005203247,2.7889456748962402,2,0.0018558502197265625,0.0014760472113266587,0.00030510414300954913,0.6277275085449219,-0.22131729125976562,-0.20617008209228516,-0.37787914276123047,0.04960823059082031,0.06159708648920059,0.07227701274966322,0.0,False
Grocery,42,12345,3539,16964,7470,141363,52634,0.1386750489473343,0.1386750489473343,1.254003882408142,0.8616808652877808,3,0.03575432300567627,0.026106374338269234,0.040875675858124794,0.1597832441329956,0.22488021850585938,0.4187800884246826,0.6143176555633545,-0.0293426513671875,-0.023325251415371895,-0.03152673118524518,0.6143176555633545,False
Grocery,42,12345,3539,7470,16964,52634,141363,0.1386750489473343,0.1386750489473343,0.8616808652877808,1.254003882408142,3,-0.005568742752075195,-0.003635189961642027,-0.002104101845084194,0.7631649971008301,0.3187582492828369,-0.716305136680603,-0.34814608097076416,0.04940080642700195,0.03571462258696556,0.05464338244325633,0.3187582492828369,False
Grocery,42,12345,9323,9585,10340,73947,82715,0.06362847983837128,0.051502618938684464,0.6905267238616943,0.46521347761154175,12,-0.00037843920290470123,-0.03574616461992264,-0.0004733017825958815,0.005104199051856995,0.0020133452489972115,0.0016880612820386887,0.003532109782099724,-0.0001692967489361763,-0.023404456675052643,-0.00019282916973947215,0.003532109782099724,True
Grocery,42,12345,9323,10340,9585,82715,73947,0.051502618938684464,0.06362847983837128,0.46521347761154175,0.6905267238616943,12,-0.00019128061830997467,-0.0245506688952446,-0.0002203360454184379,0.0037999842315912247,0.002490643411874771,0.0032824156805872917,0.005372354760766029,-0.0004007043316960335,-0.0359523631632328,-0.0005030642047985462,0.005372354760766029,True
Grocery,42,12345,1904,701,469,3013,2024,0.11470786482095718,0.14433756470680237,1.0269056558609009,0.9906212687492371,1,-0.004190851002931595,-0.0565703809261322,-0.005315685489846105,0.03494560346007347,0.02969679981470108,0.046213299036026,0.06421326100826263,-0.011696837842464447,-0.0834752768278122,-0.01650686648110511,0.06421326100826263,True
Grocery,42,12345,1904,469,701,2024,3013,0.14433756470680237,0.11470786482095718,0.9906212687492371,1.0269056558609009,1,-0.01838095486164093,-0.10158742964267731,-0.02726654708732061,0.08127816021442413,0.03505106270313263,0.019425004720687866,0.04780573770403862,-0.006670329719781876,-0.06521520763635635,-0.009012951787559564,0.04780573770403862,True
Grocery,42,12345,15639,11502,10503,96479,84458,0.18257418274879456,0.11180339753627777,1.7488290071487427,1.0255012512207031,19,0.06000244617462158,0.06609416753053665,0.07259687700336565,0.37251782417297363,-0.5100480318069458,0.22922086715698242,-0.1946941614151001,0.08613300323486328,0.0922231376171112,0.0896852045004019,0.22922086715698242,False
Grocery,42,12345,15639,10503,11502,84458,96479,0.11180339753627777,0.18257418274879456,1.0255012512207031,1.7488290071487427,19,0.0015207529067993164,0.0024170097894966602,-2.3820552311260013e-05,0.31383347511291504,-0.07594287395477295,0.4043710231781006,0.35657739639282227,0.02814924716949463,0.03363548964262009,0.02698040855528181,0.4043710231781006,False
Grocery,42,12345,4468,14525,10090,125498,79556,0.11470786482095718,0.18257418274879456,1.1847223043441772,0.9484027028083801,8,-0.08437776565551758,-0.06808516383171082,-0.1002135779129783,0.0,-0.2888317108154297,-0.9137859344482422,-1.2173662185668945,-0.014748573303222656,-0.006094492506235838,-0.018681206880204686,0.0,False
Grocery,42,12345,4468,10090,14525,79556,125498,0.18257418274879456,0.11470786482095718,0.9484027028083801,1.1847223043441772,8,-0.021760940551757812,-0.007828472182154655,-0.03007230068577771,0.0,-0.37617921829223633,-0.32484865188598633,-0.8188142776489258,-0.11778640747070312,-0.07749910652637482,-0.13879521029184777,0.0,False
Grocery,42,12345,3306,12262,12843,103588,108040,0.09325048327445984,0.09534625709056854,0.9500332474708557,0.7727263569831848,6,-0.00426793098449707,-0.004313598852604628,-0.003129283780517189,0.492572546005249,0.054091453552246094,0.37277674674987793,0.42257070541381836,-0.004297494888305664,-0.005059216171503067,-0.0038592268559964047,0.42257070541381836,False
Grocery,42,12345,3306,12843,12262,108040,103588,0.09534625709056854,0.09325048327445984,0.7727263569831848,0.9500332474708557,6,-0.008819103240966797,-0.010997505858540535,-0.008597414320308916,0.39654970169067383,0.017691612243652344,0.4369513988494873,0.45620226860046387,0.0015592575073242188,0.0017118796240538359,0.0020429640289271918,0.45620226860046387,False
Grocery,42,12345,7419,6868,7335,47145,51306,0.08451542258262634,0.044237397611141205,0.7660776376724243,0.35259878635406494,9,-0.0013661235570907593,-0.03747643902897835,-0.0016355971748998922,0.017543364316225052,0.006429202854633331,0.0002700388431549072,0.006787639111280441,8.839741349220276e-05,0.0065543209202587605,8.151813124425097e-05,0.006787639111280441,True
Grocery,42,12345,7419,7335,6868,51306,47145,0.044237397611141205,0.08451542258262634,0.35259878635406494,0.7660776376724243,9,0.00011172890663146973,0.014181320555508137,0.00010957265588996403,0.003995157778263092,0.00449177622795105,0.010402966290712357,0.014151416718959808,-0.000743325799703598,-0.025591181591153145,-0.0008706728376434591,0.014151416718959808,True
Grocery,42,12345,7787,7934,7107,56229,49362,0.045980047434568405,0.049568161368370056,0.4527797996997833,0.4695504605770111,10,-1.7452985048294067e-05,-0.01942230574786663,-1.969470936716988e-05,0.0004405711079016328,0.00012691388837993145,0.0004505164688453078,0.0005534488009288907,-2.3981556296348572e-05,-0.021205930039286613,-2.7563803691545867e-05,0.0005534488009288907,True
Grocery,42,12345,7787,7107,7934,49362,56229,0.049568161368370056,0.045980047434568405,0.4695504605770111,0.4527797996997833,10,-3.1222240068018436e-05,-0.025678012520074844,-3.631911250728749e-05,0.0005923405988141894,0.0001574973575770855,0.0003430997021496296,0.00047768314834684134,-2.2913911379873753e-05,-0.02342240698635578,-2.5961402341311693e-05,0.00047768314834684134,True
Grocery,42,12345,7787,7736,7934,54751,56229,0.04065578058362007,0.045980047434568405,0.3848511278629303,0.4527797996997833,10,-6.292131729424e-06,-0.009802124463021755,-6.959794046686326e-06,0.00031780649442225695,5.757738836109638e-05,0.0003280211240053177,0.0003777631791308522,-7.835333235561848e-06,-0.010264112614095211,-8.858288337737173e-06,0.0003777631791308522,True
Grocery,42,12345,14193,14072,14190,120859,122200,0.06052275747060776,0.054554469883441925,0.6918205618858337,0.6243278980255127,15,-1.5917583368718624e-05,-0.017264775931835175,-1.822153712327144e-05,0.0004530205624178052,9.401782881468534e-05,0.0003449339419603348,0.000425768899731338,-1.3182871043682098e-05,-0.015245059505105019,-1.5042766025520975e-05,0.000425768899731338,True
Grocery,42,12345,14193,14190,14072,122200,120859,0.054554469883441925,0.06052275747060776,0.6243278980255127,0.6918205618858337,15,-9.617069736123085e-06,-0.011607004329562187,-1.0729659017849743e-05,0.00040946516674011946,8.033029735088348e-05,0.0003685012925416231,0.0004365983186289668,-1.2233271263539791e-05,-0.013816037215292454,-1.3786906589068567e-05,0.0004365983186289668,True
Grocery,42,12345,15712,11000,3032,91226,13695,0.12309148907661438,0.13245323300361633,1.0299749374389648,0.3901634216308594,17,-0.01481562852859497,-0.05137259140610695,-0.01916454300644073,0.1367899775505066,0.052319109439849854,0.1614542007446289,0.19733548164367676,-0.016437828540802002,-0.03998413309454918,-0.020785409539884253,0.19733548164367676,True
Grocery,42,12345,15712,3032,11000,13695,91226,0.13245323300361633,0.12309148907661438,0.3901634216308594,1.0299749374389648,17,-0.021815955638885498,-0.04897649586200714,-0.027943430841529032,0.2118106484413147,0.06471878290176392,0.10583329200744629,0.15081220865249634,-0.019739866256713867,-0.06142520159482956,-0.026339895751466048,0.15081220865249634,True
Grocery,42,12345,2035,3759,3228,18081,14892,0.043852899223566055,0.03434013947844505,0.32054460048675537,0.2542248070240021,4,8.273124694824219e-05,0.0010793256806209683,7.426823159146362e-05,0.0382840633392334,-0.005436539649963379,0.0018794536590576172,-0.0036368370056152344,-7.975101470947266e-05,-0.0072813089936971664,-8.317983830060112e-05,0.0018794536590576172,False
Grocery,42,12345,2035,3228,3759,14892,18081,0.03434013947844505,0.043852899223566055,0.2542248070240021,0.32054460048675537,4,-3.3974647521972656e-05,-0.0022487144451588392,-3.8347339947517826e-05,0.0018336772918701172,-0.007758617401123047,0.03817927837371826,0.030608177185058594,0.0001875162124633789,0.0024497166741639376,0.00017881332190909988,0.03817927837371826,False
Grocery,42,12345,13213,13653,13212,116370,111363,0.05407380685210228,0.0833333358168602,0.32363536953926086,1.004166603088379,15,-2.848682925105095e-06,-0.007490712217986584,-3.2045149534876325e-06,0.00018871831707656384,0.00016567623242735863,0.0005075812805444002,0.0006425196770578623,-3.073783591389656e-05,-0.02336079627275467,-3.646354071422662e-05,0.0006425196770578623,True
Grocery,42,12345,13213,13210,13212,111356,111363,0.2357022762298584,0.0833333358168602,2.233180046081543,1.004166603088379,15,-0.0002715657465159893,-0.03720298781991005,-0.0004656318880955812,0.0035139964893460274,0.00020908284932374954,0.000522312824614346,0.0006859262939542532,-4.546937998384237e-05,-0.03208096697926521,-5.594011126556821e-05,0.0006859262939542532,True
Grocery,42,12345,13213,13212,13653,111363,116370,0.0833333358168602,0.05407380685210228,1.004166603088379,0.32363536953926086,15,-5.940673872828484e-06,-0.005948697682470083,-7.3080131228534764e-06,0.0004963502287864685,1.4279386959969997e-05,5.16445143148303e-05,6.521062459796667e-05,-7.132766768336296e-07,-0.005438860040158033,-6.620758349935041e-07,6.521062459796667e-05,True
Grocery,42,12345,13509,14778,9822,127612,76752,0.05598925054073334,0.03683547303080559,0.4185672402381897,0.2916443645954132,15,-0.0004874393343925476,-0.014583151787519455,-0.0005386729530845197,0.01646868884563446,0.0036492496728897095,0.005204640328884125,0.008695803582668304,-0.00015808641910552979,-0.009007926099002361,-0.00016878372001904519,0.008695803582668304,True
Grocery,42,12345,13509,9822,14778,76752,127612,0.03683547303080559,0.05598925054073334,0.2916443645954132,0.4185672402381897,15,0.00012307614088058472,0.012344595976173878,0.00012679203341873623,0.00492347776889801,-0.002683974802494049,0.012152768671512604,0.009806111454963684,0.0003373175859451294,0.013688245788216591,0.0003563618506820901,0.012152768671512604,True
Grocery,42,12345,15795,15927,11029,135683,91585,0.5,0.1767766922712326,3.7196972370147705,1.5276373624801636,17,0.326456755399704,0.7134817242622375,0.3346712010446466,0.0655488595366478,-0.055992402136325836,0.01133008860051632,-0.020237164571881294,0.024425150826573372,0.2789543867111206,0.008999498366007896,0.01133008860051632,True
Grocery,42,12345,15795,11029,15927,91585,135683,0.1767766922712326,0.5,1.5276373624801636,3.7196972370147705,17,0.010515570640563965,0.17240075767040253,0.010867969530367148,0.025239668786525726,-0.1381029486656189,0.26751771569252014,0.2539026737213135,0.12448790669441223,0.1887543499469757,0.2293651565525538,0.26751771569252014,True
Grocery,42,12345,12574,12603,12575,106689,106373,0.125,0.125,1.0119004249572754,1.0584160089492798,14,3.7628982681781054e-05,0.06580096483230591,4.416177198742665e-05,0.0002671108231879771,-5.908816820010543e-05,0.0001892009750008583,0.00014523358549922705,1.5120778698474169e-05,0.03842317685484886,1.3753561721538756e-05,0.0001892009750008583,True
Grocery,42,12345,12574,12575,12603,106373,106689,0.125,0.125,1.0584160089492798,1.0119004249572754,14,1.5240308130159974e-05,0.0387386791408062,1.3540724017031965e-05,0.0001890814455691725,-8.576572872698307e-05,0.00026115411310456693,0.00021897407714277506,4.35856927651912e-05,0.0770195946097374,5.065647942741883e-05,0.00026115411310456693,True
Grocery,42,12345,7278,7663,12947,54199,108604,0.0214176457375288,0.021974042057991028,0.08144243061542511,0.15273213386535645,9,0.00010454654693603516,0.002131340792402625,0.00010250104342133821,0.024473726749420166,0.02400761842727661,-0.023091137409210205,0.0014857649803161621,0.0005692839622497559,0.011717391200363636,0.0005677010214514489,0.02400761842727661,True
Grocery,42,12345,7278,12947,7663,108604,54199,0.021974042057991028,0.0214176457375288,0.15273213386535645,0.08144243061542511,9,0.00034552812576293945,0.00761301489546895,0.0003446692532174597,0.01449650526046753,0.01477891206741333,-0.004167079925537109,0.010674059391021729,6.222724914550781e-05,0.002100848127156496,6.216282436525956e-05,0.01477891206741333,True
Grocery,42,12345,7278,12708,12947,107340,108604,0.028879549354314804,0.021974042057991028,0.3092210590839386,0.15273213386535645,9,-0.00028383731842041016,-0.0030134927947074175,-0.00028628316755455185,0.04695248603820801,0.00679093599319458,-0.02268463373184204,-0.01573091745376587,0.0001627802848815918,0.003600816009566188,0.00016304570758401773,0.00679093599319458,True
Grocery,42,12345,8427,2700,16959,11870,141334,0.06388765573501587,0.1154700443148613,0.32582879066467285,1.0605149269104004,12,0.0001010894775390625,0.0009028652566485107,9.586230052594652e-05,0.035021305084228516,0.0353999137878418,-0.4483003616333008,-0.4131779670715332,-0.00027751922607421875,-0.0003094279963988811,-0.00031537977637690733,0.0353999137878418,False
Grocery,42,12345,8427,16959,2700,141334,11870,0.1154700443148613,0.06388765573501587,1.0605149269104004,0.32582879066467285,12,0.00133514404296875,0.001485985005274415,0.0014503021350371625,0.17417669296264648,0.17557096481323242,-0.05587291717529297,0.11963891983032227,-5.91278076171875e-05,-0.00016841555770952255,-6.084595297507853e-05,0.17557096481323242,False
Grocery,42,12345,8427,15122,16959,131363,141334,0.4472135901451111,0.1154700443148613,3.5409324169158936,1.0605149269104004,12,-0.007939577102661133,-0.0028466808144003153,-0.01930796083407671,0.18947720527648926,0.1835017204284668,-0.44661378860473633,-0.2650761604309082,-0.001964092254638672,-0.0021940465085208416,-0.0026386466927084055,0.1835017204284668,False
Grocery,42,12345,12844,12273,12586,103689,106555,0.14744195342063904,0.10101525485515594,1.0015792846679688,0.5134573578834534,14,-0.003489255905151367,-0.03242548555135727,-0.004606383506065646,0.0520595908164978,0.00696592777967453,0.0020891577005386353,0.008981280028820038,-7.380545139312744e-05,-0.004092033486813307,-0.00018181745929954894,0.008981280028820038,True
Grocery,42,12345,12844,12586,12273,106555,103689,0.10101525485515594,0.14744195342063904,0.5134573578834534,1.0015792846679688,14,-0.00033670663833618164,-0.055196382105350494,-0.00033387361475328554,0.0028817206621170044,0.0014153122901916504,0.042563654482364655,0.04309331625699997,-0.0008856505155563354,-0.010171439498662949,-0.0013828896246759616,0.04309331625699997,True
Grocery,42,12345,11957,10847,11920,89577,100550,0.055727820843458176,0.053452249616384506,0.5571385622024536,0.2865818440914154,13,-1.0684016160666943e-06,-0.0031763489823788404,-1.1670351468319484e-06,0.00016764155589044094,3.21699189953506e-05,7.530307630077004e-05,0.00010306655894964933,-4.40643634647131e-06,-0.020928263664245605,-5.164802368505804e-06,0.00010306655894964933,True
Grocery,42,12345,11957,11920,10847,100550,89577,0.053452249616384506,0.055727820843458176,0.2865818440914154,0.5571385622024536,13,-5.71634154766798e-06,-0.024551672860980034,-6.722245085210313e-06,0.00011355133028700948,4.2890082113444805e-05,0.000144761404953897,0.00018169975373893976,-5.951733328402042e-06,-0.016113582998514175,-7.2326191823665505e-06,0.00018169975373893976,True
Grocery,42,12345,7680,10768,4019,88094,21207,0.029695695266127586,0.05083285644650459,0.31697794795036316,0.48887306451797485,11,3.6954879760742188e-06,3.484050102997571e-05,4.4150733653394725e-05,0.01479196548461914,0.00878298282623291,-0.1474243402481079,-0.1326286792755127,0.006012678146362305,0.020816927775740623,0.006137057590606907,0.00878298282623291,False
Grocery,42,12345,7680,4019,10768,21207,88094,0.05083285644650459,0.029695695266127586,0.48887306451797485,0.31697794795036316,11,0.003512859344482422,0.012268293648958206,0.003503279174845164,0.027288198471069336,0.03017258644104004,-0.05366110801696777,-0.022859930992126465,0.0006285905838012695,0.005891547072678804,0.000632613955275866,0.03017258644104004,False
Grocery,42,12345,2769,6858,15711,47055,134604,0.12909944355487823,0.1666666716337204,0.6428812146186829,1.117667317390442,3,0.0008651614189147949,0.008735992014408112,0.000772752990397107,0.049084484577178955,0.044433966279029846,-0.035231560468673706,0.014718085527420044,0.005515679717063904,0.058438949286937714,0.005145886179787369,0.044433966279029846,True
Grocery,42,12345,2769,15711,6858,134604,47055,0.1666666716337204,0.12909944355487823,1.117667317390442,0.6428812146186829,3,0.006264492869377136,0.0526728555560112,0.005453219433717821,0.05633379518985748,0.06165149807929993,-0.004400759935379028,0.05819770693778992,0.0009469687938690186,0.007621481083333492,0.0007527759868585573,0.06165149807929993,True
Grocery,42,12345,4610,4933,5971,31473,40546,0.05634361505508423,0.03892494738101959,0.35143792629241943,0.2715769112110138,7,-3.2263342291116714e-06,-0.009986624121665955,-3.6113690560473223e-06,0.00011537782847881317,-0.00018030917271971703,0.00032993778586387634,0.0001667968463152647,1.7168233171105385e-05,0.025357265025377274,1.6646933340499003e-05,0.00032993778586387634,True
Grocery,42,12345,4610,5971,4933,40546,31473,0.03892494738101959,0.05634361505508423,0.2715769112110138,0.35143792629241943,7,-1.5399418771266937e-06,-0.002136017195880413,-1.4439780914508285e-06,0.0003596954047679901,1.187971793115139e-05,0.0001129817683249712,0.0001240312121808529,-8.302740752696991e-07,-0.0033357373904436827,-8.41909735316982e-07,0.0001240312121808529,True
Grocery,42,12345,4610,5051,4933,32483,31473,0.1154700443148613,0.05634361505508423,1.0479353666305542,0.35143792629241943,7,-2.8905225917696953e-05,-0.006866590119898319,-0.00010434472252936178,0.0020903153344988823,3.694533370435238e-05,0.00013721571303904057,0.00014909682795405388,-2.5064218789339066e-05,-0.07753389328718185,-3.0792567635431456e-05,0.00014909682795405388,True
Grocery,42,12345,15676,15696,15445,134568,133092,0.3535533845424652,0.3535533845424652,4.320098876953125,4.030619144439697,18,0.0007442617788910866,0.026958536356687546,0.0023910848420152786,0.01344192773103714,3.7806108593940735e-05,0.007700365502387285,0.0077106039971113205,-2.7567613869905472e-05,-0.0017844518879428506,-0.00027595068780825817,0.0077106039971113205,True
Grocery,42,12345,15676,16613,15445,139202,133092,0.28867512941360474,0.3535533845424652,3.8848354816436768,4.030619144439697,18,-0.0007373178377747536,-0.029386335983872414,-0.0028686371779104505,0.012176585383713245,0.00020614638924598694,0.007853109389543533,0.007878944277763367,-0.00018031150102615356,-0.011313159018754959,-0.0006140748804372992,0.007878944277763367,True
Grocery,42,12345,15676,15445,15696,133092,134568,0.3535533845424652,0.3535533845424652,4.030619144439697,4.320098876953125,18,-0.0002485867589712143,-0.015371124260127544,-0.0008791179632822582,0.007961862720549107,2.9697082936763763e-05,0.01416516862809658,0.014205647632479668,1.0781921446323395e-05,0.0003796381352003664,-0.0004757632848050101,0.014205647632479668,True
Grocery,42,12345,12543,10092,12477,79585,105673,0.18898224830627441,0.1666666716337204,1.6067767143249512,1.3162157535552979,14,0.12272477149963379,0.09413163363933563,0.12034045906357238,0.5905160903930664,-0.09168267250061035,0.011778116226196289,-0.03983187675476074,0.04007267951965332,0.27965614199638367,0.03941169991284747,0.011778116226196289,False
Grocery,42,12345,12543,12477,10092,105673,79585,0.1666666716337204,0.18898224830627441,1.3162157535552979,1.6067767143249512,14,0.03556251525878906,0.2779558002948761,0.03482640056565393,0.016288280487060547,-0.15657997131347656,0.6028518676757812,0.5566611289978027,0.11038923263549805,0.08387646824121475,0.10795395687261955,0.6028518676757812,False
Grocery,42,12345,5888,10768,4166,88004,22194,0.036369647830724716,0.05852057412266731,0.38821709156036377,0.6939840912818909,8,-0.002618551254272461,-0.0197260994464159,-0.002607103852296483,0.03548431396484375,-0.07529139518737793,0.49326515197753906,0.4255831241607666,0.007609367370605469,0.007654223591089249,0.007593537739503341,0.49326515197753906,False
Grocery,42,12345,5888,4166,10768,22194,88004,0.05852057412266731,0.036369647830724716,0.6939840912818909,0.38821709156036377,8,0.005692958831787109,0.00560976006090641,0.006170038927753363,0.5102620124816895,0.015254735946655273,0.03304028511047363,0.048120737075805664,-0.0001742839813232422,-0.0018076294800266623,-0.00020412986216314624,0.048120737075805664,False
Grocery,42,12345,16082,16572,15176,138969,131708,0.3535533845424652,0.5,3.143507719039917,5.1388444900512695,19,0.00015497207641601562,0.0031656736973673105,0.0004157896014805717,0.024554431438446045,-0.01120370626449585,0.08950334787368774,0.09009107947349548,0.011791437864303589,0.06180058792233467,0.037495211973665815,0.09009107947349548,True
Grocery,42,12345,16082,4339,16572,23986,138969,0.04902903363108635,0.3535533845424652,0.360737144947052,3.143507719039917,19,5.643628537654877e-05,0.031445425003767014,5.799523444344017e-05,0.0008691456168889999,-0.0007340908050537109,0.023702047765254974,0.02338758111000061,0.0004196241497993469,0.008774391375482082,0.0009187878244782532,0.023702047765254974,True
Grocery,42,12345,16082,15176,16572,131708,138969,0.5,0.3535533845424652,5.1388444900512695,3.143507719039917,19,0.00813574343919754,0.04183898866176605,0.023681114022265956,0.0971742495894432,0.009165331721305847,0.029271693900227547,0.03328700363636017,-0.005150021985173225,-0.07180329412221909,-0.01224011648482418,0.03328700363636017,True
Grocery,42,12345,11674,11007,7578,91322,53360,0.0833333358168602,0.14433756470680237,0.9179960489273071,1.1217153072357178,13,0.00277024507522583,0.05828673020005226,0.0034288768948178526,0.022378815338015556,-0.0018651168793439865,-0.010423561558127403,-0.013551762327551842,-0.001263083890080452,-0.04888010397553444,-0.0008753918131927269,0.0,True
Grocery,42,12345,11674,7578,11007,53360,91322,0.14433756470680237,0.0833333358168602,1.1217153072357178,0.9179960489273071,13,0.0015110112726688385,0.060721442103385925,0.0012369985402010501,0.002117415890097618,0.00659535825252533,0.02811599150300026,0.031744420528411865,-0.0029669292271137238,-0.044645167887210846,-0.004180910434981406,0.031744420528411865,True
Grocery,42,12345,13975,14705,13696,127097,116792,0.06804138422012329,0.05270462855696678,0.6261033415794373,0.5983076095581055,16,0.00026458222419023514,0.04425760731101036,0.00029033256688278716,0.0028568198904395103,-0.001339915208518505,0.0030230097472667694,0.001977505162358284,0.0002944106236100197,0.04643378406763077,0.0003156276609837296,0.0030230097472667694,True
Grocery,42,12345,13975,13696,14705,116792,127097,0.05270462855696678,0.06804138422012329,0.5983076095581055,0.6261033415794373,16,-2.2930093109607697e-05,-0.003198106773197651,-2.773767972339943e-05,0.0035734781995415688,0.00024296436458826065,0.003131238743662834,0.003364366479218006,-9.836629033088684e-06,-0.0014597481349483132,-2.7011918404514124e-05,0.003364366479218006,True
Grocery,42,12345,13975,13852,13696,118361,116792,0.054554469883441925,0.05270462855696678,0.3278880715370178,0.5983076095581055,16,-4.278495907783508e-06,-0.0029665068723261356,-5.577047881864534e-06,0.000718989409506321,0.0006945598870515823,0.00342702679336071,0.004011980257928371,-0.00010960642248392105,-0.013475795276463032,-0.000128949220171891,0.004011980257928371,True
Grocery,42,12345,3355,2004,2153,8698,9261,0.28867512941360474,0.28867512941360474,1.5727035999298096,1.7753347158432007,5,0.007433682680130005,0.018902065232396126,0.002228947868450907,0.19974717497825623,0.1784166693687439,0.009834587574005127,0.21018821001052856,0.02193695306777954,0.05505717918276787,0.017003723858432088,0.21018821001052856,True
Grocery,42,12345,3355,3497,2004,16749,8698,0.25,0.28867512941360474,1.3948975801467896,1.5727035999298096,5,0.019418418407440186,0.037051502615213394,-0.019928098346474618,0.25233709812164307,0.26311105489730835,-0.0018172264099121094,0.26993829011917114,0.008644461631774902,0.016161903738975525,0.0073555095172041784,0.26993829011917114,True
Grocery,42,12345,3355,2153,2004,9261,8698,0.28867512941360474,0.28867512941360474,1.7753347158432007,1.5727035999298096,5,0.029482215642929077,0.07575533539056778,0.028001715364925774,0.2093294858932495,0.1947212815284729,-0.005491733551025391,0.2015485167503357,0.012318968772888184,0.03066238947212696,0.011219833345515396,0.2015485167503357,True
Grocery,42,12345,4535,5903,5897,39864,39714,0.04287464916706085,0.04419417306780815,0.49752768874168396,0.38622716069221497,7,-7.133558392524719e-05,-0.005913799628615379,-8.269578475010413e-05,0.005995608866214752,0.00028655119240283966,0.0038006454706192017,0.00403340719640255,-5.378946661949158e-05,-0.006623817607760429,-6.09325713431357e-05,0.00403340719640255,True
Grocery,42,12345,4535,5897,5903,39714,39864,0.04419417306780815,0.04287464916706085,0.38622716069221497,0.49752768874168396,7,-4.492513835430145e-05,-0.005604590754956007,-5.192081068916988e-05,0.003985419869422913,0.00024756044149398804,0.005745433270931244,0.005939071998000145,-5.3921714425086975e-05,-0.004519055597484112,-6.281672423264997e-05,0.005939071998000145,True
Grocery,42,12345,10797,11087,10984,92220,91039,0.05698028951883316,0.07106690853834152,0.5970823764801025,0.23130285739898682,13,4.3639447540044785e-05,0.03929193690419197,5.195482913657992e-05,0.0005334984743967652,-6.990536348894238e-05,-3.0963856261223555e-05,-0.00010420131729915738,-3.3320975489914417e-06,-0.01624775119125843,-3.0271333419437064e-06,0.0,True
Grocery,42,12345,10797,10815,10984,88941,91039,0.0292853694409132,0.07106690853834152,0.19147233664989471,0.23130285739898682,13,2.617831341922283e-06,0.023535238578915596,2.6840550871105154e-06,5.430122837424278e-05,-3.131979610770941e-05,-3.298697993159294e-05,-6.56157499179244e-05,-1.308973878622055e-06,-0.010074258781969547,-1.141628261094272e-06,0.0,True
Grocery,42,12345,10797,10984,10815,91039,88941,0.07106690853834152,0.0292853694409132,0.23130285739898682,0.19147233664989471,13,-4.7603389248251915e-06,-0.017956402152776718,-4.09690458321351e-06,0.0,-0.00011312693823128939,4.91843675263226e-05,-5.620787851512432e-05,7.734692189842463e-06,0.035394322127103806,7.707037475502898e-06,4.91843675263226e-05,True
Grocery,42,12345,733,11248,338,93970,1513,0.14433756470680237,0.25819888710975647,1.198425531387329,1.8566994667053223,0,-0.002466171979904175,-0.01289755292236805,-0.009641253081847219,0.09683927893638611,0.11433368921279907,0.20764049887657166,0.30201342701911926,-0.019960761070251465,-0.03198903426527977,-0.02351579995078247,0.30201342701911926,True
Grocery,42,12345,733,338,11248,1513,93970,0.25819888710975647,0.14433756470680237,1.8566994667053223,1.198425531387329,0,-0.016847878694534302,-0.029407447203993797,-0.027129900727080353,0.2780320346355438,0.07647842168807983,-0.04586651921272278,0.02763807773590088,-0.0029738247394561768,-0.019827740266919136,-0.00708707770849675,0.07647842168807983,True
Grocery,42,12345,2333,15830,14066,135125,120561,0.1601281613111496,0.14433756470680237,0.8453983068466187,1.3357341289520264,5,0.0046939849853515625,0.006875290535390377,0.003930593808776528,0.0,-0.02741217613220215,0.03957343101501465,0.012804269790649414,0.0006430149078369141,0.008058852516114712,0.002252981806612227,0.03957343101501465,False
Grocery,42,12345,2333,14066,15830,120561,135125,0.14433756470680237,0.1601281613111496,1.3357341289520264,0.8453983068466187,5,-0.001535177230834961,-0.007076624780893326,-7.896953521072114e-05,0.04175162315368652,-0.12265157699584961,-0.320972204208374,-0.4302077293395996,0.013416051864624023,0.015353133901953697,0.010603275977985745,0.0,False
Grocery,42,12345,2333,16382,14066,137986,120561,0.20412413775920868,0.14433756470680237,2.141106367111206,1.3357341289520264,5,0.04201912879943848,0.017847752198576927,0.012981267942084207,0.5913550853729248,0.5907282829284668,-0.0024290084838867188,0.6309444904327393,0.04264521598815918,0.03483796492218971,0.03732062422466821,0.6309444904327393,False
Grocery,42,12345,905,1037,961,4347,4011,0.3535533845424652,0.7071067690849304,3.824946880340576,7.557396411895752,1,-2.4674314772710204e-05,-0.13259616494178772,-7.923413930990407e-05,8.070093463174999e-05,7.00779928592965e-05,0.0002694933791644871,0.00027259282069280744,-6.697855133097619e-05,-0.10941093415021896,-0.00033331501494369053,0.00027259282069280744,True
Grocery,42,12345,905,961,1037,4011,4347,0.7071067690849304,0.3535533845424652,7.557396411895752,3.824946880340576,1,-0.0003387762699276209,-0.23368073999881744,-0.0025777484025659636,0.0005554767558351159,0.0001303987519349903,0.00016914022853597999,0.00018332594481762499,-0.00011621303565334529,-0.24066902697086334,-0.0005414928772451066,0.00018332594481762499,True
Grocery,42,12345,11950,11906,11951,100451,100916,0.20412413775920868,0.18257418274879456,0.7020525336265564,1.264139175415039,13,0.012192368507385254,0.06619694083929062,0.012066083538560632,0.0,-0.011699438095092773,0.17554008960723877,0.18181991577148438,0.01797926425933838,0.04871644452214241,0.01579255834073779,0.18181991577148438,False
Grocery,42,12345,11950,11951,11906,100916,100451,0.18257418274879456,0.20412413775920868,1.264139175415039,0.7020525336265564,13,0.010850667953491211,0.023753218352794647,0.0076020344089812175,0.23382949829101562,0.03807222843170166,-0.09317135810852051,-0.04201054573059082,0.013088583946228027,0.07554557174444199,0.012992310258490201,0.03807222843170166,False
Grocery,42,12345,3315,3573,7273,17177,50848,0.2182178795337677,0.25819888710975647,1.3458398580551147,1.0428385734558105,3,-0.027689337730407715,-0.03386712074279785,-0.03698571692642423,0.39494913816452026,0.24917387962341309,-0.1727880835533142,0.13067376613616943,0.05428797006607056,0.0982346385717392,0.05530159635556297,0.24917387962341309,True
Grocery,42,12345,3315,8109,3573,57513,17177,0.28867512941360474,0.2182178795337677,1.6221847534179688,1.3458398580551147,3,0.1351805329322815,0.15152552723884583,0.15285373843965047,0.3784749507904053,0.5861855149269104,0.13632798194885254,0.6499834656715393,-0.07253003120422363,-0.052845314145088196,-0.0826937578993879,0.6499834656715393,True
Grocery,42,12345,3315,7273,3573,50848,17177,0.25819888710975647,0.2182178795337677,1.0428385734558105,1.3458398580551147,3,0.05258423089981079,0.07382234930992126,0.05785517548985086,0.32986176013946533,0.44322341680526733,0.12457537651062012,0.5070213675498962,-0.06077742576599121,-0.05654659867286682,-0.07068484723141005,0.5070213675498962,True
Grocery,42,12345,8013,15896,17028,135465,141801,0.04564354568719864,0.06154574453830719,0.5106544494628906,0.5471392869949341,9,0.0004677772521972656,0.0007136782514862716,0.00043818943323298276,0.03753852844238281,0.0375065803527832,0.027460098266601562,0.06546640396118164,0.000499725341796875,0.003831277135759592,0.0004668288363027298,0.06546640396118164,False
Grocery,42,12345,8013,17028,15896,141801,135465,0.06154574453830719,0.04564354568719864,0.5471392869949341,0.5106544494628906,9,-0.000972747802734375,-0.003693444188684225,-0.0008622596624076641,0.13119935989379883,0.10136985778808594,-0.3283853530883789,-0.2261190414428711,0.000896453857421875,0.0013668074971064925,0.0008699954220208656,0.10136985778808594,False
Grocery,42,12345,3473,3259,4300,15100,23166,0.09759000688791275,0.053452249616384506,0.3105807602405548,0.3275030255317688,4,0.005381107330322266,0.01595490425825119,0.00488072844577761,0.07753944396972656,-0.17480969429016113,-0.054718017578125,-0.22066259384155273,0.008865118026733398,0.019691934809088707,0.008228652786350205,0.0,False
Grocery,42,12345,3473,4300,3259,23166,15100,0.053452249616384506,0.09759000688791275,0.3275030255317688,0.3105807602405548,4,0.001230001449584961,0.009558605961501598,0.0012424769903527227,0.0,-0.01736164093017578,0.08220100402832031,0.06555867195129395,0.0007193088531494141,0.00435624411329627,0.0007465723253429677,0.08220100402832031,False
Grocery,42,12345,1003,1428,191,5964,884,0.25,0.7071067690849304,2.6010446548461914,6.246003150939941,1,-0.0028202729299664497,-0.1678941249847412,-0.006851929062099448,0.006988821551203728,0.002372660441324115,0.0024532165843993425,0.0042851828038692474,-0.0005406942218542099,-0.05934475362300873,-0.008171619715625345,0.0042851828038692474,True
Grocery,42,12345,1003,191,1428,884,5964,0.7071067690849304,0.25,6.246003150939941,2.6010446548461914,1,0.009630080312490463,0.3220610022544861,-0.020788781597739364,0.012048185802996159,0.04755473509430885,0.0301255751401186,0.04989131912589073,-0.02778899110853672,-0.21783047914505005,-0.1245697821300864,0.04989131912589073,True
Grocery,42,12345,14135,14771,13924,127540,119028,0.28867512941360474,0.09128709137439728,1.5513241291046143,1.136141300201416,15,-1.691468060016632e-05,-0.038740161806344986,-2.2763098180103017e-05,0.000209847028600052,5.4331147111952305e-05,0.00023915048222988844,0.00026953991618938744,-2.3941713152453303e-05,-0.0425228625535965,-3.415036875312747e-05,0.00026953991618938744,True
Grocery,42,12345,14135,13924,14191,119028,122211,0.09128709137439728,0.1178511381149292,1.136141300201416,0.7201213240623474,15,-2.5846908101812005e-05,-0.044714540243148804,-3.6267805502464355e-05,0.0002760928182397038,5.183328175917268e-05,0.0001510985312052071,0.00018613567226566374,-1.6796140698716044e-05,-0.04316914081573486,-2.1650647395292527e-05,0.00018613567226566374,True
Grocery,42,12345,14135,14191,13924,122211,119028,0.1178511381149292,0.09128709137439728,0.7201213240623474,1.136141300201416,15,-2.1679792553186417e-05,-0.0510183721780777,-2.8564610188441786e-05,0.0002016255457419902,7.887446554377675e-05,0.00024843987193889916,0.0002940832346212119,-3.3231102861464024e-05,-0.05347714573144913,-4.7540281610628665e-05,0.0002940832346212119,True
Grocery,42,12345,6838,6516,6940,44556,47791,0.02441931515932083,0.07412493228912354,0.1888994425535202,0.5734050273895264,9,5.909055471420288e-05,0.003247151616960764,6.0184258486135726e-05,0.009128369390964508,0.004597648978233337,0.015008680522441864,0.019790567457675934,0.00018423795700073242,0.004676457028836012,0.00019253579076428367,0.019790567457675934,True
Grocery,42,12345,6838,6940,6516,47791,44556,0.07412493228912354,0.02441931515932083,0.5734050273895264,0.1888994425535202,9,0.0009283944964408875,0.01992686465382576,0.0009676541894616027,0.02375923842191696,0.009212031960487366,0.004122890532016754,0.01361781358718872,0.00028289109468460083,0.01049581728875637,0.000274360607202933,0.01361781358718872,True
Grocery,42,12345,12001,13524,2523,114798,10976,0.06085805967450142,0.10846523195505142,0.44063037633895874,0.5144628286361694,13,-0.0008027553558349609,-0.0027145803906023502,-0.0008359650275833602,0.0,-0.09657049179077148,-0.2731156349182129,-0.3705477714538574,-0.0008616447448730469,-0.0011640168959274888,-0.0011429981406586827,0.0,False
Grocery,42,12345,12001,2523,13524,10976,114798,0.10846523195505142,0.06085805967450142,0.5144628286361694,0.44063037633895874,13,-0.011208772659301758,-0.019955134019255638,-0.011828115288828989,0.0,-0.03165793418884277,-0.05960392951965332,-0.08328962326049805,0.007972240447998047,0.0456727109849453,0.007302804040529625,0.0,False
Grocery,42,12345,8716,10932,3839,90432,18906,0.1111111119389534,0.12309148907661438,0.7817424535751343,0.4956483542919159,12,0.008463501930236816,0.05063914507627487,0.00912483088227363,0.0793350338935852,0.0010953545570373535,-0.019734084606170654,-0.020303308963775635,-0.001664578914642334,-0.04046844691038132,-0.0010334613507029398,0.0010953545570373535,True
Grocery,42,12345,8716,9179,10932,69146,90432,0.17407765984535217,0.1111111119389534,1.6824984550476074,0.7817424535751343,12,0.005145847797393799,0.20870564877986908,0.005741887492280933,0.014900922775268555,0.011404573917388916,0.08843374252319336,0.09920322895050049,-0.0006350874900817871,-0.003190728137269616,-0.0005461293153935689,0.09920322895050049,True
Grocery,42,12345,8716,3839,10932,18906,90432,0.12309148907661438,0.1111111119389534,0.4956483542919159,0.7817424535751343,12,-0.001591026782989502,-0.038611240684986115,-0.001137031325643672,0.003900587558746338,-0.00436478853225708,0.0811241865158081,0.08343392610549927,0.006674528121948242,0.0395122729241848,0.0073577588218438844,0.08343392610549927,True
Grocery,42,12345,928,475,1364,2055,5705,0.20000000298023224,0.20000000298023224,1.0040663480758667,1.401487946510315,1,-0.001151006668806076,-0.04596200957894325,-0.0020534532732103643,0.011945774778723717,0.009805139154195786,0.032065242528915405,0.03528331592679024,-0.006587065756320953,-0.08537588268518448,-0.015795338073436742,0.03528331592679024,True
Grocery,42,12345,928,1364,475,5705,2055,0.20000000298023224,0.20000000298023224,1.401487946510315,1.0040663480758667,1,-0.005778100341558456,-0.07832945138216019,-0.014005061370496182,0.033994268625974655,0.00369374081492424,0.008532443083822727,0.011270435526967049,-0.0009557483717799187,-0.04067597538232803,-0.001731803452039508,0.011270435526967049,True
Grocery,42,12345,928,111,475,444,2055,0.08451542258262634,0.20000000298023224,0.6177709102630615,1.0040663480758667,1,-2.914387732744217e-05,-0.009852303192019463,-5.299430347443338e-05,0.0014644619077444077,0.0019244104623794556,0.008209687657654285,0.009501105174422264,-0.0006329929456114769,-0.032237641513347626,-0.0009186593222219627,0.009501105174422264,True
Grocery,42,12345,15060,15527,10042,133618,79101,0.037796445190906525,0.02881952002644539,0.25610652565956116,0.23726731538772583,19,-0.0002714693546295166,-0.006214678753167391,-0.0002669076501528502,0.0,-0.013833582401275635,-0.009324222803115845,-0.023496031761169434,-0.0003382265567779541,-0.007249703165143728,-0.000332761969908664,0.0,True
Grocery,42,12345,15060,8620,10042,62439,79101,0.0306569654494524,0.02881952002644539,0.307597279548645,0.23726731538772583,19,-0.0018620193004608154,-0.013501659035682678,-0.001738148354250348,0.0,-0.05394482612609863,-0.00858759880065918,-0.06360727548599243,-0.0010748505592346191,-0.00852111168205738,-0.001016785107535142,0.0,True
Grocery,42,12345,15060,10042,8620,79101,62439,0.02881952002644539,0.0306569654494524,0.23726731538772583,0.307597279548645,19,-0.0003968179225921631,-0.00749565102159977,-0.0003896830257132701,0.0,-0.016745537519454956,-0.016071826219558716,-0.033474624156951904,-0.0006572604179382324,-0.00991462729871273,-0.0006353009167446527,0.0,True
Grocery,42,12345,14013,13798,14606,117769,126080,0.06741999089717865,0.15811388194561005,0.7375564575195312,0.5646615624427795,16,-0.002877071499824524,-0.04695826768875122,-0.003732077402884247,0.02919580414891243,0.005027627572417259,-0.009512431919574738,-0.0030468665063381195,0.0014379378408193588,0.08176170289516449,0.0013281358738535746,0.005027627572417259,True
Grocery,42,12345,14013,14606,13798,126080,117769,0.15811388194561005,0.06741999089717865,0.5646615624427795,0.7375564575195312,16,0.002788526937365532,0.13047415018081665,0.0027251381512265107,0.009291859343647957,0.017822381108999252,0.02559516206383705,0.03767554834485054,-0.0057419948279857635,-0.07080744206905365,-0.007895557299353229,0.03767554834485054,True
Grocery,42,12345,2716,2523,2778,10964,12206,0.14002801477909088,0.25819888710975647,0.664168655872345,1.7045985460281372,5,-0.0005294159054756165,-0.01796223782002926,-0.0011733090950316067,0.01500161737203598,0.024850860238075256,0.12663796544075012,0.14111018180847168,-0.010378643870353699,-0.03547053411602974,-0.015753492370967466,0.14111018180847168,True
Grocery,42,12345,2716,2778,2523,12206,10964,0.25819888710975647,0.14002801477909088,1.7045985460281372,0.664168655872345,5,-0.012289851903915405,-0.03802876174449921,-0.023386472449490617,0.15544134378433228,0.03254537284374237,0.0027181804180145264,0.029610373079776764,-0.005653180181980133,-0.0871410146355629,-0.009909305145827708,0.03254537284374237,True
Grocery,42,12345,7541,3788,13207,18546,111186,0.02997453138232231,0.03042902983725071,0.38616815209388733,0.18593449890613556,11,0.00012034177780151367,0.02446756325662136,0.00011571696115728796,0.00023286417126655579,0.0003390088677406311,-0.0004632323980331421,-0.00011002644896507263,1.4197081327438354e-05,0.015562236309051514,1.3518954402327607e-05,0.0003390088677406311,True
Grocery,42,12345,7541,13207,3788,111186,18546,0.03042902983725071,0.02997453138232231,0.18593449890613556,0.38616815209388733,11,-7.893890142440796e-06,-0.008792761713266373,-6.970456561412289e-06,0.00045282766222953796,0.000375114381313324,-0.0024688541889190674,-0.00202392041683197,6.98193907737732e-05,0.014342819340527058,6.48009164130981e-05,0.000375114381313324,True
Grocery,42,12345,5573,5437,1162,36045,4890,0.20412413775920868,0.10000000149011612,1.132453441619873,0.6689133644104004,8,0.0033094212412834167,0.08377077430486679,0.0032497402933288825,0.0005758926272392273,-0.022435210645198822,0.007749967277050018,-0.010348156094551086,0.004337087273597717,0.10700047761201859,0.003862171983035641,0.007749967277050018,True
Grocery,42,12345,5573,1162,5437,4890,36045,0.10000000149011612,0.20412413775920868,0.6689133644104004,1.132453441619873,8,0.0011579245328903198,0.05030912160873413,0.00130666299741713,0.010929130017757416,-0.007266700267791748,0.003326632082462311,-0.003381386399269104,0.0005586817860603333,0.03997800499200821,0.0008727707266181215,0.003326632082462311,True
Grocery,42,12345,5693,4254,8599,22812,62109,0.044901326298713684,0.01639564521610737,0.2471710741519928,0.10157381743192673,7,1.09116081148386e-05,0.028221726417541504,1.1097931272799848e-05,0.0001878584735095501,-9.517930448055267e-05,2.0558014512062073e-05,-7.462338544428349e-05,-2.0954757928848267e-09,-1.1007344255631324e-05,9.811936763331194e-08,2.0558014512062073e-05,True
Grocery,42,12345,5693,8599,4254,62109,22812,0.01639564521610737,0.044901326298713684,0.10157381743192673,0.2471710741519928,7,-1.4258548617362976e-06,-0.025312170386314392,-1.5473717938081502e-06,2.7447473257780075e-05,-1.3068784028291702e-06,0.00019199750386178493,0.00019746320322155952,6.77257776260376e-06,0.01733102835714817,6.992712006642732e-06,0.00019746320322155952,True
Grocery,42,12345,7326,4029,3788,21554,18534,0.03289758414030075,0.025958707556128502,0.4304460883140564,0.3344314694404602,11,6.440281867980957e-05,0.0017046910943463445,5.6541535436792356e-05,0.0006010979413986206,0.0006128549575805664,-0.012742623686790466,-0.012077122926712036,5.264580249786377e-05,0.002070011803880334,4.791512500445661e-05,0.0006128549575805664,True
Grocery,42,12345,7326,3788,4029,18534,21554,0.025958707556128502,0.03289758414030075,0.3344314694404602,0.4304460883140564,11,0.00030056387186050415,0.011703959666192532,0.00028766626889095877,0.001650594174861908,0.0015720054507255554,-0.01923682540655136,-0.01728566735982895,0.0003791525959968567,0.00995294563472271,0.0003509770336416728,0.0015720054507255554,True
Grocery,42,12345,13737,14311,13276,123564,112270,0.07537783682346344,0.048911601305007935,0.5468229651451111,0.4663448631763458,15,0.0003472864627838135,0.019078217446804047,0.00032454617798702116,0.00806744396686554,0.01037493348121643,0.05285659432411194,0.06127151846885681,-0.0019600093364715576,-0.01574266143143177,-0.0021541180792925317,0.06127151846885681,True
Grocery,42,12345,13737,13276,14311,112270,123564,0.048911601305007935,0.07537783682346344,0.4663448631763458,0.5468229651451111,15,-0.0036812275648117065,-0.02525215595960617,-0.004063042839736367,0.07104875147342682,0.015551090240478516,-0.009848237037658691,0.006623372435569763,0.000920519232749939,0.028745824471116066,0.0009165512967205157,0.015551090240478516,True
Grocery,42,12345,13737,13619,13276,115920,112270,0.05170876905322075,0.048911601305007935,0.23884521424770355,0.4663448631763458,15,0.000665023922920227,0.025261426344513893,0.0006646442270943857,0.01283031702041626,0.016512781381607056,0.05391383171081543,0.06740936636924744,-0.003017246723175049,-0.021890122443437576,-0.0033158187203795875,0.06740936636924744,True
Grocery,42,12345,5623,5568,5564,36846,36809,0.08703882992267609,0.1132277101278305,0.9319010376930237,1.2122982740402222,8,0.0012217238545417786,0.061200834810733795,0.0013891245912272202,0.009370401501655579,-0.005275927484035492,0.012976337224245071,0.009395431727170944,0.0016950219869613647,0.0613078698515892,0.0020508283986017876,0.012976337224245071,True
Grocery,42,12345,5623,5564,5568,36809,36846,0.1132277101278305,0.08703882992267609,1.2122982740402222,0.9319010376930237,8,0.00245869904756546,0.09145653992891312,0.0028890616954382886,0.012212544679641724,-0.006924312561750412,0.008820902556180954,0.003667812794446945,0.0017712228000164032,0.0912388265132904,0.0019548378735168874,0.008820902556180954,True
Grocery,42,12345,5623,5567,5564,36827,36809,0.13608276844024658,0.1132277101278305,0.5818913578987122,1.2122982740402222,8,0.0017510391771793365,0.0897650495171547,0.001616806402164151,0.004474926739931107,-0.01274191215634346,0.010807380080223083,0.001929447054862976,0.0038639791309833527,0.15165497362613678,0.004117728090460575,0.010807380080223083,True
Grocery,42,12345,13696,16379,5970,137964,40512,0.03806934878230095,0.015598365105688572,0.32178419828414917,0.04863036796450615,16,0.0,0.0,7.50776264740643e-08,1.1085969163104892e-05,-1.1920565157197416e-07,-1.1920565157197416e-07,-2.3841130314394832e-07,0.0,0.0,1.3328963769996463e-08,0.0,True
Grocery,42,12345,13696,5970,16379,40512,137964,0.015598365105688572,0.03806934878230095,0.04863036796450615,0.32178419828414917,16,-3.637978807091713e-12,-7.472960078303004e-06,5.569481955956262e-09,2.3841130314394832e-07,3.576096787583083e-07,1.1205171176698059e-05,1.14435788418632e-05,-1.1920201359316707e-07,-0.005179012194275856,-7.11129251005825e-08,1.14435788418632e-05,True
Grocery,42,12345,14559,14965,13710,129845,116885,0.09534625709056854,0.12909944355487823,0.9479106664657593,0.8414667248725891,16,0.0022001266479492188,0.0035100625827908516,0.002218889059684037,0.31230270862579346,-0.0049059391021728516,0.2246415615081787,0.22188019752502441,0.0021445751190185547,0.004750650376081467,0.0018072778576640885,0.2246415615081787,True
Grocery,42,12345,14559,13710,14965,116885,129845,0.12909944355487823,0.09534625709056854,0.8414667248725891,0.9479106664657593,16,0.003054380416870117,0.004647717345505953,0.004557810441390142,0.33011651039123535,0.09518301486968994,0.30330073833465576,0.4096858501434326,0.011202096939086914,0.01386107224971056,0.013799072965193499,0.4096858501434326,True
Grocery,42,12345,14559,13122,13710,110041,116885,0.15811388194561005,0.12909944355487823,1.9271700382232666,0.8414667248725891,16,0.007578492164611816,0.019404985010623932,0.009681255567643682,0.05104649066925049,0.0653238296508789,0.23348498344421387,0.29210996627807617,-0.0066988468170166016,-0.01133632380515337,-0.006211380327766851,0.29210996627807617,True
Grocery,42,12345,7924,7503,6986,52840,48196,0.035223498940467834,0.08362419903278351,0.41601672768592834,0.8294854164123535,9,-0.00018043722957372665,-0.019786367192864418,-0.0002343651182629982,0.004469411447644234,0.0004172520712018013,0.004773036576807499,0.0050553567707538605,-0.00013493187725543976,-0.013169667683541775,-0.00016715798556993998,0.0050553567707538605,True
Grocery,42,12345,7924,6986,7503,48196,52840,0.08362419903278351,0.035223498940467834,0.8294854164123535,0.41601672768592834,9,-2.0770356059074402e-05,-0.002157823881134391,-3.161026569837699e-05,0.004802411422133446,0.0002621021121740341,0.0041252197697758675,0.00426875613629818,-0.00011856574565172195,-0.013697382062673569,-0.00016448916974886333,0.00426875613629818,True
Grocery,42,12345,8475,9254,8334,70119,59058,0.10910893976688385,0.2182178795337677,1.309852957725525,1.7119059562683105,12,0.0017654718831181526,0.17860206961631775,0.001716425354383903,0.004059731960296631,0.004057388752698898,-0.00553023349493742,0.0002949703484773636,0.0017678150907158852,0.17888152599334717,0.0016666047258607594,0.004057388752698898,True
Grocery,42,12345,8475,8334,9254,59058,70119,0.2182178795337677,0.10910893976688385,1.7119059562683105,1.309852957725525,12,0.006183503195643425,0.19278943538665771,0.0076399722514698,0.012945177964866161,0.0130280377343297,-0.009919008240103722,0.009209672920405865,0.006100643426179886,0.1897159069776535,0.0076971651313581186,0.0130280377343297,True
Grocery,42,12345,3342,9425,8244,72374,58438,0.02271554246544838,0.05423261597752571,0.18013301491737366,0.17809893190860748,5,-0.0003600120544433594,-0.0017679883167147636,-0.0003540514181205878,0.012722969055175781,0.011511802673339844,0.015413761138916016,0.027778148651123047,0.0008525848388671875,0.015585498884320259,0.0008604322123778663,0.027778148651123047,False
Grocery,42,12345,3342,13264,8244,112095,58438,0.04950737953186035,0.05423261597752571,0.3572652339935303,0.17809893190860748,5,0.0007100105285644531,0.0020139773841947317,0.0007165264875051147,0.06663990020751953,0.0662832260131836,0.01519918441772461,0.0825495719909668,0.0010671615600585938,0.0065058134496212006,0.0010769862288551293,0.0825495719909668,False
Grocery,42,12345,3342,8244,13264,58438,112095,0.05423261597752571,0.04950737953186035,0.17809893190860748,0.3572652339935303,5,0.0018072128295898438,0.013471147045493126,0.0018131338024200885,0.06798076629638672,0.052382469177246094,-0.17705440521240234,-0.12353277206420898,0.0011391639709472656,0.003227371023967862,0.0011369583915759843,0.052382469177246094,False
Grocery,42,12345,12241,13207,10832,111231,89312,0.03726780042052269,0.05143444985151291,0.22772234678268433,0.6057130694389343,14,9.6932053565979e-06,0.0012706638080999255,8.74746707559904e-06,0.0006602630019187927,0.0006894767284393311,0.0029383674263954163,0.003608323633670807,-1.952052116394043e-05,-0.0026976289227604866,-2.513044968814754e-05,0.003608323633670807,True
Grocery,42,12345,12241,10832,13207,89312,111231,0.05143444985151291,0.03726780042052269,0.6057130694389343,0.22772234678268433,14,0.00032749027013778687,0.017111552879214287,0.00033214473505807727,0.002591356635093689,-0.009034357964992523,-0.003438323736190796,-0.012843847274780273,-0.00037116557359695435,-0.014660992659628391,-0.00034044645200156286,0.0,True
Grocery,42,12345,1828,361,1446,1658,6027,0.08770579844713211,0.08451542258262634,1.1434264183044434,0.9080727696418762,1,-1.1920838005607948e-07,-0.036922141909599304,-2.4491019031499704e-07,1.5497168988076737e-06,8.344627531187143e-07,9.536715879221447e-07,1.5497168988076737e-06,-2.3841744223318528e-07,-0.07121506333351135,-3.0128330407276233e-07,1.5497168988076737e-06,True
Grocery,42,12345,1828,1446,361,6027,1658,0.08451542258262634,0.08770579844713211,0.9080727696418762,1.1434264183044434,1,-1.1920860742975492e-07,-0.043320126831531525,-2.3546972013679748e-07,1.3112990018271375e-06,4.7683579396107234e-07,8.344627531187143e-07,1.3112990018271375e-06,4.547473508864641e-13,1.7273714547627605e-07,-1.8434969880823042e-07,1.3112990018271375e-06,True
Grocery,42,12345,15386,15136,14909,131443,129262,0.22360679507255554,0.0735214576125145,1.157394528388977,1.0403695106506348,17,0.007755950093269348,0.14159145951271057,0.008659531978309015,0.03126645088195801,0.004582792520523071,-0.007589563727378845,0.003446921706199646,0.00645369291305542,0.4131873846054077,0.005892108696246992,0.004582792520523071,True
Grocery,42,12345,15386,14909,15136,129262,131443,0.0735214576125145,0.22360679507255554,1.0403695106506348,1.157394528388977,17,-0.00026510655879974365,-0.037558186799287796,-0.0002581805165769737,0.0,-0.002749800682067871,0.02802717685699463,0.025236114859580994,-4.126131534576416e-05,-0.000736636808142066,-6.17703231031889e-05,0.02802717685699463,True
Grocery,42,12345,15386,16930,15136,141137,131443,0.4472135901451111,0.22360679507255554,3.8239798545837402,1.157394528388977,17,0.021620988845825195,0.012818723917007446,-0.029694471553392,0.8413543701171875,-0.0067855119705200195,0.012371793389320374,0.021200403571128845,0.015614122152328491,0.38689306378364563,0.013126049712821481,0.021200403571128845,True
Grocery,42,12345,7749,6345,7587,43495,53565,0.04902903363108635,0.03977786377072334,0.37049442529678345,0.39227616786956787,10,-1.4577759429812431e-05,-0.009241980500519276,-1.740596214089296e-05,0.0007813768461346626,7.22298864275217e-05,0.0008759023621678352,0.0009264359250664711,-2.169632352888584e-05,-0.011573975905776024,-2.6775712909107064e-05,0.0009264359250664711,True
Grocery,42,12345,7749,7587,6345,53565,43495,0.03977786377072334,0.04902903363108635,0.39227616786956787,0.37049442529678345,10,-1.5299301594495773e-05,-0.008431758731603622,-1.897415158521416e-05,0.0008995879907160997,3.956630825996399e-05,0.0007257491815835238,0.0007558318320661783,-9.483657777309418e-06,-0.006234501488506794,-1.1370150216551811e-05,0.0007558318320661783,True
Grocery,42,12345,10977,11146,11158,92892,92966,0.05976143106818199,0.18898224830627441,0.8469323515892029,1.833341360092163,13,-2.5028202799148858e-06,-0.02399504743516445,-3.0298588425557764e-06,5.089644400868565e-05,9.058334399014711e-06,8.105120650725439e-05,8.665351197123528e-05,-3.456028935033828e-06,-0.019550655037164688,-5.21848381889501e-06,8.665351197123528e-05,True
Grocery,42,12345,10977,11158,11146,92966,92892,0.18898224830627441,0.05976143106818199,1.833341360092163,0.8469323515892029,13,-1.1202311725355685e-05,-0.050746090710163116,-1.634269308087889e-05,0.00010476994793862104,2.3361630155704916e-05,5.018048977945e-05,6.61529484204948e-05,-7.38917151466012e-06,-0.05289122089743614,-9.552518873904818e-06,6.61529484204948e-05,True
Grocery,42,12345,10874,11180,11042,93214,91754,0.1178511381149292,0.28867512941360474,1.3693649768829346,2.2295989990234375,13,-0.00928238034248352,-0.02882971614599228,-0.013981077901884409,0.15634514391422272,0.016721248626708984,0.16936106979846954,0.18853498995304108,0.002452671527862549,0.006547139026224613,0.008022824819077595,0.18853498995304108,True
Grocery,42,12345,10874,11042,11180,91754,93214,0.28867512941360474,0.1178511381149292,2.2295989990234375,1.3693649768829346,13,-0.023556619882583618,-0.041738782078027725,-0.03582660877073762,0.27041274309158325,0.11419028043746948,0.16703689098358154,0.24207912385463715,-0.03914804756641388,-0.07480905205011368,-0.06232793213588331,0.24207912385463715,True
Grocery,42,12345,17000,16534,16855,138778,140549,0.3333333432674408,0.3333333432674408,2.025416374206543,2.310182571411133,17,-0.07931184768676758,-0.07157003879547119,-0.09501681717932525,0.5144296288490295,0.09728255867958069,0.0703505277633667,0.17054179310798645,0.0029087066650390625,0.008601190522313118,-0.00936235976920979,0.17054179310798645,True
Grocery,42,12345,17000,15048,16534,130935,138778,0.2357022762298584,0.3333333432674408,1.4256216287612915,2.025416374206543,17,-0.006575524806976318,-0.014901243150234222,-0.0069089498161098994,0.21734902262687683,0.07033950090408325,0.3625822961330414,0.4052658975124359,-0.02765589952468872,-0.03299487754702568,-0.03473527216758039,0.4052658975124359,True
Grocery,42,12345,17000,16855,16534,140549,138778,0.3333333432674408,0.3333333432674408,2.310182571411133,2.025416374206543,17,0.0013736337423324585,0.003953956533223391,-0.011479227950105017,0.174390509724617,0.18671393394470215,0.4191354513168335,0.521640419960022,-0.08420896530151367,-0.07468711584806442,-0.10235789561101703,0.521640419960022,True
Grocery,42,12345,10240,8895,10643,65974,86049,0.06154574453830719,0.051571059972047806,0.6839019656181335,0.4711959660053253,12,-8.281320333480835e-05,-0.020038379356265068,-0.00010657051069132371,0.0020249532535672188,0.000906805507838726,0.0009831888601183891,0.0018328959122300148,-5.709845572710037e-05,-0.015337090007960796,-7.02737010748702e-05,0.0018328959122300148,True
Grocery,42,12345,10240,10174,10643,80748,86049,0.03175003081560135,0.051571059972047806,0.3500482141971588,0.4711959660053253,12,-2.5301706045866013e-05,-0.011545387096703053,-2.7976855619793418e-05,0.0010830936953425407,0.0003340756520628929,0.000947075430303812,0.0012601660564541817,-2.098502591252327e-05,-0.008257506415247917,-2.573378656767458e-05,0.0012601660564541817,True
Grocery,42,12345,10240,10643,8895,86049,65974,0.051571059972047806,0.06154574453830719,0.4711959660053253,0.6839019656181335,12,-9.187962859869003e-06,-0.003738492028787732,-1.4462949437343007e-05,0.0012242337688803673,0.0003145216032862663,0.0011179991997778416,0.001406954601407051,-2.556620165705681e-05,-0.009003815241158009,-3.665613076789084e-05,0.001406954601407051,True
Grocery,42,12345,7024,8126,6516,57688,44569,0.07715167850255966,0.05083285644650459,0.7134600877761841,0.3932255208492279,11,-0.005908861756324768,-0.05080389976501465,-0.004605151612792062,0.0,-0.024310573935508728,-0.01629336178302765,-0.043123796582221985,-0.002519860863685608,-0.030095890164375305,-0.002205995078485348,0.0,True
Grocery,42,12345,7024,7469,8126,52633,57688,0.5773502588272095,0.07715167850255966,4.464097499847412,0.7134600877761841,11,0.06274068355560303,0.12286241352558136,0.09442101270354425,0.26234325766563416,0.02295607328414917,-0.05561496317386627,-0.017230406403541565,0.015428483486175537,0.16104644536972046,0.023517174309237485,0.02295607328414917,True
Grocery,42,12345,7024,6516,8126,44569,57688,0.05083285644650459,0.07715167850255966,0.3932255208492279,0.7134600877761841,11,-0.001827329397201538,-0.025313563644886017,-0.0016291703424001942,0.0,-0.01555393636226654,-0.03571897745132446,-0.055740416049957275,-0.004467502236366272,-0.04174715280532837,-0.0035332909592546372,0.0,True
Grocery,42,12345,10281,8361,10453,59356,83882,0.02305714786052704,0.023414645344018936,0.29220205545425415,0.17561645805835724,12,-2.4036504328250885e-05,-0.010813468135893345,-2.6170463810213382e-05,0.0010993918403983116,0.0007128939032554626,0.0006985627114772797,0.0013777483254671097,-3.370828926563263e-05,-0.012085224501788616,-3.55570301940229e-05,0.0013777483254671097,True
Grocery,42,12345,10281,10453,10346,83882,82794,0.023414645344018936,0.029617443680763245,0.17561645805835724,0.14008744060993195,12,-2.805795520544052e-05,-0.0113191157579422,-2.968700748089755e-05,0.0012253718450665474,0.0005749017000198364,0.0012131035327911377,0.0017455630004405975,-4.244223237037659e-05,-0.012011120095849037,-4.4947366719088956e-05,0.0017455630004405975,True
Grocery,42,12345,10281,10346,10453,82794,83882,0.029617443680763245,0.023414645344018936,0.14008744060993195,0.17561645805835724,12,-4.854518920183182e-05,-0.01296747662127018,-5.182955797768357e-05,0.0018475279211997986,0.000664648599922657,0.0007011815905570984,0.001329503022134304,-3.6327168345451355e-05,-0.013477751985192299,-3.862984201341991e-05,0.001329503022134304,True
Grocery,42,12345,4627,6008,1515,40950,6268,0.125,0.3162277638912201,1.9596096277236938,3.3182177543640137,8,-0.00016377121210098267,-0.006380151025950909,0.001604235534997011,0.0029688142240047455,-0.004472477361559868,-0.027362093329429626,-0.04027840495109558,-0.008443832397460938,-0.11709170788526535,-0.002419583824554675,0.0,True
Grocery,42,12345,4627,1515,6008,6268,40950,0.3162277638912201,0.125,3.3182177543640137,1.9596096277236938,8,-0.010715868324041367,-0.13219833374023438,-0.0026207206848846178,0.0,-0.02517818659543991,-0.0015757568180561066,-0.022373143583536148,0.004380799829959869,0.08917278051376343,0.00518100868636844,0.0,True
Grocery,42,12345,16704,16672,15605,139622,134121,0.3333333432674408,0.5773502588272095,3.572711706161499,3.7659311294555664,18,-0.018606379628181458,-0.05127980560064316,-0.04165590194991835,0.1721169501543045,0.013453058898448944,0.07541806250810623,0.07960298657417297,-0.009268134832382202,-0.05501221492886543,-0.018662234847348226,0.07960298657417297,True
Grocery,42,12345,16704,15605,16672,134121,139622,0.5773502588272095,0.3333333432674408,3.7659311294555664,3.572711706161499,18,0.001095414161682129,0.008348911069333553,0.0031682917563548747,0.0650545060634613,-0.004285499453544617,0.14586646854877472,0.14504025876522064,0.0034592896699905396,0.011718768626451492,0.005662802915728672,0.14586646854877472,True
Grocery,42,12345,16704,14731,16672,127336,139622,0.07715167850255966,0.3333333432674408,0.7883226275444031,3.572711706161499,18,-0.0001456029713153839,-0.011036477982997894,-0.00023094792824829985,0.006523635238409042,0.0074691325426101685,0.15535801649093628,0.15679489076137543,-0.0060322582721710205,-0.018873099237680435,-0.012865797021500815,0.15679489076137543,True
Grocery,42,12345,3797,7498,3678,52775,17734,0.13608276844024658,0.20412413775920868,0.7775772213935852,1.0542863607406616,3,0.036234140396118164,0.07026031613349915,0.0354076507641658,0.1591172218322754,0.21070992946624756,0.1155921220779419,0.31094348430633545,-0.015358567237854004,-0.024101490154862404,-0.015844331198380968,0.31094348430633545,True
Grocery,42,12345,3797,3678,7498,17734,52775,0.20412413775920868,0.13608276844024658,1.0542863607406616,0.7775772213935852,3,-0.012317061424255371,-0.010664910078048706,-0.008813961081721472,0.5712988376617432,0.3672525882720947,-0.3312356472015381,0.12751281261444092,0.09149587154388428,0.11076968163251877,0.0915247589477357,0.3672525882720947,True
Grocery,42,12345,3797,6955,3678,47881,17734,0.5773502588272095,0.20412413775920868,4.2918243408203125,1.0542863607406616,3,0.632783055305481,0.24205182492733002,0.471825055405688,0.9907314777374268,1.6562026739120483,0.13292169570922852,1.7564362287521362,-0.032688140869140625,-0.0092194564640522,-0.013484853115109607,1.7564362287521362,True
Grocery,42,12345,16817,15998,16284,136040,137478,0.3535533845424652,0.22360679507255554,2.4500341415405273,1.4665374755859375,17,-0.0020630108192563057,-0.08739624917507172,-0.004913286197212095,0.010771118104457855,0.0016649025492370129,0.003830664325505495,0.005139952525496483,-0.0003556143492460251,-0.033436451107263565,-0.00070876649981642,0.005139952525496483,True
Grocery,42,12345,16817,16284,15998,137478,136040,0.22360679507255554,0.3535533845424652,1.4665374755859375,2.4500341415405273,17,-0.0015877974219620228,-0.0935259610414505,-0.0028832651263123246,0.007694634608924389,0.006204735487699509,0.010971766896545887,0.013603554107248783,-0.0035729482769966125,-0.11607994884252548,-0.00745735841526585,0.013603554107248783,True
Grocery,42,12345,13731,13732,14360,117086,124015,0.1178511381149292,0.15430335700511932,0.5767673850059509,1.220253586769104,15,-0.0017340928316116333,-0.023202979937195778,-0.0019801069397291267,0.03650084137916565,0.013909801840782166,0.01534871757030487,0.028711125254631042,-0.0005473941564559937,-0.009442770853638649,-0.0019321745910319526,0.028711125254631042,True
Grocery,42,12345,13731,14360,13732,124015,117086,0.15430335700511932,0.1178511381149292,1.220253586769104,0.5767673850059509,15,0.006287664175033569,0.16000975668430328,0.006724454916408572,0.022791579365730286,0.015184283256530762,0.022310808300971985,0.03658872842788696,-0.0009063631296157837,-0.012234291061758995,-0.0011128300316533546,0.03658872842788696,True
Grocery,42,12345,14797,4339,1707,23975,7230,0.04902903363108635,0.0686802789568901,0.360737144947052,0.47297269105911255,15,0.0023369789123535156,0.020529145374894142,0.0023926276991454026,0.05575007200241089,-0.02178335189819336,-0.01017618179321289,-0.032406508922576904,-0.0004469752311706543,-0.006944269873201847,-0.0003433313410419576,0.0,True
Grocery,42,12345,14797,1707,4339,7230,23975,0.0686802789568901,0.04902903363108635,0.47297269105911255,0.360737144947052,15,-0.0009826421737670898,-0.007971937768161297,-0.0007383781142099918,0.0,-0.0573124885559082,0.05325669050216675,0.0007745623588562012,0.004830360412597656,0.04338241368532181,0.004922859356571132,0.05325669050216675,True
Grocery,42,12345,10880,10832,11072,89304,92067,0.016687538474798203,0.033463723957538605,0.19651925563812256,0.4078562259674072,13,-9.523355402052402e-07,-0.005973629653453827,-1.2695231530219516e-06,7.923046359792352e-05,1.3700162526220083e-05,0.0001320059527643025,0.00014403986278921366,-1.666252501308918e-06,-0.005750536918640137,-1.9775241901167186e-06,0.00014403986278921366,True
Grocery,42,12345,10880,11072,10832,92067,89304,0.033463723957538605,0.016687538474798203,0.4078562259674072,0.19651925563812256,13,-4.642177373170853e-06,-0.013900780119001865,-5.847521021742094e-06,0.00016464933287352324,3.264396218582988e-05,6.922072498127818e-05,9.888818021863699e-05,-2.9765069484710693e-06,-0.01482598390430212,-3.467707376930349e-06,9.888818021863699e-05,True
Grocery,42,12345,14933,15023,14839,130594,128315,0.25819888710975647,0.2357022762298584,1.7900161743164062,2.1279635429382324,16,-0.00967898964881897,-0.0222517941147089,-0.014738729318471144,0.21264836192131042,0.05266401171684265,-0.007101535797119141,0.06784138083457947,0.022278904914855957,0.174590066075325,0.016858282740536613,0.06784138083457947,True
Grocery,42,12345,14933,14839,15023,128315,130594,0.2357022762298584,0.25819888710975647,2.1279635429382324,1.7900161743164062,16,0.013925135135650635,0.4564172625541687,0.012228540533175989,0.0012522339820861816,-0.019054919481277466,0.11726361513137817,0.10897135734558105,0.010762661695480347,0.043877311050891876,0.01014813963255248,0.11726361513137817,True
Grocery,42,12345,13007,15490,12870,133388,108169,0.07312723994255066,0.0990147590637207,0.23372069001197815,0.5331850051879883,14,0.0009914636611938477,0.008262606337666512,0.0009722826223253697,0.0,-0.009359121322631836,0.06927192211151123,0.059645891189575195,-0.0002669095993041992,-0.001930253696627915,-0.0002908449301117415,0.06927192211151123,False
Grocery,42,12345,13007,12870,15490,108169,133388,0.0990147590637207,0.07312723994255066,0.5331850051879883,0.23372069001197815,14,-0.0011227130889892578,-0.007457202300429344,-0.0012279978762416849,0.07471573352813721,0.002759218215942383,-0.050713181495666504,-0.04612433910369873,0.0018296241760253906,0.01837032102048397,0.0018296224386704237,0.002759218215942383,False
Grocery,42,12345,8243,6909,6692,47548,46047,0.06482037156820297,0.13363061845302582,0.5347245335578918,1.1974347829818726,10,-1.8444203305989504e-05,-0.023963993415236473,-2.49587518367992e-05,0.00037560448981821537,6.688223220407963e-05,0.0008650535601191223,0.000899952370673418,-3.198342164978385e-05,-0.017459169030189514,-4.605084628308836e-05,0.000899952370673418,True
Grocery,42,12345,8243,6692,6909,46047,47548,0.13363061845302582,0.06482037156820297,1.1974347829818726,0.5347245335578918,10,-4.292017547413707e-05,-0.022698137909173965,-6.514532927778198e-05,0.0009239907376468182,7.572711911052465e-05,0.00034998817136511207,0.00039798859506845474,-2.7726695407181978e-05,-0.03366059064865112,-4.034709124523749e-05,0.00039798859506845474,True
Grocery,42,12345,2911,5185,1363,33697,5696,0.5,0.1767766922712326,4.534356594085693,1.1914734840393066,5,0.08313453197479248,0.06644131243228912,0.005253094790413693,0.21433818340301514,0.29943859577178955,0.10079288482666016,0.3982654809951782,-0.0019659996032714844,-0.0024621253833174706,0.0030438350281061875,0.3982654809951782,False
Grocery,42,12345,2911,1363,5185,5696,33697,0.1767766922712326,0.5,1.1914734840393066,4.534356594085693,5,-0.020612001419067383,-0.01881818100810051,-0.017371356023618154,0.537355899810791,0.2819057106971741,-0.720068097114563,-0.3021509647369385,0.13601142168045044,0.10429325699806213,0.050003187783461876,0.2819057106971741,False
Grocery,42,12345,10460,7940,8310,56386,58936,0.3333333432674408,0.1259881556034088,3.0066285133361816,1.3499130010604858,12,0.009637802839279175,0.02890544757246971,-0.001962684709350987,0.049424558877944946,0.047468215227127075,-0.14467838406562805,-0.08561632037162781,0.011593848466873169,0.04174008592963219,0.00956131784861482,0.047468215227127075,True
Grocery,42,12345,10460,8310,7940,58936,56386,0.1259881556034088,0.3333333432674408,1.3499130010604858,3.0066285133361816,12,-0.019825220108032227,-0.05636138841509819,-0.017345432453773457,0.0,-0.04607477784156799,-0.1354389488697052,-0.20796844363212585,-0.02645471692085266,-0.06792279332876205,-0.024052258676445046,0.0,True
Grocery,42,12345,4509,4497,4637,26524,28562,0.04351941496133804,0.06741999089717865,0.22617588937282562,0.8928608894348145,7,0.0,0.0,-5.914388414731379e-10,3.4569675335660577e-06,2.3840766516514122e-07,1.4900630048941821e-05,1.513904135208577e-05,3.637978807091713e-12,1.2011255989818892e-07,-1.0253136330164621e-07,1.513904135208577e-05,True
Grocery,42,12345,4509,4637,4497,28562,26524,0.06741999089717865,0.04351941496133804,0.8928608894348145,0.22617588937282562,7,3.5760422179009765e-07,0.012141247279942036,3.7328948743260256e-07,1.454302946513053e-05,-5.960282578598708e-07,3.0993523978395388e-06,2.6225279725622386e-06,1.1920383258257061e-07,0.018837792798876762,9.051095533203692e-08,3.0993523978395388e-06,True
Grocery,42,12345,9402,9411,9289,72225,70553,0.14433756470680237,0.14433756470680237,1.2978357076644897,1.4847244024276733,12,-0.0011932142078876495,-0.037852637469768524,-0.0015063784840131135,0.015164695680141449,0.0069220829755067825,-0.013263320550322533,-0.0029559042304754257,0.0033853333443403244,0.14628957211971283,0.002968251415314609,0.0069220829755067825,True
Grocery,42,12345,9402,9289,9411,70553,72225,0.14433756470680237,0.14433756470680237,1.4847244024276733,1.2978357076644897,12,0.01103956624865532,0.19963230192661285,0.011819599451434869,0.022129960358142853,0.03667003661394119,0.007164463400840759,0.040334101766347885,-0.0035003982484340668,-0.04158793389797211,-0.005171171093188546,0.040334101766347885,True
Grocery,42,12345,14550,13136,14857,110337,128600,0.05129891633987427,0.07254762202501297,0.5401480197906494,0.7155629396438599,16,-0.004359431564807892,-0.04570348933339119,-0.0052263523123781234,0.04551282525062561,0.02339433878660202,0.023218780755996704,0.04324708878993988,-0.003366030752658844,-0.037458520382642746,-0.003961735668204968,0.04324708878993988,True
Grocery,42,12345,14550,14857,13136,128600,110337,0.07254762202501297,0.05129891633987427,0.7155629396438599,0.5401480197906494,16,-0.0007942765951156616,-0.014943593181669712,-0.0008781887400245263,0.02617868036031723,0.006599701941013336,0.02219313383102417,0.02772478759288788,-0.0010680481791496277,-0.018897609785199165,-0.0012009321639264313,0.02772478759288788,True
Grocery,42,12345,6294,5869,5775,39310,38536,0.25,0.1767766922712326,1.9521045684814453,0.9953028559684753,8,0.25654903054237366,0.2653178572654724,0.2823339196847633,0.35520032048225403,-0.26809167861938477,0.08520123362541199,-0.10578975081443787,0.07710069417953491,0.16794511675834656,0.06969132032800748,0.08520123362541199,True
Grocery,42,12345,6294,5775,5869,38536,39310,0.1767766922712326,0.25,0.9953028559684753,1.9521045684814453,8,0.06570605933666229,0.16569046676158905,0.06216466114838655,0.0965958684682846,-0.379866361618042,0.3973098397254944,0.23188331723213196,0.21443980932235718,0.21251451969146729,0.23545201279914738,0.3973098397254944,True
Grocery,42,12345,6294,6312,5869,43231,39310,0.5,0.25,4.813756942749023,1.9521045684814453,8,0.6465187072753906,0.5143005847930908,0.703372911903237,0.3052822947502136,-0.7262694835662842,0.1715402901172638,-0.11451978981494904,0.44020941853523254,0.4348479211330414,0.40333109515296595,0.1715402901172638,True
Grocery,42,12345,9298,4948,5761,31639,38414,0.042562827467918396,0.03965257853269577,0.3653184175491333,0.3052418529987335,12,0.0007483959197998047,0.024605801329016685,0.0007141976418396567,0.015581905841827393,0.008985698223114014,0.007558643817901611,0.017283648252487183,0.0007393062114715576,0.021854858845472336,0.000720804260732057,0.017283648252487183,True
Grocery,42,12345,9298,5761,4948,38414,31639,0.03965257853269577,0.042562827467918396,0.3052418529987335,0.3653184175491333,12,0.0004774928092956543,0.02946486324071884,0.0004745623501158248,0.008341491222381592,5.53131103515625e-05,0.006139576435089111,0.0066606104373931885,0.00046572089195251465,0.03622733801603317,0.0004579673291532515,0.0066606104373931885,True
Grocery,42,12345,11862,11914,11250,100510,93998,0.043852899223566055,0.10482847690582275,0.29921483993530273,1.0594829320907593,13,2.390798181295395e-05,0.02268921211361885,2.3940374383036472e-05,0.0005148989148437977,-0.0002229372039437294,0.005443377885967493,0.005440772511065006,0.0002203318290412426,0.0198370311409235,0.0003204197208039012,0.005443377885967493,True
Grocery,42,12345,11862,11250,11914,93998,100510,0.10482847690582275,0.043852899223566055,1.0594829320907593,0.29921483993530273,13,0.0005399906076490879,0.05005734786391258,0.0007329099895323505,0.005123719107359648,-0.00032223109155893326,0.0004831859841942787,0.00021657580509781837,5.5620912462472916e-05,0.054423440247774124,5.443537988112245e-05,0.0004831859841942787,True
Grocery,42,12345,7671,8080,7038,57298,48683,0.03688555583357811,0.1414213627576828,0.33676016330718994,1.1181492805480957,9,-5.798204801976681e-05,-0.02088858187198639,-6.96265428445106e-05,0.001358892535790801,0.0003993697464466095,0.0052584693767130375,0.005410340614616871,-0.0002474985085427761,-0.02236124500632286,-0.00039800237936702846,0.005410340614616871,True
Grocery,42,12345,7671,7038,8080,48683,57298,0.1414213627576828,0.03688555583357811,1.1181492805480957,0.33676016330718994,9,-0.0019534179009497166,-0.10667118430137634,-0.0036007134002193214,0.008179545402526855,0.0016811504028737545,0.0016150325536727905,0.0028301894199103117,-0.00046599353663623333,-0.07606341689825058,-0.0006464950800746086,0.0028301894199103117,True
Grocery,42,12345,9750,8567,8783,61820,64600,0.08980265259742737,0.0635000616312027,0.7484031319618225,0.6607297658920288,12,-3.575951268430799e-07,-0.01909714750945568,-5.55077772673217e-07,9.178729669656605e-06,5.840978701598942e-06,7.509839633712545e-06,1.2397224054438993e-05,-9.53594280872494e-07,-0.037021223455667496,-1.1315206023692287e-06,1.2397224054438993e-05,True
Grocery,42,12345,9750,8783,8567,64600,61820,0.0635000616312027,0.08980265259742737,0.6607297658920288,0.7484031319618225,12,-8.343995432369411e-07,-0.035516656935214996,-8.576614537265087e-07,1.1324395018164068e-05,4.4105545384809375e-06,4.4105545384809375e-06,8.344304660568014e-06,-4.768044163938612e-07,-0.02776086889207363,-5.354157160612659e-07,8.344304660568014e-06,True
Grocery,42,12345,15120,15458,16819,133163,140415,0.26726123690605164,0.2182178795337677,1.2045527696609497,1.869922161102295,17,0.003910064697265625,0.2016383707523346,0.004667846933238981,0.009165622293949127,-0.0017654970288276672,-0.018126044422388077,-0.016701120883226395,0.0031904205679893494,0.08718741685152054,0.0021952987562498375,0.0,True
Grocery,42,12345,15120,16819,15458,140415,133163,0.2182178795337677,0.26726123690605164,1.869922161102295,1.2045527696609497,17,0.005220869556069374,0.1464337408542633,0.003128655958161355,0.0,0.0011888183653354645,0.00789937749505043,0.012839581817388535,0.0037513859570026398,0.1710790991783142,0.004546562148423144,0.012839581817388535,True
Grocery,42,12345,7575,7487,8041,52716,57035,0.10206206887960434,0.054554469883441925,0.6872513890266418,0.49316662549972534,9,-6.555426807608455e-06,-0.06313475221395493,-9.084537361579817e-06,4.863343929173425e-05,2.1336651116143912e-05,2.264785871375352e-05,3.862086305161938e-05,-5.363646778278053e-06,-0.06492310762405396,-7.0811999476334095e-06,3.862086305161938e-05,True
Grocery,42,12345,7575,8041,7487,57035,52716,0.054554469883441925,0.10206206887960434,0.49316662549972534,0.6872513890266418,9,-1.1919401003979146e-06,-0.026170726865530014,-1.5037201257791938e-06,2.2171421733219177e-05,5.125562893226743e-06,2.7535301342140883e-05,3.1230571039486676e-05,-1.4302931958809495e-06,-0.02238280326128006,-1.8316456854051087e-06,3.1230571039486676e-05,True
Grocery,42,12345,9713,10446,8859,83788,65563,0.22360679507255554,0.5,2.509972095489502,2.543989658355713,12,-0.0009083626791834831,-0.04291999340057373,-0.0023729131381788524,0.01103622280061245,-0.00149482861161232,0.005214963108301163,0.004292142577469349,0.0005720080807805061,0.0519915446639061,0.0002897023374201238,0.005214963108301163,True
Grocery,42,12345,9713,8859,10446,65563,83788,0.5,0.22360679507255554,2.543989658355713,2.509972095489502,12,-0.003620961681008339,-0.09730371087789536,-0.01606195085203547,0.016796007752418518,0.023118458688259125,0.025858242064714432,0.033246319741010666,-0.01573038101196289,-0.19131356477737427,-0.053674222709266556,0.033246319741010666,True
Grocery,42,12345,306,1412,1356,5900,5660,0.3162277638912201,0.3535533845424652,2.0976572036743164,1.863295555114746,1,-0.0005248086526989937,-0.10607533901929855,-0.001170517037777471,0.002211345126852393,0.0005955129163339734,-0.0009396621026098728,0.0002738275798037648,0.0006179767660796642,0.34160998463630676,0.0006528699458950828,0.0005955129163339734,True
Grocery,42,12345,306,1356,1412,5660,5900,0.3535533845424652,0.3162277638912201,1.863295555114746,2.0976572036743164,1,0.0009262539679184556,0.30968156456947327,0.0011367413307336234,0.0010323621099814773,0.0030677001923322678,0.001582130789756775,0.0035407468676567078,-0.001109084114432335,-0.13540957868099213,-0.0030244983920554606,0.0035407468676567078,True
Grocery,42,12345,4499,5913,5449,39965,36112,0.02901294268667698,0.1111111119389534,0.3358149230480194,0.7100092768669128,7,-2.3948028683662415e-05,-0.0021087126806378365,-2.7684422478124575e-05,0.005666373297572136,0.0002970956265926361,0.011556725949048996,0.011799372732639313,-5.4448843002319336e-05,-0.002301964908838272,-6.659292672373019e-05,0.011799372732639313,True
Grocery,42,12345,4499,2154,5449,9264,36112,0.13608276844024658,0.1111111119389534,1.0615241527557373,0.7100092768669128,7,-0.000550546683371067,-0.028778551146388054,-0.00037899025870930837,0.0,-0.0021010860800743103,0.010732430964708328,0.009401191025972366,0.0007698461413383484,0.034623607993125916,0.0008922722855403557,0.010732430964708328,True
Grocery,42,12345,4499,5449,2154,36112,9264,0.1111111119389534,0.13608276844024658,0.7100092768669128,1.0615241527557373,7,0.0002491120249032974,0.01094735600054264,0.0002898514647385383,0.01125316508114338,-3.256648778915405e-05,-0.009058116003870964,-0.009092368185520172,-1.6856938600540161e-06,-9.270683221984655e-05,-1.123472513399874e-05,0.0,True
Grocery,42,12345,6513,7859,7331,55706,51242,0.03892494738101959,0.0833333358168602,0.22441372275352478,1.0327939987182617,9,0.00014999974519014359,0.05151255801320076,0.0001512860500583592,0.0013809483498334885,0.0018815286457538605,0.003259766846895218,0.00479071494191885,-0.0003505805507302284,-0.03529800847172737,-0.00042115737370323407,0.00479071494191885,True
Grocery,42,12345,6513,12781,7331,107709,51242,0.09128709137439728,0.0833333358168602,1.0887871980667114,1.0327939987182617,9,-0.0001280205324292183,-0.015297161415219307,-0.0001569733793443358,0.004120438359677792,0.0020064078271389008,0.0032253628596663475,0.00491559412330389,-0.00031617656350135803,-0.031158458441495895,-0.00038194277485732297,0.00491559412330389,True
Grocery,42,12345,6513,7331,12781,51242,107709,0.0833333358168602,0.09128709137439728,1.0327939987182617,1.0887871980667114,9,-0.0003456398844718933,-0.03383473679423332,-0.0004184769739510605,0.004934941418468952,0.0018640132620930672,0.0024860845878720284,0.004166199825704098,-0.00018389802426099777,-0.02159363217651844,-0.0002301148005981516,0.004166199825704098,True
Grocery,42,12345,6946,7126,6345,49611,43471,0.018518518656492233,0.0326860249042511,0.20198731124401093,0.24699631333351135,10,-4.767498467117548e-07,-0.015378424897789955,-2.286117520663253e-07,1.5257232007570565e-05,2.741508069448173e-06,1.5853169315960258e-05,1.8237129552289844e-05,-3.5754783311858773e-07,-0.009704948402941227,-3.5262077361432466e-07,1.8237129552289844e-05,True
Grocery,42,12345,6946,6345,7126,43471,49611,0.0326860249042511,0.018518518656492233,0.24699631333351135,0.20198731124401093,10,2.9103830456733704e-11,8.417082426603884e-07,-2.374903533354622e-07,1.7283564375247806e-05,1.9071376300416887e-06,1.251568755833432e-05,1.4303659554570913e-05,-1.1916563380509615e-07,-0.004146840889006853,-1.8097288004680765e-07,1.4303659554570913e-05,True
Grocery,42,12345,4523,6233,11114,42576,92570,0.015632634982466698,0.02312486432492733,0.09371183067560196,0.2722790837287903,7,1.6689300537109375e-06,0.00017206661868840456,1.7312081446053257e-06,0.0048488229513168335,-2.6181340217590332e-05,-0.01099453866481781,-0.01102333515882492,-2.6151537895202637e-06,-0.00011863301187986508,-2.3490616145681185e-06,0.0,True
Grocery,42,12345,4523,11114,6233,92570,42576,0.02312486432492733,0.015632634982466698,0.2722790837287903,0.09371183067560196,7,-0.00014644116163253784,-0.006230753380805254,-0.0001282360127836668,0.0,-0.0010141059756278992,0.00481037050485611,0.0038363859057426453,4.0121376514434814e-05,0.00415297644212842,3.875772984832896e-05,0.00481037050485611,True
Grocery,42,12345,15606,15826,10052,135098,79200,0.10910893976688385,0.04364357888698578,0.9816479086875916,0.2800670862197876,17,0.0018061548471450806,0.008876376785337925,0.0013104612771640267,0.1026424914598465,0.0033599436283111572,0.01953306794166565,0.024025961756706238,0.0011329501867294312,0.024146946147084236,0.0010021112379368124,0.024025961756706238,True
Grocery,42,12345,15606,10052,15826,79200,135098,0.04364357888698578,0.10910893976688385,0.2800670862197876,0.9816479086875916,17,0.0004944801330566406,0.011144880205392838,0.0004541647637004917,0.022431418299674988,0.001256406307220459,0.0989522784948349,0.10121215879917145,0.0010034739971160889,0.004981976468116045,0.0007347269044861958,0.10121215879917145,True
Grocery,42,12345,12314,7657,7424,54094,52175,0.028171807527542114,0.02620711922645569,0.10712571442127228,0.08350268751382828,14,2.4020671844482422e-05,0.0021795250941067934,2.0441240700110833e-05,0.0025376081466674805,-0.0054225921630859375,-0.00043910741806030273,-0.005937620997428894,-7.592141628265381e-05,-0.00643438333645463,-7.513099033800273e-05,0.0,True
Grocery,42,12345,12314,7424,7657,52175,54094,0.02620711922645569,0.028171807527542114,0.08350268751382828,0.10712571442127228,14,-7.480382919311523e-05,-0.005252327769994736,-7.3205645919253e-05,0.0,-0.006764337420463562,0.0025154799222946167,-0.004202708601951599,4.614889621734619e-05,0.0034228647127747536,4.3100082099433714e-05,0.0025154799222946167,True
Grocery,42,12345,15422,15566,16919,133918,141111,0.0883883461356163,0.14433756470680237,0.7143208980560303,0.9727858304977417,17,0.00048736343160271645,0.06271518766880035,0.0006178277882059472,0.0036418428644537926,-0.0009223674423992634,0.0031905467621982098,0.0026693521067500114,0.00040117278695106506,0.05915017053484917,0.0004882969348350424,0.0031905467621982098,True
Grocery,42,12345,15422,16919,15566,141111,133918,0.14433756470680237,0.0883883461356163,0.9727858304977417,0.7143208980560303,17,0.0008575550746172667,0.13556267321109772,0.000948502406550185,0.002734164474532008,-0.0021584341302514076,0.003088493598625064,0.0019707721658051014,0.0010407126974314451,0.1441887617111206,0.0012001931114787976,0.003088493598625064,True
Grocery,42,12345,11792,10804,11032,88756,91650,0.04545454680919647,0.05415303632616997,0.4874403178691864,0.4774848520755768,13,-0.00012405961751937866,-0.003832267364487052,-0.00014303310631411104,0.01612415537238121,0.001044057309627533,0.0027217045426368713,0.003795422613620758,2.966076135635376e-05,0.003922761417925358,2.8271785357944246e-05,0.003795422613620758,True
Grocery,42,12345,11792,11032,10804,91650,88756,0.05415303632616997,0.04545454680919647,0.4774848520755768,0.4874403178691864,13,0.00013736635446548462,0.02560238167643547,0.0001373439234182757,0.0026139989495277405,-0.0019468814134597778,0.014392636716365814,0.012979496270418167,0.0005337409675121307,0.018204595893621445,0.0005889571435416667,0.014392636716365814,True
Grocery,42,12345,10808,11190,11512,93297,96568,0.13363061845302582,0.11952286213636398,1.1890621185302734,1.7230669260025024,13,-0.00024009181652218103,-0.06725366413593292,-0.0004226094838673234,0.0016649210592731833,0.000499203335493803,0.002319763181731105,0.0025101834908127785,-0.0003087830264121294,-0.057942163199186325,-0.0005877659726420537,0.0025101834908127785,True
Grocery,42,12345,10808,11512,11190,96568,93297,0.11952286213636398,0.13363061845302582,1.7230669260025024,1.1890621185302734,13,0.00019041786435991526,0.04969731345772743,0.0003125127838132522,0.0018205622909590602,-0.0001742793247103691,0.001132544013671577,0.0010601294925436378,0.00010186480358242989,0.0430360808968544,0.00014099306138314605,0.001132544013671577,True
Grocery,42,12345,10808,10815,11190,88944,93297,0.03671115264296532,0.13363061845302582,0.24002327024936676,1.1890621185302734,13,1.1909869499504566e-06,0.0624677874147892,1.3043893963309373e-06,1.0123301763087511e-05,4.401197656989098e-06,0.0012360707623884082,0.001238810014910996,-1.6619451344013214e-06,-0.0006703305407427251,-2.735004622002909e-06,0.001238810014910996,True
Grocery,42,12345,4110,4029,3669,21443,17657,0.03798685595393181,0.0990147590637207,0.49703627824783325,0.8643710613250732,8,0.0016921758651733398,0.01025525201112032,0.0018830566576225893,0.0816567987203598,-0.006512820720672607,0.08571325242519379,0.08171890676021576,0.00251847505569458,0.014478571712970734,0.0029634941751444516,0.08571325242519379,True
Grocery,42,12345,4110,3669,4029,17657,21443,0.0990147590637207,0.03798685595393181,0.8643710613250732,0.49703627824783325,8,0.022626057267189026,0.14707772433757782,0.023334704723031854,0.06560567021369934,-0.06453292071819305,0.06253765523433685,0.018816053867340088,0.02081131935119629,0.14265404641628265,0.021197316505422323,0.06253765523433685,True
Grocery,42,12345,2110,5668,2997,37437,13526,0.03289758414030075,0.06019292771816254,0.20749680697917938,0.38754820823669434,5,0.0020075440406799316,0.025403648614883423,0.002012372982536016,0.03850913047790527,0.03703010082244873,-0.0620882511138916,-0.021571576595306396,0.0034865736961364746,0.028888685628771782,0.0034086383101996766,0.03703010082244873,True
Grocery,42,12345,2110,2997,5668,13526,37437,0.06019292771816254,0.03289758414030075,0.38754820823669434,0.20749680697917938,5,0.006671607494354248,0.04302031546831131,0.00658917448739494,0.07420438528060913,0.07718205451965332,-0.03394317626953125,0.04693305492401123,0.00369417667388916,0.023372240364551544,0.003720990656266886,0.07718205451965332,True
Grocery,42,12345,3215,3180,2839,14519,12770,0.1154700443148613,0.17407765984535217,0.9499437808990479,0.8267946243286133,4,0.0031719207763671875,0.007915476337075233,0.0031542731979728456,0.1987760066986084,-0.08551239967346191,0.42049694061279297,0.33574962615966797,0.0007650852203369141,0.0009089124505408108,0.0009876156592009359,0.42049694061279297,False
Grocery,42,12345,3215,2839,3180,12770,14519,0.17407765984535217,0.1154700443148613,0.8267946243286133,0.9499437808990479,4,0.010012269020080566,0.012026582844555378,0.009174182151276244,0.41124963760375977,-0.07101726531982422,0.19815587997436523,0.13093054294586182,0.0037919282913208008,0.009477363899350166,0.0034579999023947633,0.19815587997436523,False
Grocery,42,12345,7927,6608,7351,45460,51515,0.03774256631731987,0.028903666883707047,0.2838476896286011,0.31591424345970154,9,-7.57221132516861e-05,-0.02484523504972458,-8.477264272995931e-05,0.001486009918153286,0.0008880756795406342,0.0014736950397491455,0.0022010463289916515,-0.00016072439029812813,-0.03522473946213722,-0.00018889257051041858,0.0022010463289916515,True
Grocery,42,12345,7927,7351,6608,51515,45460,0.028903666883707047,0.03774256631731987,0.31591424345970154,0.2838476896286011,9,-0.00010137306526303291,-0.026286471635103226,-0.00011678895449149327,0.0018775449134409428,0.0005094101652503014,0.0007291454821825027,0.0011923466809093952,-4.620896652340889e-05,-0.019008899107575417,-5.070069062956962e-05,0.0011923466809093952,True
Grocery,42,12345,11403,11744,11114,98833,92612,0.029814239591360092,0.021693047136068344,0.34376412630081177,0.255420446395874,13,2.3827305994927883e-07,0.0015621521743014455,4.6931195535977657e-07,7.614021888002753e-05,-7.149064913392067e-07,7.208905299194157e-05,7.149326847866178e-05,1.1912197805941105e-07,0.0008254747954197228,2.2427378706688512e-07,7.208905299194157e-05,True
Grocery,42,12345,11403,11114,11744,92612,98833,0.021693047136068344,0.029814239591360092,0.255420446395874,0.34376412630081177,13,7.146736606955528e-07,0.004972968716174364,7.37980539690814e-07,7.149350130930543e-05,-4.289468051865697e-06,7.554463809356093e-05,7.208902388811111e-05,8.338538464158773e-07,0.00548829510807991,9.321651175298923e-07,7.554463809356093e-05,True
Grocery,42,12345,7329,7732,11418,54684,95777,0.08908708393573761,0.10910893976688385,0.9193362593650818,1.193631649017334,9,-0.0006941556930541992,-0.029107851907610893,-0.0008688445222003981,0.011576773598790169,0.005561159923672676,-0.0009118393063545227,0.005641886964440346,0.0009925663471221924,0.08192941546440125,0.001087963070319404,0.005641886964440346,True
Grocery,42,12345,7329,11418,7732,95777,54684,0.10910893976688385,0.08908708393573761,1.193631649017334,0.9193362593650818,9,0.0012841969728469849,0.06557059288024902,0.0014626707172680287,0.009231099858880043,0.011646067723631859,0.005540389567613602,0.01597495935857296,-0.0012114979326725006,-0.03653334826231003,-0.0015757088305669653,0.01597495935857296,True
Grocery,42,12345,11906,11135,11905,92822,100441,0.20412413775920868,0.07715167850255966,2.489109754562378,0.3078446686267853,13,-0.038343191146850586,-0.030310913920402527,-0.04317684648064529,0.6133264899253845,0.029062166810035706,-0.0007230937480926514,0.027537941932678223,-0.0008011311292648315,-0.013975684531033039,-0.0008891596366110189,0.029062166810035706,True
Grocery,42,12345,11906,11905,11135,100441,92822,0.07715167850255966,0.20412413775920868,0.3078446686267853,2.489109754562378,13,-8.559226989746094e-05,-0.004646735731512308,-0.0001134546438988557,0.009252727031707764,0.022638678550720215,0.5601938962936401,0.5693610906600952,-0.013471484184265137,-0.011692031286656857,-0.014484401528201555,0.5693610906600952,True
Grocery,42,12345,15746,16863,15310,140591,132389,0.2182178795337677,0.2182178795337677,2.147609233856201,1.9583394527435303,17,4.938931670039892e-05,0.10717549920082092,6.149268446209991e-05,0.00014699366874992847,-0.0011116298846900463,0.002829581266269088,0.0026238677091896534,0.0009059163276106119,0.13798996806144714,0.0015949829763643039,0.002829581266269088,True
Grocery,42,12345,15746,15310,16863,132389,140591,0.2182178795337677,0.2182178795337677,1.9583394527435303,2.147609233856201,17,0.0004388124216347933,0.062400512397289276,0.0008197454297219496,0.0032966851722449064,-0.00015017174882814288,0.0001451915013603866,4.6211236622184515e-05,5.1191484089940786e-05,0.1498647779226303,6.875109106151016e-05,0.0001451915013603866,True
Grocery,42,12345,1678,1202,1669,5055,7033,0.40824827551841736,0.3333333432674408,2.7866907119750977,3.1960396766662598,1,-0.001396228326484561,-0.1829260140657425,-0.0037476014681326166,0.003118255641311407,0.0010018597822636366,0.0012093076948076487,0.0017073818016797304,-0.0005037856753915548,-0.1285640150308609,-0.0010611143505452345,0.0017073818016797304,True
Grocery,42,12345,1678,168,1669,797,7033,0.25819888710975647,0.3333333432674408,2.920576333999634,3.1960396766662598,1,-1.2728851288557053e-05,-0.006883039604872465,-2.295815008847334e-05,0.00091828394215554,5.834503099322319e-06,0.0007007515523582697,0.0007113565225154161,4.770467057824135e-06,0.0033643345814198256,1.642565472768411e-05,0.0007113565225154161,True
Grocery,42,12345,1678,1669,1202,7033,5055,0.3333333432674408,0.40824827551841736,3.1960396766662598,2.7866907119750977,1,-6.525206845253706e-05,-0.03414769843220711,-0.0001580018596200691,0.0009228077251464128,0.0005611027590930462,0.0016330223297700286,0.0017850559670478106,-0.0004090691218152642,-0.1028020903468132,-0.0009786055652878606,0.0017850559670478106,True
Grocery,42,12345,15001,3226,2834,14868,12741,0.047457899898290634,0.0314970389008522,0.3607999384403229,0.15375587344169617,15,0.0016475915908813477,0.008147353306412697,0.0016640512316797168,0.06336736679077148,-0.09977924823760986,-0.025444865226745605,-0.1257333755493164,-0.0005092620849609375,-0.00202927622012794,-0.0005257059020564731,0.0,True
Grocery,42,12345,15001,15005,3226,130260,14868,0.0883883461356163,0.047457899898290634,1.0400344133377075,0.3607999384403229,15,-0.006462693214416504,-0.004660881590098143,-0.004879169632836078,0.6900595426559448,0.0568697452545166,0.06612014770507812,0.12188470363616943,-0.001105189323425293,-0.004513286519795656,-0.0010866744623902903,0.12188470363616943,True
Grocery,42,12345,15001,2834,3226,12741,14868,0.0314970389008522,0.047457899898290634,0.15375587344169617,0.3607999384403229,15,-0.000558018684387207,-0.0035549509339034557,-0.0005507281111492568,0.0,-0.054917335510253906,0.06346547603607178,0.010097622871398926,0.0015494823455810547,0.01206006295979023,0.001561815132825587,0.06346547603607178,True
Grocery,42,12345,3936,3930,5150,20088,33411,0.12909944355487823,0.2357022762298584,1.3034948110580444,1.3736495971679688,7,0.0013287067413330078,0.0017303874483332038,0.0009740464834396279,0.38326895236968994,-0.017721176147460938,-0.015471935272216797,-0.03589916229248047,-0.0027060508728027344,-0.03916574642062187,-0.002554531465904605,0.0,True
Grocery,42,12345,3936,5150,3930,33411,20088,0.2357022762298584,0.12909944355487823,1.3736495971679688,1.3034948110580444,7,0.010811328887939453,0.06320352107286453,0.01063625146408053,0.08012223243713379,0.12104380130767822,0.4147077798843384,0.5056414604187012,-0.03011012077331543,-0.028913311660289764,-0.03224312033770407,0.5056414604187012,True
Grocery,42,12345,3619,3574,3813,17183,18795,0.2357022762298584,0.2182178795337677,1.3371427059173584,1.1467981338500977,5,0.048803627490997314,0.09266754239797592,0.04835831405206514,0.23892462253570557,0.2618235945701599,-0.09632980823516846,0.19139844179153442,0.02590465545654297,0.0471377819776535,0.025478939718102216,0.2618235945701599,True
Grocery,42,12345,3619,2193,3813,9475,18795,0.09365858137607574,0.2182178795337677,0.5768280029296875,1.1467981338500977,5,0.041108667850494385,0.07801070809364319,0.04106007521266086,0.24292659759521484,0.26400327682495117,-0.09045714139938354,0.19357812404632568,0.020031988620758057,0.036552153527736664,0.019321094025880524,0.26400327682495117,True
Grocery,42,12345,3619,3813,3574,18795,17183,0.2182178795337677,0.2357022762298584,1.1467981338500977,1.3371427059173584,5,0.03891932964324951,0.04085597023367882,0.0378195408483219,0.45683950185775757,0.416245698928833,-0.2612035274505615,0.23455530405044556,0.07951313257217407,0.08718501776456833,0.07807209526573851,0.416245698928833,True
Grocery,42,12345,13094,3456,13546,16472,115065,0.05096472054719925,0.08451542258262634,0.40573883056640625,1.0850750207901,15,-0.0005810260772705078,-0.0011904964921995997,-0.0007075237577953697,0.0,-0.07777833938598633,0.46877002716064453,0.3966245651245117,0.005632877349853516,0.005972263403236866,0.005398786813520899,0.46877002716064453,False
Grocery,42,12345,13094,2834,3456,12677,16472,0.028171807527542114,0.05096472054719925,0.13752342760562897,0.40573883056640625,15,0.00012040138244628906,0.0010526380501687527,0.0001202132663757861,0.0015530586242675781,-0.05580878257751465,-0.1714317798614502,-0.2285616397857666,-0.0013210773468017578,-0.002898356644436717,-0.001322652685641053,0.0,False
Grocery,42,12345,13094,13546,3456,115065,16472,0.08451542258262634,0.05096472054719925,1.0850750207901,0.40573883056640625,15,-0.007551670074462891,-0.007053209003061056,-0.00790447299237007,0.531559944152832,0.048560142517089844,-0.1737983226776123,-0.12419295310974121,0.00104522705078125,0.0030160807073116302,0.0010213034634514282,0.048560142517089844,False
Grocery,42,12345,5069,5416,4371,35911,24602,0.037715714424848557,0.011076295748353004,0.3470374643802643,0.1324729472398758,7,-7.361359894275665e-05,-0.007123919203877449,-8.018370027069576e-05,0.005129838362336159,0.0006441976875066757,0.002031313255429268,0.0026327725499868393,-4.273839294910431e-05,-0.008051249198615551,-4.559184403934504e-05,0.0026327725499868393,True
Grocery,42,12345,5069,4371,5416,24602,35911,0.011076295748353004,0.037715714424848557,0.1324729472398758,0.3470374643802643,7,-9.719282388687134e-06,-0.0022658512461930513,-1.0213965651612294e-05,0.002139866352081299,0.00015706568956375122,0.004470258951187134,0.004611831158399582,-1.54934823513031e-05,-0.001676935120485723,-1.6548545063607498e-05,0.004611831158399582,True
Grocery,42,12345,6218,6282,6281,42962,42958,0.14907120168209076,0.09759000688791275,0.8103953003883362,0.5360307097434998,8,0.003132268786430359,0.04331296682357788,0.003228485514048113,0.03459241986274719,-0.011491261422634125,0.015753328800201416,0.005570210516452789,0.001308143138885498,0.03986440971493721,0.0012219716681302123,0.015753328800201416,True
Grocery,42,12345,6218,6281,6282,42958,42962,0.09759000688791275,0.14907120168209076,0.5360307097434998,0.8103953003883362,8,0.001234211027622223,0.03752685338258743,0.0012414691497439501,0.01582726091146469,-0.011162683367729187,0.03488549590110779,0.026561900973320007,0.0028390884399414062,0.039100468158721924,0.0031144666700077066,0.03488549590110779,True
Grocery,42,12345,6218,4616,6282,28434,42962,0.25819888710975647,0.14907120168209076,2.2420387268066406,0.8103953003883362,8,0.02047136425971985,0.03898538276553154,0.02668788671220934,0.25231611728668213,-0.014074936509132385,0.0333428829908371,0.02364964783191681,0.004381701350212097,0.06165551021695137,0.0048629041363998675,0.0333428829908371,True
Grocery,42,12345,796,1584,1689,6567,7103,0.3333333432674408,0.3333333432674408,2.026714563369751,3.1204068660736084,1,-0.02161465585231781,-0.14377325773239136,-0.04167622337228443,0.06436191499233246,0.060944318771362305,0.12933507561683655,0.14739397168159485,-0.042885422706604004,-0.12700268626213074,-0.09222103219794386,0.14739397168159485,True
Grocery,42,12345,796,1689,1584,7103,6567,0.3333333432674408,0.3333333432674408,3.1204068660736084,2.026714563369751,1,-0.06171886622905731,-0.150454580783844,-0.13624196991646947,0.17424851655960083,0.05510210990905762,0.05371047928929329,0.07979047298431396,-0.02902211621403694,-0.1538793444633484,-0.05855973630779273,0.07979047298431396,True
Grocery,42,12345,10371,10308,8982,82273,66740,0.10660035908222198,0.0833333358168602,0.7712426781654358,0.7646641731262207,12,0.0008069612085819244,0.06569311767816544,0.0007991723022368353,0.005738414824008942,-0.0064238011837005615,0.00888063758611679,0.0037174783647060394,0.0012606419622898102,0.06627309322357178,0.0012953586338849896,0.00888063758611679,True
Grocery,42,12345,10371,8982,10308,66740,82273,0.0833333358168602,0.10660035908222198,0.7646641731262207,0.7712426781654358,12,0.00013158470392227173,0.0065299393609166145,0.0001418016254938828,0.01000969484448433,-0.000580471009016037,0.006464160978794098,0.005964905023574829,8.121505379676819e-05,0.006242726929485798,8.338916889507356e-05,0.006464160978794098,True
Grocery,42,12345,14269,14271,14283,123006,123203,0.20412413775920868,0.05270462855696678,1.3903263807296753,0.2832520008087158,15,-6.922194734215736e-05,-0.0484321154654026,-9.695954640883732e-05,0.0006800125702284276,0.0001334936823695898,0.00017803529044613242,0.000290469906758517,-2.10590660572052e-05,-0.034981321543455124,-2.4709771752174763e-05,0.000290469906758517,True
Grocery,42,12345,14269,14283,14271,123203,123006,0.05270462855696678,0.20412413775920868,0.2832520008087158,1.3903263807296753,15,-7.4962736107409e-06,-0.01799858920276165,-8.400566573902961e-06,0.0002044930006377399,6.41669612377882e-05,0.0005225024651736021,0.0005625229678116739,-2.4146458599716425e-05,-0.021011492237448692,-3.1992021734922145e-05,0.0005625229678116739,True
Grocery,42,12345,15571,15079,14987,131146,130092,0.11180339753627777,0.16903084516525269,0.9255417585372925,1.1430649757385254,19,0.0024899765849113464,0.03946622833609581,0.0027899978952807235,0.030300669372081757,-0.008652135729789734,0.05701950937509537,0.0529942661523819,0.004626892507076263,0.03899091109633446,0.005723670673779427,0.05701950937509537,True
Grocery,42,12345,15571,14987,15079,130092,131146,0.16903084516525269,0.11180339753627777,1.1430649757385254,0.9255417585372925,19,0.012169033288955688,0.10950881242752075,0.013524788230449725,0.04947736859321594,-0.022535763680934906,0.025650374591350555,0.010254882276058197,0.007140271365642548,0.1221790760755539,0.0073514101539649945,0.025650374591350555,True
Grocery,42,12345,15571,15435,14987,133048,130092,0.25819888710975647,0.16903084516525269,2.030592918395996,1.1430649757385254,19,0.026799552142620087,0.10277725756168365,0.036097183785183756,0.11697708815336227,-0.02649684250354767,0.050062693655490875,0.03514955937862396,0.011583708226680756,0.10369529575109482,0.01308973495391224,0.050062693655490875,True
Grocery,42,12345,9009,9280,8659,70394,62976,0.05143444985151291,0.017946062609553337,0.5742132067680359,0.18763379752635956,12,-4.188506864011288e-06,-0.013267028145492077,-9.205655854387649e-06,0.0001599432434886694,0.00016299216076731682,0.0001312245149165392,0.0002869792515411973,-7.2374241426587105e-06,-0.012452426366508007,-7.603023021534683e-06,0.0002869792515411973,True
Grocery,42,12345,9009,8659,9280,62976,70394,0.017946062609553337,0.05143444985151291,0.18763379752635956,0.5742132067680359,12,-3.3243559300899506e-06,-0.009035850875079632,-3.5632592844339497e-06,0.00018228648696094751,5.153217352926731e-05,-0.00015553238335996866,-0.00010055734310299158,3.44286672770977e-06,0.011191513389348984,2.4089459151428967e-06,5.153217352926731e-05,True
Grocery,42,12345,8017,2560,6933,11171,47757,0.20000000298023224,0.16903084516525269,0.9976416230201721,0.5119776725769043,9,-0.0077974796295166016,-0.027576547116041183,-0.009564316750740369,0.019566476345062256,-0.1576022207736969,0.009482979774475098,-0.13579431176185608,0.012324929237365723,0.040692515671253204,0.011258391219326735,0.009482979774475098,True
Grocery,42,12345,8017,6933,2560,47757,11171,0.16903084516525269,0.20000000298023224,0.5119776725769043,0.9976416230201721,9,0.008832663297653198,0.03915424644947052,0.00829330824991371,0.012975245714187622,-0.10344374179840088,0.016702085733413696,-0.09167474508285522,-0.004933089017868042,-0.023288996890187263,-0.005773918962810674,0.016702085733413696,True
Grocery,42,12345,3721,12699,12601,107282,106657,0.07784989476203918,0.09128709137439728,0.7848190665245056,0.9275625348091125,4,0.008598566055297852,0.02110102027654648,0.00944058876053705,0.1994483470916748,-0.13318681716918945,0.3336458206176758,0.21279525756835938,0.012336254119873047,0.018151482567191124,0.013285595427121424,0.3336458206176758,False
Grocery,42,12345,3721,12777,12601,107644,106657,0.10259783267974854,0.09128709137439728,0.9586279392242432,0.9275625348091125,4,0.011903762817382812,0.03357154130935669,0.013003024100337338,0.12526226043701172,-0.1845693588256836,0.3327503204345703,0.16141271591186523,0.013231754302978516,0.019494803622364998,0.014219844799583497,0.3327503204345703,False
Grocery,42,12345,3721,12601,12777,106657,107644,0.09128709137439728,0.10259783267974854,0.9275625348091125,0.9586279392242432,4,0.015134334564208984,0.02236062102019787,0.016192830927288127,0.33084774017333984,-0.1717374324798584,0.12266111373901367,-0.03457140922546387,0.01450490951538086,0.04409189894795418,0.01578071457091607,0.12266111373901367,False
Grocery,42,12345,13489,13840,14013,118253,119958,0.022727273404598236,0.033709995448589325,0.24189510941505432,0.3427911400794983,16,2.3836037144064903e-07,0.005374750588089228,1.6426175246739492e-07,2.20499059651047e-05,-9.534705895930529e-07,4.004703077953309e-05,3.9570266380906105e-05,4.767061909660697e-07,0.005915880668908358,5.380639588063512e-07,4.004703077953309e-05,True
Grocery,42,12345,13489,14799,13840,127818,118253,0.015228623524308205,0.022727273404598236,0.1255996972322464,0.24189510941505432,16,1.1920928955078125e-07,0.003436026396229863,-1.2915491351174152e-07,1.7401573131792247e-05,1.3110548024997115e-06,2.216904249507934e-05,2.359932113904506e-05,1.1922384146600962e-07,0.002531860489398241,-1.2769698419622307e-07,2.359932113904506e-05,True
Grocery,42,12345,13489,14013,13840,119958,118253,0.033709995448589325,0.022727273404598236,0.3427911400794983,0.24189510941505432,16,-8.341012289747596e-07,-0.00895968358963728,-7.864363440363448e-07,4.6125423978082836e-05,5.244219209998846e-06,2.2764899767935276e-05,2.7532485546544194e-05,-4.7663343138992786e-07,-0.008580012246966362,-4.5368542648211015e-07,2.7532485546544194e-05,True
Grocery,42,12345,5754,3189,5002,14600,32269,0.0707106813788414,0.07254762202501297,0.5219895839691162,0.8095656633377075,7,-0.0007508769631385803,-0.010502602905035019,-0.0006497027611851169,0.0,-0.00498528778553009,0.09578070044517517,0.09264999628067017,0.0018545836210250854,0.009588574059307575,0.002182498746485184,0.09578070044517517,True
Grocery,42,12345,5754,5002,3189,32269,14600,0.07254762202501297,0.0707106813788414,0.8095656633377075,0.5219895839691162,7,-0.006318718194961548,-0.026898741722106934,-0.007896602277237041,0.11429442465305328,0.007908351719379425,-0.03617468476295471,-0.02583444118499756,0.0024318918585777283,0.03478231281042099,0.0022081584435177074,0.007908351719379425,True
Grocery,42,12345,2932,2499,3709,10811,17846,0.12909944355487823,0.1154700443148613,0.7173995971679688,0.7442794442176819,5,-0.00033588334918022156,-0.018167439848184586,-0.0004002075643605805,0.009076155722141266,0.002570711076259613,-0.00380663201212883,-0.0013551898300647736,-0.00011926889419555664,-0.015424278564751148,-0.00017620884989070107,0.002570711076259613,True
Grocery,42,12345,2932,3709,2499,17846,10811,0.1154700443148613,0.12909944355487823,0.7442794442176819,0.7173995971679688,5,7.30752944946289e-05,0.004831038415431976,-8.958837467993447e-05,0.007526561617851257,0.008574139326810837,0.0072633326053619385,0.014862969517707825,-0.0009745024144649506,-0.03174228221178055,-0.0011779538547444387,0.014862969517707825,True
Grocery,42,12345,14498,14057,13514,120488,114646,0.10540925711393356,0.05773502215743065,0.5963795781135559,0.48635077476501465,15,-0.0008878372609615326,-0.02446908690035343,-0.0011015254281582978,0.017698094248771667,0.0027439557015895844,0.012137521058321,0.014283381402492523,-0.0005980953574180603,-0.020507391542196274,-0.0007076312766826098,0.014283381402492523,True
Grocery,42,12345,14498,13514,14057,114646,120488,0.05773502215743065,0.10540925711393356,0.48635077476501465,0.5963795781135559,15,-0.0007321499288082123,-0.024027936160564423,-0.0008731885685546361,0.014869309961795807,0.0036888830363750458,0.015755541622638702,0.01835339516401291,-0.0010910294950008392,-0.028864869847893715,-0.001367796964779776,0.01835339516401291,True
Grocery,42,12345,7994,14171,14174,121813,121920,0.06495697796344757,0.07053455710411072,0.47515931725502014,0.5996102690696716,11,0.0015239119529724121,0.015270215459167957,0.001309502370835075,0.0,-0.016466796398162842,-0.02708148956298828,-0.04280996322631836,0.0007383227348327637,0.008549532853066921,0.00032224233882294576,0.0,False
Grocery,42,12345,7994,15082,14174,131164,121920,0.14002801477909088,0.07053455710411072,0.6463167667388916,0.5996102690696716,11,0.006778061389923096,0.018238501623272896,0.006021965871578591,0.0,-0.10234189033508301,-0.03754335641860962,-0.12868505716323853,0.011200189590454102,0.041703008115291595,0.009373326496013062,0.0,False
Grocery,42,12345,7994,14174,14171,121920,121813,0.07053455710411072,0.06495697796344757,0.5996102690696716,0.47515931725502014,11,0.0003172159194946289,0.003527680179104209,-3.33784899970227e-05,0.0,-0.019342482089996338,-0.033084332942962646,-0.051226913928985596,0.0011999011039733887,0.011576052755117416,0.0010247162447280566,0.0,False
Grocery,42,12345,11325,10815,11214,88966,93556,0.06142951548099518,0.06388765573501587,0.4016357660293579,0.6997650861740112,13,4.455354064702988e-05,0.04131482169032097,4.563352669701359e-05,0.0005169138312339783,-0.0005283462814986706,0.0030584335327148438,0.002753308042883873,0.00022322079166769981,0.03520778566598892,0.0002775270150127156,0.0030584335327148438,True
Grocery,42,12345,11325,11214,10815,93556,88966,0.06388765573501587,0.06142951548099518,0.6997650861740112,0.4016357660293579,13,0.00023099547252058983,0.036478787660598755,0.0002870381420819871,0.0030506588518619537,-0.000361898448318243,0.000516208354383707,0.00019956892356276512,4.52590174973011e-05,0.041996490210294724,4.634549357763294e-05,0.000516208354383707,True
Grocery,42,12345,11325,11368,11214,95339,93556,0.10846523195505142,0.06388765573501587,1.5601633787155151,0.6997650861740112,13,0.0019955700263381004,0.09344025701284409,0.0031569659883446937,0.009680530056357384,-0.001312033273279667,0.002727918792515993,0.0019696210511028767,0.0005537355318665504,0.09214209020137787,0.0006411870160942061,0.002727918792515993,True
Grocery,42,12345,12161,11651,11709,97930,98530,0.073323555290699,0.051847584545612335,0.7290576100349426,0.45043545961380005,13,-0.0008942428976297379,-0.029743066057562828,-0.001112811633737186,0.014585670083761215,0.0038499385118484497,0.009688744321465492,0.012628868222236633,-0.0009098146110773087,-0.03476879745721817,-0.0011230417154261512,0.012628868222236633,True
Grocery,42,12345,12161,11709,11651,98530,97930,0.051847584545612335,0.073323555290699,0.45043545961380005,0.7290576100349426,13,-0.0008499454706907272,-0.03310845047235489,-0.0010495899772961764,0.012410800904035568,0.0036026649177074432,0.011572042480111122,0.01435396820306778,-0.0008207391947507858,-0.027794640511274338,-0.0010205744350836733,0.01435396820306778,True
Grocery,42,12345,11234,12104,10743,102255,87541,0.06388765573501587,0.07018624246120453,0.49243539571762085,1.1637376546859741,13,0.0014432668685913086,0.03276935964822769,0.0015247685168717287,0.021299950778484344,-0.01469305157661438,0.12478648871183395,0.11807612329721451,0.007982678711414337,0.0309939943253994,0.010459884323297794,0.12478648871183395,True
Grocery,42,12345,11234,10743,12104,87541,102255,0.07018624246120453,0.06388765573501587,1.1637376546859741,0.49243539571762085,13,0.005482971668243408,0.021083863452076912,0.0072231352874558424,0.12728619575500488,-0.005581475794315338,0.02174832671880722,0.017161741852760315,0.0009948909282684326,0.02236134372651577,0.001059443142610267,0.02174832671880722,True
Grocery,42,12345,14399,14759,13870,127459,118544,0.16903084516525269,0.048795003443956375,1.2056992053985596,0.4138830602169037,16,-0.02136629819869995,-0.04933623969554901,-0.01313650968731081,0.0,-0.12107080221176147,0.03542691469192505,-0.061868906021118164,0.02377498149871826,0.10887643694877625,0.020955165655335676,0.03542691469192505,True
Grocery,42,12345,14399,13870,8080,118544,57345,0.048795003443956375,0.031173985451459885,0.4138830602169037,0.28461429476737976,16,0.003937840461730957,0.025393608957529068,0.004169310373058191,0.07950496673583984,0.022005975246429443,-0.05396401882171631,-0.02972322702407837,0.002234816551208496,0.02114436775445938,0.0024055706016825155,0.022005975246429443,True
Grocery,42,12345,14399,8080,13870,57345,118544,0.031173985451459885,0.048795003443956375,0.28461429476737976,0.4138830602169037,16,-0.0023836493492126465,-0.014253427274525166,-0.0023074897362042185,0.0,-0.039642274379730225,0.055022597312927246,0.019559621810913086,0.0041792988777160645,0.03658846393227577,0.004278281902729303,0.055022597312927246,True
Grocery,42,12345,8145,7383,7433,51840,52322,0.05143444985151291,0.0219317227602005,0.4330608546733856,0.1846577525138855,10,-1.5719037037342787e-05,-0.042860742658376694,-1.309433548900964e-05,0.0,-6.564881186932325e-05,-5.4092088248580694e-05,-0.00012688542483374476,-7.1445247158408165e-06,-0.028967851772904396,-6.4201275207365015e-06,0.0,True
Grocery,42,12345,8145,7433,7383,52322,51840,0.0219317227602005,0.05143444985151291,0.1846577525138855,0.4330608546733856,10,-2.381333615630865e-06,-0.014441126026213169,-2.27688560908451e-06,0.0,-1.9540719222277403e-05,-0.00012891419464722276,-0.0001536943018436432,-5.239387974143028e-06,-0.01733982376754284,-4.6417521518499196e-06,0.0,True
Grocery,42,12345,13336,14800,13639,127874,116125,0.04103049635887146,0.048911601305007935,0.2638215124607086,0.25177448987960815,15,-1.1475058272480965e-05,-0.01361789833754301,-1.256683226642032e-05,0.00041558011434972286,0.00020212261006236076,0.0005619614385068417,0.0007384258788079023,-2.5658169761300087e-05,-0.017076758667826653,-2.807604503351409e-05,0.0007384258788079023,True
Grocery,42,12345,13336,13639,14800,116125,127874,0.048911601305007935,0.04103049635887146,0.25177448987960815,0.2638215124607086,15,-2.0221341401338577e-05,-0.01437308732420206,-2.2011896465080178e-05,0.0006933289114385843,0.00014638947322964668,0.00023722578771412373,0.0003740300890058279,-9.585171937942505e-06,-0.01265109796077013,-1.0457395272533968e-05,0.0003740300890058279,True
Grocery,42,12345,6357,10814,10970,88909,90899,0.09449112415313721,0.10206206887960434,1.3340399265289307,1.2889055013656616,9,2.956390380859375e-05,2.027380105573684e-05,5.471152125180456e-05,0.04898548126220703,0.048964500427246094,-0.9868888854980469,-0.9378738403320312,5.054473876953125e-05,2.5608776923036203e-05,9.112143542928503e-05,0.048964500427246094,False
Grocery,42,12345,6357,10970,10814,90899,88909,0.10206206887960434,0.09449112415313721,1.2889055013656616,1.3340399265289307,9,6.29425048828125e-05,3.159155312459916e-05,0.0001003189623737244,0.0,-0.009341239929199219,-0.7291831970214844,-0.7384424209594727,8.20159912109375e-05,5.553001392399892e-05,0.00013406797733445203,0.0,False
Grocery,42,12345,6357,10854,10970,89646,90899,0.10206206887960434,0.10206206887960434,0.4834292232990265,1.2889055013656616,9,8.58306884765625e-06,5.005199273000471e-05,9.765942354605928e-06,0.0,-0.06357097625732422,-0.9868669509887695,-1.0504093170166016,2.86102294921875e-05,1.3618424418382347e-05,4.773316874382929e-05,0.0,False
Grocery,42,12345,12771,9217,12586,69722,106553,0.015445050783455372,0.0357142873108387,0.1300482302904129,0.18153458833694458,14,7.115304470062256e-07,0.00396714685484767,8.801167925226322e-07,4.3888576328754425e-06,-8.956389501690865e-05,-0.00011091586202383041,-0.00020023295655846596,2.468004822731018e-07,0.0006158883916214108,3.590088288920207e-07,0.0,True
Grocery,42,12345,12771,12586,9217,106553,69722,0.0357142873108387,0.015445050783455372,0.18153458833694458,0.1300482302904129,14,-3.903638571500778e-06,-0.009464055299758911,-3.839345813843491e-06,0.0,-0.00010224618017673492,4.270579665899277e-06,-9.714579209685326e-05,8.298084139823914e-07,0.004074227996170521,9.072781109743735e-07,4.270579665899277e-06,True
Grocery,42,12345,6816,13227,10832,111531,89274,0.04291410744190216,0.041996050626039505,0.6375916004180908,0.49456262588500977,11,3.187265247106552e-05,0.27604150772094727,2.9432218132702912e-05,0.0,-1.6069971024990082e-05,-0.0009362231940031052,-0.0009573549032211304,-5.061738193035126e-06,-0.002650599228218198,-4.582134752900214e-06,0.0,True
Grocery,42,12345,6816,10832,13227,89274,111531,0.041996050626039505,0.04291410744190216,0.49456262588500977,0.6375916004180908,11,-3.828108310699463e-05,-0.020756443962454796,-3.3954133821733094e-05,3.544706851243973e-05,-0.00018322467803955078,-0.0001691766083240509,-0.0001720106229186058,0.00018039066344499588,0.34398001432418823,0.0001618463248123397,0.0,True
Grocery,42,12345,17048,15608,16858,134159,140562,0.22360679507255554,0.16903084516525269,1.6681184768676758,1.674041986465454,19,0.00683341920375824,0.054141607135534286,0.009177789149047176,0.059690192341804504,-0.007810041308403015,0.06637737154960632,0.06460487842559814,0.006037548184394836,0.04350059852004051,0.006305342600224524,0.06637737154960632,True
Grocery,42,12345,17048,16858,15608,140562,134159,0.16903084516525269,0.22360679507255554,1.674041986465454,1.6681184768676758,19,0.017698511481285095,0.1392141580581665,0.018708228539763005,0.05471651256084442,-0.04288521409034729,0.05060739815235138,0.023638293147087097,0.015916109085083008,0.13588307797908783,0.01778989016751719,0.05060739815235138,True
Grocery,42,12345,3051,14263,3095,122889,14069,0.07392212748527527,0.3333333432674408,0.6876720190048218,2.894627094268799,4,-0.00010794401168823242,-0.004995294846594334,8.928058944210164e-05,0.010858535766601562,0.014618873596191406,0.5106329917907715,0.5213832855224609,-0.003868579864501953,-0.0036962067242711782,-0.001940680780739897,0.5213832855224609,True
Grocery,42,12345,3051,3095,14263,14069,122889,0.3333333432674408,0.07392212748527527,2.894627094268799,0.6876720190048218,4,-0.034601032733917236,-0.031067071482539177,-0.04342752118946869,0.5413656830787659,-0.006591379642486572,-0.011708498001098633,-0.013498365879058838,0.004801511764526367,0.15099921822547913,0.004424229403283914,0.0,True
Grocery,42,12345,7097,7585,6443,53452,44049,0.048112522810697556,0.051847584545612335,0.5518279671669006,0.23491767048835754,9,2.064276486635208e-06,0.0022884695790708065,1.3366519106349601e-06,0.00045204395428299904,0.00013152509927749634,0.0002254820428788662,0.00035929703153669834,2.289889380335808e-06,0.003196766832843423,2.204933287605958e-06,0.00035929703153669834,True
Grocery,42,12345,7097,6443,7585,44049,53452,0.051847584545612335,0.048112522810697556,0.23491767048835754,0.5518279671669006,9,9.278999641537666e-06,0.020464889705181122,8.113849592925683e-06,0.0002313398290425539,7.491791620850563e-06,0.0003149381373077631,0.00032778503373265266,5.3551048040390015e-06,0.008235772140324116,1.8289065202341728e-06,0.00032778503373265266,True
Grocery,42,12345,4453,4359,4350,24323,24253,0.22360679507255554,0.28867512941360474,1.4188106060028076,1.9403570890426636,8,0.00104522705078125,0.0031168239656835794,0.0008981579922561211,0.16715240478515625,-0.003876030445098877,0.2646716833114624,0.26455849409103394,0.00376284122467041,0.0070583331398665905,0.004631519130972642,0.2646716833114624,True
Grocery,42,12345,4453,4350,4359,24253,24323,0.28867512941360474,0.22360679507255554,1.9403570890426636,1.4188106060028076,8,0.024477839469909668,0.04777177795767784,0.02531005959377841,0.24395668506622314,-0.046048104763031006,0.15619540214538574,0.12214982509613037,0.012002527713775635,0.03699992224574089,0.009648075073192874,0.15619540214538574,True
Grocery,42,12345,2478,15821,1087,135052,4594,0.14002801477909088,0.1666666716337204,0.9184258580207825,2.324892282485962,6,0.015765666961669922,0.11814499646425247,0.015563142698981135,0.02299356460571289,-0.06661486625671387,-1.1155660152435303,-1.1744048595428467,0.007776021957397461,0.003299698233604431,0.010604806031714865,0.0,False
Grocery,42,12345,2478,1087,15821,4594,135052,0.1666666716337204,0.14002801477909088,2.324892282485962,0.9184258580207825,6,-0.17911410331726074,-0.06932619214057922,-0.09175790761835334,0.0,-0.5005893707275391,-0.009127616882324219,-0.46183013916015625,0.04788684844970703,0.049289271235466,0.056251791509117105,0.0,False
Grocery,42,12345,10018,6330,10079,43312,79407,0.07715167850255966,0.13608276844024658,0.5007985830307007,0.8208034038543701,12,3.6765821278095245e-05,0.03846169635653496,4.245422750998642e-05,0.00010226201266050339,-5.553103983402252e-05,0.008091173134744167,0.008230200968682766,0.00019455887377262115,0.01188006903976202,0.00023815873932135482,0.008230200968682766,True
Grocery,42,12345,10018,10079,6330,79407,43312,0.13608276844024658,0.07715167850255966,0.8208034038543701,0.5007985830307007,12,-0.0015914058312773705,-0.058546971529722214,-0.002186415681017159,0.012795140035450459,0.002785800024867058,-0.0005917679518461227,0.002326234243810177,0.0001322021707892418,0.0231778621673584,0.000147864877810321,0.002785800024867058,True
Grocery,42,12345,13876,16037,15844,136242,135185,0.06085805967450142,0.06454972177743912,0.6227067708969116,0.29252830147743225,15,-0.0008549690246582031,-0.006547283381223679,-0.0009586379221258878,0.0648643970489502,0.045950889587402344,0.057257652282714844,0.10300827026367188,-0.0002002716064453125,-0.0009711700258776546,-0.00020622212936873802,0.10300827026367188,False
Grocery,42,12345,13876,15844,16037,135185,136242,0.06454972177743912,0.06085805967450142,0.29252830147743225,0.6227067708969116,15,-0.00017213821411132812,-0.0014238496078178287,-0.00016222477888369613,0.06036210060119629,0.0010395050048828125,0.016164779663085938,0.019297122955322266,0.0020928382873535156,0.057335805147886276,0.0022357278749012633,0.019297122955322266,False
Grocery,42,12345,14002,13451,14782,113953,127639,0.027086447924375534,0.059549130499362946,0.10370805114507675,0.3102489709854126,16,-3.098137676715851e-05,-0.0067962524481117725,-3.262673461613811e-05,0.0022638030350208282,0.0022683367133140564,0.005941018462181091,0.007822388783097267,-0.00038696639239788055,-0.024137496948242188,-0.0004389452958722911,0.007822388783097267,True
Grocery,42,12345,14002,14782,13451,127639,113953,0.059549130499362946,0.027086447924375534,0.3102489709854126,0.10370805114507675,16,1.605972647666931e-05,0.0014478284865617752,1.6590178528998363e-05,0.005538107827305794,-1.8928200006484985e-05,0.00035343319177627563,0.0003325231373310089,-1.9818544387817383e-06,-0.00281156157143414,-1.942751376781183e-06,0.00035343319177627563,True
Grocery,42,12345,14502,10145,14980,80314,130053,0.20412413775920868,0.07905694097280502,1.2914313077926636,0.418075829744339,16,-0.016614437103271484,-0.03215037286281586,-0.02595470727963023,0.0,-0.07365703582763672,0.016162395477294922,-0.05776548385620117,-0.000270843505859375,-0.0018351704347878695,-0.0003898743688230109,0.016162395477294922,False
Grocery,42,12345,14502,14980,10145,130053,80314,0.07905694097280502,0.20412413775920868,0.418075829744339,1.2914313077926636,16,-0.00018835067749023438,-0.0013588684378191829,-0.000251369427663458,0.01607990264892578,-0.05993986129760742,-0.199920654296875,-0.2693190574645996,-0.009458541870117188,-0.0178739745169878,-0.013841105279693473,0.0,False
Grocery,42,12345,15513,15784,8080,134914,57347,0.40824827551841736,0.0476190485060215,2.8794310092926025,0.43475547432899475,17,0.07407912611961365,0.17988012731075287,0.057023409074205,0.14275383949279785,-0.1582019329071045,-0.00938299298286438,-0.1782558262348175,-0.010670900344848633,-0.030854953452944756,-0.008955787186610355,0.0,True
Grocery,42,12345,15513,8080,15784,57347,134914,0.0476190485060215,0.40824827551841736,0.43475547432899475,2.8794310092926025,17,-0.0016673505306243896,-0.020639674738049507,-0.001506404428478509,0.0,-0.027800768613815308,0.21187111735343933,0.1890321969985962,0.004961848258972168,0.011574063450098038,0.001978957201856207,0.21187111735343933,True
Grocery,42,12345,8698,10685,6831,86362,46861,0.15811388194561005,0.1348399817943573,0.8698109984397888,1.4810597896575928,12,0.0048454999923706055,0.10077399760484695,0.004775892064825682,0.021618664264678955,0.019674651324748993,-0.03496915102005005,-0.008504986763000488,0.006789512932300568,0.10751610994338989,0.0029774028555365527,0.019674651324748993,True
Grocery,42,12345,8698,6831,10685,46861,86362,0.1348399817943573,0.15811388194561005,1.4810597896575928,0.8698109984397888,12,0.008651845157146454,0.1330825239419937,0.005715537061151424,0.011666767299175262,0.014566436409950256,-0.015453189611434937,0.00486542284488678,0.00575217604637146,0.1648893803358078,0.005742915677397466,0.014566436409950256,True
Grocery,42,12345,5991,5282,5701,34531,37723,0.1259881556034088,0.1178511381149292,0.9525372385978699,1.1401238441467285,8,0.01785433292388916,0.09023719280958176,0.01776493016023388,0.09000283479690552,-0.11289858818054199,0.3950536251068115,0.3157082796096802,0.033553242683410645,0.040736738592386246,0.03492451304403006,0.3950536251068115,True
Grocery,42,12345,5991,5701,5282,37723,34531,0.1178511381149292,0.1259881556034088,1.1401238441467285,0.9525372385978699,8,0.01650679111480713,0.01963440701365471,0.01942716158697161,0.41210031509399414,-0.0308840274810791,0.0999419093132019,0.07697337865829468,0.007915496826171875,0.03809202462434769,0.00779414210115199,0.0999419093132019,True
Grocery,42,12345,17,5970,3417,40398,15915,0.0302061028778553,0.0200160201638937,0.09417229890823364,0.11315220594406128,1,1.1920565157197416e-07,0.034383948892354965,6.432161049447412e-08,1.6688463801983744e-06,2.1456580725498497e-06,1.430435077054426e-06,3.2184871088247746e-06,-3.576060407795012e-07,-0.052553724497556686,-5.743687012300044e-08,3.2184871088247746e-06,True
Grocery,42,12345,17,3707,5970,17837,40398,0.15811388194561005,0.0302061028778553,1.4223016500473022,0.09417229890823364,1,-1.668555341893807e-06,-0.01627506874501705,-4.200315380236155e-06,5.0421807827660814e-05,4.291319783078507e-06,-1.5496370906475931e-06,3.3376927603967488e-06,5.960100679658353e-07,0.06486372649669647,5.788877869469166e-07,4.291319783078507e-06,True
Grocery,42,12345,17,3417,5970,15915,40398,0.0200160201638937,0.0302061028778553,0.11315220594406128,0.09417229890823364,1,-1.1920565157197416e-07,-0.05240122973918915,-1.5423713016953613e-08,1.192034687846899e-06,-1.1920565157197416e-07,-9.536270226817578e-07,-1.072832674253732e-06,0.0,0.0,2.8427239726883488e-08,0.0,True
Grocery,42,12345,11858,11575,11702,97125,98409,0.06984302401542664,0.11952286213636398,0.3979320228099823,0.7935751080513,13,-0.0005521047860383987,-0.03111983835697174,-0.0006694892435081994,0.008594566956162453,0.00466691330075264,0.010513488203287125,0.014464268460869789,-0.0007161330431699753,-0.024157220497727394,-0.0008684392028221882,0.014464268460869789,True
Grocery,42,12345,11858,11702,11575,98409,97125,0.11952286213636398,0.06984302401542664,0.7935751080513,0.3979320228099823,13,-0.0004205387085676193,-0.01482041459530592,-0.0005296270077099312,0.013977544382214546,0.00409960001707077,0.004431631416082382,0.00819128192961216,-0.00033994950354099274,-0.020328840240836143,-0.0004169623711257515,0.00819128192961216,True
Grocery,42,12345,15236,1782,5774,7587,38529,0.20412413775920868,0.15430335700511932,1.760399580001831,0.9335435032844543,17,0.0026632696390151978,0.09817007929086685,0.0026905176887976282,0.010119803249835968,0.02455151081085205,0.11500006169080734,0.12778303027153015,-0.011768542230129242,-0.044021766632795334,-0.01866378125248465,0.12778303027153015,True
Grocery,42,12345,15236,5774,1782,38529,7587,0.15430335700511932,0.20412413775920868,0.9335435032844543,1.760399580001831,17,-0.023812010884284973,-0.07207312434911728,-0.03653430346556333,0.15328741073608398,0.020270027220249176,-0.018206782639026642,0.008037097752094269,0.005973853170871735,0.1284315139055252,0.004954863912524286,0.020270027220249176,True
Grocery,42,12345,15236,16182,1782,136933,7587,0.40824827551841736,0.20412413775920868,2.903574228286743,1.760399580001831,17,-0.04813413321971893,-0.06622650474309921,-0.06350890019490785,0.3393382728099823,0.10109923779964447,-0.04878896474838257,0.08886630833148956,0.03655603528022766,0.15311138331890106,0.05036604038182957,0.10109923779964447,True
Grocery,42,12345,16261,16815,10423,140397,83635,0.1666666716337204,0.25,1.591601014137268,1.7896161079406738,19,0.00225955992937088,0.06930332630872726,0.0034438229413608443,0.015172172337770462,-0.001440705731511116,0.008864743635058403,0.008152457885444164,0.0007284199818968773,0.039463821798563004,0.0008033132480797745,0.008864743635058403,True
Grocery,42,12345,16261,10423,16815,83635,140397,0.25,0.1666666716337204,1.7896161079406738,1.591601014137268,19,0.0023113666102290154,0.13697010278701782,0.001916826158380269,0.007281797006726265,-0.008876597508788109,0.01122758723795414,0.008555133827030659,0.0062041450291872025,0.21647909283638,0.007025963082483182,0.01122758723795414,True
Grocery,42,12345,5653,4893,4901,30931,30972,0.3333333432674408,0.28867512941360474,1.0110855102539062,2.190394639968872,8,6.673784810118377e-06,0.05713288113474846,6.945645457719732e-06,5.5063923355191946e-05,-4.358519800007343e-05,0.0008514830260537565,0.0008446892607025802,3.679143264889717e-05,0.02114732749760151,5.777403531470912e-05,0.0008514830260537565,True
Grocery,42,12345,5653,4901,4893,30972,30931,0.28867512941360474,0.3333333432674408,2.190394639968872,1.0110855102539062,8,0.00016444455832242966,0.10200551897287369,0.0003186067258379955,0.000723829900380224,-4.362122854217887e-05,4.862918285652995e-05,1.8116479623131454e-05,1.3108525308780372e-05,0.11876150220632553,1.4902544883085855e-05,4.862918285652995e-05,True
Grocery,42,12345,7452,7351,6586,51479,45236,0.038778338581323624,0.04494665563106537,0.4238434135913849,0.49341121315956116,9,-0.00012464122846722603,-0.03454763442277908,-0.00015203563046061646,0.0017415783368051052,0.0006351135671138763,0.001568957231938839,0.0020365631207823753,-0.00016750767827033997,-0.03950053080916405,-0.00021082659387619738,0.0020365631207823753,True
Grocery,42,12345,7452,6586,7351,45236,51479,0.04494665563106537,0.038778338581323624,0.49341121315956116,0.4238434135913849,9,-0.00019099097698926926,-0.04307374730706215,-0.00024223625204083618,0.002121522556990385,0.000669409055262804,0.00128965824842453,0.0018187402747571468,-0.00014032702893018723,-0.03714499995112419,-0.00017215610533766987,0.0018187402747571468,True
Grocery,42,12345,15340,10636,10115,85964,79934,0.09128709137439728,0.05773502215743065,0.5970082879066467,0.4703395366668701,17,0.0032129287719726562,0.008657797239720821,0.002979302571771425,0.18715763092041016,0.09101152420043945,0.09905862808227539,0.19012737274169922,5.7220458984375e-05,0.0001505019172327593,0.00024404802327122974,0.19012737274169922,False
Grocery,42,12345,15340,10115,10636,79934,85964,0.05773502215743065,0.09128709137439728,0.4703395366668701,0.5970082879066467,17,-0.008423805236816406,-0.04076254740357399,-0.008753209887915253,0.10753965377807617,-0.03000807762145996,0.10453152656555176,0.06929373741149902,-0.0052297115325927734,-0.025656798854470253,-0.005262725289078915,0.10453152656555176,False
Grocery,42,12345,12867,12779,11000,107697,91223,0.125,0.07537783682346344,0.7110370397567749,0.6307282447814941,14,-0.0032573342323303223,-0.021828679367899895,-0.004204223086010046,0.07298266887664795,0.04411417245864868,-0.09416210651397705,-0.04518091678619385,0.0048670172691345215,0.02652944065630436,0.004621644929932056,0.04411417245864868,True
Grocery,42,12345,12867,11000,12779,91223,107697,0.07537783682346344,0.125,0.6307282447814941,0.7110370397567749,14,-0.019968479871749878,-0.060429446399211884,-0.0167130114258294,0.0,-0.10594320297241211,0.0206795334815979,-0.08519965410232544,6.401538848876953e-05,0.0003022125456482172,0.0010317846168263062,0.0206795334815979,True
Grocery,42,12345,16250,10598,15892,85571,135455,0.11396057903766632,0.37796449661254883,0.9254781603813171,4.009801864624023,19,-0.0001316070556640625,-0.010089143179357052,-0.00014735542562734072,0.006456403061747551,0.0030245929956436157,0.051884446293115616,0.05334968492388725,-0.0015593543648719788,-0.01440395973622799,-0.002356166037770671,0.05334968492388725,True
Grocery,42,12345,16250,15892,10598,135455,85571,0.37796449661254883,0.11396057903766632,4.009801864624023,0.9254781603813171,19,0.0015697740018367767,0.015843432396650314,0.005427521406095941,0.05021413788199425,0.0012573692947626114,0.004658108577132225,0.006116926670074463,0.00020144879817962646,0.016742175444960594,0.00027829500048993905,0.006116926670074463,True
Grocery,42,12345,4209,6308,4459,43165,26048,0.073323555290699,0.20412413775920868,0.23158720135688782,2.268615245819092,8,5.911476910114288e-05,0.044287171214818954,6.37887063688245e-05,0.0006378404796123505,-0.0006979275494813919,0.009612301364541054,0.010309256613254547,0.0013948827981948853,0.0676487386226654,0.0017746797639000254,0.010309256613254547,True
Grocery,42,12345,4209,4459,6308,26048,43165,0.20412413775920868,0.073323555290699,2.268615245819092,0.23158720135688782,8,0.003674769774079323,0.20037341117858887,0.004411612505013571,0.007687162607908249,0.00028228387236595154,-0.00031806156039237976,3.668665885925293e-05,7.246434688568115e-05,0.11375126987695694,9.53912328565998e-05,0.00028228387236595154,True
Grocery,42,12345,15747,16744,15646,139990,134371,0.40824827551841736,0.19245009124279022,1.4960312843322754,0.6928794384002686,17,0.07392525672912598,0.09084437042474747,0.054275185031754686,0.0,-0.1469285488128662,-0.0331873893737793,-0.1541767120361328,0.025939226150512695,0.07759436219930649,0.018124464366165174,0.0,False
Grocery,42,12345,15747,15646,16744,134371,139990,0.19245009124279022,0.40824827551841736,0.6928794384002686,1.4960312843322754,17,0.012656688690185547,0.043113503605127335,0.012497183186322144,0.14045500755310059,0.11401057243347168,-0.21410274505615234,-0.06099128723144531,0.03910088539123535,0.10048939287662506,0.041633745904453526,0.11401057243347168,False
Grocery,42,12345,2696,14908,11634,129196,97576,0.057166196405887604,0.0282729621976614,0.4446822702884674,0.23543617129325867,5,8.115172386169434e-05,0.00260416092351079,8.858155342613729e-05,0.0,-0.00016757845878601074,-0.004272662103176117,-0.0043796151876449585,6.062537431716919e-05,0.0068737296387553215,6.20268396762555e-05,0.0,True
Grocery,42,12345,2696,11634,14908,97576,129196,0.0282729621976614,0.057166196405887604,0.23543617129325867,0.4446822702884674,5,0.00022660940885543823,0.026195520535111427,0.0002197124164190394,0.003300309181213379,0.0029454827308654785,-0.015933915972709656,-0.012406997382640839,0.0005814358592033386,0.018584296107292175,0.0005400357889212945,0.0029454827308654785,True
Grocery,42,12345,14316,10080,13288,79466,112413,0.06622661650180817,0.1386750489473343,0.3151296377182007,1.1424115896224976,16,-0.0003840923309326172,-0.0018494345713406801,-0.0004584383629097251,0.0,-0.08025360107421875,-0.11902880668640137,-0.2022266387939453,-0.0029442310333251953,-0.007332913111895323,-0.0036374935035414085,0.0,False
Grocery,42,12345,14316,13288,10080,112413,79466,0.1386750489473343,0.06622661650180817,1.1424115896224976,0.3151296377182007,16,-0.002241373062133789,-0.009273223578929901,-0.0030491893290186117,0.052338361740112305,0.050167083740234375,-0.021148681640625,0.028948307037353516,-7.009506225585938e-05,-0.0006991044501774013,-9.511345306897792e-05,0.050167083740234375,False
Grocery,42,12345,6080,4371,5660,24712,37401,0.02787473425269127,0.1601281613111496,0.3333829641342163,2.095395088195801,7,1.7900951206684113e-05,0.004256784915924072,2.0109637659289446e-05,0.0020936820656061172,-0.0003756508231163025,0.02649199217557907,0.026476148515939713,0.00035980716347694397,0.0067450604401528835,0.0007830706840099436,0.02649199217557907,True
Grocery,42,12345,6080,5660,4371,37401,24712,0.1601281613111496,0.02787473425269127,2.095395088195801,0.3333829641342163,7,0.0003429427742958069,0.006426855456084013,0.0007707466085313027,0.02676834538578987,0.00027628522366285324,0.0021284930408000946,0.0023878682404756546,-1.6910023987293243e-05,-0.003528319764882326,-3.315842172208122e-05,0.0023878682404756546,True
Grocery,42,12345,14019,13791,13971,117702,119412,0.10846523195505142,0.0766965001821518,0.5613568425178528,0.6169372797012329,16,-6.606057286262512e-05,-0.003143617417663336,-0.00015485729704084374,0.010474059730768204,0.0112784244120121,0.009455502033233643,0.018935926258563995,-0.0017980001866817474,-0.04532408341765404,-0.002303718262929649,0.018935926258563995,True
Grocery,42,12345,14019,13971,13791,119412,117702,0.0766965001821518,0.10846523195505142,0.6169372797012329,0.5613568425178528,16,-0.00018575042486190796,-0.01014099083840847,-0.00023331556264331692,0.009065516293048859,0.0012544803321361542,0.0009597912430763245,0.00218205526471138,-3.221631050109863e-05,-0.007327990140765905,-5.4002474067951374e-05,0.00218205526471138,True
Grocery,42,12345,9580,7357,9863,51643,77295,0.25,0.25,1.8677167892456055,1.4534317255020142,12,0.07798874378204346,0.08332864940166473,0.06765987936764453,0.0,-0.19766926765441895,1.159975290298462,0.9417746067047119,-0.020531415939331055,-0.008928957395255566,-0.041173303840909586,1.159975290298462,False
Grocery,42,12345,9580,8033,7357,56970,51643,0.3535533845424652,0.25,2.525740385055542,1.8677167892456055,12,0.14145076274871826,0.13197001814842224,0.14343492436389946,0.0,-0.5260967016220093,-0.22235453128814697,-0.6588718891143799,0.08957934379577637,0.06365229189395905,0.0730459180975151,0.0,False
Grocery,42,12345,9580,9863,7357,77295,51643,0.25,0.25,1.4534317255020142,1.8677167892456055,12,-0.18872928619384766,-0.04571489244699478,-0.1472914935590819,1.969834566116333,0.461495041847229,-0.3129408359527588,0.3287198543548584,0.18016564846038818,0.16331841051578522,0.18975072255688802,0.461495041847229,False
Grocery,42,12345,14805,14679,14975,126851,130005,0.05270462855696678,0.05773502215743065,0.5371546149253845,0.48837077617645264,16,-9.429920464754105e-05,-0.019367802888154984,-0.00010655441346948285,0.0023872777819633484,0.00046381447464227676,-0.0012943241745233536,-0.0006974423304200172,0.00013306736946105957,0.05418954789638519,0.00011638014404136187,0.00046381447464227676,True
Grocery,42,12345,14805,14975,14679,130005,126851,0.05773502215743065,0.05270462855696678,0.48837077617645264,0.5371546149253845,16,0.0002464503049850464,0.09593336284160614,0.00022397313941804387,0.0008190935477614403,0.0012391908094286919,0.0018697436898946762,0.002935287542641163,-0.0001736469566822052,-0.02872936800122261,-0.00020398519812325397,0.002935287542641163,True
Grocery,42,12345,14805,13977,14975,119557,130005,0.024845201522111893,0.05773502215743065,0.11776109039783478,0.48837077617645264,16,-1.504458487033844e-05,-0.008005459792912006,-1.5829348124484074e-05,0.0009321179240942001,0.0002003740519285202,-0.001229146495461464,-0.0009608827531337738,6.788969039916992e-05,0.028400816023349762,5.817322818514489e-05,0.0002003740519285202,True
Grocery,42,12345,12939,10375,5783,83189,38629,0.17407765984535217,0.25819888710975647,1.9244210720062256,2.585031509399414,14,0.03676295280456543,0.02985120564699173,0.040738908207066604,0.0,-0.34064483642578125,-1.0738005638122559,-1.3386709690093994,0.0757744312286377,0.02752314880490303,0.09489945045561288,0.0,False
Grocery,42,12345,12939,5783,10375,38629,83189,0.25819888710975647,0.17407765984535217,2.585031509399414,1.9244210720062256,14,0.0639643669128418,0.027090221643447876,0.08499727878652985,0.0,-0.10750889778137207,-0.31665682792663574,-0.40326404571533203,0.02090167999267578,0.02526097185909748,0.020497025148974377,0.0,False
Grocery,42,12345,17047,15785,15718,134938,134627,0.06804138422012329,0.1259881556034088,0.7287212014198303,0.8565982580184937,18,-7.921084761619568e-05,-0.00836819689720869,-9.128044175290076e-05,0.00469323992729187,0.0005090106278657913,0.01115524023771286,0.011447897180914879,-0.00021635368466377258,-0.009361033327877522,-0.0002874229365734281,0.011447897180914879,True
Grocery,42,12345,17047,15718,15785,134627,134938,0.1259881556034088,0.06804138422012329,0.8565982580184937,0.7287212014198303,18,-0.00045144930481910706,-0.018505211919546127,-0.0006168187809149246,0.01197216659784317,0.0007451139390468597,0.00448465533554554,0.0050664860755205154,-0.00016328319907188416,-0.015858488157391548,-0.00019302239137885602,0.0050664860755205154,True
Grocery,42,12345,17038,15659,15576,134447,133962,0.06019292771816254,0.09622504562139511,0.3714849054813385,0.525200366973877,17,-0.002061106264591217,-0.03032100945711136,-0.002376488191318877,0.0329575315117836,0.013538241386413574,0.028361372649669647,0.03907724469900131,-0.002822369337081909,-0.03485402092337608,-0.003366870414388306,0.03907724469900131,True
Grocery,42,12345,17038,15576,15659,133962,134447,0.09622504562139511,0.06019292771816254,0.525200366973877,0.3714849054813385,17,-0.0019931569695472717,-0.028140820562839508,-0.0023904380141109016,0.034417398273944855,0.008194901049137115,0.021490320563316345,0.028375454246997833,-0.0013097673654556274,-0.02255859225988388,-0.0014981308038898617,0.028375454246997833,True
Grocery,42,12345,7812,6798,7340,46668,51374,0.0883883461356163,0.26726123690605164,0.4429551661014557,1.5739740133285522,9,1.9375234842300415e-05,0.0010955315083265305,2.193897885579242e-05,0.008852530270814896,0.0027101822197437286,-0.012830685824155807,-0.008857619017362595,0.0012628845870494843,0.051760755479335785,0.0009847430494060534,0.0027101822197437286,True
Grocery,42,12345,7812,7340,6798,51374,46668,0.26726123690605164,0.0883883461356163,1.5739740133285522,0.4429551661014557,9,0.006974630057811737,0.1595403105020523,0.00573367981995636,0.01837119832634926,0.025289010256528854,0.004842020571231842,0.030187848955392838,5.681812763214111e-05,0.0009419624111615121,-0.0006486340227483121,0.030187848955392838,True
Grocery,42,12345,6466,8985,16771,66770,140128,0.049690403044223785,0.04376881197094917,0.29623687267303467,0.30640894174575806,9,0.00045980513095855713,0.0402245968580246,0.00046202890143665206,0.005945369601249695,0.004845216870307922,0.0025627464056015015,0.008130088448524475,0.0007221251726150513,0.04647459834814072,0.0007329735461467284,0.008130088448524475,True
Grocery,42,12345,6466,16771,8985,140128,66770,0.04376881197094917,0.049690403044223785,0.30640894174575806,0.29623687267303467,9,0.00041110068559646606,0.04867497831583023,0.00042863859565334594,0.0028737708926200867,-0.004280015826225281,0.0005751773715019226,-0.0034421831369400024,0.0002626553177833557,0.03165518492460251,0.0002659999383659335,0.0005751773715019226,True
Grocery,42,12345,10707,9380,10410,71803,83444,0.048795003443956375,0.0629940778017044,0.4892943799495697,0.4036991596221924,12,-0.0002620592713356018,-0.015999721363186836,-0.00029354539453572276,0.008058460429310799,0.0015107430517673492,0.008486272767186165,0.00967426784336567,-0.00032274797558784485,-0.016407053917646408,-0.00036828962313929775,0.00967426784336567,True
Grocery,42,12345,10707,8968,9380,66646,71803,0.05006261542439461,0.048795003443956375,0.3028180003166199,0.4892943799495697,12,1.483038067817688e-05,0.006821901071816683,1.4599487794812044e-05,0.00041013583540916443,0.0005179122090339661,0.006701352074742317,0.0071263182908296585,-9.294599294662476e-05,-0.006479062605649233,-0.00010326688287905377,0.0071263182908296585,True
Grocery,42,12345,10707,10410,9380,83444,71803,0.0629940778017044,0.048795003443956375,0.4036991596221924,0.4892943799495697,12,0.00030634552240371704,0.019121840596199036,0.0003371536779842371,0.007857179269194603,-0.0013672932982444763,0.006360756233334541,0.005241230130195618,0.0002477671951055527,0.01910414546728134,0.0002673396771156255,0.006360756233334541,True
Grocery,42,12345,5646,6637,6070,45655,41475,0.0690065547823906,0.04794633015990257,0.6384416222572327,0.4817250072956085,8,-0.002225220203399658,-0.007634727284312248,-0.002266728865544493,0.0,-0.1225515604019165,0.029623746871948242,-0.09072041511535645,0.0022073984146118164,0.00908784382045269,0.0022559628466906163,0.029623746871948242,False
Grocery,42,12345,5646,6070,6637,41475,45655,0.04794633015990257,0.0690065547823906,0.4817250072956085,0.6384416222572327,8,0.0017301440238952637,0.008536416105926037,0.0017545005654425322,0.030101001262664795,-0.09857398271560669,-0.026824474334716797,-0.12729841470718384,-0.0018999576568603516,-0.007518722675740719,-0.0019324050283248705,0.0,False
Grocery,42,12345,6175,8382,7586,59597,53482,0.04536091908812523,0.03513642027974129,0.35945966839790344,0.2771272659301758,8,-0.0019266605377197266,-0.006405962631106377,-0.002067395845998212,0.0,-0.12844228744506836,0.0061342716217041016,-0.12129092216491699,0.0010170936584472656,0.003975079860538244,0.001029642905954867,0.0061342716217041016,False
Grocery,42,12345,6175,7586,8382,53482,59597,0.03513642027974129,0.04536091908812523,0.2771272659301758,0.35945966839790344,8,0.0014227628707885742,0.007569390814751387,0.0014149613469772865,0.005728602409362793,-0.0927281379699707,-0.025302767753601074,-0.11857271194458008,-0.0005418062210083008,-0.0022899319883435965,-0.0006363051427966079,0.0,False
Grocery,42,12345,7002,7210,7351,50368,51452,0.3535533845424652,0.0613139308989048,3.4685256481170654,0.6701552271842957,9,-0.0019799170549958944,-0.17183919250965118,-0.007258106842261781,0.004770995117723942,0.0003176265163347125,0.0002463721903041005,0.0004590778553392738,-0.00010492085129953921,-0.10255324840545654,-0.00017218158360538896,0.0004590778553392738,True
Grocery,42,12345,7002,7351,7210,51452,50368,0.0613139308989048,0.3535533845424652,0.6701552271842957,3.4685256481170654,9,-2.6205292670056224e-05,-0.055505529046058655,-3.51414677428507e-05,0.0002229525416623801,0.0005149252247065306,0.003038001712411642,0.003093297593295574,-0.00045962934382259846,-0.06915635615587234,-0.0013087461628164443,0.003093297593295574,True
Grocery,42,12345,16404,16435,15219,138312,131895,0.13608276844024658,0.08908708393573761,1.3480637073516846,0.6978430151939392,17,0.02091190218925476,0.1478145867586136,0.023587808280432963,0.06028097867965698,-0.05101567506790161,0.06016075611114502,0.021526485681533813,0.012381404638290405,0.0933016687631607,0.012416406515910158,0.06016075611114502,True
Grocery,42,12345,16404,15219,16435,131895,138312,0.08908708393573761,0.13608276844024658,0.6978430151939392,1.3480637073516846,17,0.011349648237228394,0.08486659824848175,0.011801992974705688,0.06119275093078613,-0.05510386824607849,0.06201452016830444,0.026089012622833252,0.0191783607006073,0.13392016291618347,0.022577860162469758,0.06201452016830444,True
Grocery,42,12345,12114,11174,11172,93142,93121,0.10540925711393356,0.10540925711393356,0.8073667287826538,1.270902156829834,13,-0.0068374574184417725,-0.018465206027030945,-0.007294418933550123,0.1817256212234497,0.04324573278427124,0.18616369366645813,0.22526022791862488,-0.004149198532104492,-0.009125743061304092,-0.0026423181709473945,0.22526022791862488,True
Grocery,42,12345,12114,11172,11174,93121,93142,0.10540925711393356,0.10540925711393356,1.270902156829834,0.8073667287826538,13,-0.0009302198886871338,-0.0022686028387397528,0.0006872249907826922,0.20455533266067505,0.02480900287628174,0.1389901041984558,0.160600483417511,-0.0031986236572265625,-0.009860134683549404,-0.0033262285251565334,0.160600483417511,True
Grocery,42,12345,1428,675,1805,2883,7653,0.20412413775920868,0.20412413775920868,2.123744010925293,2.0068283081054688,1,-2.264931936224457e-06,-0.091749407351017,-3.965024750762176e-06,1.1205565897398628e-05,5.364347089198418e-06,9.894263712340035e-06,1.1920810720766895e-05,-3.337800080771558e-06,-0.12276098132133484,-7.681980683489117e-06,1.1920810720766895e-05,True
Grocery,42,12345,1428,1805,675,7653,2883,0.20412413775920868,0.20412413775920868,2.0068283081054688,2.123744010925293,1,-4.410661858855747e-06,-0.14171592891216278,-9.840917610828763e-06,1.3351298548514023e-05,5.364346179703716e-06,9.894260074361227e-06,1.2278433132451028e-05,-2.980173121613916e-06,-0.10818487405776978,-5.503691216410158e-06,1.2278433132451028e-05,True
Grocery,42,12345,16781,13229,13230,111740,111797,0.09245003014802933,0.07453560084104538,0.557399332523346,0.7197265625,19,-0.00034789741039276123,-0.016641225665807724,-0.0002638581533675709,0.0,-0.009043291211128235,-0.008165180683135986,-0.01753385365009308,-0.0003253817558288574,-0.009365568868815899,-2.9259916345874084e-05,0.0,True
Grocery,42,12345,16781,13230,13229,111797,111740,0.07453560084104538,0.09245003014802933,0.7197265625,0.557399332523346,19,-0.000629618763923645,-0.02558255009353161,-0.00044426900523809616,0.0,-0.0042896270751953125,-0.001136183738708496,-0.005895674228668213,-0.0004698634147644043,-0.041501887142658234,-0.00041921225266280926,0.0,True
Grocery,42,12345,16781,15349,13230,132665,111797,0.25819888710975647,0.07453560084104538,2.967534303665161,0.7197265625,19,-0.01807457208633423,-0.020126156508922577,-0.020975998262770523,0.43999460339546204,0.028810739517211914,-0.006596922874450684,0.02032017707824707,-0.0018936395645141602,-0.033980127424001694,-0.002657966497645194,0.028810739517211914,True
Grocery,42,12345,4107,3788,10768,18387,87922,0.025958707556128502,0.025717224925756454,0.3344314694404602,0.27451092004776,8,-0.0006692409515380859,-0.0016813608817756176,-0.0008611800864964936,0.19935226440429688,-0.014594197273254395,0.004838705062866211,-0.009408235549926758,0.0003472566604614258,0.012040320783853531,0.0003508987409418884,0.004838705062866211,False
Grocery,42,12345,4107,10768,3788,87922,18387,0.025717224925756454,0.025958707556128502,0.27451092004776,0.3344314694404602,8,-0.0005947351455688477,-0.007591861765831709,-0.0005411222141633327,0.005780696868896484,-0.04125392436981201,0.19689595699310303,0.15742933750152588,0.0017873048782348633,0.004518196918070316,0.0016768224712792263,0.19689595699310303,False
Grocery,42,12345,6349,15134,5492,131431,36391,0.22360679507255554,0.07453560084104538,1.4171565771102905,0.8820937871932983,9,0.03699684143066406,0.019109446555376053,0.04323221011511347,0.3333470821380615,0.3637707233428955,-0.1358489990234375,0.23449492454528809,0.006573200225830078,0.008953914977610111,0.00531090106157811,0.3637707233428955,False
Grocery,42,12345,6349,5492,15134,36391,131431,0.07453560084104538,0.22360679507255554,0.8820937871932983,1.4171565771102905,9,0.0016674995422363281,0.006408059969544411,0.0017132967228302431,0.05949807167053223,0.052327632904052734,-0.9583644866943359,-0.8971989154815674,0.00883793830871582,0.004632307682186365,0.012056739255724227,0.052327632904052734,False
Grocery,42,12345,15115,9903,16871,77697,140656,0.04159451648592949,0.05170876905322075,0.4051591157913208,0.5514788031578064,19,-0.0011222362518310547,-0.006533669773489237,-0.0010851262075549338,0.0,-0.06650125980377197,0.22810792922973633,0.16574060916900635,0.004133939743041992,0.008979996666312218,0.003990817971792616,0.22810792922973633,False
Grocery,42,12345,15115,16871,9903,140656,77697,0.05170876905322075,0.04159451648592949,0.5514788031578064,0.4051591157913208,19,0.0003864765167236328,0.0008327489485964179,0.00028677831168838486,0.2318553924560547,-0.013576269149780273,-0.02431941032409668,-0.0387730598449707,-0.00087738037109375,-0.011443781666457653,-0.0008743440096791871,0.0,False
Grocery,42,12345,11821,10796,11936,88596,100753,0.030772872269153595,0.026650089770555496,0.08428926020860672,0.2376542091369629,13,-1.784181222319603e-06,-0.009096089750528336,-1.6984541816699104e-06,0.0,-7.513759192079306e-05,6.597326137125492e-05,-3.691529855132103e-06,5.4728006944060326e-06,0.037792354822158813,5.241759162252274e-06,6.597326137125492e-05,True
Grocery,42,12345,11821,11936,10743,100753,87546,0.026650089770555496,0.032826606184244156,0.2376542091369629,0.5442883968353271,13,3.3313408493995667e-06,0.023868469521403313,3.139226449129249e-06,6.811472121626139e-05,-6.117566954344511e-05,0.0005313382716849446,0.000492040766403079,2.1878164261579514e-05,0.020172299817204475,2.6111603367162973e-05,0.0005313382716849446,True
Grocery,42,12345,11821,10743,11936,87546,100753,0.032826606184244156,0.026650089770555496,0.5442883968353271,0.2376542091369629,13,9.632669389247894e-06,0.00878243986517191,1.1167149420907366e-05,0.0005435837665572762,-1.5955884009599686e-05,6.942276377230883e-05,5.549017805606127e-05,2.023298293352127e-06,0.014361975714564323,1.6378466533372427e-06,6.942276377230883e-05,True
Grocery,42,12345,8401,8380,17071,59572,142136,0.048507124185562134,0.014106911607086658,0.5719038248062134,0.1616668701171875,12,-0.00032706186175346375,-0.013849160633981228,-0.000380302599829384,0.01164446771144867,0.008177239447832108,-0.005464155226945877,0.0037833265960216522,0.0010702423751354218,0.06142088398337364,0.0011189351791908084,0.008177239447832108,True
Grocery,42,12345,8401,17071,8380,142136,59572,0.014106911607086658,0.048507124185562134,0.1616668701171875,0.5719038248062134,12,-3.2782554626464844e-05,-0.0034645250998437405,-3.0668637676155124e-05,0.0,-0.00041373446583747864,0.002042621374130249,0.0016561895608901978,2.7302652597427368e-05,0.006638853810727596,2.896603191768351e-05,0.002042621374130249,True
Grocery,42,12345,8203,12699,12601,107285,106659,0.0657951682806015,0.07715167850255966,0.663293182849884,0.7839335203170776,9,0.00096893310546875,0.002248344710096717,0.0010518242255356525,0.11127424240112305,0.11070775985717773,-0.449948787689209,-0.3377056121826172,0.0015354156494140625,0.001709127682261169,0.001743836446902716,0.11070775985717773,False
Grocery,42,12345,8203,12208,12601,103289,106659,0.10101525485515594,0.07715167850255966,1.0033423900604248,0.7839335203170776,9,0.0009832382202148438,0.0014157050754874945,0.0008144259761239114,0.2076249122619629,0.20818853378295898,-0.44883298873901367,-0.24022483825683594,0.00041961669921875,0.0004676716635003686,0.00044785953188545505,0.20818853378295898,False
Grocery,42,12345,8203,12601,12699,106659,107285,0.07715167850255966,0.0657951682806015,0.7839335203170776,0.663293182849884,9,0.0019412040710449219,0.0021598502062261105,0.002172388944557735,0.14820575714111328,0.14888763427734375,-0.21625185012817383,-0.06610488891601562,0.0012593269348144531,0.002920216415077448,0.0013400788510785132,0.14888763427734375,False
Grocery,42,12345,6453,12197,6638,103200,45667,0.08084520697593689,0.0766965001821518,0.7360436320304871,0.4553573727607727,9,0.0035686641931533813,0.03774195536971092,0.003634292240564968,0.04549281299114227,0.05172893404960632,0.01581496000289917,0.06487661600112915,-0.0026672780513763428,-0.020142482593655586,-0.002946074496127048,0.06487661600112915,True
Grocery,42,12345,6453,12336,6638,104578,45667,0.10846523195505142,0.0766965001821518,0.32317280769348145,0.4553573727607727,9,-0.0035838782787323,-0.02600911445915699,-0.0038939181879177054,0.06710463762283325,0.044928520917892456,0.015421360731124878,0.05807620286941528,-0.0022736787796020508,-0.019199136644601822,-0.002481708455190963,0.05807620286941528,True
Grocery,42,12345,6453,6638,12197,45667,103200,0.0766965001821518,0.08084520697593689,0.4553573727607727,0.7360436320304871,9,-0.0035007894039154053,-0.018206242471933365,-0.00386581168341342,0.09439215064048767,0.07142482697963715,-0.024575531482696533,0.053168147802352905,0.0063188523054122925,0.042360495775938034,0.006774002037904778,0.07142482697963715,True
Grocery,42,12345,4877,4371,4374,24571,25207,0.013390589505434036,0.023524528369307518,0.16015198826789856,0.06317240744829178,7,0.00010517239570617676,0.0029470089357346296,0.00010884163149169068,0.017791330814361572,-0.0008619576692581177,0.0021881461143493652,0.0013492703437805176,2.308189868927002e-05,0.005246620625257492,2.2940199529162043e-05,0.0021881461143493652,True
Grocery,42,12345,4877,5445,4371,36062,24571,0.06933752447366714,0.013390589505434036,0.9287369847297668,0.16015198826789856,7,0.012186631560325623,0.04771026223897934,0.014904894553985026,0.12162166833877563,-0.014781281352043152,0.01633639633655548,0.003115221858024597,0.001560106873512268,0.04557330533862114,0.0015261237278209243,0.01633639633655548,True
Grocery,42,12345,4877,4374,4371,25207,24571,0.023524528369307518,0.013390589505434036,0.06317240744829178,0.16015198826789856,7,6.89476728439331e-05,0.012957239523530006,6.864504949920941e-05,0.002142280340194702,-0.002947196364402771,0.01757541298866272,0.014949306845664978,0.0003210902214050293,0.009051953442394733,0.00032869891650338175,0.01757541298866272,True
Grocery,42,12345,2093,14907,13130,129152,110159,0.06225728243589401,0.036369647830724716,0.5959844589233398,0.3251025378704071,4,-0.005924701690673828,-0.12440859526395798,-0.005763522142511135,0.0,-0.00804448127746582,-0.04457378387451172,-0.05642497539520264,-0.0038067102432250977,-0.03491009771823883,-0.0036744611194764946,0.0,False
Grocery,42,12345,2093,13130,14907,110159,129152,0.036369647830724716,0.06225728243589401,0.3251025378704071,0.5959844589233398,4,-0.0022668838500976562,-0.022052954882383347,-0.002176623872755981,0.0,-0.0030493736267089844,-0.01748037338256836,-0.02389681339263916,-0.0033670663833618164,-0.07578947395086288,-0.003228804635675037,0.0,False
Grocery,42,12345,10102,10365,10687,83019,86432,0.019241446629166603,0.01677890121936798,0.13190193474292755,0.22083085775375366,12,-3.791181370615959e-06,-0.008296698331832886,-3.979113245751925e-06,0.0002265747170895338,0.00010223244316875935,5.955505184829235e-05,0.00016108015552163124,-7.073394954204559e-07,-0.00219073542393744,-8.606717281325158e-07,0.00016108015552163124,True
Grocery,42,12345,10102,10687,10365,86432,83019,0.01677890121936798,0.019241446629166603,0.22083085775375366,0.13190193474292755,12,-2.3422762751579285e-07,-0.0009860957507044077,-3.32118767650272e-07,0.00011864304542541504,6.121792830526829e-05,0.0001229152549058199,0.00018247636035084724,-1.6568228602409363e-06,-0.0045191883109509945,-1.7541198233698682e-06,0.00018247636035084724,True
Grocery,42,12345,4806,4466,4404,26138,25483,0.021739130839705467,0.022102482616901398,0.29859626293182373,0.10893935710191727,7,-3.310106694698334e-05,-0.004947720095515251,-3.6941891476818985e-05,0.0033285273239016533,0.00015239976346492767,0.0008451929315924644,0.000987599603831768,-9.993091225624084e-06,-0.0050337896682322025,-1.0412994267211577e-05,0.000987599603831768,True
Grocery,42,12345,4806,4404,4466,25483,26138,0.022102482616901398,0.021739130839705467,0.10893935710191727,0.29859626293182373,7,3.988295793533325e-05,0.024460168555378914,3.99778961851574e-05,0.0007953168824315071,-0.0007184287533164024,0.003007715567946434,0.002434590831398964,0.00014530401676893234,0.02358546294271946,0.0001580952716891064,0.003007715567946434,True
Grocery,42,12345,4806,4944,4466,31562,26138,0.06286945939064026,0.021739130839705467,0.721951425075531,0.29859626293182373,7,0.00022766273468732834,0.01403339859098196,0.0002873271336367453,0.007997624576091766,-0.00041202735155820847,0.0030631879344582558,0.002740992233157158,8.98316502571106e-05,0.014451175928115845,9.88726106437291e-05,0.0030631879344582558,True
Grocery,42,12345,5630,4373,5629,25078,37235,0.03417929634451866,0.12909944355487823,0.4433930814266205,1.1903334856033325,7,-0.0004297792911529541,-0.005178589373826981,-0.00042359488516553745,0.041280895471572876,0.012133508920669556,-0.064019113779068,-0.04865238070487976,0.0032332241535186768,0.02590620517730713,0.002972889827677707,0.012133508920669556,True
Grocery,42,12345,5630,5629,4373,37235,25078,0.12909944355487823,0.03417929634451866,1.1903334856033325,0.4433930814266205,7,0.008100658655166626,0.06247015669941902,0.007593198362986997,0.04211720824241638,0.0523962676525116,0.027662694454193115,0.07788065075874329,-0.0021783113479614258,-0.013792051002383232,-0.0022587723198914454,0.07788065075874329,True
Grocery,42,12345,2944,2626,3132,11514,14290,0.06593804806470871,0.055901698768138885,0.5200637578964233,0.41004034876823425,3,0.004003286361694336,0.05966971442103386,0.00400012471389093,0.031543731689453125,0.029362350702285767,-0.03414362668991089,0.0014035850763320923,0.006184861063957214,0.09528426826000214,0.006147353043312782,0.029362350702285767,True
Grocery,42,12345,2944,3132,2626,14290,11514,0.055901698768138885,0.06593804806470871,0.41004034876823425,0.5200637578964233,3,0.005974933505058289,0.0958118885755539,0.005921011478419749,0.028193071484565735,0.03025558590888977,-0.021988749504089355,0.012179359793663025,0.00391252338886261,0.06073111668229103,0.003907034605941514,0.03025558590888977,True
Grocery,42,12345,2888,4299,7475,23159,52651,0.26726123690605164,0.1961161345243454,1.8001512289047241,1.3220237493515015,6,0.08946561813354492,0.4910632371902466,0.10270382440462467,0.0014600753784179688,0.14885711669921875,0.19836997985839844,0.28929567337036133,-0.05793142318725586,-0.09101233631372452,-0.030207561933768848,0.28929567337036133,False
Grocery,42,12345,2888,7475,4299,52651,23159,0.1961161345243454,0.26726123690605164,1.3220237493515015,1.8001512289047241,6,-0.08598184585571289,-0.1561744660139084,-0.04719657797150517,0.2322840690612793,-0.06975126266479492,-0.12197589874267578,-0.11611223220825195,0.07561492919921875,0.24563109874725342,0.0843684886674669,0.0,False
Grocery,42,12345,16702,2626,16597,11540,139119,0.07372097671031952,0.25,0.5814489126205444,2.1257262229919434,17,2.0750798285007477e-05,0.003594823181629181,-1.0845660275755724e-05,0.002896576188504696,0.0035589486360549927,0.027641991153359413,0.028913412243127823,-0.002287527546286583,-0.03805292770266533,-0.005006506904492754,0.028913412243127823,True
Grocery,42,12345,16702,16597,2626,139119,11540,0.25,0.07372097671031952,2.1257262229919434,0.5814489126205444,17,-0.0050660595297813416,-0.07038074731826782,-0.011044602187385847,0.03345734626054764,0.003117011860013008,0.0017260927706956863,0.004762916825711727,-8.018780499696732e-05,-0.008347651921212673,-0.00015534670233659757,0.004762916825711727,True
Grocery,42,12345,6463,5750,6064,38263,41450,0.07537783682346344,0.1767766922712326,0.7614312171936035,1.655996322631836,9,0.018502473831176758,0.03764169663190842,0.018901578822629217,0.09879523515701294,0.10053426027297974,-0.23074233531951904,-0.11344456672668457,0.016763508319854736,0.03769442439079285,0.017119061274046023,0.10053426027297974,False
Grocery,42,12345,6463,6064,5750,41450,38263,0.1767766922712326,0.07537783682346344,1.655996322631836,0.7614312171936035,9,0.01627904176712036,0.036645062267780304,0.0167111056377979,0.09601783752441406,0.09450662136077881,-0.25431060791015625,-0.1420142650604248,0.017789721488952637,0.03624404966831207,0.018178994212225543,0.09450662136077881,False
Grocery,42,12345,8558,10121,9698,80085,75307,0.14433756470680237,0.12309148907661438,1.0608540773391724,0.9667949080467224,12,0.00046275556087493896,0.015063629485666752,0.0005621921957196952,0.015395458787679672,0.0001230277121067047,0.013724416494369507,0.013991229236125946,0.0001437850296497345,0.005164936650544405,-1.723424354139764e-05,0.013991229236125946,True
Grocery,42,12345,8558,9698,10121,75307,80085,0.12309148907661438,0.14433756470680237,0.9667949080467224,1.0608540773391724,12,0.0008996445685625076,0.0335228368639946,0.0011194237360631996,0.012968556955456734,-0.0020431242883205414,0.014610068872570992,0.01354827731847763,0.0009813327342271805,0.03249286860227585,0.0012371292718675686,0.014610068872570992,True
Grocery,42,12345,8558,9620,9698,74289,75307,0.1178511381149292,0.12309148907661438,0.4250500500202179,0.9667949080467224,12,-0.00029051490128040314,-0.024491356685757637,-0.0003563070770154081,0.005785705521702766,0.005680002272129059,0.015999242663383484,0.0195482037961483,-0.0021310411393642426,-0.05168984830379486,-0.003128999906332599,0.0195482037961483,True
Grocery,42,12345,11888,11887,12106,100312,102274,0.22360679507255554,0.15811388194561005,1.7580639123916626,2.153266429901123,13,0.00062516238540411,0.13406819105148315,0.00066997835986857,0.0020189229398965836,-0.0009712977334856987,0.004316746722906828,0.0042303623631596565,0.0008849133737385273,0.09296853840351105,0.0009719613651697184,0.004316746722906828,True
Grocery,42,12345,11888,11886,12106,100305,102274,0.1767766922712326,0.15811388194561005,2.809447765350342,2.153266429901123,13,0.0019779596477746964,0.10650858283042908,0.0032756782657449605,0.008296462707221508,-0.0010526962578296661,0.004304128233343363,0.004148963838815689,0.0008975318633019924,0.09441941231489182,0.0011099895367582917,0.004304128233343363,True
Grocery,42,12345,11888,12106,11886,102274,100305,0.15811388194561005,0.1767766922712326,2.153266429901123,2.809447765350342,13,0.0011593080125749111,0.12541164457798004,0.0014152146151297572,0.004042352084070444,-0.0027688490226864815,0.007749159354716539,0.00750557379797101,0.0025252639316022396,0.14010880887508392,0.00410016785912483,0.007749159354716539,True
Grocery,42,12345,2871,3985,2342,21043,10186,0.25819888710975647,0.4472135901451111,2.8890323638916016,4.191041469573975,4,0.01361227035522461,0.010695954784750938,0.007043845007102534,0.0,0.0029535293579101562,1.2770943641662598,1.2112815380096436,-0.06876635551452637,-0.02760227397084236,-0.0644798007802515,1.2770943641662598,False
Grocery,42,12345,2871,2342,3985,10186,21043,0.4472135901451111,0.25819888710975647,4.191041469573975,2.8890323638916016,4,0.06931090354919434,0.029527360573410988,0.06990951778493715,1.139017105102539,-0.10568952560424805,-0.5426468849182129,-0.6557867527008057,-0.0074503421783447266,-0.005712912883609533,-0.001760685018308679,0.0,False
Grocery,42,12345,346,2997,3852,13524,18965,0.03629770129919052,0.05248638987541199,0.23370036482810974,0.48324620723724365,0,-0.0014262795448303223,-0.007449339143931866,-0.0014021808643554373,0.09501880407333374,0.03834599256515503,-0.047349512577056885,-0.007511913776397705,0.0014916062355041504,0.016003083437681198,0.001463881506085883,0.03834599256515503,False
Grocery,42,12345,346,3852,2997,18965,13524,0.05248638987541199,0.03629770129919052,0.48324620723724365,0.23370036482810974,0,0.0038747191429138184,0.023072456941008568,0.0038860845717880177,0.08203113079071045,0.08909344673156738,0.05694258213043213,0.14284783601760864,-0.003188192844390869,-0.011036244221031666,-0.003113308481998688,0.14284783601760864,False
Grocery,42,12345,14059,16606,13154,139153,110518,0.05634361505508423,0.048112522810697556,0.47535744309425354,0.2820500433444977,15,-0.0002143457531929016,-0.012598033994436264,-0.00025193052220055974,0.008399933576583862,0.004327654838562012,0.0009718611836433411,0.005231976509094238,-6.75395131111145e-05,-0.006413093768060207,-7.271609293089812e-05,0.005231976509094238,True
Grocery,42,12345,14059,13154,16606,110518,139153,0.048112522810697556,0.05634361505508423,0.2820500433444977,0.47535744309425354,15,-4.190206527709961e-05,-0.006538597401231527,-4.4199618156455685e-05,0.0031832531094551086,0.0023892968893051147,0.00407785177230835,0.006314769387245178,-0.00015237927436828613,-0.01192146260291338,-0.0001720267991381837,0.006314769387245178,True
Grocery,42,12345,14059,14285,16606,123231,139153,0.1111111119389534,0.05634361505508423,0.9250441193580627,0.47535744309425354,15,-0.0008560940623283386,-0.018608856946229935,-0.0009527302063269787,0.022574275732040405,0.005963742733001709,0.004201553761959076,0.009889215230941772,-0.00027608126401901245,-0.013766534626483917,-0.00032539206070114537,0.009889215230941772,True
Grocery,42,12345,2657,5768,989,38456,4140,0.035223498940467834,0.03919309005141258,0.24340865015983582,0.4589090943336487,5,0.000906825065612793,0.017286943271756172,0.0008997352272970376,0.02577519416809082,-0.017484426498413086,-0.14563560485839844,-0.16315734386444092,-3.731250762939453e-05,-0.00011435824126238003,-0.00010943476607674772,0.0,False
Grocery,42,12345,2657,989,5768,4140,38456,0.03919309005141258,0.035223498940467834,0.4589090943336487,0.24340865015983582,5,0.006147265434265137,0.020663456991314888,0.006088111519836875,0.09602999687194824,0.09983110427856445,0.02433633804321289,0.12651336193084717,0.0023459196090698242,0.009358193725347519,0.0023656298813464183,0.12651336193084717,False
Grocery,42,12345,2657,9389,5768,71854,38456,0.01357688382267952,0.035223498940467834,0.07563183456659317,0.24340865015983582,5,0.00015854835510253906,0.002839683322235942,0.00015960210250278925,0.027837276458740234,0.027111411094665527,0.02579784393310547,0.05379366874694824,0.0008844137191772461,0.008288560435175896,0.0008542689808284499,0.05379366874694824,False
Grocery,42,12345,9216,9931,10470,77959,84063,0.0416666679084301,0.04950737953186035,0.25548505783081055,0.3242531418800354,12,-1.7671845853328705e-06,-0.004255302250385284,-1.8804284960479724e-06,0.0,-0.00016280589625239372,0.001308139879256487,0.00117438193410635,2.9047951102256775e-05,0.010980810038745403,3.123221767273024e-05,0.001308139879256487,True
Grocery,42,12345,9216,10470,9931,84063,77959,0.04950737953186035,0.0416666679084301,0.3242531418800354,0.25548505783081055,12,-2.2802501916885376e-05,-0.007697873283177614,-2.5581250805995328e-05,0.0014696847647428513,0.00010863645002245903,-7.735332474112511e-05,3.210362046957016e-05,8.204951882362366e-07,0.0037619550712406635,6.912962303736514e-07,0.00010863645002245903,True
Grocery,42,12345,9216,10458,10470,83927,84063,0.0833333358168602,0.04950737953186035,0.7379476428031921,0.3242531418800354,12,-0.00017552310600876808,-0.024978240951895714,-0.00021713460191628581,0.003425753675401211,0.00047241244465112686,0.0014200392179191113,0.0018096002750098705,-8.285138756036758e-05,-0.022379795089364052,-9.4019209017427e-05,0.0018096002750098705,True
Grocery,42,12345,2737,3429,2925,16251,13142,0.20412413775920868,0.3535533845424652,0.9658499956130981,3.1609575748443604,3,0.0006555728614330292,0.00964708998799324,0.0007014365033438772,0.03364996239542961,0.02147034928202629,-0.026237137615680695,0.0080685093998909,0.012835297733545303,0.23012220859527588,0.005619023703600234,0.02147034928202629,True
Grocery,42,12345,2737,2925,3429,13142,16251,0.3535533845424652,0.20412413775920868,3.1609575748443604,0.9658499956130981,3,0.03961610421538353,0.24229036271572113,0.02092324600570341,0.06194530054926872,0.10019159317016602,-0.0019461512565612793,0.09961525350809097,0.0013698115944862366,0.006789547391235828,0.0005949026773811733,0.10019159317016602,True
Grocery,42,12345,2737,3132,3429,14283,16251,0.0625,0.20412413775920868,0.45843902230262756,0.9658499956130981,3,0.000852484256029129,0.04661526158452034,0.0008253836759277659,0.008717585355043411,0.00939512625336647,-0.0007512792944908142,0.008818790316581726,0.00017494335770606995,0.009224438108503819,0.00015722944015880268,0.00939512625336647,True
Grocery,42,12345,14112,14281,14113,123154,121172,0.08451542258262634,0.0824786126613617,0.7197540402412415,0.8973034024238586,15,-0.00022705690935254097,-0.026043113321065903,-0.0003058165787993023,0.004245717078447342,0.0005778484046459198,0.004191266838461161,0.004531588405370712,-0.00023752683773636818,-0.02553856186568737,-0.0003261915025441032,0.004531588405370712,True
Grocery,42,12345,14112,14113,14281,121172,123154,0.0824786126613617,0.08451542258262634,0.8973034024238586,0.7197540402412415,15,-0.00017578806728124619,-0.01941686123609543,-0.0002345264683599013,0.004438786767423153,0.0004843538627028465,0.0038534337654709816,0.004162692464888096,-0.00017509516328573227,-0.020598242059350014,-0.00022997004276083675,0.004162692464888096,True
Grocery,42,12345,7998,6758,7993,46473,56695,0.048507124185562134,0.0690065547823906,0.48447611927986145,0.489132821559906,9,-4.6594999730587006e-05,-0.011481511406600475,-5.7578600898749565e-05,0.0020058294758200645,0.00023709610104560852,-0.00013122335076332092,0.00013301242142915726,2.713967114686966e-05,0.0541340596973896,2.8104122417777013e-05,0.00023709610104560852,True
Grocery,42,12345,7998,7993,6758,56695,46473,0.0690065547823906,0.048507124185562134,0.489132821559906,0.48447611927986145,9,3.662519156932831e-05,0.021962804719805717,3.8350531134012135e-05,0.0008154828101396561,0.0010037217289209366,0.0018466124311089516,0.002698720432817936,-0.0001516137272119522,-0.027322394773364067,-0.00017948172238588632,0.002698720432817936,True
Grocery,42,12345,11010,11011,11009,91369,91346,0.10910893976688385,0.11180339753627777,1.1702361106872559,1.125909447669983,13,0.043763816356658936,0.08029444515705109,0.049384273991470606,0.2506389021873474,-0.08694344758987427,0.24395716190338135,0.1978132426738739,0.04079952836036682,0.07716751098632812,0.045196644041140724,0.24395716190338135,True
Grocery,42,12345,11010,11849,11011,99955,91369,0.12909944355487823,0.10910893976688385,1.4906790256500244,1.1702361106872559,13,0.05940884351730347,0.07621210068464279,0.06694989748652291,0.36005547642707825,-0.09312283992767334,0.24900493025779724,0.201279878616333,0.045397788286209106,0.08354277908802032,0.05117212201415138,0.24900493025779724,True
Grocery,42,12345,11010,11009,11011,91346,91369,0.11180339753627777,0.10910893976688385,1.125909447669983,1.1702361106872559,13,0.05037027597427368,0.09702583402395248,0.05573086223829482,0.23438632488250732,-0.1105085015296936,0.24074405431747437,0.18389421701431274,0.05365866422653198,0.10026906430721283,0.06034890682362599,0.24074405431747437,True
Grocery,42,12345,7572,7585,7198,53459,50281,0.044543541967868805,0.04517539218068123,0.5108934044837952,0.2735024690628052,9,1.9157305359840393e-05,0.004887280520051718,1.7842548483771974e-05,0.001969488337635994,0.00038214679807424545,0.0008476320654153824,0.0012914054095745087,6.162654608488083e-05,0.02444339357316494,6.486044496185522e-05,0.0012914054095745087,True
Grocery,42,12345,7572,7198,7585,50281,53459,0.04517539218068123,0.044543541967868805,0.2735024690628052,0.5108934044837952,9,9.679701179265976e-05,0.056220777332782745,9.865192333520739e-05,0.0008124615997076035,-0.00026559457182884216,0.0014587296172976494,0.001279277727007866,8.614268153905869e-05,0.02867969684302807,8.68492111142516e-05,0.0014587296172976494,True
Grocery,42,12345,4726,4753,5266,29645,34264,0.12126781791448593,0.10910893976688385,1.0155720710754395,0.34810715913772583,7,-0.0018777698278427124,-0.05070323869585991,-0.002890712568873823,0.0175783671438694,0.002594142220914364,-0.0015160683542490005,0.0012964056804776192,0.00021833181381225586,0.0403822660446167,0.00022692208238775721,0.002594142220914364,True
Grocery,42,12345,4726,5266,4753,34264,29645,0.10910893976688385,0.12126781791448593,0.34810715913772583,1.0155720710754395,7,0.000327063724398613,0.048110295087099075,0.000347696091494661,0.0032355664297938347,0.006049416959285736,0.015374908223748207,0.01893753930926323,-0.002486785873770714,-0.061612244695425034,-0.003752575474029027,0.01893753930926323,True
Grocery,42,12345,4726,4804,4753,30095,29645,0.3535533845424652,0.12126781791448593,3.7785825729370117,1.0155720710754395,7,-0.010209091007709503,-0.05272134020924568,-0.02295192793425389,0.0917166918516159,0.006840400397777557,0.015629474073648453,0.01972852274775505,-0.0027413517236709595,-0.06496339291334152,-0.004299665815072997,0.01972852274775505,True
Grocery,42,12345,2810,3771,2972,18240,13345,0.2357022762298584,0.19245009124279022,1.332499623298645,1.0884053707122803,5,-0.003336437977850437,-0.10031785815954208,-0.0064495451438593,0.014961108565330505,0.013991698622703552,0.01452517881989479,0.021483605727553368,-0.007033271715044975,-0.14066405594348907,-0.014399833031470407,0.021483605727553368,True
Grocery,42,12345,2810,2972,3771,13345,18240,0.19245009124279022,0.2357022762298584,1.0884053707122803,1.332499623298645,5,-0.011270185932517052,-0.16447046399116516,-0.02622290708323648,0.02862693928182125,0.014050302095711231,0.008851699531078339,0.018716545775532722,-0.004185455851256847,-0.1005670502781868,-0.0086691992343295,0.018716545775532722,True
Grocery,42,12345,2810,2671,2972,11731,13345,0.1259881556034088,0.19245009124279022,0.6376112103462219,1.0884053707122803,5,-0.0008315183222293854,-0.07313547283411026,-0.0012853714043283633,0.005269017070531845,0.005589509382843971,0.010413979180157185,0.013081416487693787,-0.0029220720753073692,-0.10046692937612534,-0.0051818049718394266,0.013081416487693787,True
Grocery,42,12345,11138,11927,11231,100617,93815,0.05407380685210228,0.044151078909635544,0.6099750995635986,0.3896760046482086,13,4.913797602057457e-05,0.017436329275369644,5.4888325878878035e-05,0.0013844948261976242,-0.00015734275802969933,0.0006825779564678669,0.0005481624975800514,2.292729914188385e-05,0.016517117619514465,2.3630718931725525e-05,0.0006825779564678669,True
Grocery,42,12345,11138,11231,11927,93815,100617,0.044151078909635544,0.05407380685210228,0.3896760046482086,0.6099750995635986,13,3.65222804248333e-05,0.026571353897452354,3.728774956104843e-05,0.0006689829751849174,-0.0002882699482142925,0.001357206143438816,0.0011453628540039062,7.64266587793827e-05,0.027384735643863678,8.423548373305374e-05,0.001357206143438816,True
Grocery,42,12345,15369,16207,2166,137041,9310,0.06052275747060776,0.1259881556034088,0.3470361828804016,0.8898157477378845,17,4.402478225529194e-05,0.05279058590531349,4.56397843225702e-05,0.00039495830424129963,0.00047323876060545444,0.00047347648069262505,0.0009124595671892166,-3.425567410886288e-05,-0.01842510513961315,-4.575060598734326e-05,0.0009124595671892166,True
Grocery,42,12345,15369,2166,16207,9310,137041,0.1259881556034088,0.06052275747060776,0.8898157477378845,0.3470361828804016,17,-4.05025202780962e-05,-0.008888467215001583,-6.770395758090927e-05,0.0022581187076866627,0.0015764047857373953,-0.0003715492784976959,0.0014068461023271084,0.00020199059508740902,0.0602092482149601,0.00026290786831631105,0.0015764047857373953,True
Grocery,42,12345,2373,2554,3339,11124,15586,0.14907120168209076,0.1601281613111496,0.37555834650993347,0.5745670795440674,3,0.005725108087062836,0.0398445762693882,0.006445192723874378,0.06898044794797897,0.05905410647392273,-0.037077054381370544,0.03762859106063843,0.015651538968086243,0.11701230704784393,0.01658731820124868,0.05905410647392273,True
Grocery,42,12345,2373,3361,3339,15713,15586,0.20412413775920868,0.1601281613111496,1.242465615272522,0.5745670795440674,3,-0.07533584535121918,-0.12641285359859467,-0.13089678872047397,0.2603074908256531,0.08604823052883148,-0.04110722243785858,0.06462249904870987,0.01968149095773697,0.10262645035982132,0.021305796832370508,0.08604823052883148,True
Grocery,42,12345,2373,3339,2554,15586,11124,0.1601281613111496,0.14907120168209076,0.5745670795440674,0.37555834650993347,3,0.012600667774677277,0.0950203612446785,0.012545770521584343,0.06000475585460663,0.06740093976259232,-0.01421298086643219,0.058392658829689026,0.0052046999335289,0.03717467933893204,0.005560289846416199,0.06740093976259232,True
Grocery,42,12345,15007,14629,14596,126287,126008,0.033825501799583435,0.08671099692583084,0.17990326881408691,0.5998729467391968,15,-0.00025375932455062866,-0.009142746217548847,-0.000268515893499785,0.013750746846199036,0.004612147808074951,0.03782633692026138,0.04132896661758423,-0.0011095181107521057,-0.013245216570794582,-0.001308354611656474,0.04132896661758423,True
Grocery,42,12345,15007,14596,14629,126008,126287,0.08671099692583084,0.033825501799583435,0.5998729467391968,0.17990326881408691,15,-0.002022482454776764,-0.021797413006424904,-0.002404149551492124,0.04538147151470184,0.007126271724700928,0.010478459298610687,0.01712062954902649,-0.00048410147428512573,-0.013940857723355293,-0.0005180512153308142,0.01712062954902649,True
Grocery,42,12345,10244,9053,8587,67537,62032,0.1666666716337204,0.04845016077160835,1.1306798458099365,0.4215661883354187,12,0.003078252077102661,0.03582880273461342,0.0026686394836840863,0.04141865670681,-0.0292854905128479,0.04421417415142059,0.019711628556251526,0.004782944917678833,0.05131293088197708,0.0047730009535563046,0.04421417415142059,True
Grocery,42,12345,10244,8587,9053,62032,67537,0.04845016077160835,0.1666666716337204,0.4215661883354187,1.1306798458099365,12,-2.294778823852539e-06,-2.286955168528948e-05,-1.0086196274627923e-05,0.05016990005970001,0.0017982125282287598,0.04512454569339752,0.046295031905174255,-0.0006277263164520264,-0.0067339749075472355,-0.0009409567112271097,0.046295031905174255,True
Grocery,42,12345,12175,16722,12586,139845,106528,0.25,0.10101525485515594,2.5983855724334717,0.5134573578834534,14,-0.0002901032567024231,-0.015014296397566795,-0.002214117878469952,0.009515844285488129,0.009389981627464294,0.01271355152130127,0.020137201994657516,-0.0019663311541080475,-0.046550579369068146,-0.002515227496252165,0.020137201994657516,True
Grocery,42,12345,12175,12586,16722,106528,139845,0.10101525485515594,0.25,0.5134573578834534,2.5983855724334717,14,-0.0003286413848400116,-0.012535777874290943,-0.00038556916273704833,0.0129438117146492,0.0013321749866008759,0.0012663155794143677,0.0031342655420303345,0.0005357749760150909,0.0934583768248558,-2.0446007729797542e-05,0.0031342655420303345,True
Grocery,42,12345,11408,2834,11289,12653,94528,0.0314970389008522,0.08703882992267609,0.15375587344169617,1.0674731731414795,13,-8.23289155960083e-06,-0.002428964711725712,-7.257012613049157e-06,0.0009770765900611877,0.0008239448070526123,0.09266327321529388,0.09363211691379547,0.0001448988914489746,0.0007743661408312619,0.00034517175718205514,0.09363211691379547,True
Grocery,42,12345,11408,11289,2834,94528,12653,0.08703882992267609,0.0314970389008522,1.0674731731414795,0.15375587344169617,13,-0.0008039772510528564,-0.0040343026630580425,-0.0016464474380114419,0.09924066066741943,0.005662992596626282,-0.0016643628478050232,0.003964148461818695,-3.4481287002563477e-05,-0.0030537345446646214,-9.069633429376311e-06,0.005662992596626282,True
Grocery,42,12345,15993,16099,16461,136582,138402,0.7071067690849304,0.7071067690849304,7.060233116149902,7.545588493347168,17,0.003760383464396,0.2840763330459595,0.005261380295600714,0.0047667864710092545,-0.0007830758113414049,0.0008911998011171818,0.0009195692255161703,0.0008114452939480543,0.3128337264060974,-0.0011499333084988737,0.0009195692255161703,True
Grocery,42,12345,15993,16461,16099,138402,136582,0.7071067690849304,0.7071067690849304,7.545588493347168,7.060233116149902,17,-4.755193367600441e-05,-0.012725439853966236,-0.008653797527284433,0.0018445997266098857,0.000697799026966095,0.009102198295295238,0.009196600876748562,-0.0006033964455127716,-0.03176337853074074,-0.01079524346044618,0.009196600876748562,True
Grocery,42,12345,9360,8839,6942,65357,47808,0.029695695266127586,0.10910893976688385,0.3777502775192261,0.9976906776428223,12,3.319699317216873e-06,0.005062036216259003,3.4747900143825266e-06,0.00032623670995235443,-2.6391353458166122e-05,-0.0004843235947191715,-0.0005030976608395576,7.617287337779999e-06,0.007513431832194328,4.533565014309477e-06,0.0,True
Grocery,42,12345,9360,6942,8839,47808,65357,0.10910893976688385,0.029695695266127586,0.9976906776428223,0.3777502775192261,12,1.752772368490696e-05,0.014393450692296028,1.3250925061318965e-05,0.0,-0.00011665094643831253,0.0003187810070812702,0.00021290546283125877,1.0775402188301086e-05,0.016619795933365822,9.260738491374273e-06,0.0003187810070812702,True
Grocery,42,12345,15104,15319,10110,132457,79811,0.06019292771816254,0.06804138422012329,0.5321441292762756,0.40682902932167053,19,0.00938946008682251,0.02630510739982128,0.009234191933339658,0.17377746105194092,-0.07818543910980225,0.019932270050048828,-0.05731821060180664,0.0009349584579467773,0.006015072576701641,0.0009611370490664175,0.019932270050048828,False
Grocery,42,12345,15104,10110,15319,79811,132457,0.06804138422012329,0.06019292771816254,0.40682902932167053,0.5321441292762756,19,0.0002884864807128906,0.0029755462892353535,0.00029255701941196394,0.020578742027282715,-0.05460810661315918,0.17689108848571777,0.1285586953163147,0.0062757134437561035,0.017429733648896217,0.00614072175366383,0.17689108848571777,False
Grocery,42,12345,13842,13837,13658,118228,116444,0.18898224830627441,0.10482847690582275,0.5697229504585266,0.6055488586425781,15,-0.0016246289014816284,-0.018420757725834846,-0.0014214261572205213,0.0,-0.023148149251937866,0.05670467019081116,0.03833070397377014,0.004774183034896851,0.040396347641944885,0.005201547103993994,0.05670467019081116,True
Grocery,42,12345,13842,13658,14344,116444,123848,0.10482847690582275,0.11396057903766632,0.6055488586425781,0.47190922498703003,15,0.002938702702522278,0.024485310539603233,0.003294924155069108,0.05854015052318573,-0.016925722360610962,0.06571216881275177,0.052422791719436646,0.0036363452672958374,0.026923784986138344,0.003932220322872429,0.06571216881275177,True
Grocery,42,12345,13842,14344,13658,123848,116444,0.11396057903766632,0.10482847690582275,0.47190922498703003,0.6055488586425781,15,-0.0014866292476654053,-0.009497096762061119,-0.0016511602499822003,0.07752424478530884,0.007712692022323608,0.06250244379043579,0.06919154524803162,-0.0010235905647277832,-0.007342477794736624,-0.0011321582735040522,0.06919154524803162,True
Grocery,42,12345,1619,1848,1682,7858,7084,0.5773502588272095,0.40824827551841736,2.728550910949707,3.037527322769165,1,-0.005027351900935173,-0.16100692749023438,-0.011994716279647733,0.013098541647195816,0.003630231600254774,0.0032112514600157738,0.00522881094366312,-0.0016126721166074276,-0.13360658288002014,-0.0036416029364019376,0.00522881094366312,True
Grocery,42,12345,1619,1682,1848,7084,7858,0.40824827551841736,0.5773502588272095,3.037527322769165,2.728550910949707,1,-0.0012645560782402754,-0.12334010004997253,-0.0025471987797202754,0.004494014196097851,0.00575464591383934,0.010177397169172764,0.011808276176452637,-0.004123766906559467,-0.14865602552890778,-0.009449951927132732,0.011808276176452637,True
Grocery,42,12345,15156,13853,3473,118372,16642,0.17407765984535217,0.05096472054719925,1.440124750137329,0.4179781675338745,18,-0.018254995346069336,-0.011082341894507408,-0.01211251127107793,0.0,-0.10931015014648438,0.11694526672363281,0.01322317123413086,0.005588054656982422,0.023334253579378128,0.005350323579561245,0.11694526672363281,False
Grocery,42,12345,15156,3473,13853,16642,118372,0.05096472054719925,0.17407765984535217,0.4179781675338745,1.440124750137329,18,0.0008301734924316406,0.003399042645469308,0.000653270200478201,0.1217036247253418,-0.05309581756591797,-0.7379398345947266,-0.8003630638122559,-0.009327411651611328,-0.005861140787601471,-0.007519367214380802,0.0,False
Grocery,42,12345,710,568,357,2480,1631,0.1154700443148613,0.1414213627576828,1.2178577184677124,1.2229785919189453,0,-0.00475238636136055,-0.05285187065601349,-0.006662386842966009,0.042583294212818146,0.01427256315946579,0.035841383039951324,0.04445885866880417,-0.0056550875306129456,-0.05979612469673157,-0.008078993271928746,0.04445885866880417,True
Grocery,42,12345,710,357,568,1631,2480,0.1414213627576828,0.1154700443148613,1.2229785919189453,1.2178577184677124,0,-0.013746973127126694,-0.09507209062576294,-0.021873324444122412,0.0654241293668747,0.03302091360092163,0.04074382409453392,0.062234461307525635,-0.011530276387929916,-0.08478192985057831,-0.01782628770336754,0.062234461307525635,True
Grocery,42,12345,710,81,357,320,1631,0.25819888710975647,0.1414213627576828,2.0793612003326416,1.2229785919189453,0,-0.04242585599422455,-0.13338832557201385,-0.08169459142013381,0.13781842589378357,0.06710700690746307,0.055690377950668335,0.09729330241680145,-0.025504082441329956,-0.11587987095117569,-0.04624495168144799,0.09729330241680145,True
Grocery,42,12345,45,1537,1528,6373,6343,0.20000000298023224,0.20000000298023224,2.7893381118774414,1.755247950553894,1,-3.3378055377397686e-06,-0.1206451803445816,-7.810029545127e-06,1.2159244761278387e-05,2.622587089717854e-06,4.0530917431169655e-06,5.602807505056262e-06,-1.0728713277785573e-06,-0.08730704337358475,-2.107226576272058e-06,5.602807505056262e-06,True
Grocery,42,12345,45,1528,1537,6343,6373,0.20000000298023224,0.20000000298023224,1.755247950553894,2.7893381118774414,1,-5.96039626543643e-07,-0.06017976254224777,-1.0190473433177189e-06,4.649140464607626e-06,2.9801985874655657e-06,9.179040716844611e-06,1.0251921594317537e-05,-1.9073177099926397e-06,-0.0850677490234375,-4.419728262274695e-06,1.0251921594317537e-05,True
Grocery,42,12345,9394,9496,8762,73218,64376,0.10660035908222198,0.08111070841550827,0.8189333081245422,0.9313711524009705,12,-0.0005861707031726837,-0.03471556305885315,-0.0007783329486334587,0.008149387314915657,0.0036375224590301514,0.006158730015158653,0.00934717059135437,-0.0004490818828344345,-0.023458795621991158,-0.0006120954402703262,0.00934717059135437,True
Grocery,42,12345,9394,8825,8762,65089,64376,0.06933752447366714,0.08111070841550827,0.713775098323822,0.9313711524009705,12,-0.0007445700466632843,-0.03788013756275177,-0.0010562030113595014,0.009455684572458267,0.002493368461728096,0.005752695724368095,0.008203016594052315,-4.304759204387665e-05,-0.0026170196942985058,-6.488230252569703e-05,0.008203016594052315,True
Grocery,42,12345,9394,8762,9496,64376,73218,0.08111070841550827,0.10660035908222198,0.9313711524009705,0.8189333081245422,12,-0.00014027021825313568,-0.009586921893060207,-0.00020541081406666613,0.007245566695928574,0.001647666096687317,0.004626793786883354,0.006022442132234573,-0.0002520177513360977,-0.02049439214169979,-0.0003266290939149251,0.006022442132234573,True
Grocery,42,12345,708,15138,3539,131451,17002,0.10540925711393356,0.12403473258018494,0.5967907309532166,0.5920319557189941,1,-0.0063481926918029785,-0.028282057493925095,-0.0059447745813796665,0.0,-0.04182729125022888,-0.15510699152946472,-0.20775368809700012,-0.010819405317306519,-0.026735179126262665,-0.009175031495765661,0.0,True
Grocery,42,12345,708,3539,15138,17002,131451,0.12403473258018494,0.10540925711393356,0.5920319557189941,0.5967907309532166,1,0.02120429277420044,0.06005910411477089,0.021306313747956385,0.05866038799285889,0.07479339838027954,-0.07417690753936768,0.005687713623046875,0.00507122278213501,0.03278990834951401,0.004709187441159787,0.07479339838027954,True
Grocery,42,12345,708,1527,3539,6332,17002,0.12403473258018494,0.12403473258018494,0.9040904641151428,0.5920319557189941,1,-0.01733464002609253,-0.01793821156024933,-0.01547245133885411,0.474509060382843,0.04335832595825195,-0.18077409267425537,-0.12256807088851929,0.01484769582748413,0.042825713753700256,0.014554044846207537,0.04335832595825195,True
Grocery,42,12345,11279,11193,10820,93322,89015,0.09449112415313721,0.07273929566144943,1.0056110620498657,0.8394752740859985,13,6.448425119742751e-05,0.04310239478945732,8.537475409033275e-05,0.0007157884538173676,-8.23803711682558e-05,0.0005934108048677444,0.0005525526939891279,4.1522260289639235e-05,0.033803172409534454,4.929267906712395e-05,0.0005934108048677444,True
Grocery,42,12345,11279,10820,11193,89015,93322,0.07273929566144943,0.09449112415313721,0.8394752740859985,1.0056110620498657,13,2.3794942535459995e-05,0.01909581944346428,2.8973197263607205e-05,0.0006111381226219237,-6.201374344527721e-05,0.000740772404242307,0.0007182589615695179,3.950030077248812e-05,0.025969013571739197,5.428346891758315e-05,0.000740772404242307,True
Grocery,42,12345,11643,10859,11861,89723,100089,0.11180339753627777,0.14433756470680237,0.8067923784255981,1.117855429649353,13,0.0017329119145870209,0.04754757881164551,0.0018381643883494912,0.01735646277666092,-0.007850565016269684,0.040356773883104324,0.037419531494379044,0.004913322627544403,0.057380612939596176,0.006599789282320978,0.040356773883104324,True
Grocery,42,12345,11643,11861,10859,100089,89723,0.14433756470680237,0.11180339753627777,1.117855429649353,0.8067923784255981,13,-0.002728089690208435,-0.024192290380597115,-0.0043436511276067485,0.055019404739141464,0.008169174194335938,0.02023732289671898,0.027258437126874924,-0.0011480599641799927,-0.020624469965696335,-0.0017205563050351194,0.027258437126874924,True
Grocery,42,12345,10211,11634,8923,97630,66307,0.03793216124176979,0.053074486553668976,0.3158707618713379,0.3919881582260132,12,0.0002839118242263794,0.03032228723168373,0.0002643542334407737,0.004539608955383301,0.005004003643989563,0.0121222585439682,0.016945883631706238,-0.00018037855625152588,-0.005294016562402248,-0.00022086480728343322,0.016945883631706238,True
Grocery,42,12345,10211,8923,11634,66307,97630,0.053074486553668976,0.03793216124176979,0.3919881582260132,0.3158707618713379,12,-0.001605391502380371,-0.024131184443831444,-0.0018349352576695378,0.03246113657951355,0.018432050943374634,-0.0014709383249282837,0.01744323968887329,0.0004821270704269409,0.012909654527902603,0.0004394471394415654,0.018432050943374634,True
Grocery,42,12345,10211,8516,8923,61195,66307,0.11952286213636398,0.053074486553668976,1.0757019519805908,0.3919881582260132,12,0.005242273211479187,0.04826582223176956,0.004906185439579077,0.05168512463569641,0.061865463852882385,0.016879841685295105,0.0738072395324707,-0.004938066005706787,-0.03236960247159004,-0.006192389438564173,0.0738072395324707,True
Grocery,42,12345,4420,4264,4913,22863,31080,0.0403238907456398,0.01803339272737503,0.35217005014419556,0.22006668150424957,7,-1.1100433766841888e-05,-0.008699741214513779,-1.2377184585408204e-05,0.0006324197165668011,0.00013161008246243,0.0002978104166686535,0.00042328075505793095,-6.139744073152542e-06,-0.007200261577963829,-6.9144522588189266e-06,0.00042328075505793095,True
Grocery,42,12345,4420,4913,4264,31080,22863,0.01803339272737503,0.0403238907456398,0.22006668150424957,0.35217005014419556,7,1.3010576367378235e-06,0.00223530107177794,1.2010976799357994e-06,0.0002903696149587631,-2.1259067580103874e-05,0.0004938396159559488,0.00047458987683057785,2.009328454732895e-06,0.002030242932960391,2.086745172220412e-06,0.0004938396159559488,True
Grocery,42,12345,7766,8111,6758,57587,46464,0.05330017954111099,0.0383482500910759,0.6410978436470032,0.38301199674606323,9,-0.0035998523235321045,-0.03491414338350296,-0.004166649551006315,0.04975299537181854,0.017442092299461365,0.03000064194202423,0.04439346492290497,-0.0030492693185806274,-0.03320334479212761,-0.003475317891838894,0.04439346492290497,True
Grocery,42,12345,7766,7464,8111,52542,57587,0.11180339753627777,0.05330017954111099,1.0147221088409424,0.6410978436470032,9,0.008358515799045563,0.10561252385377884,0.007676678351528195,0.017818845808506012,0.03273706138134003,0.03832001984119415,0.06449738144874573,-0.006559699773788452,-0.048391614109277725,-0.007910396203940422,0.06449738144874573,True
Grocery,42,12345,7766,6758,8111,46464,57587,0.0383482500910759,0.05330017954111099,0.38301199674606323,0.6410978436470032,9,-0.003678038716316223,-0.036741115152835846,-0.0042227378578517764,0.048214420676231384,0.021895959973335266,0.03607127070426941,0.05365628004074097,-0.0043109506368637085,-0.03862044960260391,-0.005013554195771336,0.05365628004074097,True
Grocery,42,12345,4858,4854,7335,30603,51269,0.0353553406894207,0.037011660635471344,0.3898279368877411,0.29500529170036316,8,0.00028324127197265625,0.000814307713881135,0.00028750842151667455,0.17377376556396484,-0.047077178955078125,-0.05514335632324219,-0.10173225402832031,0.00048828125,0.002394089475274086,0.0005195903532738298,0.0,False
Grocery,42,12345,4858,7335,4854,51269,30603,0.037011660635471344,0.0353553406894207,0.29500529170036316,0.3898279368877411,8,0.00018215179443359375,0.0004079740901943296,0.00019188144595074647,0.0,-0.1678752899169922,0.17449474334716797,0.0061817169189453125,-0.00043773651123046875,-0.0012558723101392388,-0.0004930402277911366,0.17449474334716797,False
Grocery,42,12345,12734,7332,12936,51258,108565,0.10540925711393356,0.08451542258262634,1.0484585762023926,0.6033004522323608,14,0.0019872188568115234,0.004200113005936146,0.0017561165663724232,0.23557370901107788,-0.057662248611450195,0.06432479619979858,0.014312982559204102,0.007650434970855713,0.05612936615943909,0.007238544334585367,0.06432479619979858,True
Grocery,42,12345,12734,12405,12936,105271,108565,0.0690065547823906,0.08451542258262634,0.4765812158584595,0.6033004522323608,14,0.003634035587310791,0.0394803024828434,0.00372355626464161,0.04420638084411621,-0.01964789628982544,0.06894826889038086,0.05232733488082886,0.0030269622802734375,0.021479468792676926,0.003055051932777022,0.06894826889038086,True
Grocery,42,12345,12734,12936,12405,108565,105271,0.08451542258262634,0.0690065547823906,0.6033004522323608,0.4765812158584595,14,0.0012667179107666016,0.008877799846231937,0.0013144479167281342,0.0707085132598877,-0.002835571765899658,0.045880675315856934,0.045005083084106445,0.00195997953414917,0.020912842825055122,0.0020288328944682264,0.045880675315856934,True
Grocery,42,12345,1569,726,892,3118,3708,0.06362847983837128,0.16222141683101654,0.6767086982727051,0.8393073678016663,1,-4.7681169235147536e-07,-0.029392827302217484,-6.872844585687406e-07,7.867614840506576e-06,3.5761659091804177e-06,9.417266483069398e-06,1.2039810826536268e-05,-9.536215657135472e-07,-0.03807899355888367,-1.1787406082953356e-06,1.2039810826536268e-05,True
Grocery,42,12345,1569,892,726,3708,3118,0.16222141683101654,0.06362847983837128,0.8393073678016663,0.6767086982727051,1,-2.6224479370284826e-06,-0.06873008608818054,-3.361396933004654e-06,1.7761649360181764e-05,8.344399248016998e-06,6.4371015469077975e-06,1.3112658052705228e-05,-1.6688427422195673e-06,-0.05980623513460159,-2.0775649037416287e-06,1.3112658052705228e-05,True
Grocery,42,12345,3440,2626,2136,11521,9145,0.06019292771816254,0.1666666716337204,0.4747510850429535,1.5400562286376953,5,0.0019178390502929688,0.014008176513016224,0.0018990469441698202,0.06749534606933594,0.06173986196517944,-0.1615782380104065,-0.09216505289077759,0.007673323154449463,0.024322450160980225,0.008276932823562868,0.06173986196517944,False
Grocery,42,12345,3440,2136,2626,9145,11521,0.1666666716337204,0.06019292771816254,1.5400562286376953,0.4747510850429535,5,0.02633911371231079,0.04901551827788353,0.026698694793167804,0.2555118203163147,0.27471184730529785,-0.055260419845581055,0.22659015655517578,0.007138729095458984,0.012826466001570225,0.006727721928646711,0.27471184730529785,False
Grocery,42,12345,1782,1628,814,6840,3433,0.1386750489473343,0.22360679507255554,1.5590757131576538,2.091493844985962,0,-0.0048208776861429214,-0.08445413410663605,-0.0078011486334307375,0.026130951941013336,0.009780623018741608,0.025362268090248108,0.029916469007730484,-0.005226422101259232,-0.08033311367034912,-0.008971410812056557,0.029916469007730484,True
Grocery,42,12345,1782,814,1628,3433,6840,0.22360679507255554,0.1386750489473343,2.091493844985962,1.5590757131576538,0,-0.012212742120027542,-0.12430212646722794,-0.02407542765212674,0.04301885887980461,0.02211899124085903,0.02820459194481373,0.03887486457824707,-0.01144871860742569,-0.128351092338562,-0.021392962342688095,0.03887486457824707,True
Grocery,42,12345,12594,7205,15885,50319,135399,0.40824827551841736,0.08606629818677902,4.908111095428467,0.6064378023147583,14,0.11808156967163086,0.14661690592765808,0.06704901886484321,0.24489140510559082,-0.3695967197418213,0.17040538787841797,-0.17324090003967285,0.02595043182373047,0.03638371825218201,0.025084435352021255,0.17040538787841797,False
Grocery,42,12345,12594,15885,7205,135399,50319,0.08606629818677902,0.40824827551841736,0.6064378023147583,4.908111095428467,14,0.0054111480712890625,0.013971480540931225,0.005171202702177524,0.19094419479370117,-0.0973062515258789,0.3143746852874756,0.26566648483276367,0.04859805107116699,0.07174760103225708,0.038794358203214925,0.3143746852874756,False
Grocery,42,12345,10287,9736,9034,75836,67241,0.02182178944349289,0.08451542258262634,0.2632373571395874,0.7578028440475464,12,-1.1799857020378113e-06,-0.0017419572686776519,-1.2648087732287884e-06,0.0003381003625690937,3.707129508256912e-05,0.001047672936692834,0.001076576067134738,-8.168164640665054e-06,-0.003779230173677206,-9.681263056594253e-06,0.001076576067134738,True
Grocery,42,12345,10287,9034,9736,67241,75836,0.08451542258262634,0.02182178944349289,0.7578028440475464,0.2632373571395874,12,-6.193877197802067e-05,-0.023529937490820885,-7.982737866567822e-05,0.001285195117816329,0.0001961777452379465,0.00032044341787695885,0.0005041949916630983,-1.2426171451807022e-05,-0.01217266172170639,-1.4158937356230947e-05,0.0005041949916630983,True
Grocery,42,12345,15611,833,1679,3528,7064,0.18257418274879456,0.16903084516525269,1.2050203084945679,0.8261309862136841,17,0.0013609528541564941,0.003240959020331502,0.0005783753142011572,0.21064192056655884,0.023261725902557373,0.07405617833137512,0.09725499153137207,-6.29127025604248e-05,-0.0003233374154660851,-0.0017677385669155393,0.09725499153137207,True
Grocery,42,12345,15611,16118,1679,136638,7064,0.08032193034887314,0.16903084516525269,0.5307784676551819,0.8261309862136841,17,0.0037165284156799316,0.02853565104305744,0.0039413699479220465,0.06326252222061157,-0.0042299628257751465,0.07076090574264526,0.06976330280303955,0.0032323598861694336,0.022329991683363914,0.003554225856875376,0.07076090574264526,True
Grocery,42,12345,15611,1679,833,7064,3528,0.16903084516525269,0.18257418274879456,0.8261309862136841,1.2050203084945679,17,0.008132487535476685,0.05814981460571289,0.00832557789633838,0.06586077809333801,-0.025374889373779297,0.17150413990020752,0.16342926025390625,0.017300009727478027,0.04801446571946144,0.020826609077659645,0.17150413990020752,True
Grocery,42,12345,3940,4584,3937,27867,20243,0.02936101146042347,0.08304548263549805,0.32938969135284424,0.8750832676887512,7,-0.000500507652759552,-0.008881119079887867,-0.0005472053407559394,0.027927927672863007,0.002689868211746216,0.014544457197189331,0.01698397845029831,-0.00025034695863723755,-0.007316168397665024,-0.0002669186122773947,0.01698397845029831,True
Grocery,42,12345,3940,3937,4584,20243,27867,0.08304548263549805,0.02936101146042347,0.8750832676887512,0.32938969135284424,7,0.0002559348940849304,0.009033326990902424,0.0002569509634546916,0.014038175344467163,-0.004001975059509277,0.024317659437656403,0.0209859237074852,0.0006702393293380737,0.013593582436442375,0.0007112393088540172,0.024317659437656403,True
Grocery,42,12345,10003,9979,9738,78473,75897,0.051571059972047806,0.0707106813788414,0.46859073638916016,0.7899138331413269,12,-0.0011533871293067932,-0.03798666223883629,-0.0013957972902910046,0.014604777097702026,0.006692074239253998,0.011092156171798706,0.01655229553580284,-0.0012319348752498627,-0.035878248512744904,-0.0015785796460806253,0.01655229553580284,True
Grocery,42,12345,10003,9738,9979,75897,78473,0.0707106813788414,0.051571059972047806,0.7899138331413269,0.46859073638916016,12,-0.0023734457790851593,-0.051924929022789,-0.0031541740810178895,0.021667860448360443,0.011496026068925858,0.010053083300590515,0.019487276673316956,-0.002061832696199417,-0.05024399980902672,-0.002597245468915145,0.019487276673316956,True
Grocery,42,12345,10619,8982,9074,66741,67701,0.049147315323352814,0.06593804806470871,0.4509742558002472,0.5855420827865601,12,1.0699732229113579e-06,0.002521733520552516,1.1602182108584223e-06,0.00021161034237593412,-4.40375879406929e-06,7.058144547045231e-05,6.582029163837433e-05,-3.573950380086899e-07,-0.002538037719205022,-4.1233570658856125e-07,7.058144547045231e-05,True
Grocery,42,12345,10619,10301,8982,82221,66741,0.03475240245461464,0.049147315323352814,0.25717562437057495,0.4509742558002472,12,-1.7811544239521027e-06,-0.006206936668604612,-1.873638823540142e-06,0.00014258536975830793,4.60529699921608e-05,0.00021814554929733276,0.0002587332855910063,-5.465233698487282e-06,-0.010450940579175949,-5.787657285475681e-06,0.0002587332855910063,True
Grocery,42,12345,10619,9074,8982,67701,66741,0.06593804806470871,0.049147315323352814,0.5855420827865601,0.4509742558002472,12,-2.1405285224318504e-06,-0.01087276078760624,-2.3768488237116826e-06,9.736011270433664e-05,2.7846312150359154e-05,0.00021553109399974346,0.00024052662774920464,-2.8507784008979797e-06,-0.0058910842053592205,-3.0592058454865004e-06,0.00024052662774920464,True
Grocery,42,12345,8996,8531,9947,61429,78126,0.5773502588272095,0.5773502588272095,2.814403533935547,2.1302151679992676,12,0.09642510116100311,0.47880661487579346,0.08903505633976189,0.052480608224868774,0.05388608202338219,-0.10637307912111282,0.042532630264759064,0.0950196236371994,0.46855753660202026,0.1180764785222146,0.05388608202338219,True
Grocery,42,12345,8996,9947,8531,78126,61429,0.5773502588272095,0.5773502588272095,2.1302151679992676,2.814403533935547,12,0.07055563479661942,0.4834032654762268,0.07872820891530136,0.03770019859075546,0.034978896379470825,-0.08386652171611786,0.02438930608332157,0.07327692955732346,0.5115862488746643,0.06339503172045352,0.034978896379470825,True
Grocery,42,12345,8996,9956,9947,78227,78126,0.2182178795337677,0.5773502588272095,1.6456674337387085,2.1302151679992676,12,0.002110518515110016,0.13052178919315338,0.001971152493595921,0.007029663771390915,0.0035207727923989296,-0.0169728621840477,-0.007832680828869343,0.005619408562779427,0.19838115572929382,0.0033214363323416447,0.0035207727923989296,True
Grocery,42,12345,14678,14070,13143,120662,110398,0.030001500621438026,0.04828045517206192,0.2351950705051422,0.274750679731369,16,-0.0001811981201171875,-0.010012856684625149,-0.0001926243282847932,0.008957669138908386,0.0021798908710479736,0.013642780482769012,0.015482157468795776,-0.0003405138850212097,-0.010877355933189392,-0.0003761752388215002,0.015482157468795776,True
Grocery,42,12345,14678,13143,14070,110398,120662,0.04828045517206192,0.030001500621438026,0.274750679731369,0.2351950705051422,16,0.0001503080129623413,0.00559541629627347,0.0001593289334530061,0.013506501913070679,0.0003122761845588684,0.006894722580909729,0.007249370217323303,4.237145185470581e-05,0.002930986462160945,3.799135815929743e-05,0.007249370217323303,True
Grocery,42,12345,3799,12097,7409,102125,52026,0.07001400738954544,0.08512565493583679,0.33782482147216797,0.6939082741737366,5,-0.0008675605058670044,-0.012027285061776638,-0.0009700462826648659,0.03563256561756134,0.017291665077209473,-0.03234781324863434,-0.015227794647216797,-0.00017164647579193115,-0.002646117936819792,-0.000770535127418434,0.017291665077209473,True
Grocery,42,12345,3799,2022,7409,8777,52026,0.20412413775920868,0.08512565493583679,1.8938153982162476,0.6939082741737366,5,-0.0048863887786865234,-0.01311032846570015,-0.011329222675473219,0.18391326069831848,0.06359288096427917,-0.03419521450996399,0.031073421239852905,0.0016757547855377197,0.013004305772483349,-0.0013209624032598458,0.06359288096427917,True
Grocery,42,12345,3799,7409,12097,52026,102125,0.08512565493583679,0.07001400738954544,0.6939082741737366,0.33782482147216797,5,0.0012317150831222534,0.013243218883872032,-0.00025380159190575846,0.04588775336742401,0.05004872381687164,0.020574331283569336,0.0676937997341156,-0.0029292553663253784,-0.021177859976887703,-0.003331054893148053,0.0676937997341156,True
Grocery,42,12345,8661,10700,10119,86749,80040,0.025015641003847122,0.024014605209231377,0.20727913081645966,0.16135182976722717,12,2.6994384825229645e-06,0.007525243796408176,2.7765035099364783e-06,0.00017800414934754372,-0.00011353753507137299,9.426893666386604e-05,-1.8450431525707245e-05,8.181668817996979e-07,0.0036159371957182884,9.650679083654544e-07,9.426893666386604e-05,True
Grocery,42,12345,8661,10119,10700,80040,86749,0.024014605209231377,0.025015641003847122,0.16135182976722717,0.20727913081645966,12,-5.522742867469788e-06,-0.006146448664367199,-5.86099312319352e-06,0.00044649653136730194,0.00035268068313598633,0.0001874975860118866,0.000533384270966053,-6.793998181819916e-06,-0.006328401621431112,-7.022355082019528e-06,0.000533384270966053,True
Grocery,42,12345,14092,17071,14007,142209,119921,0.03526727855205536,0.13363061845302582,0.40416720509529114,1.089720368385315,16,-4.023313522338867e-06,-0.0002353945019422099,-7.8079434203248e-06,0.00854790210723877,-0.008654534816741943,0.21861663460731506,0.21322864294052124,0.00326654314994812,0.007415538188070059,0.00368360905886327,0.21861663460731506,True
Grocery,42,12345,14092,14007,17071,119921,142209,0.13363061845302582,0.03526727855205536,1.089720368385315,0.40416720509529114,16,-0.06348595023155212,-0.07245256006717682,-0.07044877653963641,0.4063778519630432,0.12224763631820679,0.009782940149307251,0.1307913362979889,-0.0012392401695251465,-0.004715132527053356,-0.0013696119061907092,0.1307913362979889,True
Grocery,42,12345,3268,3417,3034,15961,13702,0.028306927531957626,0.18898224830627441,0.16002139449119568,1.0215580463409424,5,0.0012974739074707031,0.006446904502809048,0.0012926505924289438,0.10127639770507812,0.09355759620666504,-0.14267253875732422,-0.045873403549194336,0.0032415390014648438,0.011490600183606148,0.0034460453648660593,0.09355759620666504,False
Grocery,42,12345,3268,979,3034,4101,13702,0.1666666716337204,0.18898224830627441,2.046018600463867,1.0215580463409424,5,0.02730870246887207,0.08621017634868622,0.011741815724573751,0.0,-0.11408638954162598,-0.12619519233703613,-0.25351738929748535,-0.013235807418823242,-0.026804039254784584,-0.023026789381312376,0.0,False
Grocery,42,12345,3268,3034,979,13702,4101,0.18898224830627441,0.1666666716337204,1.0215580463409424,2.046018600463867,5,0.009253978729248047,0.01316546369343996,0.009164127174673686,0.34682202339172363,0.28548121452331543,-0.060694217681884766,0.2953817844390869,0.07059478759765625,0.11003661900758743,0.07189147772287814,0.2953817844390869,False
Grocery,42,12345,9881,8923,9736,66298,75822,0.041959069669246674,0.0345032773911953,0.3098938763141632,0.4162147641181946,12,-0.0002541393041610718,-0.009172473102807999,-0.0002757550746396954,0.013726294040679932,0.008191406726837158,0.0319209098815918,0.03905987739562988,-0.0010524392127990723,-0.013293039985001087,-0.0011648491082356174,0.03905987739562988,True
Grocery,42,12345,9881,9736,8923,75822,66298,0.0345032773911953,0.041959069669246674,0.4162147641181946,0.3098938763141632,12,-0.0006199628114700317,-0.007966281846165657,-0.0006455779555236164,0.038601696491241455,0.007009625434875488,0.0062295496463775635,0.013342812657356262,0.00010363757610321045,0.003898788243532181,0.00010853876764225449,0.013342812657356262,True
Grocery,42,12345,14926,14448,14994,124815,130198,0.053916387259960175,0.09284766763448715,0.6073608994483948,0.715655505657196,16,-0.0012278947979211807,-0.050893064588308334,-0.0016146081309521537,0.011449526995420456,0.0037242453545331955,-0.002948259934782982,0.001354040578007698,0.0005780551582574844,0.07201783359050751,0.0004518802913467818,0.0037242453545331955,True
Grocery,42,12345,14926,14994,14448,130198,124815,0.09284766763448715,0.053916387259960175,0.715655505657196,0.6073608994483948,16,0.00019648857414722443,0.03979992866516113,0.00014348183400166937,0.0010251197963953018,0.0016196519136428833,0.006317375227808952,0.007538983598351479,-0.00039804354310035706,-0.0257200188934803,-0.00048639032255001313,0.007538983598351479,True
Grocery,42,12345,108,3788,10832,18310,89177,0.023218173533678055,0.03253000229597092,0.2991245985031128,0.38308659195899963,1,2.8322916477918625e-05,0.01895943097770214,2.6426964030047814e-05,0.00016808975487947464,0.00015557650476694107,-0.0011593564413487911,-0.0009629437699913979,4.0836166590452194e-05,0.01792721636593342,3.689317077311971e-05,0.00015557650476694107,True
Grocery,42,12345,108,873,10832,3634,89177,0.16903084516525269,0.03253000229597092,1.508451223373413,0.38308659195899963,1,-0.0010852664709091187,-0.06390293687582016,-0.0018826249046853595,0.00794888474047184,0.004297743085771799,-0.002212182618677616,0.00317922281101346,0.0010936623439192772,0.11287485063076019,0.0013422423857943318,0.004297743085771799,True
Grocery,42,12345,108,10832,3788,89177,18310,0.03253000229597092,0.023218173533678055,0.38308659195899963,0.2991245985031128,1,0.00011998787522315979,0.05090620368719101,0.00011217824048672395,0.00045775994658470154,0.0004926826804876328,-0.0008178334683179855,-0.0002400856465101242,8.506514132022858e-05,0.05485908314585686,8.247094605166987e-05,0.0004926826804876328,True
Grocery,42,12345,10316,16273,12189,137414,103135,0.5773502588272095,0.40824827551841736,3.862046003341675,2.1928560733795166,12,-0.02033013105392456,-0.02334773913025856,-0.03524780054412682,0.4455419182777405,-0.0531257688999176,-0.3074701130390167,-0.39259073138237,-0.03199484944343567,-0.04247931391000748,-0.026668177093332864,0.0,True
Grocery,42,12345,10316,12189,16273,103135,137414,0.40824827551841736,0.5773502588272095,2.1928560733795166,3.862046003341675,12,0.08515113592147827,0.11144254356622696,0.08125832897291851,0.14157599210739136,0.1753002405166626,0.37378430366516113,0.6005114316940308,0.05142688751220703,0.04473474994301796,0.10342809025514055,0.6005114316940308,True
Grocery,42,12345,11946,12020,11952,101361,100919,0.14433756470680237,0.5,1.112668752670288,4.020864963531494,13,0.04157590866088867,0.10803534090518951,0.0418513241874541,0.1716301441192627,-0.22618484497070312,1.416330337524414,1.3077170848846436,0.11757159233093262,0.03985163941979408,0.049964148526016466,1.416330337524414,True
Grocery,42,12345,11946,11952,12020,100919,101361,0.5,0.14433756470680237,4.020864963531494,1.112668752670288,13,-0.08903956413269043,-0.025643212720751762,-0.08842579211528356,1.691603660583496,0.07499635219573975,0.21954023838043213,0.2882024049758911,-0.006334185600280762,-0.010869679041206837,-0.010240571398197467,0.2882024049758911,True
Grocery,42,12345,4598,4586,5728,27922,37928,0.03244428336620331,0.02357022650539875,0.44296976923942566,0.2655092775821686,7,2.3838947527110577e-07,0.0023472742177546024,1.0445049423758745e-07,5.0894261221401393e-05,-1.1918018572032452e-07,2.729489642661065e-05,2.7533285901881754e-05,3.575696609914303e-07,0.006506310310214758,7.777226736553825e-08,2.7533285901881754e-05,True
Grocery,42,12345,4598,5728,4586,37928,27922,0.02357022650539875,0.03244428336620331,0.2655092775821686,0.44296976923942566,7,3.575551090762019e-07,0.006506043951958418,1.9195614209925062e-07,2.7294910978525877e-05,-1.0726944310590625e-06,5.053672066424042e-05,4.982156679034233e-05,3.5754055716097355e-07,0.0035246165934950113,4.1023648020215176e-07,5.053672066424042e-05,True
Grocery,42,12345,13941,14980,12490,130049,105860,0.07905694097280502,0.07715167850255966,0.418075829744339,0.682147204875946,16,-2.8312206268310547e-05,-0.0011666249483823776,-4.4328364285409726e-05,0.012120075523853302,0.009887009859085083,0.02311791479587555,0.03178567439317703,-0.0012192502617835999,-0.018818318843841553,-0.0015074434228687847,0.03178567439317703,True
Grocery,42,12345,13941,12490,14980,105860,130049,0.07715167850255966,0.07905694097280502,0.682147204875946,0.418075829744339,16,-0.0007119551301002502,-0.010753439739346504,-0.0008490392594180628,0.03274761885404587,0.010123364627361298,0.0034103691577911377,0.013547368347644806,1.3634562492370605e-05,0.0005034712958149612,5.872622264109029e-06,0.013547368347644806,True
Grocery,42,12345,8930,10664,13891,86241,118701,0.22360679507255554,0.18257418274879456,1.5519285202026367,1.7824523448944092,12,-0.07041037082672119,-0.06312818080186844,-0.06788216588990303,0.522472620010376,0.13027916848659515,-0.2464267611503601,-0.015061348676681519,0.10108624398708344,0.25802624225616455,0.09236458384637199,0.13027916848659515,True
Grocery,42,12345,8930,13891,10664,118701,86241,0.18257418274879456,0.22360679507255554,1.7824523448944092,1.5519285202026367,12,-0.012870028614997864,-0.038998983800411224,-0.008077565623529195,0.0,-0.05656546354293823,0.2031008005142212,0.16413143277168274,0.01759609580039978,0.04152003675699234,0.019139391102098353,0.2031008005142212,True
Grocery,42,12345,9640,10440,9149,83742,68738,0.11470786482095718,0.04319342225790024,0.7834020853042603,0.25474444031715393,12,-0.0020588450133800507,-0.03868357092142105,-0.0026456890691348555,0.025581933557987213,0.010641958564519882,0.0045516155660152435,0.01453728973865509,-0.0006562843918800354,-0.022074172273278236,-0.0007753353072529078,0.01453728973865509,True
Grocery,42,12345,9640,9149,10440,68738,83742,0.04319342225790024,0.11470786482095718,0.25474444031715393,0.7834020853042603,12,-0.0004780516028404236,-0.02166660875082016,-0.000539693744466301,0.010792959481477737,0.007865294814109802,0.014983132481575012,0.021402709186077118,-0.0014457181096076965,-0.032670747488737106,-0.0018042916404192209,0.021402709186077118,True
Grocery,42,12345,2502,2347,3524,10202,16847,0.2182178795337677,0.20412413775920868,0.9841923713684082,0.7706758975982666,3,-0.0024486221373081207,-0.03741279989480972,-0.004107588579328462,0.03150007873773575,0.025433380156755447,-0.00031580403447151184,0.025324735790491104,0.00020715966820716858,0.004056074656546116,0.00019359170526956878,0.025433380156755447,True
Grocery,42,12345,2502,3524,2347,16847,10202,0.20412413775920868,0.2182178795337677,0.7706758975982666,0.9841923713684082,3,0.00015995651483535767,0.0038695666007697582,9.332088337879116e-05,0.020588546991348267,0.023067038506269455,0.005729451775550842,0.026477955281734467,-0.0023185350000858307,-0.041945867240428925,-0.003901385630616278,0.026477955281734467,True
Grocery,42,12345,2502,2768,3524,12153,16847,0.13245323300361633,0.20412413775920868,0.7828243970870972,0.7706758975982666,3,-0.002416107803583145,-0.058737847954034805,-0.0033395249495752344,0.019358813762664795,0.009940247982740402,-7.304549217224121e-05,0.009831603616476059,-3.559887409210205e-05,-0.0017938545206561685,-9.452787725318205e-05,0.009940247982740402,True
Grocery,42,12345,15248,3788,15653,18645,134398,0.01835557632148266,0.1178511381149292,0.23647873103618622,0.9472092390060425,17,0.00014714151620864868,0.011895236559212208,0.00013991755680502985,0.0010103583335876465,0.0013793706893920898,0.031146228313446045,0.03230372816324234,-0.00022187083959579468,-0.003422383451834321,-0.0002443039413299513,0.03230372816324234,True
Grocery,42,12345,15248,3078,15653,13969,134398,0.25,0.1178511381149292,1.5215659141540527,0.9472092390060425,17,0.007035978138446808,0.09687092900276184,0.008115244452853998,0.03676573187112808,0.04756714403629303,0.03865726292133331,0.07849150151014328,-0.007732905447483063,-0.046946920454502106,-0.010871658824720756,0.07849150151014328,True
Grocery,42,12345,15248,15653,3078,134398,13969,0.1178511381149292,0.25,0.9472092390060425,1.5215659141540527,17,-0.005420476198196411,-0.042562007904052734,-0.006879264913126872,0.060967154800891876,0.021365784108638763,0.0007109344005584717,0.025333255529403687,0.0032565370202064514,0.06868883967399597,0.003574280246122518,0.025333255529403687,True
Grocery,42,12345,5449,5428,10768,36012,87978,0.5773502588272095,0.029695695266127586,3.740896701812744,0.31697794795036316,7,0.029461026191711426,0.04035869985818863,0.06606940159930491,0.3797203004360199,0.039637915790081024,-0.02245810627937317,0.024497710168361664,0.007317900657653809,0.08450842648744583,0.011397828586769923,0.039637915790081024,True
Grocery,42,12345,5449,10768,5428,87978,36012,0.029695695266127586,0.5773502588272095,0.31697794795036316,3.740896701812744,7,-0.0016665086150169373,-0.0393717996776104,-0.0013943696210841055,0.0,-0.04038497805595398,0.33036383986473083,0.3218405544757843,0.031861692667007446,0.04600372537970543,0.05608174146906228,0.33036383986473083,True
Grocery,42,12345,7752,4019,10768,21208,88097,0.06225728243589401,0.036369647830724716,0.598744809627533,0.38821709156036377,11,0.0013213306665420532,0.044441256672143936,0.0010868341555724265,0.004402905702590942,0.0053433626890182495,-0.012931928038597107,-0.007207691669464111,0.0003808736801147461,0.01494619157165289,0.00038622367482416865,0.0053433626890182495,True
Grocery,42,12345,7752,10768,4019,88097,21208,0.036369647830724716,0.06225728243589401,0.38821709156036377,0.598744809627533,11,-4.057586193084717e-05,-0.0016059139743447304,-9.56806387741177e-07,0.0,-0.002002313733100891,-0.016064614057540894,-0.016207680106163025,0.0018592476844787598,0.054245613515377045,0.001685671426747863,0.0,True
Grocery,42,12345,4258,13207,3788,111086,18409,0.03726780042052269,0.03671115264296532,0.22772234678268433,0.47295746207237244,8,8.773058652877808e-06,0.030827153474092484,8.987777112042157e-06,0.0,-3.272294998168945e-05,0.011981811374425888,0.011929307132959366,-1.9781291484832764e-05,-0.0008261533221229911,-3.0158675657300875e-05,0.011981811374425888,True
Grocery,42,12345,4258,3788,13207,18409,111086,0.03671115264296532,0.03726780042052269,0.47295746207237244,0.22772234678268433,8,0.00043695420026779175,0.018603995442390442,0.0005018696191674658,0.011525075882673264,-0.0011768527328968048,-9.253993630409241e-05,-0.001253478229045868,1.5914440155029297e-05,0.006308042444288731,1.7046117341401345e-05,0.0,True
Grocery,42,12345,13962,13717,14943,116954,129568,0.20412413775920868,0.05661385506391525,1.654515266418457,0.5368026494979858,16,-0.0015737339854240417,-0.06313431262969971,-0.0024540889305504953,0.01167650893330574,0.0032536108046770096,0.0023659728467464447,0.005215125158429146,-0.00040445849299430847,-0.03732985630631447,-0.0005074627995988669,0.005215125158429146,True
Grocery,42,12345,13962,14513,14943,125271,129568,0.0471404530107975,0.05661385506391525,0.3713443875312805,0.5368026494979858,16,-4.417449235916138e-05,-0.012215829454362392,-4.913027436942983e-05,0.0017859917134046555,0.0004630750045180321,0.0020234500989317894,0.0024245893582701683,-6.193574517965317e-05,-0.012611317448318005,-7.15884146728706e-05,0.0024245893582701683,True
Grocery,42,12345,13962,14943,14513,129568,125271,0.05661385506391525,0.0471404530107975,0.5368026494979858,0.3713443875312805,16,-0.00012152921408414841,-0.021703727543354034,-0.00014311836066288608,0.002738961949944496,0.000738777220249176,0.0014235367998480797,0.002079455181956291,-8.285883814096451e-05,-0.019533982500433922,-9.335499720520746e-05,0.002079455181956291,True
Grocery,42,12345,9632,1970,8549,8408,61642,0.014915408566594124,0.05986843630671501,0.08276473730802536,0.6551888585090637,12,3.4458935260772705e-07,0.00041302721365354955,5.078415346764843e-07,1.5730038285255432e-05,3.0428171157836914e-05,0.006778698414564133,0.006794773042201996,-1.4353543519973755e-05,-0.0010551043087616563,-2.257447319867514e-05,0.006794773042201996,True
Grocery,42,12345,9632,8549,1970,61642,8408,0.05986843630671501,0.014915408566594124,0.6551888585090637,0.08276473730802536,12,-0.0005191750824451447,-0.027956750243902206,-0.0006434672639848956,0.009025733917951584,0.0017180442810058594,-0.00044114328920841217,0.001301070675253868,2.41696834564209e-05,0.006984916049987078,2.4802226625319965e-05,0.0017180442810058594,True
Grocery,42,12345,556,5604,135,37061,638,0.06681530922651291,0.06804138422012329,0.5197538733482361,0.46072912216186523,2,0.0022510290145874023,0.010670344345271587,0.0022485952653558544,0.01562279462814331,0.01867520809173584,0.12606877088546753,0.14394259452819824,-0.000801384449005127,-0.0027759671211242676,-0.000693750284530657,0.14394259452819824,True
Grocery,42,12345,556,7022,5604,48584,37061,0.3535533845424652,0.06681530922651291,3.0358939170837402,0.5197538733482361,2,0.012693583965301514,0.010441248305141926,0.00380550557811532,0.6015108227729797,-0.009187042713165283,-0.10744202136993408,-0.11354249715805054,0.003086566925048828,0.013409852981567383,0.005499152421358299,0.0,True
Grocery,42,12345,556,135,5604,638,37061,0.06804138422012329,0.06681530922651291,0.46072912216186523,0.5197538733482361,2,0.007428765296936035,0.030557718127965927,0.007106743558380882,0.11783862113952637,-0.043830156326293945,-0.10091090202331543,-0.14818525314331055,-0.003444194793701172,-0.011757887899875641,-0.0030328871808315795,0.0,True
Grocery,42,12345,15621,6933,16231,47758,137125,0.2182178795337677,0.40824827551841736,0.66096031665802,4.302718162536621,17,0.0009285807609558105,0.036165669560432434,0.001167183959520474,0.008952111005783081,-0.059194207191467285,0.26022613048553467,0.2478526532649994,0.04682072997093201,0.08253650367259979,0.09505302222504028,0.26022613048553467,True
Grocery,42,12345,15621,16231,6933,137125,47758,0.40824827551841736,0.2182178795337677,4.302718162536621,0.66096031665802,17,-0.0019456148147583008,-0.0031582647934556007,-0.02302025018075477,0.3089923858642578,-0.01253288984298706,0.007294744253158569,-0.002651914954185486,0.0025862306356430054,0.1150481104850769,0.0028807092252770535,0.007294744253158569,True
Grocery,42,12345,11711,11283,11026,94376,91567,0.25819888710975647,0.13608276844024658,3.758229970932007,1.6405909061431885,13,-0.08000689744949341,-0.06423419713973999,-0.13034950082969135,0.5827714800834656,0.1070137619972229,0.2115027755498886,0.2677973806858063,-0.05071915686130524,-0.08650511503219604,-0.08459049279238569,0.2677973806858063,True
Grocery,42,12345,11711,10978,11026,90987,91567,0.15430335700511932,0.13608276844024658,1.138046383857727,1.6405909061431885,13,0.002293534576892853,0.017242738977074623,0.0035188116184245166,0.06765402108430862,0.0244673490524292,0.1707129031419754,0.18525096774101257,-0.009929284453392029,-0.026100076735019684,-0.013842843790950767,0.18525096774101257,True
Grocery,42,12345,11711,11026,10978,91567,90987,0.13608276844024658,0.15430335700511932,1.6405909061431885,1.138046383857727,13,-0.011135369539260864,-0.029101522639393806,-0.015122953581021281,0.18575167655944824,0.013084650039672852,0.054661236703395844,0.06849391758441925,0.0007480308413505554,0.005490545183420181,0.0015927683347765004,0.06849391758441925,True
Grocery,42,12345,9292,10355,8492,82905,60934,0.026688024401664734,0.01617538556456566,0.2254481017589569,0.13123798370361328,12,-3.564637154340744e-06,-0.010277795605361462,-3.961461571285355e-06,0.00017162715084850788,4.9153692089021206e-05,9.819073602557182e-05,0.00014508760068565607,-2.2568274289369583e-06,-0.0077171786688268185,-2.2036567273534702e-06,0.00014508760068565607,True
Grocery,42,12345,9292,8492,10355,60934,82905,0.01617538556456566,0.026688024401664734,0.13123798370361328,0.2254481017589569,12,-2.257758751511574e-06,-0.008229394443333149,-2.2400855618278514e-06,0.00013604259584099054,4.058366175740957e-05,0.00012389838229864836,0.00016174931079149246,-2.732733264565468e-06,-0.008376415818929672,-2.9969081018344796e-06,0.00016174931079149246,True
Grocery,42,12345,15183,14979,15353,130024,132691,0.13363061845302582,0.10660035908222198,1.1415750980377197,0.5350226759910583,17,-0.015217781066894531,-0.017598053440451622,-0.019547325881061006,0.0,-0.2520778179168701,0.36702775955200195,0.1103506088256836,-0.004599332809448242,-0.006305153016000986,-0.005848786618424514,0.36702775955200195,False
Grocery,42,12345,15183,15353,14979,132691,130024,0.10660035908222198,0.13363061845302582,0.5350226759910583,1.1415750980377197,17,0.0020897388458251953,0.002335215453058481,0.0024413223444245125,0.4484851360321045,0.07774639129638672,-0.20892119407653809,-0.1207742691040039,0.010400533676147461,0.02552642486989498,0.01234797027158886,0.07774639129638672,False
Grocery,42,12345,3375,6002,5808,40871,38783,0.04862166568636894,0.10050378739833832,0.4719271659851074,1.3239773511886597,4,-0.001317739486694336,-0.012053105048835278,-0.0014201950194566923,0.05438721179962158,0.00291597843170166,-0.05929672718048096,-0.05967891216278076,-0.003298163414001465,-0.027058161795139313,-0.0029064621439035807,0.00291597843170166,False
Grocery,42,12345,3375,5808,6002,38783,40871,0.10050378739833832,0.04862166568636894,1.3239773511886597,0.4719271659851074,4,-0.009742021560668945,-0.08438466489315033,-0.006913733085620814,0.02630138397216797,0.02022242546081543,0.05673253536224365,0.07329189777374268,-0.0036630630493164062,-0.024380294606089592,-0.0035774131457789815,0.07329189777374268,False
Grocery,42,12345,6035,14800,14908,127867,129197,0.08606629818677902,0.0766965001821518,0.5533967614173889,0.5966038703918457,7,-0.00023001432418823242,-0.13324163854122162,-0.000204601517989157,0.0009781494736671448,0.0012793391942977905,0.007224559783935547,0.00797269493341446,-0.0005312040448188782,-0.032239899039268494,-0.0005904345725041855,0.00797269493341446,True
Grocery,42,12345,6035,16767,14800,140109,127867,0.4472135901451111,0.08606629818677902,4.703638076782227,0.5533967614173889,7,0.026110053062438965,0.01866152137517929,0.02248474906227596,0.6914263963699341,0.002665005624294281,-0.002705700695514679,0.002206474542617798,0.002247169613838196,0.2965703010559082,0.0021426559998604646,0.002665005624294281,True
Grocery,42,12345,6035,14908,14800,129197,127867,0.0766965001821518,0.08606629818677902,0.5966038703918457,0.5533967614173889,7,-0.00011038035154342651,-0.008178077638149261,-0.00012340076276439772,0.006803736090660095,-0.0005603507161140442,-0.0004956945776939392,-0.0010188817977905273,3.7163496017456055e-05,0.017910661175847054,5.812327704720408e-05,0.0,True
Grocery,42,12345,14060,13532,15291,114893,132245,0.11952286213636398,0.041885390877723694,0.9469547271728516,0.3912490904331207,15,-0.011563330888748169,-0.02534618228673935,-0.013458861227352348,0.22232627868652344,0.032776862382888794,0.013747632503509521,0.0463005006313324,-0.00022399425506591797,-0.002413081005215645,-0.00033856353054219715,0.0463005006313324,True
Grocery,42,12345,14060,15291,13532,132245,114893,0.041885390877723694,0.11952286213636398,0.3912490904331207,0.9469547271728516,15,-0.0011885762214660645,-0.04209456220269203,-0.0009468473378535288,0.014712214469909668,-0.020021677017211914,0.16653719544410706,0.15818840265274048,0.011672884225845337,0.0338592492043972,0.013327107631529903,0.16653719544410706,True
Grocery,42,12345,15880,15166,17012,131658,141663,0.10000000149011612,0.11952286213636398,1.1857223510742188,0.9874163866043091,19,-0.005200505256652832,-0.005314807873219252,-0.004240519115349062,0.48664653301239014,0.05751776695251465,0.33449113368988037,0.38820457458496094,-0.003804326057434082,-0.00487600639462471,-0.0033835470746785556,0.38820457458496094,True
Grocery,42,12345,15880,17012,15166,141663,131658,0.11952286213636398,0.10000000149011612,0.9874163866043091,1.1857223510742188,19,0.00013065338134765625,0.00019547803094610572,4.670871734591131e-05,0.33425474166870117,0.004311800003051758,0.4283459186553955,0.43204450607299805,-0.0006132125854492188,-0.0007091604056768119,-0.000794491935477998,0.43204450607299805,True
Grocery,42,12345,802,1569,1480,6509,6155,0.10259783267974854,0.16903084516525269,1.0862032175064087,1.2932963371276855,1,-0.00041684461757540703,-0.06273069232702255,-0.0005817925864881918,0.0031140660867094994,0.001375566702336073,0.002035642508417368,0.002966419793665409,-0.00044478941708803177,-0.06974202394485474,-0.000645619067262222,0.002966419793665409,True
Grocery,42,12345,802,1480,1569,6155,6509,0.16903084516525269,0.10259783267974854,1.2932963371276855,1.0862032175064087,1,-0.0008534691296517849,-0.09535299241542816,-0.001420845307257436,0.00404857425019145,0.002385030034929514,0.002547222189605236,0.004151474218815565,-0.0007807780057191849,-0.08595339208841324,-0.0012170877701288413,0.004151474218815565,True
Grocery,42,12345,3893,5404,5571,35669,36861,0.07537783682346344,0.06030226871371269,0.8378128409385681,0.5575330853462219,7,0.0016844049096107483,0.07446359097957611,0.0017556658144410354,0.010468050837516785,-0.00930473580956459,0.016133390367031097,0.009844832122325897,0.0030161775648593903,0.08548536896705627,0.003341703764425083,0.016133390367031097,True
Grocery,42,12345,3893,5571,5404,36861,35669,0.06030226871371269,0.07537783682346344,0.5575330853462219,0.8378128409385681,7,0.00044587254524230957,0.011778969317674637,0.0005442271241185778,0.018703695386648178,-0.0006173662841320038,0.012098632752895355,0.01153508946299553,5.3822994232177734e-05,0.002219404326751828,3.798586353518217e-05,0.012098632752895355,True
Grocery,42,12345,3931,3947,3740,20513,17987,0.020956486463546753,0.04662524163722992,0.23396573960781097,0.3317930996417999,7,-0.0002780705690383911,-0.006126484367996454,-0.00030980278321391524,0.022555097937583923,0.001974165439605713,0.0014702975749969482,0.0036766082048416138,0.00023214519023895264,0.032599713653326035,0.0002372866820423238,0.0036766082048416138,True
Grocery,42,12345,3931,3740,3947,17987,20513,0.04662524163722992,0.020956486463546753,0.3317930996417999,0.23396573960781097,7,0.00024609267711639404,0.007100728340446949,0.0002788847509644667,0.0014563500881195068,-0.019637256860733032,0.017639189958572388,0.00043354928493499756,0.002431616187095642,0.06448198854923248,0.0024089095172570895,0.017639189958572388,True
Grocery,42,12345,4692,6266,4309,42898,23479,0.5,0.0629940778017044,2.9378724098205566,0.7867738008499146,7,-0.008132176473736763,-0.14921948313713074,-0.02776488996935951,0.023182949051260948,0.0016172300092875957,0.002510746940970421,0.003835654119029641,-0.00029232283122837543,-0.036707181483507156,-0.0007204038284359339,0.003835654119029641,True
Grocery,42,12345,4692,4309,6266,23479,42898,0.0629940778017044,0.5,0.7867738008499146,2.9378724098205566,7,-0.00010534166358411312,-0.019599538296461105,-0.00013650461926734614,0.002634675009176135,0.0019438620656728745,0.01535881869494915,0.015669727697968483,-0.0016329530626535416,-0.04952481389045715,-0.003960568114304306,0.015669727697968483,True
Grocery,42,12345,2847,3394,2719,15841,12000,0.7071067690849304,0.40824827551841736,2.31901478767395,0.8016773462295532,3,0.46170106530189514,0.32729655504226685,0.6109171719306211,0.47447469830513,0.9427782893180847,0.004905104637145996,0.9410807490348816,-0.006602644920349121,-0.0034957488533109426,-0.03267711525761858,0.9427782893180847,True
Grocery,42,12345,2847,2719,3394,12000,15841,0.40824827551841736,0.7071067690849304,0.8016773462295532,2.31901478767395,3,0.008059576153755188,0.028263961896300316,0.008365830680310594,0.1385471224784851,0.06468898802995682,-0.15883603692054749,-0.012229330837726593,0.08191771805286407,0.34747064113616943,0.0693195827070642,0.06468898802995682,True
Grocery,42,12345,2830,11286,343,94409,1553,0.04252432659268379,0.09449112415313721,0.36667919158935547,0.4360653758049011,5,-0.0022499561309814453,-0.008450913242995739,-0.0024775039979085117,0.1319941282272339,0.05625474452972412,-0.03358781337738037,0.02317488193511963,0.0005079507827758789,0.004494445864111185,0.00043394622467007925,0.05625474452972412,False
Grocery,42,12345,2830,343,11286,1553,94409,0.09449112415313721,0.04252432659268379,0.4360653758049011,0.36667919158935547,5,-0.0012505054473876953,-0.010583109222352505,-0.0011950519983632696,0.0,-0.028261780738830566,0.07259583473205566,0.04472041130065918,0.00038635730743408203,0.002653953153640032,-8.234905320299258e-05,0.07259583473205566,False
Grocery,42,12345,10620,8491,10628,60889,85891,0.08606629818677902,0.031083492562174797,0.6119639873504639,0.11858527362346649,12,-0.0037813782691955566,-0.016093773767352104,-0.003879490765895194,0.11558884382247925,0.03625011444091797,0.016474753618240356,0.051945120096206665,-0.0007797479629516602,-0.007449584547430277,-0.0007811849862370063,0.051945120096206665,True
Grocery,42,12345,10620,10628,8491,85891,60889,0.031083492562174797,0.08606629818677902,0.11858527362346649,0.6119639873504639,12,-0.00029096007347106934,-0.005335044581443071,-0.0002943786755367876,0.02712327241897583,0.0124855637550354,0.07768517732620239,0.0888218879699707,-0.0013488531112670898,-0.007535801734775305,-0.00139726373653577,0.0888218879699707,True
Grocery,42,12345,4761,5929,3959,40185,20730,0.03892494738101959,0.09090909361839294,0.25027400255203247,0.7927678227424622,7,1.8854625523090363e-05,0.010971896350383759,1.9764090212088365e-05,0.0008497913368046284,-0.0001970529556274414,0.00466099102050066,0.004560873378068209,9.693531319499016e-05,0.010291543789207935,0.00012622869814925432,0.00466099102050066,True
Grocery,42,12345,4761,3959,5929,20730,40185,0.09090909361839294,0.03892494738101959,0.7927678227424622,0.25027400255203247,7,0.00030994508415460587,0.03366802632808685,0.0003852667063287702,0.004447981249541044,-0.0003997082822024822,0.0008100895211100578,0.0004689376801252365,5.8556441217660904e-05,0.034881070256233215,5.8492056966644064e-05,0.0008100895211100578,True
Grocery,42,12345,14230,4834,3971,30396,20935,0.08908708393573761,0.3333333432674408,0.8718244433403015,2.151557207107544,16,-5.1021575927734375e-05,-3.315200956421904e-05,-1.2326759781799979e-06,0.09946632385253906,0.10381269454956055,0.8018827438354492,0.901298999786377,-0.0043964385986328125,-0.0024330117739737034,-0.006615345289941545,0.901298999786377,False
Grocery,42,12345,14230,3971,6086,20935,41566,0.3333333432674408,0.40824827551841736,2.151557207107544,3.3903818130493164,16,-0.027080059051513672,-0.010026664473116398,-0.04944157832401763,1.3368620872497559,0.5491867065429688,-2.4539730548858643,-1.9416778087615967,-0.03689146041870117,-0.007460601162165403,-0.06789258377939511,0.5491867065429688,False
Grocery,42,12345,14230,6086,3971,41566,20935,0.40824827551841736,0.3333333432674408,3.3903818130493164,2.151557207107544,16,-0.007822275161743164,-0.0015726631972938776,-0.010722526913439445,0.1994636058807373,0.19710779190063477,0.8029522895812988,0.9945940971374512,-0.005465984344482422,-0.002740316791459918,-0.008262277322126671,0.9945940971374512,False
Grocery,42,12345,14921,13282,13540,112343,115005,0.14433756470680237,0.2182178795337677,1.2837741374969482,1.9782605171203613,15,0.0039580464363098145,0.006998795084655285,0.005876555749533385,0.28428372740745544,-0.003143489360809326,0.319184273481369,0.3226807415485382,0.006639957427978516,0.010294372215867043,0.009289198461848856,0.3226807415485382,True
Grocery,42,12345,14921,13540,13282,115005,112343,0.2182178795337677,0.14433756470680237,1.9782605171203613,1.2837741374969482,15,-0.04106330871582031,-0.04317737743258476,-0.05066374568809889,0.45498713850975037,0.12823635339736938,0.3248819410800934,0.41298165917396545,-0.040136635303497314,-0.04634180665016174,-0.04282460782331942,0.41298165917396545,True
Grocery,42,12345,9494,10237,10277,81261,81724,0.04315318539738655,0.07216878235340118,0.3522903621196747,0.5864894390106201,12,-0.0014598891139030457,-0.03496827557682991,-0.0017758450342757505,0.02014452964067459,0.007369212806224823,0.01876203715801239,0.02451334148645401,-0.0016179084777832031,-0.03194631636142731,-0.001963825119266318,0.02451334148645401,True
Grocery,42,12345,9494,10277,10237,81724,81261,0.07216878235340118,0.04315318539738655,0.5864894390106201,0.3522903621196747,12,-0.003351755440235138,-0.049600694328546524,-0.004244808267356924,0.032111503183841705,0.014440588653087616,0.015758194029331207,0.02737392485141754,-0.0028248578310012817,-0.049065910279750824,-0.0035672405856437307,0.02737392485141754,True
Grocery,42,12345,9494,9653,10277,74670,81724,0.1666666716337204,0.07216878235340118,1.1343674659729004,0.5864894390106201,12,0.001982256770133972,0.03923868015408516,0.0006805693199557917,0.026250086724758148,0.031695298850536346,0.02386453002691269,0.04883942753076553,-0.006720401346683502,-0.06437211483716965,-0.009440391161668876,0.04883942753076553,True
Grocery,42,12345,4768,8400,10591,59728,85483,0.05198752507567406,0.05270462855696678,0.5274621248245239,0.4518139064311981,8,-0.0056063830852508545,-0.01941649615764618,-0.004942011516062064,0.0,-0.023024708032608032,-0.045680612325668335,-0.0714370608329773,-0.0027317404747009277,-0.019492605701088905,-0.0024089766026195447,0.0,True
Grocery,42,12345,4768,10591,8400,85483,59728,0.05270462855696678,0.05198752507567406,0.4518139064311981,0.5274621248245239,8,-0.0017545521259307861,-0.013755342923104763,-0.0015520620836398935,0.0,-0.014384180307388306,-0.12341246008872986,-0.14140895009040833,-0.003612309694290161,-0.012937813065946102,-0.0031815728053512333,0.0,True
Grocery,42,12345,4623,4747,4749,29595,29610,0.28867512941360474,0.3333333432674408,1.5202150344848633,2.0895841121673584,7,0.003919530659914017,0.17372754216194153,0.004403803999322699,0.009320912882685661,-0.010667353868484497,0.043573930859565735,0.04005499184131622,0.007148414850234985,0.07580802589654922,0.009645802836876848,0.043573930859565735,True
Grocery,42,12345,4623,4749,4769,29610,29756,0.3333333432674408,0.3333333432674408,2.0895841121673584,2.9734513759613037,7,0.014469504356384277,0.16636358201503754,0.019714048692623304,0.03625284135341644,-0.024411357939243317,0.043194279074668884,0.0360664427280426,0.017283521592617035,0.16671335697174072,0.02463281314836196,0.043194279074668884,True
Grocery,42,12345,4623,4769,4749,29756,29610,0.3333333432674408,0.3333333432674408,2.9734513759613037,2.0895841121673584,7,0.01259051263332367,0.11618605256080627,0.019303489524097966,0.04788728803396225,-0.015824221074581146,0.04012463986873627,0.034898124635219574,0.010597705841064453,0.11665444821119308,0.01539992840318205,0.04012463986873627,True
Grocery,42,12345,17011,15755,15399,134832,132909,0.12126781791448593,0.25,1.3728374242782593,2.3774304389953613,17,0.06607651710510254,0.07082884758710861,0.07016874060831502,0.2933988571166992,0.342806339263916,1.1933212280273438,1.5527966022491455,0.016669034957885742,0.005396388471126556,0.021676258402639235,1.5527966022491455,False
Grocery,42,12345,17011,15399,15755,132909,134832,0.25,0.12126781791448593,2.3774304389953613,1.3728374242782593,17,0.004922628402709961,0.00192494026850909,0.005419456197502059,1.2811057567596436,0.042366981506347656,-0.4670848846435547,-0.39104676246643066,0.03367114067077637,0.03739166259765625,0.035399576223843175,0.042366981506347656,False
Grocery,42,12345,17011,16085,15755,136535,134832,0.0714285746216774,0.12126781791448593,0.3830537497997284,1.3728374242782593,17,-0.0027358531951904297,-0.005883501842617989,-0.0026182113169970003,0.23113417625427246,0.17143535614013672,-0.462064266204834,-0.2619783878326416,0.028650522232055664,0.031994666904211044,0.030462674264608407,0.17143535614013672,False
Grocery,42,12345,12470,12633,12884,106967,108254,0.07161148637533188,0.07453560084104538,0.7410328984260559,0.6648619174957275,14,2.2916821762919426e-05,0.03287262097001076,2.4815714556084196e-05,0.000337106641381979,-0.00015170499682426453,0.000596341909840703,0.0004954596515744925,5.082273855805397e-05,0.04087017476558685,5.636808773106692e-05,0.000596341909840703,True
Grocery,42,12345,12470,12884,12633,108254,106967,0.07453560084104538,0.07161148637533188,0.6648619174957275,0.7410328984260559,14,0.00011172669474035501,0.09447446465492249,0.00011817006458528755,0.000535437953658402,-0.0003254071343690157,0.0003101631300523877,3.461632877588272e-05,4.98603330925107e-05,0.07439657300710678,5.135141592411693e-05,0.0003101631300523877,True
Grocery,42,12345,15478,16661,7976,139535,56585,0.1386750489473343,0.1386750489473343,1.0411349534988403,1.301802396774292,19,0.002308279275894165,0.044601764529943466,0.002823179509975779,0.024722401052713394,-0.0053258538246154785,0.03743622824549675,0.0349840484559536,0.0028736740350723267,0.036962274461984634,0.003889513127891318,0.03743622824549675,True
Grocery,42,12345,15478,7976,16661,56585,139535,0.1386750489473343,0.1386750489473343,1.301802396774292,1.0411349534988403,19,0.010414253920316696,0.1483394354581833,0.011556113584554755,0.02989564836025238,-0.016455572098493576,0.019348982721567154,0.010575108230113983,0.007681697607040405,0.1656263768672943,0.007768577458904531,0.019348982721567154,True
Grocery,42,12345,15478,15650,7976,134390,56585,0.3535533845424652,0.1386750489473343,2.6640372276306152,1.301802396774292,19,0.026476338505744934,0.13845719397068024,0.0413542895020185,0.08237382769584656,-0.013324931263923645,0.03257209062576294,0.026985086500644684,0.007737927138805389,0.10617045313119888,0.009107081781389794,0.03257209062576294,True
Grocery,42,12345,16240,15324,16431,132480,138292,0.28867512941360474,0.25,3.171264886856079,1.846366047859192,18,-0.03517693281173706,-0.017879147082567215,-0.041809878443056614,0.9661535024642944,0.08477592468261719,0.5833250284194946,0.6191381216049194,-0.04896283149719238,-0.03803709149360657,-0.05487904206939528,0.6191381216049194,True
Grocery,42,12345,16240,9658,16431,74731,138292,0.10910893976688385,0.25,0.4999910593032837,1.846366047859192,18,-0.0017896294593811035,-0.006069107912480831,-0.0017370729938079033,0.14654278755187988,0.025343775749206543,0.5247796773910522,0.5597059726715088,0.00958251953125,0.008634227328002453,0.01706392345484811,0.5597059726715088,True
Grocery,42,12345,16240,16431,15324,138292,132480,0.25,0.28867512941360474,1.846366047859192,3.171264886856079,18,-0.014808058738708496,-0.012188484892249107,-0.009305558016892923,0.6000570058822632,0.07861113548278809,0.922887921333313,0.9737744331359863,-0.027724623680114746,-0.014035840518772602,-0.008626112337621426,0.9737744331359863,True
Grocery,42,12345,339,1521,1012,6291,4235,0.13245323300361633,0.14002801477909088,1.0710769891738892,0.9969304800033569,1,-1.1079711839556694e-05,-0.02192375250160694,-2.9289027077150577e-05,0.0002471425395924598,1.5250581782311201e-05,0.0002710896951612085,0.0002757375768851489,-1.0602700058370829e-05,-0.018863065168261528,-2.9968570970484348e-05,0.0002757375768851489,True
Grocery,42,12345,339,6543,1521,44804,6291,0.1259881556034088,0.13245323300361633,1.3196172714233398,1.0710769891738892,1,2.346761175431311e-05,0.0289506483823061,2.7960256004790876e-05,0.00039356492925435305,1.4298129826784134e-06,0.00023487076396122575,0.00023284475901164114,-3.4558179322630167e-06,-0.007366041652858257,-1.751792390670764e-05,0.00023487076396122575,True
Grocery,42,12345,339,1012,1521,4235,6291,0.14002801477909088,0.13245323300361633,0.9969304800033569,1.0710769891738892,1,1.2150820111855865e-05,0.023879770189523697,9.409778229264388e-06,0.0002483361749909818,-1.4655495760962367e-05,0.00022557858028449118,0.00021675945026800036,5.83636574447155e-06,0.0127709424123168,-2.1430737255047606e-06,0.00022557858028449118,True
Grocery,42,12345,5649,4880,6272,30858,42912,0.3333333432674408,0.40824827551841736,3.513166904449463,3.668511390686035,7,-0.0005405936390161514,-0.035881876945495605,-0.0013325768122194655,0.007262660190463066,0.001998530700802803,0.005826560780405998,0.007490849122405052,-0.0003342423588037491,-0.021823154762387276,-0.0006308663948605131,0.007490849122405052,True
Grocery,42,12345,5649,6272,3874,42912,19158,0.40824827551841736,0.40824827551841736,3.668511390686035,3.8586671352386475,7,-0.00041063129901885986,-0.029573896899819374,-0.000796544575730169,0.006737140938639641,0.0008514691144227982,-0.0009672399610280991,-0.00013316422700881958,-1.7393380403518677e-05,-0.008911076001822948,-0.0002856873700807489,0.0008514691144227982,True
Grocery,42,12345,5649,3874,6272,19158,42912,0.40824827551841736,0.40824827551841736,3.8586671352386475,3.668511390686035,7,0.0038274936378002167,0.13568302989006042,0.0022244428208079625,0.012190788984298706,0.01784241944551468,0.007316337898373604,0.023334737867116928,-0.0018240194767713547,-0.03761368244886398,-0.004511844686717614,0.023334737867116928,True
Grocery,42,12345,10582,10095,8711,79594,63687,0.25,0.051571059972047806,2.5932908058166504,0.39130643010139465,12,-0.0013574697077274323,-0.05656381696462631,-0.0021308492642875794,0.011320712976157665,0.002611493691802025,0.0001943325623869896,0.0027777403593063354,-2.8085894882678986e-05,-0.00503009045496583,-3.269214511054659e-05,0.0027777403593063354,True
Grocery,42,12345,10582,8711,10095,63687,79594,0.051571059972047806,0.25,0.39130643010139465,2.5932908058166504,12,-7.635913789272308e-06,-0.004152545239776373,-8.091886564967247e-06,0.0009156027808785439,0.0011232178658246994,0.007761096581816673,0.008502816781401634,-0.00038149766623973846,-0.021941369399428368,-0.0005599865383268102,0.008502816781401634,True
Grocery,42,12345,1354,1857,581,7889,2537,0.5773502588272095,0.2357022762298584,7.987205982208252,2.38146710395813,1,-0.001847857260145247,-0.2748572528362274,-0.01537176185720169,0.00243755173869431,0.0002060786064248532,0.000189271304407157,0.0002499458205420524,-0.00014540409028995782,-0.22532589733600616,-0.0005078313079064402,0.0002499458205420524,True
Grocery,42,12345,1354,632,581,2729,2537,0.19245009124279022,0.2357022762298584,1.4936293363571167,2.38146710395813,1,-1.9072504073847085e-06,-0.06247805058956146,-2.2474448627445896e-06,1.4304738215287216e-05,1.7045706044882536e-05,5.5191005230881274e-05,6.091292016208172e-05,-1.1323791113682091e-05,-0.08503922075033188,-2.1629944985042683e-05,6.091292016208172e-05,True
Grocery,42,12345,1354,581,632,2537,2729,0.2357022762298584,0.19245009124279022,2.38146710395813,1.4936293363571167,1,-1.5138211892917752e-05,-0.10573413223028183,-3.5502646632964554e-05,6.401210703188553e-05,7.390757673420012e-06,9.059645890374668e-06,1.4066326912143268e-05,-2.3840766516514122e-06,-0.07809799909591675,-3.3683670155009057e-06,1.4066326912143268e-05,True
Grocery,42,12345,9862,9049,10489,67508,84295,0.06324555724859238,0.04564354568719864,0.6125019788742065,0.4420351982116699,12,-0.0001388397067785263,-0.012359054759144783,-0.00016024561693425352,0.005547497421503067,0.0008555948734283447,0.0033217817544937134,0.004080185666680336,-9.719096124172211e-05,-0.011769918724894524,-0.00010890745605582344,0.004080185666680336,True
Grocery,42,12345,9862,10489,9049,84295,67508,0.04564354568719864,0.06324555724859238,0.4420351982116699,0.6125019788742065,12,-0.000108279287815094,-0.012638002634048462,-0.00012018208949929332,0.004229731857776642,0.001050880178809166,0.0048042722046375275,0.005701133981347084,-0.00015401840209960938,-0.013327660970389843,-0.00017567222140047568,0.005701133981347084,True
Grocery,42,12345,5068,4487,5189,26439,33732,0.1601281613111496,0.13245323300361633,1.3645566701889038,0.9191403985023499,7,0.014907218515872955,0.1915389448404312,0.01764956271104377,0.0314607135951519,-0.027958229184150696,0.031237315386533737,0.017064660787582397,0.013785574585199356,0.18077020347118378,0.015365473411631815,0.031237315386533737,True
Grocery,42,12345,5068,5189,4487,33732,26439,0.13245323300361633,0.1601281613111496,0.9191403985023499,1.3645566701889038,7,-0.007376927882432938,-0.05636156350374222,-0.010518402285248106,0.06175442412495613,0.013965137302875519,0.05097857862710953,0.060333069413900375,-0.004610646516084671,-0.03680367395281792,-0.00617508713063261,0.060333069413900375,True
Grocery,42,12345,6584,7587,7581,53518,53394,0.06495697796344757,0.10206206887960434,0.6405842304229736,1.0132582187652588,10,-4.786346107721329e-05,-0.010527961887419224,-6.738736040630975e-05,0.0022492222487926483,0.00013291789218783379,0.003618986811488867,0.0036841994151473045,-6.770528852939606e-05,-0.009104928933084011,-0.00010240416422300247,0.0036841994151473045,True
Grocery,42,12345,6584,7581,7587,53394,53518,0.10206206887960434,0.06495697796344757,1.0132582187652588,0.6405842304229736,10,-0.00017946818843483925,-0.022430405020713806,-0.00028185879072479495,0.003910816740244627,0.00029179034754633904,0.0022478695027530193,0.0024279365316033363,-0.00011172331869602203,-0.022490372881293297,-0.00016304184689841292,0.0024279365316033363,True
Grocery,42,12345,14302,14790,13735,127707,117123,0.07216878235340118,0.09128709137439728,0.3865196704864502,1.1979553699493408,15,0.0001431107521057129,0.0033404140267521143,0.0001457931384139747,0.02149266004562378,0.014696717262268066,0.00795513391494751,0.024250805377960205,0.001598954200744629,0.03409090265631676,0.0016769837043366987,0.024250805377960205,True
Grocery,42,12345,14302,13735,14790,117123,127707,0.09128709137439728,0.07216878235340118,1.1979553699493408,0.3865196704864502,15,-0.0014595985412597656,-0.030594542622566223,-0.002176516315698561,0.023124098777770996,0.012432217597961426,0.005661904811859131,0.017772316932678223,-0.000321805477142334,-0.00897232536226511,-0.00035915488101394743,0.017772316932678223,True
Grocery,42,12345,8953,9968,8659,78342,62974,0.11952286213636398,0.029488390311598778,0.5565095543861389,0.30831378698349,12,-0.002417638897895813,-0.03275040537118912,-0.0032090464996495822,0.03570123761892319,0.016314998269081116,0.0007793307304382324,0.016993515193462372,-0.00010081380605697632,-0.0029574697837233543,-0.00012572893143720024,0.016993515193462372,True
Grocery,42,12345,8953,8659,9968,62974,78342,0.029488390311598778,0.11952286213636398,0.30831378698349,0.5565095543861389,12,-2.8401613235473633e-05,-0.0025707019958645105,-3.290166001492672e-05,0.005509890615940094,0.005634799599647522,0.017901353538036346,0.02270432561635971,-0.0008318275213241577,-0.017989158630371094,-0.0010144759590758824,0.02270432561635971,True
Grocery,42,12345,186,1450,1192,6038,5030,0.14907120168209076,0.1348399817943573,0.8267143964767456,1.112785816192627,1,0.001298651099205017,0.024218764156103134,0.0013848198774808335,0.026161514222621918,-0.003705538809299469,-0.011007562279701233,-0.014463722705841064,0.00024937838315963745,0.008547136560082436,0.0002481065164055609,0.0,True
Grocery,42,12345,186,1192,1450,5030,6038,0.1348399817943573,0.14907120168209076,1.112785816192627,0.8267143964767456,1,0.0007501840591430664,0.03024463541805744,0.0007368904495811263,0.0,-0.0011862218379974365,0.026792414486408234,0.0262739434838295,0.0006677508354187012,0.012308183126151562,0.000714006953724726,0.026792414486408234,True
Grocery,42,12345,5165,3788,1806,18438,7662,0.03671115264296532,0.20412413775920868,0.47295746207237244,1.7247272729873657,8,0.0005483627319335938,0.0008608693024143577,0.00035506868203843966,0.3182194232940674,-0.026270151138305664,0.18396687507629395,0.15918755531311035,0.0014908313751220703,0.00403555016964674,0.0014151581403298997,0.18396687507629395,False
Grocery,42,12345,5165,1806,3788,7662,18438,0.20412413775920868,0.03671115264296532,1.7247272729873657,0.47295746207237244,8,0.028308629989624023,0.04547928646206856,0.026165754580636386,0.157149076461792,-0.3129148483276367,0.30292391777038574,0.005852699279785156,0.015843629837036133,0.025484714657068253,0.015790499255777593,0.30292391777038574,False
Grocery,42,12345,13234,13177,13412,110697,113733,0.18257418274879456,0.3333333432674408,1.0104693174362183,2.9294285774230957,15,-0.0016017109155654907,-0.020640820264816284,-0.0023007333568484042,0.037998735904693604,-0.00024987757205963135,0.032808154821395874,0.03496111184358597,0.0024028345942497253,0.035325855016708374,0.004512091403606457,0.03496111184358597,True
Grocery,42,12345,13234,13412,13177,113733,110697,0.3333333432674408,0.18257418274879456,2.9294285774230957,1.0104693174362183,15,-0.0007404685020446777,-0.009005938656628132,-0.00262295954405784,0.04073977470397949,0.009165897965431213,0.03862164914608002,0.04340996593236923,-0.004377581179141998,-0.04800109937787056,-0.006725850254388564,0.04340996593236923,True
Grocery,42,12345,7489,6412,6926,43905,47701,0.20412413775920868,0.40824827551841736,1.6514530181884766,2.961735486984253,9,0.04542428255081177,0.17285555601119995,0.0483653648512741,0.11416208744049072,-0.007973432540893555,0.024026989936828613,0.1781325340270996,0.16207897663116455,0.7713162302970886,0.1335275536874604,0.1781325340270996,True
Grocery,42,12345,7489,6926,6412,47701,43905,0.40824827551841736,0.20412413775920868,2.961735486984253,1.6514530181884766,9,0.20732581615447998,0.9999999403953552,0.17845254269605204,0.009808957576751709,-0.01266363263130188,-0.03821238875389099,-0.007183462381362915,0.043692559003829956,0.7525480389595032,0.03460898766297845,0.0,True
Grocery,42,12345,5661,5693,4374,37667,25240,0.05986843630671501,0.0282729621976614,0.41544851660728455,0.07592377066612244,7,-4.874775186181068e-06,-0.010101263411343098,-5.696366054663111e-06,0.0002388529246672988,3.096158616244793e-05,-1.0598101653158665e-05,2.1196668967604637e-05,8.331844583153725e-07,0.013274380005896091,6.153846759161416e-07,3.096158616244793e-05,True
Grocery,42,12345,5661,4374,5693,25240,37667,0.0282729621976614,0.05986843630671501,0.07592377066612244,0.41544851660728455,7,1.1905794963240623e-06,0.02391369454562664,1.0037788725321781e-06,2.4292967282235622e-05,2.8692884370684624e-05,0.00020539271645247936,0.00023087626323103905,-3.209337592124939e-06,-0.006902218796312809,-3.857502810039094e-06,0.00023087626323103905,True
Grocery,42,12345,16498,10422,10692,83631,86638,0.0403238907456398,0.05383819341659546,0.5159915685653687,0.5195672512054443,19,-0.003919541835784912,-0.019341500476002693,-0.0038429471335551177,0.0,-0.045409440994262695,-0.029891550540924072,-0.07769852876663208,-0.0023975372314453125,-0.015670225024223328,-0.0023485541196763106,0.0,True
Grocery,42,12345,16498,10692,10422,86638,83631,0.05383819341659546,0.0403238907456398,0.5195672512054443,0.5159915685653687,19,-0.004496932029724121,-0.019919976592063904,-0.004331642872179246,0.0,-0.0801578164100647,-0.0522235631942749,-0.13955479860305786,-0.007173418998718262,-0.02637905441224575,-0.0069164444779165665,0.0,True
Grocery,42,12345,12104,11062,11154,91931,92958,0.03035883605480194,0.04364357888698578,0.38421744108200073,0.6154453158378601,13,1.2605567462742329e-05,0.016939453780651093,1.4424809828065253e-05,0.00036576937418431044,-5.724211223423481e-05,0.0006489345105364919,0.0006143997889012098,2.270739059895277e-05,0.017194930464029312,2.8308312914855618e-05,0.0006489345105364919,True
Grocery,42,12345,12104,11154,11062,92958,91931,0.04364357888698578,0.03035883605480194,0.6154453158378601,0.38421744108200073,13,2.9485090635716915e-05,0.022442452609539032,3.650551375234605e-05,0.0006421568104997277,-6.011605728417635e-05,0.00036220147740095854,0.0003182588843628764,1.6173464246094227e-05,0.021838726475834846,1.841734005134704e-05,0.00036220147740095854,True
Grocery,42,12345,13764,14234,13113,122633,109880,0.18257418274879456,0.17407765984535217,0.8285471796989441,2.0890936851501465,15,-3.336649388074875e-05,-0.012311668135225773,-4.202379523771333e-05,0.0013717543333768845,-0.0023142248392105103,0.04499872028827667,0.04444354772567749,0.0017590522766113281,0.01917087286710739,0.0032487890663051348,0.04499872028827667,True
Grocery,42,12345,13764,13113,14234,109880,122633,0.17407765984535217,0.18257418274879456,2.0890936851501465,0.8285471796989441,15,-0.005871869623661041,-0.05105271190404892,-0.011656580105705295,0.0545719712972641,0.002132624387741089,0.0015286821871995926,0.0034710122272372246,-0.00019029434770345688,-0.026680536568164825,-0.00031674504500451954,0.0034710122272372246,True
Grocery,42,12345,13358,13295,14333,112516,123771,0.03812464326620102,0.1767766922712326,0.3212988078594208,0.9690041542053223,15,0.0006215572357177734,0.003393258433789015,0.0006153032438719619,0.019652128219604492,0.021574735641479492,0.2075672149658203,0.22784113883972168,-0.001300811767578125,-0.0028465206269174814,-0.0013138725965913443,0.22784113883972168,False
Grocery,42,12345,13358,14333,13295,123771,112516,0.1767766922712326,0.03812464326620102,0.9690041542053223,0.3212988078594208,15,-0.007389545440673828,-0.016048846766352654,-0.009596832936684258,0.2265256643295288,0.010945796966552734,-0.09320068359375,-0.08033013343811035,0.001924753189086914,0.010433588176965714,0.0019185933830953696,0.010945796966552734,False
Grocery,42,12345,11155,11184,11775,93243,99133,0.15075567364692688,0.5,1.5409245491027832,3.797372817993164,13,-0.002110617235302925,-0.045047398656606674,-0.003401579643062539,0.022371312603354454,0.0022311732172966003,0.012840310111641884,0.014722850173711777,-0.00034863315522670746,-0.011701320298016071,-0.0006974673473739561,0.014722850173711777,True
Grocery,42,12345,11155,11775,11184,99133,93243,0.5,0.15075567364692688,3.797372817993164,1.5409245491027832,13,0.0023954063653945923,0.0444117896258831,-0.00018939802681246752,0.02816583402454853,0.03388269990682602,0.03419129177927971,0.052260853350162506,-0.015813138335943222,-0.13140946626663208,-0.042956044958300146,0.052260853350162506,True
Grocery,42,12345,9319,9129,8439,68420,60279,0.15811388194561005,0.1961161345243454,0.301484614610672,1.0185242891311646,12,-0.002505660057067871,-0.00970412977039814,-0.003090089711459361,0.12784993648529053,0.08170592784881592,0.15896129608154297,0.2438969612121582,0.0032297372817993164,0.006665241438895464,0.0022945053334517945,0.2438969612121582,True
Grocery,42,12345,9319,8439,9129,60279,68420,0.1961161345243454,0.15811388194561005,1.0185242891311646,0.301484614610672,12,0.0017851591110229492,0.0038952224422246218,0.0007512459783400316,0.2300398349761963,0.07239961624145508,0.04317474365234375,0.11280858516693115,-0.0027657747268676758,-0.012110250070691109,-0.0032522679767397196,0.11280858516693115,True
Grocery,42,12345,8862,8757,10052,64310,79172,0.1132277101278305,0.08164965361356735,1.2147090435028076,0.5239574909210205,12,-0.027055978775024414,-0.3049047887325287,-0.02861659846220435,0.035898685455322266,-0.008034944534301758,0.05822873115539551,0.053169965744018555,0.0029761791229248047,0.02491910010576248,0.0027904393862348393,0.05822873115539551,False
Grocery,42,12345,8862,10052,8757,79172,64310,0.08164965361356735,0.1132277101278305,0.5239574909210205,1.2147090435028076,12,0.0030794143676757812,0.025805778801441193,0.0029877773957978568,0.05812549591064453,-0.03584599494934082,0.025350093841552734,-0.02700328826904297,-0.016507387161254883,-0.18715989589691162,-0.01707792303617934,0.025350093841552734,False
Grocery,42,12345,6673,6939,8080,47781,57243,0.0833333358168602,0.019440393894910812,0.671962559223175,0.17748817801475525,9,0.00024175248108804226,0.12779106199741364,0.00025269604576689446,0.0008250083774328232,-0.0004925020039081573,0.0003268057480454445,-0.0001309297513216734,3.476650454103947e-05,0.036586787551641464,2.6566154234179007e-05,0.0003268057480454445,True
Grocery,42,12345,6673,8080,6939,57243,47781,0.019440393894910812,0.0833333358168602,0.17748817801475525,0.671962559223175,9,-1.0684598237276077e-06,-0.0014680966269224882,-1.2769448832170038e-06,0.0003633536398410797,-8.544884622097015e-06,0.0010575030464679003,0.0010582159738987684,9.257812052965164e-06,0.004358106758445501,1.047335503653722e-05,0.0010582159738987684,True
Grocery,42,12345,12927,12470,12926,105615,108478,0.14907120168209076,0.3333333432674408,0.8421044945716858,3.286177396774292,14,3.59509140253067e-05,0.026639269664883614,3.517304654258749e-05,0.0006927433423697948,0.0002437373623251915,0.0066602798178792,0.006723698228597641,-0.0001803189516067505,-0.013231771066784859,-0.0005561792844115521,0.006723698228597641,True
Grocery,42,12345,12927,12926,12470,108478,105615,0.3333333432674408,0.14907120168209076,3.286177396774292,0.8421044945716858,14,-0.001371997408568859,-0.07714676111936569,-0.003282564440848172,0.008206121623516083,0.00043534766882658005,0.0007464603986591101,0.0011006235145032406,-8.118455298244953e-05,-0.035569168627262115,-0.00011062000160393723,0.0011006235145032406,True
Grocery,42,12345,9175,9563,9686,73736,75018,0.01967223733663559,0.015278308652341366,0.16048595309257507,0.17525465786457062,12,-7.229670882225037e-05,-0.009804200381040573,-7.755610648922358e-05,0.003650873899459839,0.0008857324719429016,0.003647133708000183,0.004452507942914963,-8.035823702812195e-05,-0.008943216875195503,-8.652812901897244e-05,0.004452507942914963,True
Grocery,42,12345,9175,9614,9563,74202,73736,0.026153290644288063,0.01967223733663559,0.28545138239860535,0.16048595309257507,12,-0.00015899166464805603,-0.015081304125487804,-0.00017575232703813046,0.005191650241613388,0.0014098957180976868,0.0028974004089832306,0.004183098673820496,-0.00012419745326042175,-0.014627977274358273,-0.0001346613102925118,0.004183098673820496,True
Grocery,42,12345,9175,9686,9563,75018,73736,0.015278308652341366,0.01967223733663559,0.17525465786457062,0.16048595309257507,12,-4.9525871872901917e-05,-0.0060720969922840595,-5.316103895330491e-05,0.004053384065628052,0.00047568604350090027,0.0028118062764406204,0.003248888999223709,-3.8603320717811584e-05,-0.005905907601118088,-4.0676000884947946e-05,0.003248888999223709,True
Grocery,42,12345,270,1613,15266,6695,132118,0.16903084516525269,0.18898224830627441,1.6605188846588135,1.2272281646728516,1,-2.264951490360545e-06,-0.11795046180486679,-4.6001075478187935e-06,8.463806807412766e-06,5.96045310885529e-07,-4.7683579396107234e-07,3.576271865313174e-07,2.3841766960686073e-07,0.1655094027519226,1.9036295580913541e-07,5.96045310885529e-07,True
Grocery,42,12345,270,15266,1613,132118,6695,0.18898224830627441,0.16903084516525269,1.2272281646728516,1.6605188846588135,1,1.1920928955078125e-07,0.07643000036478043,-4.0389235491504087e-08,0.0,-1.072876329999417e-06,4.649143647839082e-06,4.2915162339340895e-06,7.152489160944242e-07,0.07135694473981857,1.401136533456588e-06,4.649143647839082e-06,True
Grocery,42,12345,7611,7038,1372,48682,5741,0.0690065547823906,0.05634361505508423,0.545600950717926,0.4935325086116791,9,-2.1798914531245828e-05,-0.04838180914521217,-2.9718403517458897e-05,0.00021437561372295022,5.826886626891792e-05,0.0001350126403849572,0.00017386343097314239,-1.9418075680732727e-05,-0.05288795754313469,-2.601490368705097e-05,0.00017386343097314239,True
Grocery,42,12345,7611,1372,7038,5741,48682,0.05634361505508423,0.0690065547823906,0.4935325086116791,0.545600950717926,9,-1.8108170479536057e-05,-0.05157998949289322,-2.4650923516895582e-05,0.00016647574375383556,5.135586252436042e-05,0.00017230876255780458,0.00020508177112787962,-1.8582853954285383e-05,-0.04334128648042679,-2.59201366502465e-05,0.00020508177112787962,True
Grocery,42,12345,14105,13646,14104,116215,121105,0.1386750489473343,0.3535533845424652,0.942340075969696,2.7737009525299072,15,-0.014117628335952759,-0.02510077692568302,-0.014256238832865697,0.27416011691093445,0.11406481266021729,1.5065481662750244,1.5587495565414429,-0.06186342239379883,-0.019457807764410973,-0.03601273234642147,1.5587495565414429,True
Grocery,42,12345,14105,14104,13646,121105,116215,0.3535533845424652,0.1386750489473343,2.7737009525299072,0.942340075969696,15,-0.16197729110717773,-0.04428205266594887,-0.08813466319230256,1.7479383945465088,0.17620998620986938,0.2427743673324585,0.3840511739253998,-0.0349331796169281,-0.043501414358615875,-0.03407375425632585,0.3840511739253998,True
Grocery,42,12345,9992,9038,9738,67354,75896,0.01680256985127926,0.029488390311598778,0.1730530709028244,0.32941681146621704,12,-1.5440164133906364e-06,-0.006025489419698715,-1.719167449207537e-06,0.000127346720546484,3.6299112252891064e-05,6.474426481872797e-05,9.949842933565378e-05,-1.544947735965252e-06,-0.0077034845016896725,-1.7447720967092107e-06,9.949842933565378e-05,True
Grocery,42,12345,9992,9738,9038,75896,67354,0.029488390311598778,0.01680256985127926,0.32941681146621704,0.1730530709028244,12,-5.347072146832943e-06,-0.013504307717084885,-5.810276462935553e-06,0.00019529799465090036,0.00013304699677973986,9.73439309746027e-05,0.0002240955363959074,-6.295391358435154e-06,-0.013851353898644447,-6.853444164044346e-06,0.0002240955363959074,True
Grocery,42,12345,3883,3875,4751,19161,29622,0.05407380685210228,0.04682929068803787,0.33181557059288025,0.16197417676448822,7,-6.571412086486816e-06,-0.00012352775956969708,-2.376944527903921e-05,0.02659563720226288,0.0011140555143356323,0.0024473369121551514,0.0037889182567596436,0.00022752583026885986,0.030954545363783836,0.00022753087240744513,0.0037889182567596436,True
Grocery,42,12345,3883,4751,3875,29622,19161,0.04682929068803787,0.05407380685210228,0.16197417676448822,0.33181557059288025,7,0.0002726316452026367,0.035078391432762146,0.0002728182560063192,0.0024021267890930176,-0.004555240273475647,0.02444206178188324,0.02069234848022461,0.0008055269718170166,0.01621115766465664,0.0008531629558175676,0.02444206178188324,True
Grocery,42,12345,3883,4371,4751,24450,29622,0.011076295748353004,0.04682929068803787,0.1324729472398758,0.16197417676448822,7,5.571544170379639e-05,0.0019552477169781923,5.730024381990495e-05,0.014219805598258972,-0.0005462914705276489,0.002590268850326538,0.0021285712718963623,8.459389209747314e-05,0.016066784039139748,8.49613976395828e-05,0.002590268850326538,True
Grocery,42,12345,12710,12626,12625,106890,106878,0.03768891841173172,0.03892494738101959,0.4035453200340271,0.364422082901001,14,-0.0015016496181488037,-0.015186572447419167,-0.0014468867389764994,0.0,-0.022535741329193115,0.023369431495666504,0.0020040273666381836,0.001170337200164795,0.02442822977900505,0.0011699942073491497,0.023369431495666504,True
Grocery,42,12345,12710,12625,12626,106878,106890,0.03892494738101959,0.03768891841173172,0.364422082901001,0.4035453200340271,14,0.0011404454708099365,0.02379032038152218,0.001142220546253809,0.02339845895767212,-0.019402772188186646,-0.02885812520980835,-0.04972940683364868,-0.0014685094356536865,-0.014986271969974041,-0.001414714296218225,0.0,True
Grocery,42,12345,14517,13901,15372,118814,132781,0.07905694097280502,0.25,0.7112122774124146,1.4029722213745117,16,-0.006782948970794678,-0.021505147218704224,-0.00697511029554157,0.15431377291679382,0.0880812406539917,-0.025672495365142822,0.07076868414878845,0.008359938859939575,0.04530581086874008,0.008765093543010635,0.0880812406539917,True
Grocery,42,12345,14517,15372,13901,132781,118814,0.25,0.07905694097280502,1.4029722213745117,0.7112122774124146,16,0.0039716362953186035,0.016234369948506355,0.005580788490071216,0.0,-0.11038005352020264,0.03976172208786011,-0.05928996205329895,0.011328369379043579,0.05409098416566849,0.010626081940484606,0.03976172208786011,True
Grocery,42,12345,3484,2435,3632,10577,17500,0.4472135901451111,0.25819888710975647,2.994690418243408,1.0237691402435303,3,-0.05972754955291748,-0.05035999044775963,-0.10012200328709253,0.5631421804428101,0.4246048629283905,0.20805108547210693,0.5572819709777832,-0.07537397742271423,-0.06334277987480164,-0.07382227883530662,0.5572819709777832,True
Grocery,42,12345,3484,3632,2435,17500,10577,0.25819888710975647,0.4472135901451111,1.0237691402435303,2.994690418243408,3,-0.03683149814605713,-0.054975248873233795,-0.03905278282534,0.3165667951107025,0.1867998242378235,0.1939241588115692,0.340983122587204,-0.03974086046218872,-0.055065080523490906,-0.07210180157192983,0.340983122587204,True
Grocery,42,12345,8741,8604,10332,62248,82581,0.08451542258262634,0.08671099692583084,0.8818973302841187,0.7889203429222107,12,-0.000509120523929596,-0.043142009526491165,-0.0006527317747929574,0.0056459540501236916,0.0023924745619297028,0.0053874533623456955,0.0070258863270282745,-0.0007540415972471237,-0.050928711891174316,-0.0009967233175594951,0.0070258863270282745,True
Grocery,42,12345,8741,9009,10332,67043,82581,0.07273929566144943,0.08671099692583084,0.5248240232467651,0.7889203429222107,12,-9.980984032154083e-06,-0.002066417131572962,-1.6428270776266615e-05,0.002410050481557846,0.002487223595380783,0.005443530157208443,0.007120635360479355,-0.0008101183921098709,-0.05382345989346504,-0.0010856871889383618,0.007120635360479355,True
Grocery,42,12345,8741,10332,8604,82581,62248,0.08671099692583084,0.08451542258262634,0.7889203429222107,0.8818973302841187,12,-0.0002825567498803139,-0.02466784603893757,-0.0003574303681046541,0.005585944280028343,0.0007861768826842308,0.00361460167914629,0.004284577444195747,-0.00011620111763477325,-0.013378954492509365,-0.0001339801479135724,0.004284577444195747,True
Grocery,42,12345,14313,14288,14071,123290,120801,0.19245009124279022,0.04667600244283676,1.5958253145217896,0.6270395517349243,15,0.0036636069416999817,0.07992120087146759,0.002920096502648576,0.008297525346279144,0.016344226896762848,0.03135432302951813,0.04331545531749725,-0.004383094608783722,-0.04815845936536789,-0.005370960979370525,0.04331545531749725,True
Grocery,42,12345,14313,14071,14288,120801,123290,0.04667600244283676,0.19245009124279022,0.6270395517349243,1.5958253145217896,15,-0.0024647563695907593,-0.0328981988132,-0.0029387067673987896,0.03622797131538391,0.004506472498178482,-0.023373711854219437,-0.016581837087869644,0.0022854022681713104,0.05140120908617973,0.0018849110561532118,0.004506472498178482,True
Grocery,42,12345,16344,15461,15743,133191,134747,0.13245323300361633,0.14907120168209076,1.7778319120407104,1.2458865642547607,17,0.006437063217163086,0.04538905248045921,0.005578261250299921,0.06769132614135742,0.0035278797149658203,0.032402873039245605,0.030524849891662598,-0.005405902862548828,-0.0813460722565651,-0.005534494912211249,0.032402873039245605,False
Grocery,42,12345,16344,15743,15461,134747,133191,0.14907120168209076,0.13245323300361633,1.2458865642547607,1.7778319120407104,17,0.01137542724609375,0.24020898342132568,0.011558336093162265,0.029365897178649902,0.003085017204284668,0.0634692907333374,0.07721340656280518,0.010659098625183105,0.07414110749959946,0.011114400526364133,0.07721340656280518,False
Grocery,42,12345,12482,3154,12778,14415,107681,0.3535533845424652,0.06804138422012329,2.9288461208343506,0.6399484872817993,14,0.027045011520385742,0.0936707928776741,0.017475260664631148,0.027769893407821655,0.06993022561073303,0.0908229649066925,0.14563778042793274,-0.015115410089492798,-0.049333732575178146,-0.01783379754287056,0.14563778042793274,True
Grocery,42,12345,12482,12778,3154,107681,14415,0.06804138422012329,0.3535533845424652,0.6399484872817993,2.9288461208343506,14,-0.006285607814788818,-0.028772354125976562,-0.007057857862674988,0.10608717799186707,0.009699791669845581,-0.1452334225177765,-0.12113973498344421,0.014393895864486694,0.05213801562786102,0.009251426270609962,0.009699791669845581,True
Grocery,42,12345,13513,13512,14336,114605,123783,0.10910893976688385,0.15430335700511932,0.4680972993373871,0.49793753027915955,15,-6.605079397559166e-05,-0.02684411033987999,-7.42115885472665e-05,0.0011972356587648392,0.0004841070622205734,-0.0005302433855831623,1.7204787582159042e-05,6.334111094474792e-05,0.06140291318297386,5.930666680859108e-05,0.0004841070622205734,True
Grocery,42,12345,13513,14336,13512,123783,114605,0.15430335700511932,0.10910893976688385,0.49793753027915955,0.4680972993373871,15,8.104322478175163e-05,0.05938863009214401,7.671960418039457e-05,0.0006417860276997089,0.0008108057081699371,0.0006717131473124027,0.0013945423997938633,-8.797645568847656e-05,-0.030578475445508957,-0.00010054993786808598,0.0013945423997938633,True
Grocery,42,12345,10768,7375,7257,51791,50694,0.036369647830724716,0.036369647830724716,0.263035386800766,0.2883802354335785,13,-6.778538227081299e-05,-0.03895369917154312,-6.593083946968882e-05,4.839897155761719e-05,0.00011433660984039307,-0.013128623366355896,-0.013148218393325806,-0.00013393163681030273,-0.00507486192509532,-0.0001105112383755336,0.00011433660984039307,True
Grocery,42,12345,10768,6287,7375,43000,51791,0.025717224925756454,0.036369647830724716,0.18505237996578217,0.263035386800766,13,-0.0001584067940711975,-0.005852026864886284,-0.0001633596391151012,0.013455145061016083,0.006614185869693756,-0.0008748769760131836,0.005710221827030182,-2.9087066650390625e-05,-0.0022036833688616753,-3.548138826829891e-05,0.006614185869693756,True
Grocery,42,12345,10768,7257,7375,50694,51791,0.036369647830724716,0.036369647830724716,0.2883802354335785,0.263035386800766,13,-0.00019497424364089966,-0.007352031767368317,-0.0001611362061910912,0.0,-0.00020027905702590942,-0.0008143633604049683,-0.0011042430996894836,-8.960068225860596e-05,-0.042286504060029984,-8.692710000731508e-05,0.0,True
Grocery,42,12345,10591,6339,10604,43421,85620,0.03726780042052269,0.05025189369916916,0.24027664959430695,0.4730837345123291,12,7.628649473190308e-05,0.033747658133506775,7.702740498529315e-05,0.001092100515961647,0.0011459961533546448,-0.0001921067014336586,0.0009762803092598915,2.2390857338905334e-05,0.009674612432718277,1.864383851560152e-05,0.0011459961533546448,True
Grocery,42,12345,10591,10613,10604,85692,85620,0.06804138422012329,0.05025189369916916,0.5761497020721436,0.4730837345123291,12,3.253854811191559e-05,0.004211977124214172,3.3781880023924155e-05,0.003878885880112648,0.003192570060491562,-0.00022293906658887863,0.0030228542163968086,5.3223222494125366e-05,0.008266563527286053,4.100479611983523e-05,0.003192570060491562,True
Grocery,42,12345,10591,10604,10613,85620,85692,0.05025189369916916,0.06804138422012329,0.4730837345123291,0.5761497020721436,12,3.8051046431064606e-05,0.008566267788410187,2.9995070706423464e-05,0.0022019511088728905,0.002234521321952343,0.0006601503118872643,0.0029001524671912193,5.480833351612091e-06,0.0009458137210458517,2.3189942034908153e-06,0.0029001524671912193,True
Grocery,42,12345,11419,15100,11062,131240,91921,0.05129891633987427,0.04120428487658501,0.3045505881309509,0.5214759707450867,13,3.635510802268982e-05,0.026978932321071625,3.677728157526364e-05,0.00033298227936029434,0.0005153706297278404,0.0045095328241586685,0.004878870211541653,-0.00014603324234485626,-0.0147451963275671,-0.00018326663340140833,0.004878870211541653,True
Grocery,42,12345,11419,11062,15100,91921,131240,0.04120428487658501,0.05129891633987427,0.5214759707450867,0.3045505881309509,13,7.876940071582794e-05,0.009108141995966434,9.368646512502611e-05,0.004284730181097984,-0.0001302706077694893,-0.0006568515673279762,-0.0007858565077185631,1.2656673789024353e-06,0.0008046258590184152,9.329157656074077e-07,0.0,True
Grocery,42,12345,11419,11431,15100,95897,131240,0.03498557209968567,0.05129891633987427,0.1584833860397339,0.3045505881309509,13,5.861744284629822e-06,0.0027279669884592295,5.648355083548743e-06,0.0010714437812566757,-3.578420728445053e-05,-0.0006613917648792267,-0.0006913701072335243,5.805864930152893e-06,0.004181224852800369,5.467921067831823e-06,0.0,True
Grocery,42,12345,4921,4918,10162,31196,80524,0.05292561277747154,0.0657951682806015,0.3158275783061981,0.3222466707229614,8,3.453402314335108e-06,0.03592342510819435,3.5622492742295648e-06,4.6334462240338326e-05,-1.6557634808123112e-05,-5.062494892627001e-05,-6.599060725420713e-05,1.1919764801859856e-06,0.008949901908636093,9.616951515975465e-07,0.0,True
Grocery,42,12345,4921,10162,4918,80524,31196,0.0657951682806015,0.05292561277747154,0.3222466707229614,0.3158275783061981,8,-4.879606422036886e-06,-0.017724495381116867,-4.398290234769534e-06,0.0,-0.00010565324919298291,3.966753138229251e-05,-5.586538463830948e-05,1.0120333172380924e-05,0.050300825387239456,9.611100637083177e-06,3.966753138229251e-05,True
Grocery,42,12345,11169,10859,5104,89721,33013,0.05976143106818199,0.0345032773911953,0.4312486946582794,0.30089226365089417,13,3.2548559829592705e-05,0.04413272440433502,3.4209748168525936e-05,0.0003524783533066511,-0.00015610759146511555,0.0002289704279974103,9.591365233063698e-05,2.3050815798342228e-05,0.0479225255548954,2.351228350247263e-05,0.0002289704279974103,True
Grocery,42,12345,11169,5104,10815,33013,88957,0.0345032773911953,0.025958707556128502,0.30089226365089417,0.16972209513187408,13,1.1883326806128025e-05,0.024144800379872322,1.2268254905291494e-05,0.0002401379169896245,-6.307032890617847e-05,6.664462853223085e-05,7.616239599883556e-06,4.041939973831177e-06,0.02942991629242897,4.0086762020251655e-06,6.664462853223085e-05,True
Grocery,42,12345,11169,10815,5104,88957,33013,0.025958707556128502,0.0345032773911953,0.16972209513187408,0.30089226365089417,13,2.8529902920126915e-06,0.020594725385308266,2.7559460793313145e-06,6.783357821404934e-05,-4.9851834774017334e-05,0.0002440601820126176,0.0002021694090217352,7.961061783134937e-06,0.01604756899178028,8.275929754035624e-06,0.0002440601820126176,True
Grocery,42,12345,16774,17058,15509,141994,133464,0.1111111119389534,0.06804138422012329,0.8015618324279785,0.4069410562515259,17,0.013387888669967651,0.029412413015961647,0.014147070700376907,0.22089514136314392,-0.026930779218673706,0.0641145408153534,0.040864646434783936,0.003680884838104248,0.02790452167391777,0.003474151955876915,0.0641145408153534,True
Grocery,42,12345,16774,15509,17058,133464,141994,0.06804138422012329,0.1111111119389534,0.4069410562515259,0.8015618324279785,17,0.0031931400299072266,0.024117786437273026,0.0031467036583212593,0.06460228562355042,-0.03180193901062012,0.22284361720085144,0.20248109102249146,0.011439412832260132,0.025024602189660072,0.012251237219940453,0.22284361720085144,True
Grocery,42,12345,12708,12624,12512,106861,106007,0.05698028951883316,0.0319601409137249,0.4319590926170349,0.13417774438858032,14,0.002820253372192383,0.015053102746605873,0.0027972051049882513,0.09226667881011963,-0.06558454036712646,0.0033963918685913086,-0.062084197998046875,0.00010395050048828125,0.0007931208820082247,0.00010649180296341864,0.0033963918685913086,False
Grocery,42,12345,12708,12512,12624,106007,106861,0.0319601409137249,0.05698028951883316,0.13417774438858032,0.4319590926170349,14,6.783008575439453e-05,0.0008007666328921914,6.840010330694561e-05,0.0034331083297729492,-0.04412126541137695,0.09328687191009521,0.05096638202667236,0.0018007755279541016,0.00955954845994711,0.0017747953887135228,0.09328687191009521,False
Grocery,42,12345,10784,10782,11802,88319,99348,0.17407765984535217,0.11396057903766632,2.2454874515533447,1.3517262935638428,13,9.536670404486358e-07,0.10514667630195618,2.0776349750401034e-06,4.053103111800738e-06,-5.960448561381781e-07,1.6689267567926436e-06,1.3112993428876507e-06,2.3841744223318528e-07,0.0664805993437767,5.248270541578303e-07,1.6689267567926436e-06,True
Grocery,42,12345,10784,11802,10782,99348,88319,0.11396057903766632,0.17407765984535217,1.3517262935638428,2.2454874515533447,13,1.1920838005607948e-07,0.03217083588242531,4.561256421189281e-07,1.7881358189697494e-06,-1.0728772394941188e-06,4.2915203266602475e-06,3.933892912755255e-06,7.15249825589126e-07,0.07684008777141571,1.7873848445902923e-06,4.2915203266602475e-06,True
Grocery,42,12345,10784,11726,11802,98680,99348,0.06917145103216171,0.11396057903766632,0.46388891339302063,1.3517262935638428,13,-2.3841812435421161e-07,-0.1655096411705017,-5.432597941653635e-08,5.960454245723668e-07,3.576265044102911e-07,2.2649705897492822e-06,2.2649705897492822e-06,-3.576265044102911e-07,-0.07302124798297882,-2.395230045067225e-07,2.2649705897492822e-06,True
Grocery,42,12345,5515,4246,4307,22734,23348,0.05744849890470505,0.03928370773792267,0.5835061073303223,0.26551827788352966,7,2.54092738032341e-05,0.0054376013576984406,2.9328857394606608e-05,0.0023456187918782234,1.597777009010315e-05,0.0015532001852989197,0.001575087197124958,5.909241735935211e-06,0.0018793652998283505,5.860630032975235e-06,0.001575087197124958,True
Grocery,42,12345,5515,4307,4246,23348,22734,0.03928370773792267,0.05744849890470505,0.26551827788352966,0.5835061073303223,7,5.7034194469451904e-06,0.0018324089469388127,6.073775874756906e-06,0.0015534060075879097,-3.944616764783859e-05,0.00234417337924242,0.0023096948862075806,4.967674612998962e-06,0.0010584554402157664,4.680134917184556e-06,0.00234417337924242,True
Grocery,42,12345,3911,5390,9049,35315,67480,0.014456363394856453,0.026261286810040474,0.16910134255886078,0.25432756543159485,7,-3.921985626220703e-05,-0.0026506988797336817,-3.998234515274583e-05,0.007378406822681427,0.000951625406742096,0.00579940527677536,0.006675370037555695,-7.566064596176147e-05,-0.00563520984724164,-8.088231723795954e-05,0.006675370037555695,True
Grocery,42,12345,3911,9049,5390,67480,35315,0.026261286810040474,0.014456363394856453,0.25432756543159485,0.16910134255886078,7,-0.00015397369861602783,-0.010623721405863762,-0.00017445603533794863,0.007169701159000397,0.001283116638660431,0.006454356014728546,0.007746338844299316,8.866190910339355e-06,0.0005726100062020123,3.8010765961350604e-06,0.007746338844299316,True
Grocery,42,12345,10190,9926,10416,77917,83524,0.28867512941360474,0.28867512941360474,1.6272364854812622,1.6272364854812622,12,0.004119241610169411,0.282987117767334,0.0045704998616843545,0.008043324574828148,0.005218517035245895,-0.0012944340705871582,0.008043324574828148,0.004119241610169411,0.282987117767334,0.004570499861684357,0.008043324574828148,True
Grocery,42,12345,10190,10416,9926,83524,77917,0.28867512941360474,0.28867512941360474,1.6272364854812622,1.6272364854812622,12,0.003500780090689659,0.23755116760730743,0.0039012273942836692,0.008442888036370277,0.005618080496788025,-0.0006759725511074066,0.008442888036370277,0.003500780090689659,0.23755116760730743,0.0039012273942836675,0.008442888036370277,True
Grocery,42,12345,4855,3946,4307,20450,23316,0.05103103443980217,0.03928370773792267,0.2369949370622635,0.26551827788352966,7,0.00028121471405029297,0.0011852072784677148,0.0002829576787413829,0.11877584457397461,0.017440438270568848,0.0771111249923706,0.09381461143493652,-0.0007369518280029297,-0.003912336193025112,-0.000797057922663617,0.09381461143493652,True
Grocery,42,12345,4855,4307,3946,23316,20450,0.03928370773792267,0.05103103443980217,0.26551827788352966,0.2369949370622635,7,-7.617473602294922e-05,-0.0004984457045793533,-8.59284418285311e-05,0.07645034790039062,-0.0005648136138916016,0.10201156139373779,0.10178875923156738,0.0003420114517211914,0.0016735311364755034,0.0003470344395061744,0.10201156139373779,True
Grocery,42,12345,10150,9551,9264,73574,70193,0.14907120168209076,0.06415002793073654,1.3344316482543945,0.43184831738471985,12,-0.026268601417541504,-0.03770773857831955,-0.026880754993552136,0.33518415689468384,0.0783417820930481,-0.0804559588432312,0.008062243461608887,0.010176420211791992,0.06098777428269386,0.010191916507339473,0.0783417820930481,True
Grocery,42,12345,10150,9264,9551,70193,73574,0.06415002793073654,0.14907120168209076,0.43184831738471985,1.3344316482543945,12,0.0033576488494873047,0.02333049476146698,0.0032980494892809603,0.02235943078994751,0.03364080190658569,0.22832071781158447,0.2540377974510193,-0.007923722267150879,-0.015356071293354034,-0.008040674765438415,0.2540377974510193,True
Grocery,42,12345,907,607,515,2645,2226,0.09534625709056854,0.09534625709056854,0.7511394619941711,0.5810045003890991,1,-4.529338184511289e-06,-0.058270882815122604,-6.083488199388741e-06,3.659483991214074e-05,1.5019377315184101e-05,1.3350545486900955e-05,2.5866847863653675e-05,-2.503074938431382e-06,-0.04614237695932388,-3.25727288208869e-06,2.5866847863653675e-05,True
Grocery,42,12345,907,1144,607,4798,2645,0.1414213627576828,0.09534625709056854,1.1723538637161255,0.7511394619941711,1,-1.2514952686615288e-05,-0.08626541495323181,-1.9591648435892765e-05,6.627500988543034e-05,2.801191294565797e-05,2.693910209927708e-05,4.75611122965347e-05,-7.3899027484003454e-06,-0.0720810517668724,-1.0808472882710366e-05,4.75611122965347e-05,True
Grocery,42,12345,907,515,607,2226,2645,0.09534625709056854,0.09534625709056854,0.5810045003890991,0.7511394619941711,1,-2.5030822143889964e-06,-0.046551663428545,-3.192165833860293e-06,2.5628451112424955e-05,1.680724381003529e-05,2.4078544811345637e-05,3.635644316091202e-05,-4.529345460468903e-06,-0.05863060802221298,-6.044859301826141e-06,3.635644316091202e-05,True
Grocery,42,12345,4502,5316,12668,34743,107179,0.0833333358168602,0.3535533845424652,0.7509031891822815,2.7697675228118896,7,0.0023507922887802124,0.05395532771945,0.0023878241542296032,0.022960007190704346,0.004930634051561356,-0.13215437531471252,-0.11080433428287506,0.016419410705566406,0.06623685359954834,0.008176257613085275,0.004930634051561356,True
Grocery,42,12345,4502,12668,5316,107179,34743,0.3535533845424652,0.0833333358168602,2.7697675228118896,0.7509031891822815,7,-0.04259886592626572,-0.1996590942144394,-0.013951892217559075,0.0,-0.05340691655874252,0.005395740270614624,-0.0494464710354805,-0.0014352947473526,-0.013259179890155792,0.00032785293308871004,0.005395740270614624,True
Grocery,42,12345,3973,10238,3972,81344,20936,0.40824827551841736,0.40824827551841736,3.3216583728790283,3.270387887954712,8,-0.10554444789886475,-0.1345777064561844,-0.029055211349905213,0.0,-0.5834420919418335,0.7311687469482422,0.5682464241981506,0.4205198287963867,0.22334131598472595,0.38050294447827615,0.7311687469482422,True
Grocery,42,12345,3973,3972,10238,20936,81344,0.40824827551841736,0.40824827551841736,3.270387887954712,3.3216583728790283,8,0.191783607006073,0.09082413464784622,0.22466422942875852,0.9599047303199768,-0.027876898646354675,-0.34038567543029785,-0.41540372371673584,-0.04714113473892212,-0.06015460193157196,-0.020034521736451958,0.0,True
Grocery,42,12345,10324,9965,10117,78324,80005,0.04902903363108635,0.0416666679084301,0.30996623635292053,0.2843012809753418,12,-0.00012806430459022522,-0.01350967027246952,-0.00014162889375808401,0.004675690084695816,0.0011583715677261353,0.004278823733329773,0.005292011424899101,-0.00014518387615680695,-0.013531637378036976,-0.00016229031262402627,0.005292011424899101,True
Grocery,42,12345,10324,10117,9965,80005,78324,0.0416666679084301,0.04902903363108635,0.2843012809753418,0.30996623635292053,12,-0.00024910643696784973,-0.02059769071638584,-0.0002808010734443936,0.005922392010688782,0.0017397720366716385,0.003734564408659935,0.005274210125207901,-0.00020012632012367249,-0.018618902191519737,-0.00022048605366775033,0.005274210125207901,True
Grocery,42,12345,7335,8183,7419,58100,52083,0.044237397611141205,0.044237397611141205,0.2530991733074188,0.47744810581207275,9,-1.47608807310462e-05,-0.03474898263812065,-1.7279293171896924e-05,0.00020500755636021495,0.00013316405238583684,0.00015901285223662853,0.0002696816227398813,-2.2495281882584095e-05,-0.040036555379629135,-2.6959872009503495e-05,0.0002696816227398813,True
Grocery,42,12345,7335,7419,8183,52083,58100,0.044237397611141205,0.044237397611141205,0.47744810581207275,0.2530991733074188,9,-3.094668500125408e-06,-0.009780842810869217,-3.652614361851253e-06,0.00015664816601201892,1.9536179024726152e-05,8.207815699279308e-05,9.911408415064216e-05,-2.500251866877079e-06,-0.012455273419618607,-2.724095995116257e-06,9.911408415064216e-05,True
Grocery,42,12345,13429,15007,14075,130277,120877,0.06622661650180817,0.05661385506391525,0.2168876975774765,0.6350589394569397,15,-0.00017128139734268188,-0.008650396019220352,-0.00018131659363579498,0.009814560413360596,0.004274256527423859,0.03371424227952957,0.03699241578578949,-0.0009960830211639404,-0.013284485787153244,-0.001163547172441257,0.03699241578578949,True
Grocery,42,12345,13429,14075,15007,120877,130277,0.05661385506391525,0.06622661650180817,0.6350589394569397,0.2168876975774765,15,0.002255834639072418,0.035704609006643295,0.0025534763418676894,0.030462324619293213,-0.006329536437988281,0.005984477698802948,3.5569071769714355e-05,0.0003806278109550476,0.03082107938826084,0.0003823755349069195,0.005984477698802948,True
Grocery,42,12345,2517,3400,3185,15858,14563,0.1767766922712326,0.25,1.1552293300628662,1.367415189743042,5,0.02218163013458252,0.03443043678998947,0.025940583372604673,0.333213210105896,0.3042808771133423,0.31898343563079834,0.617754340171814,-0.00550997257232666,-0.00443987874314189,0.00964744449720082,0.617754340171814,True
Grocery,42,12345,2517,3318,3400,15433,15858,0.10425720363855362,0.1767766922712326,0.3630651533603668,1.1552293300628662,5,0.0028423070907592773,0.013354107737541199,0.0029296209661742803,0.1078418493270874,0.05643749237060547,0.0471491813659668,0.11306142807006836,0.009474754333496094,0.0437333807349205,0.010640065217968071,0.11306142807006836,True
Grocery,42,12345,2517,3185,3400,14563,15858,0.25,0.1767766922712326,1.367415189743042,1.1552293300628662,5,0.0899343490600586,0.138797327876091,0.10160910821573327,0.3689444065093994,0.12433171272277832,0.03555035591125488,0.1809556484222412,0.021073579788208008,0.06182877719402313,0.017231075787988527,0.1809556484222412,True
Grocery,42,12345,10689,10687,10583,86457,85435,0.07216878235340118,0.0833333358168602,0.9498294591903687,0.4143456816673279,12,0.004220366477966309,0.004987965803593397,0.00359603421608673,0.4209446907043457,-0.024454951286315918,0.13327252864837646,0.11058497428894043,0.0017673969268798828,0.006587084848433733,0.0016726456656173873,0.13327252864837646,False
Grocery,42,12345,10689,10583,10687,85435,86457,0.0833333358168602,0.07216878235340118,0.4143456816673279,0.9498294591903687,12,-0.0018117427825927734,-0.004735434893518686,-0.0019380168352337301,0.1903904676437378,0.057573795318603516,0.42920005321502686,0.4827388525009155,-0.004034996032714844,-0.004161880351603031,-0.0033325873587585417,0.4827388525009155,False
Grocery,42,12345,19,15907,16536,135557,138782,0.10721125453710556,0.13245323300361633,0.44923827052116394,1.074979543685913,1,0.004526734352111816,0.05674009397625923,0.00451475845818719,0.037626713514328,0.03446038067340851,-0.06909412145614624,-0.02694067358970642,0.007693067193031311,0.058952879160642624,0.007447936639379085,0.03446038067340851,True
Grocery,42,12345,19,4029,15907,21386,135557,0.03798685595393181,0.10721125453710556,0.49703627824783325,0.44923827052116394,1,0.004857048392295837,0.03278236463665962,0.004423051684423154,0.01722373068332672,0.019721001386642456,-0.03797489404678345,-0.01589411497116089,0.0023597776889801025,0.03206654638051987,0.0022993746228056494,0.019721001386642456,True
Grocery,42,12345,19,16536,15907,138782,135557,0.13245323300361633,0.10721125453710556,1.074979543685913,0.44923827052116394,1,0.007089629769325256,0.05458098649978638,0.007328940216276489,0.031460538506507874,0.033817440271377563,-0.04034784436225891,-0.0017976760864257812,0.004732728004455566,0.0623030960559845,0.004857409801794539,0.033817440271377563,True
Grocery,42,12345,14966,10357,14008,82938,119929,0.08770579844713211,0.15811388194561005,0.5916602611541748,1.239044189453125,16,-0.0006048679351806641,-0.004334610421210527,-0.0007346151079746163,0.0,-0.012358427047729492,0.2146608829498291,0.2028512954711914,0.0005488395690917969,0.0012767552398145199,0.0004981856451929329,0.2146608829498291,False
Grocery,42,12345,14966,14008,10357,119929,82938,0.15811388194561005,0.08770579844713211,1.239044189453125,0.5916602611541748,16,0.00018548965454101562,0.0004173049528617412,0.000174337251295259,0.22233986854553223,0.007408857345581055,-0.05877566337585449,-0.05146074295043945,-9.393692016601562e-05,-0.0007984759286046028,-0.00014057341138662774,0.007408857345581055,False
Grocery,42,12345,13410,14222,14264,122556,122952,0.20412413775920868,0.25819888710975647,1.0925440788269043,1.6597181558609009,15,-0.029923856258392334,-0.02946297824382782,-0.031040691732722003,0.492859423160553,0.13237643241882324,0.27818942070007324,0.38708311319351196,-0.02348273992538452,-0.02943994291126728,-0.02669495293170746,0.38708311319351196,True
Grocery,42,12345,13410,14264,14222,122952,122556,0.25819888710975647,0.20412413775920868,1.6597181558609009,1.0925440788269043,15,-0.007253706455230713,-0.012457340955734253,-0.007363094484660965,0.28751498460769653,0.027629971504211426,0.3561171293258667,0.38167184591293335,-0.0020752549171447754,-0.0027112667448818684,-0.002888440866982453,0.38167184591293335,True
Grocery,42,12345,12073,11919,12075,100528,101954,0.15811388194561005,0.12909944355487823,0.7810142040252686,0.9932577610015869,13,4.7869107220321894e-05,0.14390645921230316,4.828022564854582e-05,0.00012355658691376448,0.0001885656383819878,8.552311919629574e-05,0.0002569488133303821,-1.713994424790144e-05,-0.0322757214307785,-2.727491973850573e-05,0.0002569488133303821,True
Grocery,42,12345,12073,11057,11919,91883,100528,0.04662524163722992,0.15811388194561005,0.1266840249300003,0.7810142040252686,13,-1.1891825124621391e-07,-0.002008050214499235,-1.3265321709210936e-07,2.954591764137149e-05,1.4298537280410528e-05,-0.00014833547174930573,-0.00012808211613446474,5.954818334430456e-06,0.020482569932937622,5.162032391897416e-06,1.4298537280410528e-05,True
Grocery,42,12345,12073,12075,11919,101954,100528,0.12909944355487823,0.15811388194561005,0.9932577610015869,0.7810142040252686,13,-9.524752385914326e-06,-0.030632847920060158,-1.5954712787926708e-05,0.00015069893561303616,5.5763230193406343e-05,-0.00015940843150019646,-8.661742322146893e-05,1.7027778085321188e-05,0.05642090365290642,1.579557927569455e-05,5.5763230193406343e-05,True
Grocery,42,12345,6450,8278,7174,58746,50111,0.1111111119389534,0.07106690853834152,0.47921594977378845,0.3614155352115631,9,-0.0005437135696411133,-0.004524220246821642,-0.0006914492499332176,0.059817343950271606,0.06383156776428223,0.08696883916854858,0.14194175601005554,-0.008858650922775269,-0.030260933563113213,-0.010048466666914552,0.14194175601005554,True
Grocery,42,12345,6450,7174,8278,50111,58746,0.07106690853834152,0.1111111119389534,0.3614155352115631,0.47921594977378845,9,-0.004281193017959595,-0.020029710605740547,-0.004903380022206305,0.10473045706748962,0.02268800139427185,0.004649519920349121,0.026988595724105835,-0.0003489255905151367,-0.0064227948896586895,-0.0003970755115770495,0.026988595724105835,True
Grocery,42,12345,12696,12930,12413,108520,105308,0.07784989476203918,0.16903084516525269,0.6507157683372498,0.7216252684593201,14,0.00027985870838165283,0.0034677693620324135,0.00032168669801735383,0.04021146893501282,-0.0015010833740234375,0.01473928987979889,0.01455126702785492,0.0013130605220794678,0.04264339804649353,0.0014391546200798432,0.01473928987979889,True
Grocery,42,12345,12696,12413,12930,105308,108520,0.16903084516525269,0.07784989476203918,0.7216252684593201,0.6507157683372498,14,0.007492631673812866,0.11524411290884018,0.007057723958631778,0.008559823036193848,-0.037200480699539185,0.032052181661129,0.0032908469438552856,0.008439145982265472,0.11633218824863434,0.008173457250364682,0.032052181661129,True
Grocery,42,12345,4366,4078,4993,21733,32096,0.06622661650180817,0.030386855825781822,0.687921404838562,0.2512620985507965,7,0.0007734745740890503,0.02113053761422634,0.0009342299235786423,0.017915550619363785,-0.0008630938827991486,0.003183964639902115,0.0023659467697143555,4.507601261138916e-05,0.007028833031654358,3.9007180982549633e-05,0.003183964639902115,True
Grocery,42,12345,4366,4993,4078,32096,21733,0.030386855825781822,0.06622661650180817,0.2512620985507965,0.687921404838562,7,8.050352334976196e-06,0.0012481088051572442,8.079512827098307e-06,0.003220990300178528,-9.152665734291077e-05,0.01861860230565071,0.018597498536109924,7.042288780212402e-05,0.0018876264803111553,9.424746158308896e-05,0.01861860230565071,True
Grocery,42,12345,14656,13380,13648,113440,116303,0.12403473258018494,0.04767312854528427,1.0425405502319336,0.37543147802352905,16,-0.0013692239299416542,-0.0559363029897213,-0.0021455986480169416,0.011554517783224583,0.0028393790125846863,0.003982303664088249,0.006238752044737339,-0.0005829306319355965,-0.04463329166173935,-0.0007290607862309648,0.006238752044737339,True
Grocery,42,12345,14656,13648,13380,116303,113440,0.04767312854528427,0.12403473258018494,0.37543147802352905,1.0425405502319336,16,-0.0004500197246670723,-0.03878071531653404,-0.00055180057595556,0.005577092058956623,0.0027633029967546463,0.008964449167251587,0.010692148469388485,-0.0010356036946177483,-0.0461912527680397,-0.0016007577796790724,0.010692148469388485,True
Grocery,42,12345,2475,12750,4746,107514,29578,0.05913123860955238,0.07312723994255066,0.28213831782341003,0.4019436538219452,4,2.4557113647460938e-05,0.00010439227480674163,-1.184138162443893e-05,0.11760711669921875,-0.03218841552734375,0.11139106750488281,0.08028244972229004,0.0010797977447509766,0.004823498427867889,0.0009910263146250542,0.11139106750488281,False
Grocery,42,12345,2475,4746,2186,29578,9392,0.07312723994255066,0.09090909361839294,0.4019436538219452,0.4556959271430969,4,0.0009360313415527344,0.004178604576736689,0.0008534874203456888,0.11153483390808105,-0.02849125862121582,0.1549062728881836,0.12675833702087402,0.00034332275390625,0.0011069361353293061,0.00032612495014368797,0.1549062728881836,False
Grocery,42,12345,2475,2186,4746,9392,29578,0.09090909361839294,0.07312723994255066,0.4556959271430969,0.4019436538219452,4,0.0004849433898925781,0.0015642616199329495,0.0004533289393267581,0.15476465225219727,-0.0490117073059082,0.11072063446044922,0.06345915794372559,0.0017502307891845703,0.007841833867132664,0.0016158362302282937,0.11072063446044922,False
Grocery,42,12345,16013,16916,257,141022,1169,0.025078492239117622,0.12909944355487823,0.2714498043060303,0.9931758046150208,17,0.00024813413619995117,0.0037618065252900124,0.00026238585979290047,0.032856643199920654,-0.0018832087516784668,0.05736875534057617,0.056276410818099976,0.0007908642292022705,0.0068456269800662994,0.0009526221233593914,0.05736875534057617,True
Grocery,42,12345,16013,257,16916,1169,141022,0.12909944355487823,0.025078492239117622,0.9931758046150208,0.2714498043060303,17,0.011658594012260437,0.11139366775751114,0.01375369232111226,0.046501293778419495,-0.04450947046279907,0.028024598956108093,-0.011404603719711304,0.005080267786979675,0.06052355840802193,0.004880404430198542,0.028024598956108093,True
Grocery,42,12345,2094,2571,3405,11256,15877,0.5,0.5,2.5981216430664062,3.0560925006866455,3,0.05039006471633911,0.11333511024713516,0.04571218690683007,0.1971105933189392,0.25538957118988037,-0.014028608798980713,0.2334720492362976,-0.00788891315460205,-0.01568714715540409,-0.3165242567102803,0.25538957118988037,True
Grocery,42,12345,2094,3405,2571,15877,11256,0.5,0.5,3.0560925006866455,2.5981216430664062,3,-0.037164926528930664,-0.08299663662910461,-0.3859644057346802,0.22722923755645752,0.15246745944023132,-0.06675910949707031,0.12330544739961624,0.03759709745645523,0.1097622886300087,0.02828912389377511,0.15246745944023132,True
Grocery,42,12345,3544,6795,7637,46619,53922,0.26726123690605164,0.37796449661254883,1.9349794387817383,3.404391050338745,5,-0.012296795845031738,-0.009789152070879936,-0.010625288821547563,0.0,-0.06998288631439209,-1.018969178199768,-1.078304648399353,0.010647416114807129,0.004912853706628084,-7.703732480403812e-05,0.0,False
Grocery,42,12345,3544,7637,6795,53922,46619,0.37796449661254883,0.26726123690605164,3.404391050338745,1.9349794387817383,5,0.14574360847473145,0.06739940494298935,0.1644781599779912,0.1634671688079834,0.2939032316207886,-0.6025002002716064,-0.2932894229888916,0.01530754566192627,0.012866804376244545,0.030071125500688307,0.2939032316207886,False
Grocery,42,12345,10133,8764,9796,64393,76508,0.4472135901451111,0.10846523195505142,3.1723670959472656,0.8733246326446533,12,0.01140303909778595,0.19689692556858063,0.009131671370988179,0.031106188893318176,0.03650299087166786,0.001865144819021225,0.03652353212237358,-0.001844603568315506,-0.024630287662148476,-0.006613827315752153,0.03652353212237358,True
Grocery,42,12345,10133,9796,8764,76508,64393,0.10846523195505142,0.4472135901451111,0.8733246326446533,3.1723670959472656,12,-0.0001798979938030243,-0.026605913415551186,-0.00031830998926082795,0.0032908357679843903,0.0016002412885427475,0.0063606854528188705,0.009451081976294518,0.0014901552349328995,0.08558199554681778,0.0012325199207536032,0.009451081976294518,True
Grocery,42,12345,12922,12750,17042,107534,141917,0.0980580672621727,0.10206206887960434,0.4678734540939331,0.9525869488716125,14,-0.00014473125338554382,-0.008692845702171326,-0.00016774987426540142,0.00825236365199089,0.004980809986591339,-0.0023094192147254944,0.002918202430009842,0.0002468116581439972,0.02417721226811409,0.00021405350957465663,0.004980809986591339,True
Grocery,42,12345,12922,17042,12750,141917,107534,0.10206206887960434,0.0980580672621727,0.9525869488716125,0.4678734540939331,14,-1.975148916244507e-05,-0.004497959744185209,-4.492939861149665e-05,0.0,-0.00025071948766708374,0.0027919113636016846,0.0026292912662029266,8.80993902683258e-05,0.015532518737018108,7.543023052462443e-05,0.0027919113636016846,True
Grocery,42,12345,11987,11793,11641,99297,97809,0.2182178795337677,0.09365858137607574,2.0926642417907715,0.9182091951370239,13,-0.0031825434416532516,-0.06043761596083641,-0.006187118170054351,0.024737883359193802,0.0015954971313476562,0.0024634171277284622,0.003736848011612892,-0.0003220662474632263,-0.04131293669342995,-0.0004087067966663709,0.003736848011612892,True
Grocery,42,12345,11987,11641,11793,97809,99297,0.09365858137607574,0.2182178795337677,0.9182091951370239,2.0926642417907715,13,-9.31350514292717e-05,-0.01763722114264965,-0.00011093600893134813,0.0025937259197235107,0.0012176670134067535,0.021140336990356445,0.021499577909708023,-0.0008584260940551758,-0.01957303285598755,-0.0015570099366987848,0.021499577909708023,True
Grocery,42,12345,12177,3303,12394,15298,105136,0.14433756470680237,0.08219949156045914,1.1931968927383423,0.5349935293197632,14,-0.009162262082099915,-0.040897391736507416,-0.0124113688540438,0.10743409395217896,0.019220367074012756,0.03114531934261322,0.047153741121292114,-0.0032119452953338623,-0.0329364649951458,-0.003751948113397479,0.047153741121292114,True
Grocery,42,12345,12177,12394,3303,105136,15298,0.08219949156045914,0.14433756470680237,0.5349935293197632,1.1931968927383423,14,-0.00289115309715271,-0.03141435608267784,-0.00336339922193089,0.04457084834575653,0.023027285933494568,0.09154435992240906,0.10529078543186188,-0.009280860424041748,-0.042212121188640594,-0.012690794829842237,0.10529078543186188,True
Grocery,42,12345,13654,14189,13230,122184,111783,0.05913123860955238,0.02752409502863884,0.720051646232605,0.2657766342163086,15,-3.6582350730895996e-05,-0.00740599911659956,-4.383511726646248e-05,0.002451482228934765,0.00018571456894278526,0.00089687155559659,0.0010586553253233433,-2.3930799216032028e-05,-0.01117608044296503,-2.670380571052846e-05,0.0010586553253233433,True
Grocery,42,12345,13654,13230,13227,111783,111591,0.02752409502863884,0.015847085043787956,0.2657766342163086,0.23544630408287048,15,-9.678304195404053e-06,-0.005142571870237589,-1.0533875648965191e-05,0.0009361542761325836,5.9198588132858276e-05,0.0005805115215480328,0.0006340467371046543,-5.663372576236725e-06,-0.004446160979568958,-6.020939714406551e-06,0.0006340467371046543,True
Grocery,42,12345,13654,13227,13230,111591,111783,0.015847085043787956,0.02752409502863884,0.23544630408287048,0.2657766342163086,15,2.021901309490204e-06,0.0017426277045160532,2.263329255946145e-06,0.0005811359733343124,7.234979420900345e-06,0.0008718660101294518,0.0008801757358014584,1.0747462511062622e-06,0.0006108988309279084,1.2525139313853522e-06,0.0008801757358014584,True
Grocery,42,12345,12023,11715,10968,98574,90889,0.10540925711393356,0.05986843630671501,0.6869027018547058,0.5083121061325073,13,-0.00042164698243141174,-0.024884846061468124,-0.0005264985546907857,0.008261134847998619,0.0014793574810028076,0.002065693959593773,0.0033970270305871964,-0.00014802441000938416,-0.02132274955511093,-0.00017953878723395047,0.0033970270305871964,True
Grocery,42,12345,12023,10968,11715,90889,98574,0.05986843630671501,0.10540925711393356,0.5083121061325073,0.6869027018547058,13,0.00011830590665340424,0.031827960163354874,0.00012365284604111924,0.0017993636429309845,-0.0016427095979452133,0.006005249917507172,0.0048654451966285706,0.0005029048770666122,0.04018925875425339,0.0005772563757469769,0.006005249917507172,True
Grocery,42,12345,8807,8510,10570,61138,85284,0.0635000616312027,0.08980265259742737,0.5512714982032776,0.7828196287155151,12,0.0016230568289756775,0.07457485049962997,0.0015449570264483847,0.008234158158302307,0.011222563683986664,0.009836465120315552,0.019693680107593536,-0.0013653486967086792,-0.033503253012895584,-0.0016700791816313854,0.019693680107593536,True
Grocery,42,12345,8807,10591,8510,85490,61138,0.029934218153357506,0.0635000616312027,0.2566130757331848,0.5512714982032776,12,-0.00018298625946044922,-0.010214286856353283,-0.00020254698341671228,0.008865870535373688,0.0025599896907806396,-0.0105934739112854,-0.007510542869567871,0.0005229413509368896,0.025306859984993935,0.00047313836669750505,0.0025599896907806396,True
Grocery,42,12345,8807,10570,8510,85284,61138,0.08980265259742737,0.0635000616312027,0.7828196287155151,0.5512714982032776,12,-0.001868709921836853,-0.03965820372104645,-0.002383832211988176,0.022625833749771118,0.010251127183437347,-0.012105412781238556,0.00018059462308883667,0.002034880220890045,0.09029006958007812,0.0019766315807210784,0.010251127183437347,True
Grocery,42,12345,7341,10832,4166,89283,22210,0.041996050626039505,0.047781847417354584,0.49456262588500977,0.5666356086730957,11,0.0008749961853027344,0.017173202708363533,0.0008663325698388402,0.02503812313079834,0.02959054708480835,0.051696449518203735,0.07760956883430481,-0.0036774277687072754,-0.023143529891967773,-0.004071836227453289,0.07760956883430481,True
Grocery,42,12345,7341,4166,10832,22210,89283,0.047781847417354584,0.041996050626039505,0.5666356086730957,0.49456262588500977,11,0.0008648931980133057,0.009087574668228626,0.0009180689641778428,0.047154128551483154,-0.003945857286453247,-0.012584894895553589,-0.016675472259521484,-0.00014472007751464844,-0.004358219914138317,-0.000143951016856645,0.0,True
Grocery,42,12345,12770,12464,12412,105566,105303,0.5773502588272095,0.40824827551841736,5.120184421539307,3.3544576168060303,14,0.0845332145690918,0.16924437880516052,0.05589144519964001,0.061910852789878845,0.12959909439086914,-0.04277709126472473,0.10366734862327576,0.016845345497131348,0.06102423369884491,0.015110734629104079,0.12959909439086914,True
Grocery,42,12345,12770,12412,12464,105303,105566,0.40824827551841736,0.5773502588272095,3.3544576168060303,5.120184421539307,14,0.018031656742095947,0.06417395919561386,0.017730073502283172,0.13147461414337158,0.06097106635570526,-0.29600563645362854,-0.146499365568161,0.08853520452976227,0.17584790289402008,0.06399876925677392,0.06097106635570526,True
Grocery,42,12345,7069,7441,7016,52401,48514,0.0345032773911953,0.06681530922651291,0.25679636001586914,0.6229509711265564,10,0.0,0.0,-1.295819335842131e-10,0.0,0.0,0.0,0.0,0.0,0.0,-3.8300977891634186e-10,0.0,True
Grocery,42,12345,7069,7016,7441,48514,52401,0.06681530922651291,0.0345032773911953,0.6229509711265564,0.25679636001586914,10,0.0,0.0,-4.2886295212158697e-10,0.0,0.0,0.0,0.0,0.0,0.0,-1.4471933870191829e-10,0.0,True
Grocery,42,12345,976,223,226,1024,1036,0.18898224830627441,0.16903084516525269,1.55246901512146,1.62751042842865,1,-8.716416778042912e-05,-0.06698574125766754,-0.00016721642661617157,0.0006070301751606166,8.018908556550741e-05,0.00021043562446720898,0.00026489869924262166,-2.5726010790094733e-05,-0.04630866274237633,-4.582460537054841e-05,0.00026489869924262166,True
Grocery,42,12345,976,226,223,1036,1024,0.16903084516525269,0.18898224830627441,1.62751042842865,1.55246901512146,1,-3.585012746043503e-05,-0.05815921351313591,-6.148036641866685e-05,0.00029027671553194523,0.00018378999084234238,0.0005794758908450603,0.0006491928943432868,-0.00011407298734411597,-0.08076142519712448,-0.000219511552746577,0.0006491928943432868,True
Grocery,42,12345,3502,15233,4404,131961,25455,0.20412413775920868,0.043274231255054474,1.3254867792129517,0.21329128742218018,6,0.08456659317016602,0.1216111034154892,0.08562968808640758,0.24877214431762695,0.32715415954589844,-0.05201911926269531,0.28132009506225586,0.006185054779052734,0.009364294819533825,0.004634130865363198,0.32715415954589844,False
Grocery,42,12345,3502,4404,15233,25455,131961,0.043274231255054474,0.20412413775920868,0.21329128742218018,1.3254867792129517,6,-2.193450927734375e-05,-0.00023558812972623855,-6.325364752882146e-05,0.04656362533569336,0.025261402130126953,-0.3266901969909668,-0.2801480293273926,0.021280765533447266,0.033666789531707764,0.023514506108712023,0.025261402130126953,False
Grocery,42,12345,3881,5983,5810,40640,38797,0.1259881556034088,0.18257418274879456,1.3208190202713013,2.3417301177978516,8,0.0027458760887384415,0.1313319057226181,0.003741692882439129,0.00908101350069046,-0.003431841731071472,0.005863206926733255,0.004192475229501724,0.001761110033839941,0.13057316839694977,0.0022386987138708295,0.005863206926733255,True
Grocery,42,12345,3881,5810,5875,38797,39512,0.18257418274879456,0.2182178795337677,2.3417301177978516,2.8917429447174072,8,0.003802310675382614,0.33218589425086975,0.0036729232643152193,0.0038220062851905823,-0.008973979391157627,0.0054495553486049175,0.0016903961077332497,0.005214820150285959,0.3236216902732849,0.005571823499839007,0.0054495553486049175,True
Grocery,42,12345,3881,5875,5810,39512,38797,0.2182178795337677,0.18257418274879456,2.8917429447174072,2.3417301177978516,8,0.005490836221724749,0.3466891348361969,0.0056986414163395895,0.005173539277166128,-0.007951514795422554,0.0036233742721378803,-0.0003271978348493576,0.004000942688435316,0.33615443110466003,0.0037475466133679485,0.0036233742721378803,True
Grocery,42,12345,13683,9217,14559,69729,125768,0.03566881641745567,0.18257418274879456,0.30033349990844727,1.1854987144470215,15,-0.004558682441711426,-0.010301440954208374,-0.004813763263409057,0.0,-0.11035513877868652,-0.44796812534332275,-0.5965636968612671,-0.03824043273925781,-0.03311184048652649,-0.039476828040209376,0.0,False
Grocery,42,12345,13683,14559,9217,125768,69729,0.18257418274879456,0.03566881641745567,1.1854987144470215,0.30033349990844727,15,-0.13379329442977905,-0.09125030040740967,-0.10841199207261903,0.0,-0.4308750033378601,-0.06278938055038452,-0.5103821158409119,-0.016717731952667236,-0.016650356352329254,-0.016674711590216783,0.0,False
Grocery,42,12345,6911,6758,8111,46429,57578,0.06262242794036865,0.08703882992267609,0.625455915927887,1.0469083786010742,9,-0.0006758254021406174,-0.033758021891117096,-0.0009019585781034969,0.009671932086348534,0.003201674669981003,0.014456411823630333,0.017229149118065834,-0.0004289373755455017,-0.01229496207088232,-0.0005930795663090403,0.017229149118065834,True
Grocery,42,12345,6911,8111,6758,57578,46429,0.08703882992267609,0.06262242794036865,1.0469083786010742,0.625455915927887,9,-0.0014572981745004654,-0.035665810108184814,-0.0019920079372660014,0.019701248034834862,0.005208885297179222,0.007215779274702072,0.011432254686951637,-0.000992409884929657,-0.04159839451313019,-0.001263647228175921,0.011432254686951637,True
Grocery,42,12345,16057,1104,16653,4688,139481,0.1348399817943573,0.20000000298023224,0.8413529992103577,0.8148449063301086,17,0.0018274188041687012,0.009392824955284595,6.668257459080396e-05,0.09636366367340088,-0.03112158179283142,0.09312030673027039,0.07484915852546692,0.012850433588027954,0.06454550474882126,0.013695055968681818,0.09312030673027039,True
Grocery,42,12345,16057,16653,1104,139481,4688,0.20000000298023224,0.1348399817943573,0.8148449063301086,0.8413529992103577,17,0.014700502157211304,0.07453089207410812,0.014969557851752996,0.10457897186279297,0.014432668685913086,0.09931477904319763,0.11262375116348267,-0.0011236965656280518,-0.0049639553762972355,-0.006102565987002172,0.11262375116348267,True
Grocery,42,12345,10386,9264,9716,70196,75428,0.07856741547584534,0.08512565493583679,0.5289040207862854,0.7620141506195068,12,0.002175644040107727,0.05134159326553345,0.002094047735466651,0.008583642542362213,0.015072226524353027,0.048303067684173584,0.059062354266643524,-0.004312939941883087,-0.03522560000419617,-0.00551844359866821,0.059062354266643524,True
Grocery,42,12345,10386,9716,9264,75428,70196,0.08512565493583679,0.07856741547584534,0.7620141506195068,0.5289040207862854,12,-0.002077139914035797,-0.02016092650592327,-0.0027257107268273614,0.05047542601823807,0.003585405647754669,-0.020922958850860596,-0.016514696180820465,0.0008228570222854614,0.020058395341038704,0.0007914812191042007,0.003585405647754669,True
Grocery,42,12345,9559,8714,9746,63757,75982,0.11470786482095718,0.03244428336620331,0.5979986786842346,0.2555136978626251,12,-7.42119736969471e-05,-0.0210314579308033,-8.841989293517075e-05,0.0017271977849304676,0.0013660592958331108,0.0005347346886992455,0.0017976346425712109,-0.0001031593419611454,-0.027892673388123512,-0.00011999392416486597,0.0017976346425712109,True
Grocery,42,12345,9559,9746,8714,75982,63757,0.03244428336620331,0.11470786482095718,0.2555136978626251,0.5979986786842346,12,-5.187001079320908e-06,-0.005139881744980812,-5.577250309123842e-06,0.0005019851960241795,6.673811003565788e-05,0.0003916011191904545,0.000456823967397213,-1.5152618288993835e-06,-0.001655710395425558,-2.155205459380011e-06,0.000456823967397213,True
Grocery,42,12345,12624,12614,12284,106774,103914,0.027863910421729088,0.04123930633068085,0.1486947387456894,0.13785196840763092,14,4.6938657760620117e-07,0.0011082506971433759,6.093814929254595e-07,0.0002119988203048706,7.432326674461365e-05,-0.0005446635186672211,-0.00046980753540992737,5.327165126800537e-07,0.0004892674623988569,3.141846872248376e-07,7.432326674461365e-05,True
Grocery,42,12345,12624,12708,12284,107343,103914,0.05698028951883316,0.04123930633068085,0.6101032495498657,0.13785196840763092,14,-0.00016534700989723206,-0.012668268755078316,-0.00015447459805674555,0.0,-0.0010904110968112946,-0.0005295313894748688,-0.0016345418989658356,-1.4599412679672241e-05,-0.004485923331230879,-1.4510861716228424e-05,0.0,True
Grocery,42,12345,12624,12284,12614,103914,106774,0.04123930633068085,0.027863910421729088,0.13785196840763092,0.1486947387456894,14,-3.0782073736190796e-05,-0.0054659536108374596,-2.986860323768751e-05,0.0,-0.002329867333173752,0.00012558326125144958,-0.0021922551095485687,1.202896237373352e-05,0.002588145202025771,1.172745036658401e-05,0.00012558326125144958,True
Grocery,42,12345,13676,1380,13882,5823,118644,0.07881104201078415,0.07881104201078415,0.4405370056629181,0.5484925508499146,15,0.0002685636281967163,0.007397736422717571,0.0002911222467523074,0.01801745593547821,-0.0008628368377685547,0.01794077455997467,0.01744142174720764,0.0003634840250015259,0.010028516873717308,0.00041087133687544956,0.01794077455997467,True
Grocery,42,12345,13676,13882,1380,118644,5823,0.07881104201078415,0.07881104201078415,0.5484925508499146,0.4405370056629181,15,-0.0012188106775283813,-0.02062428928911686,-0.001385500823292491,0.02893853187561035,0.010617628693580627,0.019488602876663208,0.028903856873512268,-0.0012023746967315674,-0.020375743508338928,-0.0013287929716118978,0.028903856873512268,True
Grocery,42,12345,214,12070,16379,101816,137958,0.08703882992267609,0.12038585543632507,0.6128512024879456,1.017570972442627,1,0.005539894104003906,0.07299445569515228,0.005395593960498508,0.0,-0.006181776523590088,-0.34598734974861145,-0.3500669300556183,0.002102196216583252,0.00299357483163476,-3.079054015458268e-05,0.0,True
Grocery,42,12345,214,16379,12070,137958,101816,0.12038585543632507,0.08703882992267609,1.017570972442627,0.6128512024879456,1,-0.014971792697906494,-0.02039468102157116,-0.013276035514708073,0.0,-0.05045193433761597,-0.030386149883270264,-0.07600969076156616,0.004828393459320068,0.030783943831920624,0.004619070592672897,0.0,True
Grocery,42,12345,15035,15660,3788,134451,18641,0.18257418274879456,0.021195195615291595,1.7600101232528687,0.273062139749527,17,-0.0005571935325860977,-0.023893985897302628,-0.0009144452761934698,0.011381100863218307,0.002931719645857811,-0.0024035368114709854,0.0009060688316822052,0.00037788599729537964,0.060545697808265686,0.0003820859925902536,0.002931719645857811,True
Grocery,42,12345,15035,3788,15660,18641,134451,0.021195195615291595,0.18257418274879456,0.273062139749527,1.7600101232528687,17,5.937926471233368e-05,0.014445082284510136,5.576125829535178e-05,0.00044132210314273834,0.0005500614643096924,0.0075636617839336395,0.008064363151788712,-4.936009645462036e-05,-0.003051044885069132,-8.522942141129616e-05,0.008064363151788712,True
Grocery,42,12345,135,12776,7740,107612,54785,0.034020692110061646,0.08606629818677902,0.2536737024784088,0.45320239663124084,2,0.00018787384033203125,0.001835135743021965,0.00018618529598724703,0.03788161277770996,-0.0515284538269043,0.08811187744140625,0.03701615333557129,0.00043272972106933594,0.002449554391205311,0.0004249768449877257,0.08811187744140625,False
Grocery,42,12345,135,7740,12776,54785,107612,0.08606629818677902,0.034020692110061646,0.45320239663124084,0.2536737024784088,2,0.0008013248443603516,0.004545546602457762,0.0008035214356271608,0.08774328231811523,-0.07044410705566406,0.037650346755981445,-0.03237557411193848,0.0004181861877441406,0.0029770489782094955,0.0004239450918405392,0.037650346755981445,False
Grocery,42,12345,6409,6613,7125,45484,49550,0.07784989476203918,0.07312723994255066,0.661114513874054,0.6788449883460999,10,-1.9268016330897808e-05,-0.01659136638045311,-2.5356631851505503e-05,0.0005710249533876777,4.679802805185318e-05,0.0003470474621281028,0.0003834980307146907,-1.0347459465265274e-05,-0.013311137445271015,-1.2817594174212911e-05,0.0003834980307146907,True
Grocery,42,12345,6409,7125,6613,49550,45484,0.07312723994255066,0.07784989476203918,0.6788449883460999,0.661114513874054,10,-1.4040677342563868e-05,-0.01805381290614605,-1.9107193340416192e-05,0.000381830963306129,6.33379677310586e-05,0.000547554052900523,0.0005786443362012506,-3.224768443033099e-05,-0.02710922807455063,-4.953806585743706e-05,0.0005786443362012506,True
Grocery,42,12345,11641,11717,11300,98585,94645,0.040555354207754135,0.0613139308989048,0.2875286638736725,0.20611001551151276,13,1.1920883480343036e-07,0.11008504033088684,-1.0539640276620372e-08,5.960441740171518e-07,1.1920883480343036e-07,1.1920883480343036e-07,2.3841766960686073e-07,0.0,0.0,-1.8782473895099103e-09,2.3841766960686073e-07,True
Grocery,42,12345,11641,11300,11717,94645,98585,0.0613139308989048,0.040555354207754135,0.20611001551151276,0.2875286638736725,13,0.0,0.0,3.746448415893385e-09,1.1920883480343036e-07,0.0,5.960441740171518e-07,5.960441740171518e-07,0.0,0.0,1.2798176031743066e-08,5.960441740171518e-07,True
Grocery,42,12345,11641,16941,11300,141211,94645,0.09365858137607574,0.0613139308989048,0.5735607147216797,0.20611001551151276,13,0.0,0.0,-2.0796501097057205e-08,3.576265044102911e-07,3.576265044102911e-07,1.1920883480343036e-07,4.7683533921372145e-07,0.0,0.0,-1.192160004161607e-08,4.7683533921372145e-07,True
Grocery,42,12345,11021,10948,11553,90620,96902,0.2182178795337677,0.10050378739833832,2.1019272804260254,1.4042166471481323,13,-0.012348949909210205,-0.01706121116876602,-0.008431844358485707,0.35572686791419983,0.05996352434158325,0.2529027760028839,0.290615051984787,-0.022251248359680176,-0.03687147796154022,-0.02718882181348119,0.290615051984787,True
Grocery,42,12345,11021,11553,10948,96902,90620,0.10050378739833832,0.2182178795337677,1.4042166471481323,2.1019272804260254,13,-0.02461230754852295,-0.040184538811445236,-0.02815124342913955,0.2939348518848419,0.0617639422416687,0.3287583887577057,0.3674294054508209,-0.023092925548553467,-0.03046754002571106,-0.022022021673981852,0.3674294054508209,True
Grocery,42,12345,5288,9719,4860,75472,30752,0.05933908745646477,0.09053575247526169,0.5491824150085449,1.23135507106781,7,-0.001196146011352539,-0.0032513169571757317,-0.0013700046100383334,0.0,-0.10353565216064453,0.9083175659179688,0.8052639961242676,0.0004820823669433594,0.0002653006522450596,-0.0013232325366462142,0.9083175659179688,False
Grocery,42,12345,5288,4860,9719,30752,75472,0.09053575247526169,0.05933908745646477,1.23135507106781,0.5491824150085449,7,-0.0018024444580078125,-0.0009390877094119787,-0.0016645480050384576,0.9587771892547607,0.048166751861572266,-0.08269715309143066,-0.03452181816101074,8.58306884765625e-06,5.189727380638942e-05,-2.1919644037104752e-05,0.048166751861572266,False
Grocery,42,12345,7750,16043,4029,136286,21559,0.13245323300361633,0.03798685595393181,1.257466197013855,0.49703627824783325,11,0.016263797879219055,0.06349805742502213,0.014588410741594865,0.026703670620918274,0.03587545454502106,-0.04587313532829285,-0.0029056668281555176,0.007092013955116272,0.08377621322870255,0.006656076472757252,0.03587545454502106,True
Grocery,42,12345,7750,4029,16043,21559,136286,0.03798685595393181,0.13245323300361633,0.49703627824783325,1.257466197013855,11,-5.9410929679870605e-05,-0.0007665645680390298,-9.552861372199434e-05,0.0027357488870620728,0.0018843114376068115,-0.12072518467903137,-0.11804920434951782,0.0007916688919067383,0.003289591521024704,0.0006655253441816948,0.0018843114376068115,True
Grocery,42,12345,14875,2193,14908,9495,129221,0.05735393241047859,0.060633908957242966,0.35323357582092285,0.47165676951408386,15,0.004568189382553101,0.049585748463869095,0.004822494039612442,0.04377943277359009,-0.023075729608535767,0.022348076105117798,0.0027552545070648193,0.003482908010482788,0.07229088991880417,0.0036508175720975054,0.022348076105117798,True
Grocery,42,12345,14875,13130,2193,110256,9495,0.0314970389008522,0.05735393241047859,0.28154706954956055,0.35323357582092285,15,-0.0010311901569366455,-0.00795850157737732,-0.001093410878254611,0.06426984071731567,0.007311373949050903,0.04891389608383179,0.05565899610519409,-0.0005662739276885986,-0.005061246920377016,-0.0006145540366748977,0.05565899610519409,True
Grocery,42,12345,14875,14908,2193,129221,9495,0.060633908957242966,0.05735393241047859,0.47165676951408386,0.35323357582092285,15,-0.0004971325397491455,-0.00722873117774725,-0.0005872381889453736,0.0341373085975647,0.00877329707145691,0.04931172728538513,0.0571209192276001,-0.0009641051292419434,-0.00836853589862585,-0.0010637774519840384,0.0571209192276001,True
Grocery,42,12345,12560,12273,12478,103681,105678,0.07372097671031952,0.1178511381149292,0.5007896423339844,0.844364583492279,14,-0.001574397087097168,-0.005630165338516235,-0.0016092809403345232,0.1390308141708374,0.023288488388061523,0.29505836963653564,0.31445902585983276,-0.0038878321647644043,-0.006143799051642418,-0.003648724244773284,0.31445902585983276,True
Grocery,42,12345,12560,12478,12273,105678,103681,0.1178511381149292,0.07372097671031952,0.844364583492279,0.5007896423339844,14,-0.006453990936279297,-0.009805162437260151,-0.006469652729248876,0.3258848786354065,0.031352102756500244,0.12114715576171875,0.14940756559371948,-0.0030916929244995117,-0.010240552946925163,-0.0033115977903151374,0.14940756559371948,True
Grocery,42,12345,15834,10832,3788,89357,18655,0.041996050626039505,0.02997453138232231,0.49456262588500977,0.38616815209388733,17,4.195934161543846e-05,0.027619168162345886,4.2062136335976517e-05,0.0007386207580566406,-0.00014072097837924957,0.00023813312873244286,0.00014595361426472664,4.8541463911533356e-05,0.09249204397201538,4.6068674757810587e-05,0.00023813312873244286,True
Grocery,42,12345,15834,3788,10832,18655,89357,0.02997453138232231,0.041996050626039505,0.38616815209388733,0.49456262588500977,17,1.2663658708333969e-05,0.02258562482893467,1.2022167433815443e-05,0.00027401093393564224,-5.268258973956108e-05,0.000764389056712389,0.000727897509932518,1.6191042959690094e-05,0.010479780845344067,1.6963367074947177e-05,0.000764389056712389,True
Grocery,42,12345,3253,7709,2581,54478,11279,0.5773502588272095,0.2182178795337677,3.046724796295166,1.549108862876892,3,0.04278741031885147,0.3352634608745575,0.043360413835560024,0.04241790622472763,0.10607872158288956,0.026140987873077393,0.11134641617536545,-0.0208732932806015,-0.08569866418838501,-0.08507008175902861,0.11134641617536545,True
Grocery,42,12345,3253,2880,2581,12943,11279,0.20412413775920868,0.2182178795337677,1.364485740661621,1.549108862876892,3,-0.01239384338259697,-0.12372701615095139,-0.026222080349633733,0.04388850927352905,0.02899964526295662,0.013313259929418564,0.03426733613014221,-0.008045569062232971,-0.1050606295466423,-0.02154752115285427,0.03426733613014221,True
Grocery,42,12345,3253,2581,2880,11279,12943,0.2182178795337677,0.20412413775920868,1.549108862876892,1.364485740661621,3,-0.005890538915991783,-0.09147684276103973,-0.01557011249039842,0.029251614585518837,0.028090521693229675,0.02053772285580635,0.03863110393285751,-0.009997140616178513,-0.11456812173128128,-0.019807017030746714,0.03863110393285751,True
Grocery,42,12345,12541,16837,15848,140471,135213,0.08770579844713211,0.11180339753627777,0.5573837757110596,0.8059870600700378,14,0.005740165710449219,0.013323932886123657,0.005561305845135561,0.0,-0.00444483757019043,-0.3359842300415039,-0.3387012481689453,0.0017278194427490234,0.002544164890423417,0.0012675144289543295,0.0,False
Grocery,42,12345,12541,15848,16837,135213,140471,0.11180339753627777,0.08770579844713211,0.8059870600700378,0.5573837757110596,14,-0.0012750625610351562,-0.001910955528728664,-0.0019372109610970578,0.01572728157043457,0.01202392578125,-0.20650911331176758,-0.19205665588378906,0.0024285316467285156,0.005914740730077028,0.002230431939341334,0.01202392578125,False
Grocery,42,12345,3196,3362,2875,15724,12928,0.21320071816444397,0.40824827551841736,0.6909642815589905,1.4073299169540405,3,-0.0015575625002384186,-0.015174509957432747,-0.0025015676858494585,0.05054289102554321,0.03726433962583542,-0.015391036868095398,0.031060554087162018,0.009187251329421997,0.1097431555390358,0.007715071605198229,0.03726433962583542,True
Grocery,42,12345,3196,2875,3362,12928,15724,0.40824827551841736,0.21320071816444397,1.4073299169540405,0.6909642815589905,3,0.05577459931373596,0.13895487785339355,0.07880646359169748,0.17280590534210205,0.23110876977443695,0.005062103271484375,0.2336426079273224,-0.002528265118598938,-0.00538142304867506,-0.0015197418332259932,0.2336426079273224,True
Grocery,42,12345,1788,1307,342,5435,1549,0.5773502588272095,0.12309148907661438,3.096694231033325,0.8553751111030579,1,-0.0050590913742780685,-0.138406902551651,-0.01138818104131874,0.015746600925922394,0.007995374500751495,0.0014774119481444359,0.008852869272232056,-0.0006199171766638756,-0.03382781147956848,-0.0008984998315097072,0.008852869272232056,True
Grocery,42,12345,1788,342,8555,1549,61682,0.12309148907661438,0.10369516909122467,0.8553751111030579,0.7023195028305054,1,-0.00024641817435622215,-0.03795916587114334,-0.0003117151349455237,0.0031226184219121933,0.0019915257580578327,-0.00020551681518554688,0.0018131881952285767,2.7179252356290817e-05,0.006777462083846331,-6.751301969610196e-06,0.0019915257580578327,True
Grocery,42,12345,1788,8555,342,61682,1549,0.10369516909122467,0.12309148907661438,0.7023195028305054,0.8553751111030579,1,-0.00012093828991055489,-0.10307402908802032,-0.00013779743417096014,0.000647121574729681,0.0006459788419306278,0.0009772907942533493,0.0015034740790724754,-0.0001197955571115017,-0.03831307590007782,-0.0001488660078369158,0.0015034740790724754,True
Grocery,42,12345,47,5871,1249,39319,5255,0.05050762742757797,0.26726123690605164,0.5321106910705566,1.7524940967559814,1,2.463452983647585e-05,0.13715417683124542,2.511456052676837e-05,7.748370990157127e-05,-0.00010672374628484249,0.0014699777821078897,0.0014493863563984632,8.613232057541609e-05,0.02846316434442997,0.00013422775251816055,0.0014699777821078897,True
Grocery,42,12345,47,1249,5871,5255,39319,0.26726123690605164,0.05050762742757797,1.7524940967559814,0.5321106910705566,1,-0.0006977429147809744,-0.09586340188980103,-0.0015790439691384071,0.0032903794199228287,0.0008906513685360551,-4.3756794184446335e-05,0.0009927696082741022,0.00014587503392249346,0.07569321244955063,0.00020445594139509662,0.0009927696082741022,True
Grocery,42,12345,1605,1917,1103,8105,4674,0.12909944355487823,0.08451542258262634,1.4840961694717407,1.0802468061447144,1,-7.36868241801858e-05,-0.04482072964310646,-0.00010863941992533008,0.0007851688424125314,0.0004784695338457823,8.726969826966524e-05,0.000562207424081862,-3.5318080335855484e-06,-0.0031311558559536934,-6.6420424126500065e-06,0.000562207424081862,True
Grocery,42,12345,1605,1103,1917,4674,8105,0.08451542258262634,0.12909944355487823,1.0802468061447144,1.4840961694717407,1,-2.359505742788315e-06,-0.0033773628529161215,-2.7969791143466253e-06,0.00034812709782272577,0.000303280889056623,0.00027779547963291407,0.0005398251814767718,-4.125118721276522e-05,-0.03680146485567093,-5.23872943021292e-05,0.0005398251814767718,True
Grocery,42,12345,9406,10381,10725,83250,87223,0.13608276844024658,0.3333333432674408,1.3069590330123901,1.9536573886871338,12,9.74256545305252e-06,0.0008747170213609934,-2.9443349504804962e-06,0.005573847331106663,0.003749936819076538,-0.003846445120871067,0.0014914069324731827,0.0015879152342677116,0.17473044991493225,0.0015172062078969276,0.003749936819076538,True
Grocery,42,12345,9406,10725,10381,87223,83250,0.3333333432674408,0.13608276844024658,1.9536573886871338,1.3069590330123901,12,0.0035937726497650146,0.17826855182647705,0.004034321294195098,0.008282768540084362,0.011850826442241669,0.00022002309560775757,0.012096564285457134,2.5714747607707977e-05,0.0010640252148732543,-1.6986351069043712e-05,0.012096564285457134,True
Grocery,42,12345,11250,11862,15017,100097,130475,0.10482847690582275,0.26726123690605164,0.8118683099746704,1.511271357536316,13,-3.1414616387337446e-05,-0.0413900762796402,-4.056886999177599e-05,0.00036378222284838557,0.00023816648172214627,0.00044065259862691164,0.0005814641481265426,-9.735493222251534e-05,-0.07724784314632416,-0.00016617894458123897,0.0005814641481265426,True
Grocery,42,12345,11250,15017,11862,130475,100097,0.26726123690605164,0.10482847690582275,1.511271357536316,0.8118683099746704,13,-8.676608558744192e-06,-0.010685557499527931,-3.4214646251273816e-05,0.00040165369864553213,5.288585089147091e-05,0.00019476248417049646,0.0002444419078528881,-3.2064272090792656e-06,-0.006515800952911377,-1.239556491364604e-05,0.0002444419078528881,True
Grocery,42,12345,7692,6852,7283,47034,51025,0.04667600244283676,0.049690403044223785,0.3653450012207031,0.4989727735519409,9,4.290108336135745e-06,0.058805543929338455,4.697434413502545e-06,3.432702214922756e-05,-2.3122236598283052e-05,4.159752279520035e-05,2.3837914341129363e-05,5.362628144212067e-06,0.06054836884140968,5.857701269144365e-06,4.159752279520035e-05,True
Grocery,42,12345,7692,7283,6852,51025,47034,0.049690403044223785,0.04667600244283676,0.4989727735519409,0.3653450012207031,9,4.29006468039006e-06,0.047858696430921555,4.811647908731608e-06,4.2670086259022355e-05,-1.7878119251690805e-05,3.516122524160892e-05,2.07390112336725e-05,3.455905243754387e-06,0.04683537408709526,3.854301795421588e-06,3.516122524160892e-05,True
Grocery,42,12345,8616,9476,9019,72962,67125,0.18257418274879456,0.14433756470680237,1.571516513824463,0.7760327458381653,12,0.0014085769653320312,0.0027270696591585875,0.0017926830952579784,0.2575540542602539,0.25846195220947266,0.15984249114990234,0.4188055992126465,0.0005011558532714844,0.0005986738251522183,0.0007010940221757555,0.4188055992126465,False
Grocery,42,12345,8616,9019,9476,67125,72962,0.14433756470680237,0.18257418274879456,0.7760327458381653,1.571516513824463,12,-4.3392181396484375e-05,-7.473344157915562e-05,1.3886556846892661e-05,0.29029130935668945,0.1290426254272461,-0.05261087417602539,0.07729387283325195,0.00086212158203125,0.00332933128811419,0.0011312570005799507,0.1290426254272461,False
Grocery,42,12345,8616,1484,9476,6177,72962,0.5773502588272095,0.18257418274879456,5.877528190612793,1.571516513824463,12,-0.7503199577331543,-0.11361964046955109,-1.0440383099030233,0.0,-1.5245137214660645,-0.04185605049133301,-1.5762624740600586,-0.009892702102661133,-0.0031479031313210726,-0.022277741859017146,0.0,False
Grocery,42,12345,11939,11937,11914,100770,100514,0.25,0.11180339753627777,1.3848962783813477,0.7628511786460876,13,0.003561146557331085,0.10811121761798859,0.003523513120402921,0.0146892499178648,-0.0028739627450704575,0.0041121989488601685,0.0020776279270648956,0.0008393917232751846,0.09260924905538559,0.0005939628266190152,0.0041121989488601685,True
Grocery,42,12345,11939,11914,11937,100514,100770,0.11180339753627777,0.25,0.7628511786460876,1.3848962783813477,13,0.00048824772238731384,0.0518588051199913,0.0004859238631212204,0.004463342949748039,-0.0033921655267477036,0.016250377520918846,0.014858230948448181,0.0020000189542770386,0.05797024443745613,0.0025844914883134257,0.016250377520918846,True
Grocery,42,12345,10532,12363,12493,104724,105885,0.06933752447366714,0.06681530922651291,0.41483810544013977,0.6545220017433167,12,0.00010540522634983063,0.016241995617747307,9.849417182342449e-05,0.003192128613591194,0.0023382138460874557,-0.008073948323726654,-0.004776414483785629,0.000959319993853569,0.06316058337688446,0.000826190783850952,0.0023382138460874557,True
Grocery,42,12345,10532,12493,12363,105885,104724,0.06681530922651291,0.06933752447366714,0.6545220017433167,0.41483810544013977,12,0.0011389106512069702,0.07410837709903717,0.0009904320985311289,0.002814318984746933,0.003814348950982094,-0.0004109516739845276,0.0035422779619693756,0.0001388806849718094,0.017879512161016464,0.0001351111195256244,0.003814348950982094,True
Grocery,42,12345,3591,7532,8002,53125,56746,0.37796449661254883,0.15430335700511932,1.6215417385101318,0.8821555972099304,3,0.001809965819120407,0.03770558536052704,0.0025855646674275644,0.02309630811214447,0.020839251577854156,-0.008507121354341507,0.01639915257692337,0.004067022353410721,0.08890533447265625,0.004894138590949823,0.020839251577854156,True
Grocery,42,12345,3591,8002,7532,56746,53125,0.15430335700511932,0.37796449661254883,0.8821555972099304,1.6215417385101318,3,0.0021482305601239204,0.09588256478309631,0.0022682104167371514,0.010128284804522991,0.011288819834589958,-0.0014171022921800613,0.01085941307246685,0.0009876955300569534,0.041913051158189774,0.0013001831504892442,0.011288819834589958,True
Grocery,42,12345,1013,3417,159,15922,740,0.018871283158659935,0.14907120168209076,0.10668091475963593,0.8344783782958984,1,-0.00029581785202026367,-0.005717148073017597,-0.0003003690099904234,0.025723189115524292,0.022137701511383057,0.16079667210578918,0.17787939310073853,-0.005054980516433716,-0.01400994323194027,-0.005382901661271297,0.17787939310073853,True
Grocery,42,12345,1013,159,3417,740,15922,0.14907120168209076,0.018871283158659935,0.8344783782958984,0.10668091475963593,1,-0.031174689531326294,-0.04644017666578293,-0.03289210384165259,0.32005617022514343,0.1350046992301941,0.01020956039428711,0.14334964752197266,-0.001864612102508545,-0.006461695302277803,-0.0019194154670034106,0.14334964752197266,True
Grocery,42,12345,2165,6851,3812,47019,18785,0.37796449661254883,0.13363061845302582,2.3686654567718506,0.7138826251029968,3,0.2604250907897949,0.1615685075521469,0.24224504898212418,0.3724704086780548,0.5813688039779663,-0.23302435874938965,0.3998701572418213,0.05152571201324463,0.0424337200820446,0.04378493202720188,0.5813688039779663,False
Grocery,42,12345,2165,3812,6851,18785,47019,0.13363061845302582,0.37796449661254883,0.7138826251029968,2.3686654567718506,3,0.02367246150970459,0.05106469243764877,0.022335012611259863,0.21995270252227783,0.12908616662025452,-0.7902539968490601,-0.5466285943984985,0.1145392656326294,0.07813213765621185,0.09929422371225308,0.12908616662025452,False
Grocery,42,12345,11474,11164,12160,93024,102835,0.08908708393573761,0.08908708393573761,0.9661911725997925,0.8831877112388611,13,-1.072519808076322e-06,-0.006790772546082735,-1.3841299397175134e-06,7.842764898668975e-05,3.33719071932137e-06,8.450595487374812e-05,8.653227996546775e-05,-1.3108656276017427e-06,-0.007517059799283743,-1.6840284356402136e-06,8.653227996546775e-05,True
Grocery,42,12345,11474,12160,11164,102835,93024,0.08908708393573761,0.08908708393573761,0.8831877112388611,0.9661911725997925,13,5.124493327457458e-06,0.03177474066615105,6.318452503356199e-06,7.807059591868892e-05,-1.1203621397726238e-05,7.06809587427415e-05,6.412518268916756e-05,4.6478453441523015e-06,0.03183025121688843,5.74474903059719e-06,7.06809587427415e-05,True
Grocery,42,12345,9456,9564,9066,73784,67639,0.2357022762298584,0.2357022762298584,2.2885642051696777,1.5088894367218018,12,-0.00011659384472295642,-0.1034722849726677,-0.00022472494229975004,0.0005051041953265667,0.0002936932723969221,0.00030537130078300834,0.00049247668357566,-0.00010658788960427046,-0.09764808416366577,-0.00019733039744143904,0.00049247668357566,True
Grocery,42,12345,9456,9066,10364,67639,82973,0.2357022762298584,0.19245009124279022,1.5088894367218018,1.5647794008255005,12,-0.00013718914124183357,-0.10821710526943207,-0.0002663499832937769,0.0005652611725963652,0.0002441680699121207,7.768880459479988e-05,0.00030697742477059364,-1.4879449736326933e-05,-0.023661579936742783,-2.8489894691166833e-05,0.00030697742477059364,True
Grocery,42,12345,9456,10364,9066,82973,67639,0.19245009124279022,0.2357022762298584,1.5647794008255005,1.5088894367218018,12,8.228249498642981e-06,0.029567638412117958,7.788768413170307e-06,0.00014325194933917373,0.00011164933675900102,0.00022176187485456467,0.0003104327479377389,-2.2978463675826788e-05,-0.035688936710357666,-3.681478656934966e-05,0.0003104327479377389,True
Grocery,42,12345,9465,13621,9061,115956,67588,0.15430335700511932,0.09449112415313721,0.8483039736747742,0.6324741840362549,12,0.001508951187133789,0.008751563727855682,0.0013114415859327155,0.022964656352996826,0.02536606788635254,0.07467615604400635,0.09914976358413696,-0.0008924603462219238,-0.004480402451008558,-0.0008913837087583902,0.09914976358413696,True
Grocery,42,12345,9465,9061,13621,67588,115956,0.09449112415313721,0.15430335700511932,0.6324741840362549,0.8483039736747742,12,0.0024532079696655273,0.016905417665839195,0.002441695381337927,0.0713302493095398,-0.02156621217727661,-0.08293688297271729,-0.107022225856781,-0.0025191307067871094,-0.011909357272088528,-0.002631807783217002,0.0,True
Grocery,42,12345,9541,10140,10707,80277,86956,0.05802588537335396,0.0657951682806015,0.5112460851669312,0.5714983940124512,12,-0.00020045973360538483,-0.03939192742109299,-0.00025765856107820323,0.002444191835820675,0.001220034435391426,0.002749653533101082,0.0036655236035585403,-0.0003041643649339676,-0.039837006479501724,-0.0003811696239038991,0.0036655236035585403,True
Grocery,42,12345,9541,10707,10140,86956,80277,0.0657951682806015,0.05802588537335396,0.5714983940124512,0.5112460851669312,12,-0.0007064966484904289,-0.06187880039215088,-0.0009518337842011897,0.00535545963793993,0.002656802535057068,0.0017811907455325127,0.0039846645668148994,-0.0004533287137746811,-0.053822461515665054,-0.000632290750835402,0.0039846645668148994,True
Grocery,42,12345,9541,8869,10140,65652,80277,0.034815531224012375,0.05802588537335396,0.36717015504837036,0.5112460851669312,12,-5.5056996643543243e-05,-0.01577216386795044,-6.070132528106231e-05,0.001717851497232914,0.0007682666182518005,0.0014762794598937035,0.002096128650009632,-0.0001484174281358719,-0.034192170947790146,-0.00018581000201251788,0.002096128650009632,True
Grocery,42,12345,9155,9614,4371,74199,24748,0.03251280635595322,0.010293427854776382,0.35486263036727905,0.12310981750488281,12,-9.467080235481262e-05,-0.013471873477101326,-0.00010553904307229181,0.0034663062542676926,0.000930512323975563,0.00046345219016075134,0.0013753212988376617,-1.864321529865265e-05,-0.006732114125043154,-1.9999601162799966e-05,0.0013753212988376617,True
Grocery,42,12345,9155,4371,9614,24748,74199,0.010293427854776382,0.03251280635595322,0.12310981750488281,0.35486263036727905,12,-1.4118850231170654e-06,-0.0015845363959670067,-1.6370499521765891e-06,0.00044622085988521576,-2.5564804673194885e-05,0.00244918093085289,0.0024342015385627747,1.0585412383079529e-05,0.002156346570700407,1.1277598731598956e-05,0.00244918093085289,True
Grocery,42,12345,9204,9217,3898,69607,19492,0.015951581299304962,0.04564354568719864,0.13431324064731598,0.3928995728492737,12,0.00016570091247558594,0.001642090268433094,0.00016656047611189953,0.050537109375,0.037500858306884766,-0.010133743286132812,0.028097152709960938,0.0007300376892089844,0.009639781899750233,0.0007483729568242588,0.037500858306884766,False
Grocery,42,12345,9204,3898,5896,19492,39702,0.04564354568719864,0.04428074508905411,0.3928995728492737,0.42093729972839355,12,0.00025200843811035156,0.002718166681006551,0.0002756229441754979,0.046230316162109375,0.048047780990600586,0.15361237525939941,0.20009469985961914,-0.0015654563903808594,-0.0038965463172644377,-0.001480966107304725,0.20009469985961914,False
Grocery,42,12345,9204,5896,3898,39702,19492,0.04428074508905411,0.04564354568719864,0.42093729972839355,0.3928995728492737,12,-0.0011334419250488281,-0.003111252561211586,-0.0010844761416471949,0.18158531188964844,0.02839040756225586,-0.009418249130249023,0.01898670196533203,1.4543533325195312e-05,0.00025606900453567505,1.761866124924227e-05,0.02839040756225586,False
Grocery,42,12345,3845,3280,10545,15175,84982,0.10482847690582275,0.0980580672621727,0.5272070169448853,0.6348264217376709,5,0.001625657081604004,0.015993984416127205,0.0016383685929588013,0.037297070026397705,0.03876727819442749,-0.0010492205619812012,0.03787297010421753,0.00015491247177124023,0.001993995625525713,0.00014273864108099027,0.03876727819442749,False
Grocery,42,12345,3845,10545,3280,84982,15175,0.0980580672621727,0.10482847690582275,0.6348264217376709,0.5272070169448853,5,9.775161743164062e-06,0.00010910594573942944,-4.463076748688723e-05,0.04479175806045532,0.04298985004425049,-0.05182027816772461,-0.007018744945526123,0.001811683177947998,0.017791448161005974,0.0018143883349519404,0.04298985004425049,False
Grocery,42,12345,3845,10027,10545,78867,84982,0.1601281613111496,0.0980580672621727,1.0231813192367554,0.6348264217376709,5,0.01843637228012085,0.05876851826906204,0.018531434341637065,0.14763766527175903,0.16512459516525269,-0.0018437504768371582,0.16423028707504272,0.0009494423866271973,0.0028666856233030558,0.001072487736154629,0.16512459516525269,False
Grocery,42,12345,4284,6095,4557,41610,27166,0.055901698768138885,0.015504341572523117,0.2877272963523865,0.10696093738079071,7,0.00010956823825836182,0.021960945799946785,9.795651840568834e-05,0.002439826726913452,-0.0020630359649658203,0.0014638863503932953,-0.0005499869585037231,4.916265606880188e-05,0.012058776803314686,4.5432490795745185e-05,0.0014638863503932953,True
Grocery,42,12345,4284,4557,6095,27166,41610,0.015504341572523117,0.055901698768138885,0.10696093738079071,0.2877272963523865,7,7.625669240951538e-06,0.0025263256393373013,7.94819164579583e-06,0.0015054233372211456,-0.0003490857779979706,0.0025303997099399567,0.0022001974284648895,1.8883496522903442e-05,0.0037174485623836517,1.9671716080760452e-05,0.0025303997099399567,True
Grocery,42,12345,8568,8508,9545,61123,73542,0.3535533845424652,0.3162277638912201,2.5041654109954834,2.5910394191741943,12,0.0017998218536376953,0.057604677975177765,0.0016284427893380644,0.01624356210231781,-0.0020720362663269043,0.03508822247385979,0.03660951554775238,0.0035933293402194977,0.048710040748119354,0.005357205604746913,0.03660951554775238,True
Grocery,42,12345,8568,9545,8508,73542,61123,0.3162277638912201,0.3535533845424652,2.5910394191741943,2.5041654109954834,12,-0.014428194612264633,-0.08683091402053833,-0.02552501926439457,0.07586802542209625,0.027404773980379105,0.021168585866689682,0.04392686486244202,-0.00464649498462677,-0.05023225396871567,-0.00805154688193297,0.04392686486244202,True
Grocery,42,12345,12305,6962,12512,48031,105979,0.028171807527542114,0.0283296350389719,0.09662216901779175,0.11893584579229355,14,-0.00012552738189697266,-0.0027243930380791426,-0.00012485822967514592,0.0,-0.022121548652648926,0.0049675703048706055,-0.017134904861450195,1.9073486328125e-05,0.0004312923119869083,1.6120417941045163e-05,0.0049675703048706055,True
Grocery,42,12345,12305,12512,6962,105979,48031,0.0283296350389719,0.028171807527542114,0.11893584579229355,0.09662216901779175,14,-2.8014183044433594e-06,-6.151162961032242e-05,-6.428931158234015e-06,0.0049896240234375,-0.022608458995819092,-0.0009590983390808105,-0.02373194694519043,-0.00016438961029052734,-0.0034755030646920204,-0.00016440534732159798,0.0,True
Grocery,42,12345,11488,2979,11965,13464,101000,0.07453560084104538,0.22360679507255554,0.6572045087814331,2.0560784339904785,13,0.010025739669799805,0.020815420895814896,0.010508627081321109,0.23581194877624512,-0.04413580894470215,1.0326192378997803,1.0104029178619385,0.02191948890686035,0.010502074845135212,0.019048180525773707,1.0326192378997803,False
Grocery,42,12345,11488,11965,2979,101000,13464,0.22360679507255554,0.07453560084104538,2.0560784339904785,0.6572045087814331,13,0.06951689720153809,0.03393952175974846,0.0616602538537423,1.0588874816894531,0.040015220642089844,0.21198701858520508,0.28585290908813477,0.033850669860839844,0.06293640285730362,0.03645373081099272,0.28585290908813477,False
Grocery,42,12345,4463,3960,5974,20743,40586,0.08606629818677902,0.1178511381149292,0.8372063636779785,1.2940144538879395,8,2.6921508833765984e-05,0.06567437201738358,3.2401337852823616e-05,0.00019149630679748952,-6.0759601183235645e-05,0.00029455788899213076,0.0002642878389451653,3.0489551136270165e-05,0.04920722544193268,3.812034981053289e-05,0.00029455788899213076,True
Grocery,42,12345,4463,5974,3960,40586,20743,0.1178511381149292,0.08606629818677902,1.2940144538879395,0.8372063636779785,8,5.3239462431520224e-05,0.08919843286275864,6.467063199589967e-05,0.0002718079776968807,-9.639348718337715e-05,0.000174937944393605,0.00012202432844787836,4.3479871237650514e-05,0.11053293198347092,4.962375561479491e-05,0.000174937944393605,True
Grocery,42,12345,6541,10768,13207,88037,111139,0.029695695266127586,0.03042902983725071,0.31697794795036316,0.18593449890613556,11,-3.300607204437256e-06,-0.00025250419275835156,1.0367767051522835e-05,0.0005392879247665405,0.0004664808511734009,0.00047992169857025146,0.0010159090161323547,6.950646638870239e-05,0.035420529544353485,6.966367118409788e-05,0.0010159090161323547,True
Grocery,42,12345,6541,13207,10768,111139,88037,0.03042902983725071,0.029695695266127586,0.18593449890613556,0.31697794795036316,11,-7.592141628265381e-06,-0.001999206142500043,-8.181507829035125e-06,0.0018949881196022034,0.0012714266777038574,-0.006603933870792389,-0.005265966057777405,6.654113531112671e-05,0.005063498392701149,6.519112049638728e-05,0.0012714266777038574,True
Grocery,42,12345,4159,4819,5339,30271,34904,0.0714285746216774,0.18898224830627441,0.3814748525619507,1.3114155530929565,7,0.005739763379096985,0.04688708484172821,0.006149707316303016,0.058338478207588196,-0.03571239113807678,0.1847572922706604,0.1666850745677948,0.01764017343521118,0.04556362330913544,0.021718609795734117,0.1847572922706604,True
Grocery,42,12345,4159,5339,4819,34904,30271,0.18898224830627441,0.0714285746216774,1.3114155530929565,0.3814748525619507,7,0.012895837426185608,0.03290607035160065,0.013560066349778188,0.1895013004541397,-0.022148966789245605,0.05798549950122833,0.04192936420440674,0.006092831492424011,0.0499151237308979,0.006436834729564342,0.05798549950122833,True
Grocery,42,12345,8281,7035,6986,48660,48197,0.05802588537335396,0.10050378739833832,0.48938241600990295,0.9969174265861511,9,-2.979111741296947e-06,-0.02163911610841751,-4.164564500247188e-06,6.734170892741531e-05,1.9306200556457043e-05,0.00015815494407434016,0.0001676903193583712,-9.77082527242601e-06,-0.02830798365175724,-1.5979279195163124e-05,0.0001676903193583712,True
Grocery,42,12345,8281,6986,7035,48197,48660,0.10050378739833832,0.05802588537335396,0.9969174265861511,0.48938241600990295,9,-1.5251440345309675e-05,-0.040393147617578506,-2.677232714651075e-05,0.00018115674902219325,2.5982284569181502e-05,6.328831659629941e-05,8.080950647126883e-05,-8.461094694212079e-06,-0.049744777381420135,-1.2336297220445726e-05,8.080950647126883e-05,True
Grocery,42,12345,6752,6870,6798,47157,46636,0.04583492502570152,0.030316954478621483,0.24389508366584778,0.15193237364292145,9,1.4703720808029175e-05,0.018260346725583076,1.4283392019657213e-05,0.00039525656029582024,-8.936040103435516e-05,0.00022200937382876873,0.000150932464748621,1.828349195420742e-05,0.03954792767763138,1.8452775868439146e-05,0.00022200937382876873,True
Grocery,42,12345,6752,6798,6870,46636,47157,0.030316954478621483,0.04583492502570152,0.15193237364292145,0.24389508366584778,9,6.058020517230034e-06,0.012766151688992977,6.231183908654082e-06,0.00023423484526574612,-1.1642929166555405e-05,0.000406875042244792,0.000398317351937294,3.0852388590574265e-06,0.003777017118409276,3.093958617534145e-06,0.000406875042244792,True
Grocery,42,12345,14909,15974,5413,135904,35881,0.062136974185705185,0.013894250616431236,0.6607811450958252,0.07459226250648499,15,3.57162207365036e-07,0.0077844527550041676,1.5846387659567855e-07,1.3225420843809843e-05,1.4058954548090696e-05,1.2629199773073196e-05,2.6211782824248075e-05,-4.7637149691581726e-07,-0.009003440849483013,-3.900442193857317e-07,2.6211782824248075e-05,True
Grocery,42,12345,14909,5413,15974,35881,135904,0.013894250616431236,0.062136974185705185,0.07459226250648499,0.6607811450958252,15,-1.1915108188986778e-07,-0.00487628486007452,5.592483098712228e-08,1.2271979358047247e-05,-1.5489640645682812e-06,-2.263806527480483e-05,-2.4306122213602066e-05,-1.1909287422895432e-07,-0.002455363515764475,-5.450334010482346e-08,0.0,True
Grocery,42,12345,8315,8463,9232,60671,69909,0.07881104201078415,0.06482037156820297,0.36181843280792236,0.5410486459732056,9,-0.0026998892426490784,-0.03684219717979431,-0.002366045312583824,0.0,-0.019163504242897034,-0.01585620641708374,-0.037650495767593384,-0.00263078510761261,-0.03620169684290886,-0.0022958980975241114,0.0,True
Grocery,42,12345,8315,9232,8463,69909,60671,0.06482037156820297,0.07881104201078415,0.5410486459732056,0.36181843280792236,9,-0.0008143261075019836,-0.017141232267022133,-0.0007526659084682516,0.0,-0.0056641846895217896,-0.018072858452796936,-0.024560987949371338,-0.0008239448070526123,-0.01705959066748619,-0.0007614392985278178,0.0,True
Grocery,42,12345,7505,7126,6511,49660,44491,0.02777777798473835,0.09128709137439728,0.3029809594154358,0.7484371066093445,10,-1.1385418474674225e-05,-0.012239200994372368,-1.2355944432363884e-05,0.0004594232887029648,0.00012942845933139324,0.0011228648945689201,0.001212696311995387,-3.95970419049263e-05,-0.016063710674643517,-4.9097205876717876e-05,0.001212696311995387,True
Grocery,42,12345,7505,6511,7126,44491,49660,0.09128709137439728,0.02777777798473835,0.7484371066093445,0.3029809594154358,10,-7.940037176012993e-05,-0.028321346268057823,-0.00010430187912605147,0.00136207090690732,0.00021978560835123062,0.000378589378669858,0.0005779920611530542,-2.0382925868034363e-05,-0.01732686534523964,-2.3877804550384697e-05,0.0005779920611530542,True
Grocery,42,12345,10091,10631,10370,85917,83115,0.08606629818677902,0.03384487330913544,0.9581511616706848,0.3392736315727234,12,-6.19890633970499e-05,-0.052294474095106125,-8.431395775171748e-05,0.0005616927519440651,0.0002677883021533489,7.264758460223675e-05,0.0003356980159878731,-4.737870767712593e-06,-0.007007192820310593,-5.457819567320536e-06,0.0003356980159878731,True
Grocery,42,12345,10091,10370,10631,83115,85917,0.03384487330913544,0.08606629818677902,0.3392736315727234,0.9581511616706848,12,-4.264526069164276e-06,-0.00689648138359189,-4.6198177395877726e-06,0.00030704401433467865,0.00027273595333099365,0.0002745194360613823,0.0005093892104923725,-3.786617890000343e-05,-0.035835910588502884,-4.819474491572973e-05,0.0005093892104923725,True
Grocery,42,12345,14509,14412,13972,124485,119436,0.5773502588272095,0.20412413775920868,3.5540730953216553,1.4139894247055054,16,0.010761797428131104,0.12328168749809265,0.017450975815847612,0.04902807995676994,0.05446065589785576,0.01721024140715599,0.05750349164009094,-0.014167405664920807,-0.10967657715082169,-0.05573016397823259,0.05750349164009094,True
Grocery,42,12345,14509,13972,13901,119436,118813,0.20412413775920868,0.09128709137439728,1.4139894247055054,0.8212371468544006,16,-0.0002531614154577255,-0.03880472481250763,-0.0006173567014194294,0.0032959990203380585,-0.0004352191463112831,0.0029962658882141113,0.0028356732800602913,0.0002746265381574631,0.04381987825036049,0.0002483072237508136,0.0029962658882141113,True
Grocery,42,12345,14509,13901,13972,118813,119436,0.09128709137439728,0.20412413775920868,0.8212371468544006,1.4139894247055054,16,-0.0005094399675726891,-0.0392349436879158,-0.0006710425883519138,0.006237446330487728,0.002821792848408222,0.0034075165167450905,0.005864630453288555,-0.00036467891186475754,-0.030153829604387283,-0.0007750857845711964,0.005864630453288555,True
Grocery,42,12345,3852,4751,1836,29618,7802,0.06154574453830719,0.10660035908222198,0.21287578344345093,0.8664753437042236,5,0.0007520914077758789,0.00552950007840991,0.0006719333226175793,0.06780576705932617,0.06236553192138672,-0.28846871852874756,-0.2200855016708374,0.0060176849365234375,0.01054033450782299,0.006246011630527036,0.06236553192138672,False
Grocery,42,12345,3852,1836,4751,7802,29618,0.10660035908222198,0.06154574453830719,0.8664753437042236,0.21287578344345093,5,0.04339420795440674,0.0588071271777153,0.04298736759162136,0.34725654125213623,0.38372695446014404,-0.006749153137207031,0.38390159606933594,0.006923794746398926,0.008941108360886574,0.006918148589124497,0.38390159606933594,False
Grocery,42,12345,2439,16667,3037,139561,13716,0.04517539218068123,0.11180339753627777,0.39349040389060974,0.5529659986495972,4,-0.000888824462890625,-0.004339141771197319,-0.0009395667384833606,0.0,-0.02319169044494629,-0.1172945499420166,-0.1423342227935791,-0.001847982406616211,-0.0065341186709702015,-0.0019214566059073722,0.0,False
Grocery,42,12345,2439,3037,16449,13716,138356,0.11180339753627777,0.10000000149011612,0.5529659986495972,0.7513753771781921,4,-0.006273984909057617,-0.023327184841036797,-0.006402817919969883,0.0,-0.02181243896484375,-0.14550542831420898,-0.17025208473205566,-0.0029342174530029297,-0.008692176081240177,-0.0031751444462015123,0.0,False
Grocery,42,12345,2439,16449,3037,138356,13716,0.10000000149011612,0.11180339753627777,0.7513753771781921,0.5529659986495972,4,0.00466156005859375,0.015459083952009678,0.005021826121767742,0.04821419715881348,0.04460954666137695,-0.1274092197418213,-0.07453298568725586,0.008266687393188477,0.033529214560985565,0.008714870647605276,0.04460954666137695,False
Grocery,42,12345,483,2380,1680,10365,7068,0.22360679507255554,0.20412413775920868,1.2277154922485352,2.437302589416504,1,8.339615305885673e-06,0.029304130002856255,3.2645077729034184e-05,1.1917873052880168e-05,-0.0001949321012943983,0.0011992270592600107,0.0012194846058264375,0.00021518964786082506,0.08233288675546646,0.0001733991541245117,0.0012194846058264375,True
Grocery,42,12345,483,1680,2380,7068,10365,0.20412413775920868,0.22360679507255554,2.437302589416504,1.2277154922485352,1,-0.00034225278068333864,-0.08212333172559738,-0.0009438691942118139,0.0019126415718346834,0.00010570653830654919,-0.0001883849618025124,-3.2412848668172956e-05,5.026557482779026e-05,0.15394598245620728,5.8265450186093216e-05,0.00010570653830654919,True
Grocery,42,12345,8147,6802,7179,46709,50159,0.15811388194561005,0.09534625709056854,1.276964783668518,1.1553902626037598,9,0.00010376237332820892,0.057871751487255096,0.0001469420710509976,0.0009483617031946778,0.00021547300275415182,0.0009020599536597729,0.0010535343317314982,-6.399862468242645e-05,-0.029477819800376892,-0.0001409314250668544,0.0010535343317314982,True
Grocery,42,12345,8147,7179,6802,50159,46709,0.09534625709056854,0.15811388194561005,1.1553902626037598,1.276964783668518,9,-3.182678483426571e-06,-0.0018110430100932717,-1.0962813878068341e-05,0.0008770902641117573,-3.3673481084406376e-05,0.0008311299607157707,0.000866976217366755,6.951973773539066e-05,0.040143292397260666,0.00011156863450051582,0.000866976217366755,True
Grocery,42,12345,8147,7966,7179,56492,50159,0.09128709137439728,0.09534625709056854,0.46513861417770386,1.1553902626037598,9,-5.1383161917328835e-05,-0.04934592545032501,-6.82170464991153e-05,0.0004949457943439484,0.00020655046682804823,0.0009149282705038786,0.0010446117958053946,-7.686694152653217e-05,-0.03548632189631462,-0.00011472935058781838,0.0010446117958053946,True
Grocery,42,12345,9247,10335,9919,82637,77819,0.11624763906002045,0.0980580672621727,0.8977991938591003,0.7800711393356323,12,0.00906960666179657,0.04597960039973259,0.00955234494716628,0.09601157903671265,-0.00013402104377746582,0.07117317616939545,0.07309314608573914,0.002053990960121155,0.01422427874058485,0.0011930426481768083,0.07309314608573914,True
Grocery,42,12345,9247,9919,10335,77819,82637,0.0980580672621727,0.11624763906002045,0.7800711393356323,0.8977991938591003,12,-0.002339765429496765,-0.013224897906184196,-0.002892920879749586,0.08729073405265808,0.0122203528881073,0.10365776717662811,0.11538156867027283,-0.0004965513944625854,-0.0021471590735018253,-0.0006186515543796286,0.11538156867027283,True
Grocery,42,12345,13913,13400,13791,113629,117699,0.5773502588272095,0.14002801477909088,4.71760368347168,0.7247085571289062,16,-0.015745412558317184,-0.19461588561534882,-0.07742015506338763,0.032579828053712845,0.001777634839527309,0.00034098559990525246,0.0019911015406250954,-0.00012751889880746603,-0.031028520315885544,-0.00020029647879625775,0.0019911015406250954,True
Grocery,42,12345,13913,13791,13400,117699,113629,0.14002801477909088,0.5773502588272095,0.7247085571289062,4.71760368347168,16,-6.0819904319942e-05,-0.03938833996653557,-8.714483724694538e-05,0.0007416397565975785,0.0058147478848695755,0.02053169161081314,0.02099904604256153,-0.005347393453121185,-0.11294407397508621,-0.023428947034679577,0.02099904604256153,True
Grocery,42,12345,7664,7126,7000,49671,48367,0.023688968271017075,0.05913123860955238,0.25838303565979004,0.46482282876968384,10,-6.045680493116379e-06,-0.006310110911726952,-6.422369610400351e-06,0.00047601922415196896,5.8017903938889503e-05,0.0006937014404684305,0.0007381967734545469,-1.3522570952773094e-05,-0.00907600112259388,-1.5678066700064405e-05,0.0007381967734545469,True
Grocery,42,12345,7664,7000,7126,48367,49671,0.05913123860955238,0.023688968271017075,0.46482282876968384,0.25838303565979004,10,-4.377588629722595e-05,-0.02497277408838272,-5.333313859228134e-05,0.0008545792661607265,0.0001595818903297186,0.0004544355906546116,0.0005850601010024548,-2.895737998187542e-05,-0.024149511009454727,-3.399337191067304e-05,0.0005850601010024548,True
Grocery,42,12345,16706,1994,2285,8634,9916,0.10660035908222198,0.3535533845424652,0.9741734266281128,2.149221181869507,17,-6.0102203860878944e-05,-0.014356815256178379,-0.00014464182040937633,0.002123205689713359,-0.0003852909430861473,0.007708427496254444,0.007642992306500673,0.0003198562189936638,0.020325470715761185,0.0005422588290073236,0.007708427496254444,True
Grocery,42,12345,16706,2285,1994,9916,8634,0.3535533845424652,0.10660035908222198,2.149221181869507,0.9741734266281128,17,0.005293482448905706,0.4918178915977478,0.004830656373571592,0.0027348012663424015,-0.0024651631247252226,0.0015011042123660445,-0.00040205963887274265,0.0005619992734864354,0.1286529302597046,-0.0003191429520384607,0.0015011042123660445,True
Grocery,42,12345,7431,8521,7132,61251,49773,0.08391813933849335,0.1414213627576828,0.8000290989875793,0.5181004405021667,9,-0.00946509838104248,-0.11539158970117569,-0.009877453530476074,0.04574549198150635,-0.04521775245666504,0.14798188209533691,0.11001408100128174,0.007249951362609863,0.023910367861390114,0.007233854952904754,0.14798188209533691,False
Grocery,42,12345,7431,7132,8521,49773,61251,0.1414213627576828,0.08391813933849335,0.5181004405021667,0.8000290989875793,9,-0.0012717247009277344,-0.002348844427615404,-0.0008454169882389229,0.2700769901275635,0.12954306602478027,0.05225074291229248,0.16582345962524414,-0.015970349311828613,-0.045942336320877075,-0.020018751648373852,0.16582345962524414,False
Grocery,42,12345,17035,15641,8414,134277,60012,0.7071067690849304,0.22360679507255554,7.667067527770996,2.077706813812256,17,-0.05715014040470123,-0.08919791132211685,-0.44103758406256666,0.29258137941360474,-0.0006591449491679668,-0.0005502654239535332,-0.0013508861884474754,-0.00014147581532597542,-0.05525737255811691,-0.00026200705527120263,0.0,True
Grocery,42,12345,17035,8414,15641,60012,134277,0.22360679507255554,0.7071067690849304,2.077706813812256,7.667067527770996,17,-0.00047470536082983017,-0.0617561936378479,-0.00020482130720687937,0.0,-0.14779126644134521,0.09150368720293045,0.08763999491930008,0.14392757415771484,0.4402330815792084,0.4302400753692862,0.09150368720293045,True
Grocery,42,12345,9357,8343,10691,59171,86519,0.026144348084926605,0.019051939249038696,0.1844308227300644,0.08687031269073486,12,-0.0003998205065727234,-0.015500917099416256,-0.0004279229103526759,0.012696757912635803,0.005598992109298706,0.001476779580116272,0.007040470838546753,-3.53008508682251e-05,-0.0025007238145917654,-3.678955106766651e-05,0.007040470838546753,True
Grocery,42,12345,9357,10691,8343,86519,59171,0.019051939249038696,0.026144348084926605,0.08687031269073486,0.1844308227300644,12,-1.395493745803833e-05,-0.001972558442503214,-1.4514272854824865e-05,0.0035302862524986267,0.00222170352935791,0.0068802013993263245,0.008954949676990509,-0.00014695525169372559,-0.008138470351696014,-0.00015395507629906174,0.008954949676990509,True
Grocery,42,12345,9357,9380,8343,71792,59171,0.05129891633987427,0.026144348084926605,0.5144025087356567,0.1844308227300644,12,-0.0037600621581077576,-0.043108418583869934,-0.00462694683726551,0.04173165559768677,0.01324000209569931,0.007606953382492065,0.01997324824333191,-0.0008737072348594666,-0.021403787657618523,-0.0009764090977983432,0.01997324824333191,True
Grocery,42,12345,11525,10762,10901,87724,90182,0.03703703731298447,0.044151078909635544,0.5393025875091553,0.6572880744934082,13,-1.1920019460376352e-07,-0.007628344930708408,-1.4031878099974123e-07,7.748378266114742e-06,5.960246198810637e-07,1.0251684216200374e-05,1.0728508641477674e-05,-1.1920019460376352e-07,-0.005522050894796848,-2.11370369571069e-07,1.0728508641477674e-05,True
Grocery,42,12345,11525,10901,10762,90182,87724,0.044151078909635544,0.03703703731298447,0.6572880744934082,0.5393025875091553,13,-2.3840584617573768e-07,-0.010747596621513367,-3.111747221194046e-07,1.0966919944621623e-05,9.536415745969862e-07,7.50996514398139e-06,8.105995220830664e-06,-3.5761149774771184e-07,-0.02156936377286911,-2.0760125262006025e-07,8.105995220830664e-06,True
Grocery,42,12345,6426,14731,2368,127293,10336,0.07715167850255966,0.2182178795337677,0.7883226275444031,1.3567558526992798,9,-0.0012118816375732422,-0.003733138320967555,-0.0012714000051398944,0.029475927352905273,0.02960062026977539,-0.44476938247680664,-0.4165053367614746,-0.0013365745544433594,-0.0015002936124801636,-0.001352574804161089,0.02960062026977539,False
Grocery,42,12345,6426,2368,14731,10336,127293,0.2182178795337677,0.07715167850255966,1.3567558526992798,0.7883226275444031,9,0.011176347732543945,0.008700539357960224,0.013016133093087467,0.0,-0.18449163436889648,-0.16800260543823242,-0.3474116325378418,0.005082607269287109,0.007261843886226416,0.004901638324162377,0.0,False
Grocery,42,12345,16595,16916,16681,141065,139666,0.018521694466471672,0.30151134729385376,0.20047897100448608,2.9527597427368164,17,-1.5418045222759247e-06,-0.005049415398389101,-1.7418543130419086e-06,0.00015189568512141705,8.905865252017975e-05,0.0031157187186181545,0.003155211452394724,-4.956591874361038e-05,-0.007793385069817305,-8.496010496972207e-05,0.003155211452394724,True
Grocery,42,12345,16595,16681,16916,139666,141065,0.30151134729385376,0.018521694466471672,2.9527597427368164,0.20047897100448608,17,-0.0002771948929876089,-0.0353696309030056,-0.0005605318371284334,0.003779941238462925,0.00045318971388041973,0.00012745731510221958,0.0005640508607029915,-1.6596168279647827e-05,-0.014498168602585793,-2.19002353453439e-05,0.0005640508607029915,True
Grocery,42,12345,4018,8832,3788,65169,18363,0.06851886957883835,0.02997453138232231,0.4360363781452179,0.38616815209388733,8,0.0010933279991149902,0.010619038715958595,0.0012010573938285758,0.013774096965789795,-0.05974811315536499,0.11573296785354614,0.06480002403259277,0.008815169334411621,0.03668690100312233,0.008774494921876642,0.11573296785354614,True
Grocery,42,12345,4018,3788,13207,18363,111034,0.02997453138232231,0.03042902983725071,0.38616815209388733,0.18593449890613556,8,0.001782834529876709,0.007208805065602064,0.001787585142993528,0.12276530265808105,-0.013475418090820312,-0.0055214762687683105,-0.018775105476379395,0.00022178888320922852,0.005871778354048729,0.0002147767521099204,0.0,True
Grocery,42,12345,4018,13207,3788,111034,18363,0.03042902983725071,0.02997453138232231,0.18593449890613556,0.38616815209388733,8,-0.0002142190933227539,-0.007665496785193682,-0.00019183871338333998,0.0,-0.009477674961090088,0.12406504154205322,0.11507046222686768,0.000483095645904541,0.0019431617110967636,0.0004463546544769552,0.12406504154205322,True
Grocery,42,12345,2686,5900,3159,39802,14434,0.15430335700511932,0.17407765984535217,1.2662947177886963,0.9092425107955933,5,0.0011688172817230225,0.009027918800711632,0.0014149765698849015,0.06531788408756256,0.011364474892616272,0.0372578501701355,0.04699185490608215,-0.0016304701566696167,-0.01705259643495083,-0.0027824164012910926,0.04699185490608215,True
Grocery,42,12345,2686,2008,5900,8716,39802,0.40824827551841736,0.15430335700511932,2.3075428009033203,1.2662947177886963,5,-0.0020924806594848633,-0.00349195534363389,-0.022456808707519454,0.2985682189464569,0.10344122350215912,0.061332881450653076,0.1601938158273697,-0.004580289125442505,-0.014094588346779346,-0.018172622310844776,0.1601938158273697,True
Grocery,42,12345,2686,3159,5900,14434,39802,0.17407765984535217,0.15430335700511932,0.9092425107955933,1.2662947177886963,5,-0.005712293088436127,-0.0416707918047905,-0.009688987347027434,0.06568457186222076,0.02436031401157379,0.05676812678575516,0.08111290633678436,-1.553446054458618e-05,-9.574907744536176e-05,-0.0006614134758394126,0.08111290633678436,True
Grocery,42,12345,10465,10653,8781,86142,64553,0.10101525485515594,0.16903084516525269,0.8242047429084778,2.1141433715820312,12,-0.0009840726852416992,-0.023046743124723434,-0.0011141045011346142,0.02085745334625244,0.006995800882577896,-0.04520976543426514,-0.03417056053876877,0.004043404012918472,0.04681158438324928,0.002900204163838802,0.006995800882577896,True
Grocery,42,12345,10465,8781,10653,64553,86142,0.16903084516525269,0.10101525485515594,2.1141433715820312,0.8242047429084778,12,0.0052415840327739716,0.05985298752784729,0.003911931624492618,0.008816156536340714,0.015291079878807068,0.010067619383335114,0.02412525564432144,-0.0012334436178207397,-0.02492612600326538,-0.0014176629469071361,0.02412525564432144,True
Grocery,42,12345,12276,7120,6922,49494,47646,0.033671751618385315,0.02635231427848339,0.12803973257541656,0.10020694136619568,14,6.626546382904053e-05,0.005491983145475388,6.484050878647653e-05,0.001915857195854187,-0.006051778793334961,0.001494675874710083,-0.0045051127672195435,5.199015140533447e-05,0.004313970450311899,5.0699774953096835e-05,0.001494675874710083,True
Grocery,42,12345,12276,6922,6962,47646,48010,0.02635231427848339,0.024845201522111893,0.10020694136619568,0.08521275222301483,14,3.55839729309082e-05,0.003845109138637781,3.4328372352227096e-05,0.0015110820531845093,-0.004568472504615784,-0.00045894086360931396,-0.0050683170557022095,-4.0903687477111816e-05,-0.00405157869681716,-4.041973004854002e-05,0.0,True
Grocery,42,12345,12276,6962,6922,48010,47646,0.024845201522111893,0.02635231427848339,0.08521275222301483,0.10020694136619568,14,-3.674626350402832e-05,-0.0035657237749546766,-3.606140075667567e-05,0.0,-0.0047484636306762695,0.0015062838792800903,-0.003201797604560852,4.038214683532715e-05,0.004270280711352825,3.931188529511409e-05,0.0015062838792800903,True
Grocery,42,12345,7057,7390,12382,51894,104900,0.28867512941360474,0.14433756470680237,2.793994903564453,1.0711935758590698,11,0.08934783935546875,0.10146556049585342,0.11442104743643011,0.0,-0.0399860143661499,-0.5304388999938965,-0.5456390380859375,0.024785876274108887,0.02220829389989376,0.021604504839288184,0.0,False
Grocery,42,12345,7057,12884,12382,108249,104900,0.1178511381149292,0.14433756470680237,1.051239013671875,1.0711935758590698,11,0.008177995681762695,0.04751574248075485,0.009321555861342763,0.05951547622680664,-0.08287966251373291,-0.5065662860870361,-0.5885326862335205,0.0009132623672485352,0.0007752792444080114,-0.0018084388913991172,0.0,False
Grocery,42,12345,7057,12382,12884,104900,108249,0.14433756470680237,0.1178511381149292,1.0711935758590698,1.051239013671875,11,-0.01625525951385498,-0.012868143618106842,-0.019101372385223803,0.0,-0.15425515174865723,0.06377649307250977,-0.08656191825866699,0.003916740417480469,0.01285890769213438,0.003924133273549059,0.06377649307250977,False
Grocery,42,12345,11098,11313,2969,94769,13332,0.11396057903766632,0.08908708393573761,1.6776790618896484,0.8767141103744507,13,-0.0006210301071405411,-0.020737117156386375,-0.001082187148292021,0.01466335728764534,0.00023477827198803425,-0.0037140625063329935,-0.0032583887223154306,0.00022089551202952862,0.03064911440014839,0.0001795635763385803,0.00023477827198803425,True
Grocery,42,12345,11098,2969,11313,13332,94769,0.08908708393573761,0.11396057903766632,0.8767141103744507,1.6776790618896484,13,0.000301706837490201,0.041397467255592346,0.00023025609620754787,0.0003040370065718889,0.0015764813870191574,0.01455739140510559,0.015163134783506393,-0.0009707380086183548,-0.03101694956421852,-0.0016517278619726618,0.015163134783506393,True
Grocery,42,12345,8658,13165,10259,110665,81515,0.20412413775920868,0.3535533845424652,1.8793472051620483,1.8671528100967407,12,0.0215672105550766,0.07569081336259842,0.024850611888539806,0.1316855251789093,0.19380998611450195,0.11326932907104492,0.2665221691131592,-0.040557146072387695,-0.07070613652467728,-0.05011836157572504,0.2665221691131592,True
Grocery,42,12345,8658,10259,13165,81515,110665,0.3535533845424652,0.20412413775920868,1.8671528100967407,1.8793472051620483,12,-0.0465618371963501,-0.07059725373983383,-0.05828369256636112,0.3064899742603302,0.16080906987190247,-0.035927414894104004,0.15128853917121887,0.02640688419342041,0.0758763924241066,0.030795748982719612,0.16080906987190247,True
Grocery,42,12345,10982,11259,11094,94124,92276,0.041812099516391754,0.06030226871371269,0.3274182379245758,0.6018465161323547,13,4.878616891801357e-06,0.01909712515771389,4.812177959603929e-06,0.00012528739171102643,-4.809198435395956e-05,0.0005012936308048666,0.00047092308523133397,1.772143878042698e-05,0.017368532717227936,2.0485208228799815e-05,0.0005012936308048666,True
Grocery,42,12345,10982,10844,11094,89527,92276,0.08703882992267609,0.06030226871371269,1.3093910217285156,0.6018465161323547,13,2.2589927539229393e-05,0.008123140782117844,3.428415155727854e-05,0.0013791676610708237,-9.165843948721886e-06,0.0005150895449332893,0.0005098492256365716,3.925524652004242e-06,0.003796024713665247,2.7845349646790587e-06,0.0005150895449332893,True
Grocery,42,12345,10982,11094,11259,92276,94124,0.06030226871371269,0.041812099516391754,0.6018465161323547,0.3274182379245758,13,2.5214452762156725e-05,0.024895155802369118,2.9543317839123874e-05,0.0004938006168231368,-5.0373259000480175e-05,0.00012350280303508043,7.979274960234761e-05,6.6632055677473545e-06,0.02626630663871765,6.824942686642301e-06,0.00012350280303508043,True
Grocery,42,12345,2386,9670,13230,74796,111745,0.5,0.06454972177743912,2.750983715057373,0.6233015060424805,5,-0.0040225982666015625,-0.00118821591604501,-0.010473129770572465,0.05018806457519531,0.04627418518066406,0.14858150482177734,0.1947469711303711,-0.0001087188720703125,-0.0002790506405290216,-6.217310706919715e-05,0.1947469711303711,False
Grocery,42,12345,2386,13230,9670,111745,74796,0.06454972177743912,0.5,0.6233015060424805,2.750983715057373,5,1.52587890625e-05,3.85131970688235e-05,1.812702603770644e-05,0.1981058120727539,0.04947948455810547,-1.6948843002319336,-1.6452360153198242,0.00016880035400390625,4.9799495172919706e-05,0.00026005214554253715,0.04947948455810547,False
Grocery,42,12345,4732,4246,5588,22711,36972,0.031465839594602585,0.11952286213636398,0.319599449634552,0.6482535600662231,7,-6.155669689178467e-05,-0.003246463369578123,-6.354294294086925e-05,0.009449794888496399,0.0016987621784210205,0.04229828715324402,0.0435972660779953,-0.00039978325366973877,-0.00456403149291873,-0.0004504949034852427,0.0435972660779953,True
Grocery,42,12345,4732,5588,4246,36972,22711,0.11952286213636398,0.031465839594602585,0.6482535600662231,0.319599449634552,7,-0.008890584111213684,-0.05225438252091408,-0.010726021761392118,0.08062492311000824,0.031175866723060608,0.009429290890693665,0.03926512598991394,-0.001340031623840332,-0.01677759736776352,-0.0014881945050515086,0.03926512598991394,True
Grocery,42,12345,6664,8137,6743,57821,46332,0.0833333358168602,0.0883883461356163,0.6623276472091675,0.8140754699707031,9,-7.3857372626662254e-06,-0.03178035095334053,-9.021519737268035e-06,0.00011250187526457012,7.590700988657773e-05,0.00014729108079336584,0.00019841903122141957,-2.477905945852399e-05,-0.0587700791656971,-3.47249431477427e-05,0.00019841903122141957,True
Grocery,42,12345,6664,6743,8137,46332,57821,0.0883883461356163,0.0833333358168602,0.8140754699707031,0.6623276472091675,9,-1.0126212146133184e-05,-0.03159867972135544,-1.367607899719966e-05,0.0001551634632050991,2.407326246611774e-05,5.553622031584382e-05,7.80614500399679e-05,-1.5480327419936657e-06,-0.009817501530051231,-1.5692276861895922e-06,7.80614500399679e-05,True
Grocery,42,12345,4143,3923,5267,20023,34282,0.18257418274879456,0.14744195342063904,1.294359564781189,1.3055412769317627,7,-0.0034125149250030518,-0.11874499171972275,-0.004473073698942984,0.016075342893600464,-0.02146315574645996,0.13425050675868988,0.1183590292930603,0.005571678280830383,0.020329197868704796,0.005158195265146532,0.13425050675868988,True
Grocery,42,12345,4143,5267,3923,34282,20023,0.14744195342063904,0.18257418274879456,1.3055412769317627,1.294359564781189,7,-0.0006355643272399902,-0.0022676056250929832,-0.0043167425538201964,0.14045774936676025,-0.0016582012176513672,0.02032005786895752,0.011004537343978882,-0.0076573193073272705,-0.23216092586517334,-0.011456028286262278,0.02032005786895752,True
Grocery,42,12345,6728,6117,6714,41752,46145,0.17407765984535217,0.17407765984535217,0.6268289685249329,1.1926043033599854,9,0.02130889892578125,0.03431810066103935,0.02122814239051296,0.11564111709594727,0.16893982887268066,0.2441539764404297,0.381103515625,-0.03199028968811035,-0.04028002545237541,-0.0273204499195476,0.381103515625,False
Grocery,42,12345,6728,6714,6117,46145,41752,0.17407765984535217,0.17407765984535217,1.1926043033599854,0.6268289685249329,9,-0.058896780014038086,-0.03772919997572899,-0.04589802457688941,0.7510714530944824,0.44797754287719727,-0.33184123039245605,0.14817070960998535,0.03203439712524414,0.034520216286182404,0.02961763935306989,0.44797754287719727,False
Grocery,42,12345,6728,16859,6714,140566,46145,0.09534625709056854,0.17407765984535217,1.0760000944137573,1.1926043033599854,9,0.005595207214355469,0.00958780013024807,0.008768405527450951,0.05475139617919922,0.08455991744995117,0.23637700080871582,0.2967236042022705,-0.024213314056396484,-0.039201654493808746,-0.021127347144257957,0.2967236042022705,False
Grocery,42,12345,16197,16398,15659,138082,134440,0.09449112415313721,0.07881104201078415,0.8615431189537048,0.4863879084587097,17,0.00030481163412332535,0.035592325031757355,0.0003385856346023036,0.0041295746341347694,-0.00014646723866462708,0.003254503943026066,0.0031334059312939644,2.5369226932525635e-05,0.003882418852299452,-2.7619008079117386e-05,0.003254503943026066,True
Grocery,42,12345,16197,15221,16398,131901,138082,0.26726123690605164,0.09449112415313721,2.5171029567718506,0.8615431189537048,17,-0.004230227321386337,-0.06112297624349594,-0.016972107971886318,0.0324891172349453,0.0001455722376704216,0.004188084974884987,0.004579958505928516,0.0002463012933731079,0.02763199806213379,8.756460879020823e-05,0.004579958505928516,True
Grocery,42,12345,16197,15659,16398,134440,138082,0.07881104201078415,0.09449112415313721,0.4863879084587097,0.8615431189537048,17,-0.00023842789232730865,-0.02748299390077591,-0.00031929204641343916,0.004218515940010548,0.0007995013147592545,0.004533672705292702,0.005233887583017349,-9.928643703460693e-05,-0.009395832195878029,-0.00013463268116312063,0.005233887583017349,True
Grocery,42,12345,10437,10620,8637,85764,62698,0.09759000688791275,0.09759000688791275,0.5895339250564575,0.55350661277771,12,-0.000841386616230011,-0.022043321281671524,-0.0009381665234011825,0.018664143979549408,0.007948577404022217,0.0053888484835624695,0.012786753475666046,-0.0005506724119186401,-0.02107902429997921,-0.0006268527235337497,0.012786753475666046,True
Grocery,42,12345,10437,8637,10620,62698,85764,0.09759000688791275,0.09759000688791275,0.55350661277771,0.5895339250564575,12,-0.00029750168323516846,-0.009212063625454903,-0.0004650716147078307,0.015998639166355133,0.011468254029750824,0.011030040681362152,0.021893002092838287,-0.0006052926182746887,-0.013635385781526566,-0.000723196055767776,0.021893002092838287,True
Grocery,42,12345,6079,4371,6078,24711,41536,0.021591676399111748,0.11180339753627777,0.2582373321056366,1.2558562755584717,7,-4.3517909944057465e-05,-0.008675319142639637,-4.6962322146163697e-05,0.002486380748450756,0.0006023366004228592,0.014644093811511993,0.01496452558785677,-0.00028190482407808304,-0.009331208653748035,-0.00038446652568053987,0.01496452558785677,True
Grocery,42,12345,6079,6078,4371,41536,24711,0.11180339753627777,0.021591676399111748,1.2558562755584717,0.2582373321056366,7,-0.001980409026145935,-0.05074666813015938,-0.0029070841061873305,0.018522489815950394,0.0024807658046483994,0.0024233032017946243,0.004603196866810322,-0.0003008721396327019,-0.03164651244878769,-0.00034735157395294894,0.004603196866810322,True
Grocery,42,12345,14732,14517,15372,125332,132782,0.3535533845424652,0.3535533845424652,2.875391960144043,1.9841023683547974,16,-0.02696460485458374,-0.03050515614449978,-0.03273483764082402,0.4284856915473938,0.10345053672790527,-0.09364128112792969,0.052483975887298584,0.042674720287323,0.1709890067577362,0.042295712973977814,0.10345053672790527,True
Grocery,42,12345,14732,15372,14517,132782,125332,0.3535533845424652,0.3535533845424652,1.9841023683547974,2.875391960144043,16,0.01442304253578186,0.0513189360499382,0.013954882971842344,0.0,-0.09615439176559448,0.2271639108657837,0.1592414379119873,0.028231918811798096,0.058504506945610046,0.015372131585510224,0.2271639108657837,True
Grocery,42,12345,10162,10038,8753,79010,64258,0.030613837763667107,0.05913123860955238,0.19473771750926971,0.22716748714447021,12,1.9352883100509644e-05,0.0032044686377048492,1.723060692273475e-05,0.0030293427407741547,0.0008202418684959412,0.0048118457198143005,0.005605030804872513,-2.7056783437728882e-05,-0.0024078022688627243,-3.1625765328398294e-05,0.005605030804872513,True
Grocery,42,12345,10162,8753,10038,64258,79010,0.05913123860955238,0.030613837763667107,0.22716748714447021,0.19473771750926971,12,-0.00015765056014060974,-0.010312628000974655,-0.00017606228483103316,0.007564738392829895,0.002653408795595169,0.002286851406097412,0.004909034818410873,-3.1225383281707764e-05,-0.003170313313603401,-3.68646236068455e-05,0.004909034818410873,True
Grocery,42,12345,16241,16916,17065,141035,142037,0.020476505160331726,0.08084520697593689,0.22163785994052887,0.7194731831550598,17,-0.0008471310138702393,-0.008875835686922073,-0.0008699551755990409,0.04729762673377991,0.013768881559371948,0.02391207218170166,0.038758814334869385,0.0010778605937957764,0.01410078164190054,0.0011650171779213673,0.038758814334869385,True
Grocery,42,12345,16241,17065,16916,142037,141035,0.08084520697593689,0.020476505160331726,0.7194731831550598,0.22163785994052887,17,0.005105644464492798,0.02787969820201397,0.005780459161136085,0.09411844611167908,0.07835665345191956,0.03572642803192139,0.10996058583259583,-0.004122495651245117,-0.018400410190224648,-0.0045515045683282756,0.10996058583259583,True
Grocery,42,12345,12120,11459,10879,96077,89947,0.09128709137439728,0.05163978040218353,1.0600225925445557,0.7023206353187561,13,8.150376379489899e-05,0.0043958923779428005,0.00014169436676472313,0.0093111926689744,0.0005216551944613457,0.0023501859977841377,0.002746044658124447,-0.00012579653412103653,-0.022392109036445618,-0.0001641869207989183,0.002746044658124447,True
Grocery,42,12345,12120,11217,10879,93636,89947,0.05923488736152649,0.05163978040218353,0.3021920919418335,0.7023206353187561,13,4.722084850072861e-05,0.07665713131427765,4.7588680757845324e-05,0.00028438493609428406,0.0004204334691166878,0.0023132171481847763,0.002644822932779789,-8.882768452167511e-05,-0.016515377908945084,-0.00010531383718579764,0.002644822932779789,True
Grocery,42,12345,12120,10879,11217,89947,93636,0.05163978040218353,0.05923488736152649,0.7023206353187561,0.3021920919418335,13,-1.0010786354541779e-05,-0.0022451751865446568,-2.3074197934567272e-05,0.002234400250017643,-0.00012573692947626114,-0.00017146579921245575,-0.0002199104055762291,7.729232311248779e-05,0.14946599304676056,7.681194081788873e-05,0.0,True
Grocery,42,12345,3925,4200,3926,22418,20048,0.1259881556034088,0.2357022762298584,1.5182651281356812,0.7984577417373657,7,-0.0007822643965482712,-0.023157136514782906,-0.0011978654370886077,0.016499215736985207,0.0006595589220523834,0.0011837920174002647,0.0017860671505331993,-5.728378891944885e-05,-0.015783144161105156,-6.364674591053762e-05,0.0017860671505331993,True
Grocery,42,12345,3925,3926,4200,20048,22418,0.2357022762298584,0.1259881556034088,0.7984577417373657,1.5182651281356812,7,-0.00018916185945272446,-0.029411680996418,-0.00022361861440748114,0.0031211748719215393,0.004291415214538574,0.017600586637854576,0.019406091421842575,-0.0024859104305505753,-0.06019430235028267,-0.004047249226021137,0.019406091421842575,True
Grocery,42,12345,15169,14154,4557,121689,27346,0.10482847690582275,0.017200522124767303,0.7637090086936951,0.1186625063419342,19,-0.0013707876205444336,-0.002703116275370121,-0.0008775117459367265,0.2528715133666992,0.01012575626373291,0.026189446449279785,0.03555786609649658,-0.0007573366165161133,-0.010537139140069485,-0.0007533716507284519,0.03555786609649658,False
Grocery,42,12345,15169,4557,14154,27346,121689,0.017200522124767303,0.10482847690582275,0.1186625063419342,0.7637090086936951,19,-7.62939453125e-06,-0.00014997278049122542,-9.622740618837888e-06,0.025439739227294922,-0.006366133689880371,0.24130451679229736,0.23576605319976807,0.0008276700973510742,0.0017120547126978636,0.0008481284639357315,0.24130451679229736,False
Grocery,42,12345,3099,2108,3249,9059,15070,0.25,0.12126781791448593,1.7381747961044312,0.4875772297382355,3,0.020228341221809387,0.10358446836471558,0.013323471970988113,0.08752758800983429,0.10500043630599976,-0.010459721088409424,0.09729620814323425,0.002755492925643921,0.012951400130987167,0.002979970401479186,0.10500043630599976,True
Grocery,42,12345,3099,3249,2108,15070,9059,0.12126781791448593,0.25,0.4875772297382355,1.7381747961044312,3,0.0009176135063171387,0.011189799755811691,0.0007931211672362534,0.04054342210292816,0.03366647660732269,-0.06385007500648499,-0.022389039397239685,0.007794559001922607,0.06500579416751862,0.004032377232680922,0.03366647660732269,True
Grocery,42,12345,14803,14789,14819,127684,128108,0.25819888710975647,0.2357022762298584,1.1771539449691772,1.5641306638717651,16,0.0073021650314331055,0.007590022869408131,0.004744054824649291,0.4773859977722168,-0.11812996864318848,0.2637491226196289,0.15340924263000488,0.007790088653564453,0.014553070068359375,0.00537012194173985,0.2637491226196289,False
Grocery,42,12345,14803,14819,14789,128108,127684,0.2357022762298584,0.25819888710975647,1.5641306638717651,1.1771539449691772,16,0.005075812339782715,0.009434537030756474,0.0029666790999720583,0.2664637565612793,-0.07010507583618164,0.47765660285949707,0.4145832061767578,0.007031679153442383,0.007306818384677172,0.005079631303607,0.47765660285949707,False
Grocery,42,12345,12618,3083,12203,14027,103261,0.038836780935525894,0.05783149227499962,0.4328422248363495,0.5770912170410156,14,-6.016436964273453e-05,-0.00568135641515255,-5.289060243107973e-05,0.0,-0.00040824152529239655,0.002836054190993309,0.0025348905473947525,0.00010707788169384003,0.018528161570429802,0.00012285586991582856,0.002836054190993309,True
Grocery,42,12345,12618,12203,3083,103261,14027,0.05783149227499962,0.038836780935525894,0.5770912170410156,0.4328422248363495,14,-4.719942808151245e-05,-0.007178264204412699,-5.769637929980628e-05,0.003264058381319046,0.00019583571702241898,-0.005161863751709461,-0.004888136871159077,7.789116352796555e-05,0.00760221853852272,6.601357967191284e-05,0.00019583571702241898,True
Grocery,42,12345,12618,12394,3083,105155,14027,0.03224129229784012,0.038836780935525894,0.20984171330928802,0.4328422248363495,14,-3.59266996383667e-05,-0.007494597230106592,-3.858379306120223e-05,0.002378871664404869,0.00036884844303131104,-0.005219275131821632,-0.004715124145150185,0.00013530254364013672,0.013132015243172646,0.00011624381302945967,0.00036884844303131104,True
Grocery,42,12345,15574,16957,7914,141324,56084,0.1178511381149292,0.15430335700511932,0.6726949214935303,0.9978497624397278,17,0.0009618401527404785,0.008033325895667076,0.0010902365900694808,0.06034654378890991,0.0004471242427825928,0.039837807416915894,0.04145035147666931,0.0011654198169708252,0.014258465729653835,0.0013449310352676544,0.04145035147666931,True
Grocery,42,12345,15574,7914,16957,56084,141324,0.15430335700511932,0.1178511381149292,0.9978497624397278,0.6726949214935303,17,0.009197652339935303,0.1263260841369629,0.0094006820317903,0.031805574893951416,-0.023724019527435303,0.0533696711063385,0.03597182035446167,0.006326168775558472,0.055951353162527084,0.005771930842883112,0.0533696711063385,True
Grocery,42,12345,800,1215,491,5092,2127,0.1961161345243454,0.40824827551841736,1.7730072736740112,2.705709218978882,1,-0.0012744017876684666,-0.13685767352581024,-0.003005487604267761,0.004018732346594334,0.0014804697129875422,0.0027718916535377502,0.003191698109731078,-0.0010606632567942142,-0.14248433709144592,-0.0026323133448689947,0.003191698109731078,True
Grocery,42,12345,800,491,1215,2127,5092,0.40824827551841736,0.1961161345243454,2.705709218978882,1.7730072736740112,1,-0.0025499260518699884,-0.19881869852542877,-0.008836058873429382,0.005137723870575428,0.0033557028509676456,0.004803657531738281,0.0056802271865308285,-0.0024791331961750984,-0.1791333258152008,-0.00680088666023719,0.0056802271865308285,True
Grocery,42,12345,10900,11146,11114,92891,92581,0.05270462855696678,0.02556549943983555,0.7469241619110107,0.30101585388183594,13,-2.0163715817034245e-06,-0.002036991761997342,-2.5020019240650036e-06,0.0004939253558404744,1.7386162653565407e-05,0.0001772097311913967,0.00019293144578114152,-1.6644480638206005e-06,-0.004294936079531908,-2.0960010055473354e-06,0.00019293144578114152,True
Grocery,42,12345,10900,11114,11146,92581,92891,0.02556549943983555,0.05270462855696678,0.30101585388183594,0.7469241619110107,13,5.95522578805685e-07,0.0016990413423627615,6.167750127763084e-07,0.00017542619025334716,-2.857181243598461e-06,0.00047285365872085094,0.0004733300884254277,3.333610948175192e-06,0.0035125731956213713,4.133773372646022e-06,0.0004733300884254277,True
Grocery,42,12345,13158,9492,5932,73089,40263,0.036369647830724716,0.03475240245461464,0.2918614447116852,0.31848472356796265,16,0.0007519721984863281,0.003495464799925685,0.0007800435490025182,0.03902435302734375,0.0381242036819458,-0.14093589782714844,-0.1011589765548706,0.0016527175903320312,0.005897948052734137,0.0017061426178441618,0.0381242036819458,False
Grocery,42,12345,13158,4373,9492,25136,73089,0.011393099091947079,0.036369647830724716,0.14779770374298096,0.2918614447116852,16,0.00031244754791259766,0.0018851651111617684,0.0003208910628799688,0.018773794174194336,0.018629074096679688,-0.10764515399932861,-0.08855891227722168,0.0004571676254272461,0.002128012478351593,0.0004678521434006325,0.018629074096679688,False
Grocery,42,12345,13158,5932,9492,40263,73089,0.03475240245461464,0.036369647830724716,0.31848472356796265,0.2918614447116852,16,0.00018346309661865234,0.000658163451589644,0.0001933023468274342,0.022242307662963867,0.02180802822113037,-0.10780620574951172,-0.085379958152771,0.0006182193756103516,0.0028755164239555597,0.0006245839953481103,0.02180802822113037,False
Grocery,42,12345,5459,3984,4932,21037,31466,0.06362847983837128,0.0613139308989048,0.5301650762557983,0.42552897334098816,7,0.0029572397470474243,0.03430433198809624,0.003136738864592724,0.04162438213825226,-0.009441033005714417,0.023398935794830322,0.0158950537443161,0.0019371509552001953,0.03974863141775131,0.0019790913492888154,0.023398935794830322,True
Grocery,42,12345,5459,4932,3984,31466,21037,0.0613139308989048,0.06362847983837128,0.42552897334098816,0.5301650762557983,7,0.0023275911808013916,0.048145841807127,0.0023717445578414417,0.023008495569229126,-0.012956887483596802,0.040958285331726074,0.03162473440170288,0.0036233365535736084,0.042358431965112686,0.0038421499409035074,0.040958285331726074,True
Grocery,42,12345,5383,5730,5176,37959,33652,0.1714985966682434,0.21320071816444397,1.0538638830184937,2.0880303382873535,7,-0.001926317811012268,-0.016156088560819626,-0.001397990366195495,0.0003844350576400757,-0.1545657217502594,0.24924114346504211,0.18866203725337982,0.09398660063743591,0.15863549709320068,0.11307153249773502,0.24924114346504211,True
Grocery,42,12345,5383,5176,5730,33652,37959,0.21320071816444397,0.1714985966682434,2.0880303382873535,1.0538638830184937,7,-0.005749523639678955,-0.008102325722575188,-0.009453177392054868,0.35193222761154175,0.0005820244550704956,-0.003914445638656616,-0.0009597539901733398,0.0023726671934127808,0.4348543882369995,0.0022018659498882387,0.0005820244550704956,True
Grocery,42,12345,8856,10032,9103,78908,68195,0.08908708393573761,0.09166985005140305,0.5603407025337219,0.6548200249671936,12,0.000435754656791687,0.006277292035520077,0.00041072025247693156,0.002672046422958374,0.003481447696685791,0.0353320837020874,0.03843988478183746,-0.00037364661693573,-0.004836635198444128,-0.00042181448149713314,0.03843988478183746,True
Grocery,42,12345,8856,9103,10032,68195,78908,0.09166985005140305,0.08908708393573761,0.6548200249671936,0.5603407025337219,12,0.000544324517250061,0.00784639548510313,0.0005031913090041279,0.03441411256790161,-0.0021243691444396973,-0.03346484899520874,-0.03661529719829559,-0.0010260790586471558,-0.014210730791091919,-0.0009131581668097111,0.0,True
Grocery,42,12345,4608,4957,4404,31729,25478,0.11952286213636398,0.04740455001592636,1.0895512104034424,0.23364892601966858,7,0.0034242570400238037,0.01883118599653244,0.003664491813170273,0.0892077088356018,-0.01712578535079956,0.04121759533882141,0.025353461503982544,0.0012616515159606934,0.015074062161147594,0.0012532332002536436,0.04121759533882141,True
Grocery,42,12345,4608,4404,4957,25478,31729,0.04740455001592636,0.11952286213636398,0.23364892601966858,1.0895512104034424,7,0.002672821283340454,0.032482217997312546,0.0026790842413928484,0.03980642557144165,-0.0348813533782959,0.08841076493263245,0.05775061249732971,0.004221200942993164,0.023316046223044395,0.004692482400518963,0.08841076493263245,True
Grocery,42,12345,8144,8107,7288,57507,51042,0.12909944355487823,0.12909944355487823,1.7177014350891113,1.6920793056488037,9,-4.694570088759065e-05,-0.06466048955917358,-0.00010248384879868103,0.0003395390522200614,5.0050352001562715e-05,0.00027244718512520194,0.00028567813569679856,-3.681940142996609e-05,-0.060539741069078445,-7.497095456447886e-05,0.00028567813569679856,True
Grocery,42,12345,8144,7288,8107,51042,57507,0.12909944355487823,0.12909944355487823,1.6920793056488037,1.7177014350891113,9,-1.846955274231732e-05,-0.03420132398605347,-3.741018422686084e-05,0.0002607724454719573,3.0625000363215804e-05,0.00030331232119351625,0.00030998740112408996,-2.3949920432642102e-05,-0.037193089723587036,-5.166916918804826e-05,0.00030998740112408996,True
Grocery,42,12345,7810,13207,3788,111194,18560,0.02635231427848339,0.025958707556128502,0.16102400422096252,0.3344314694404602,11,-1.617521047592163e-05,-0.006565887946635485,-1.4421378917481515e-05,0.000654958188533783,0.0005407482385635376,-0.0035838112235069275,-0.002945028245449066,9.803473949432373e-05,0.01386708952486515,9.263709625784691e-05,0.0005407482385635376,True
Grocery,42,12345,7810,3788,13207,18560,111194,0.025958707556128502,0.02635231427848339,0.3344314694404602,0.16102400422096252,11,0.00017929822206497192,0.025072870776057243,0.00017429104722606337,0.0004760622978210449,0.0006262734532356262,-0.0012689381837844849,-0.000613577663898468,2.9087066650390625e-05,0.011594018898904324,2.7911450221360292e-05,0.0006262734532356262,True
Grocery,42,12345,5835,5824,5378,38914,35188,0.20000000298023224,0.20000000298023224,1.7286490201950073,1.911736249923706,8,0.029440030455589294,0.09594597667455673,0.035854450783911404,0.13869981467723846,-0.02331387996673584,-0.029869578778743744,-0.037117667496204376,0.016065791249275208,0.17791350185871124,0.013727598164287827,0.0,True
Grocery,42,12345,5835,5378,5824,35188,38914,0.20000000298023224,0.20000000298023224,1.911736249923706,1.7286490201950073,8,0.019327335059642792,0.18616801500320435,0.01618865348438856,0.0,-0.04550352692604065,0.13174991309642792,0.12263649702072144,0.03639011085033417,0.12134489417076111,0.04106454225284143,0.13174991309642792,True
Grocery,42,12345,4205,5970,10489,40436,84237,0.025759851559996605,0.030772872269153595,0.0803104117512703,0.29802006483078003,8,0.00019475817680358887,0.038802649825811386,0.0001943769568188516,0.0024122148752212524,-0.0017067939043045044,-0.011295348405838013,-0.012832164764404297,0.00016997754573822021,0.0065795257687568665,0.00016095742710105186,0.0,True
Grocery,42,12345,4205,3106,10489,14124,84237,0.04494665563106537,0.030772872269153595,0.40674760937690735,0.29802006483078003,8,0.0013743788003921509,0.06760891526937485,0.0014432613985506195,0.003100782632827759,-0.009666740894317627,-0.011315420269966125,-0.02079230546951294,0.000189855694770813,0.004544777330011129,0.00018632826642506396,0.0,True
Grocery,42,12345,4205,10489,3106,84237,14124,0.030772872269153595,0.04494665563106537,0.29802006483078003,0.40674760937690735,8,-0.00014066696166992188,-0.003299900097772479,-0.00013637932123237474,0.0,-0.0117330402135849,0.003141269087791443,-0.00725787878036499,0.0013338923454284668,0.0602693147957325,0.001393225199249993,0.003141269087791443,True
Grocery,42,12345,5295,5296,5432,34586,36023,0.19245009124279022,0.2357022762298584,1.968798041343689,2.972710132598877,8,1.0011128324549645e-05,0.041372641921043396,1.5067900159037922e-05,0.00011597673437790945,-3.205283428542316e-05,0.000373509043129161,0.000368621782399714,2.7165573555976152e-05,0.035088859498500824,5.637450786301687e-05,0.000373509043129161,True
Grocery,42,12345,5295,5432,5296,36023,34586,0.2357022762298584,0.19245009124279022,2.972710132598877,1.968798041343689,8,7.887851097621024e-05,0.10917732864618301,0.00015929900868101246,0.0003217961057089269,-3.790196205954999e-05,0.00010143654071725905,8.808590064290911e-05,2.4551321985200047e-05,0.10794902592897415,3.563939780846583e-05,0.00010143654071725905,True
Grocery,42,12345,12827,16016,13018,136124,109100,0.14433756470680237,0.12909944355487823,1.2652720212936401,1.1935508251190186,14,0.001352071762084961,0.001658736146055162,0.0012514128750820142,0.04032552242279053,0.026668310165405273,0.3113820552825928,0.3530595302581787,0.015009164810180664,0.021717479452490807,0.017233957094284984,0.3530595302581787,True
Grocery,42,12345,12827,13018,16016,109100,136124,0.12909944355487823,0.14433756470680237,1.1935508251190186,1.2652720212936401,14,-0.01121973991394043,-0.012121966108679771,-0.011260503065169236,0.457175612449646,0.10290014743804932,-0.4235496520996094,-0.30398476123809814,0.016664743423461914,0.020067498087882996,0.017309315257633837,0.10290014743804932,True
Grocery,42,12345,12827,16991,13018,141515,109100,0.07453560084104538,0.12909944355487823,0.41997626423835754,1.1935508251190186,14,0.0035637617111206055,0.010691574774682522,0.0035176934967036944,0.035883307456970215,0.03742492198944092,0.324368953704834,0.3638160228729248,0.0020221471786499023,0.002786824246868491,0.0025842065606335165,0.3638160228729248,True
Grocery,42,12345,5717,4401,15100,25443,131238,0.40824827551841736,0.15811388194561005,1.951289176940918,0.9386879801750183,7,0.0006848573684692383,0.005593869835138321,-0.0012563920823384922,0.060872554779052734,0.0659441351890564,0.08073538541793823,0.1422927975654602,-0.004386723041534424,-0.015180426649749279,-0.004760126128277436,0.1422927975654602,True
Grocery,42,12345,5717,15100,4401,131238,25443,0.15811388194561005,0.40824827551841736,0.9386879801750183,1.951289176940918,7,0.034895509481430054,0.06923548877239227,0.029052798374288355,0.041453152894973755,-0.23060904443264008,-0.03658692538738251,-0.2711449861526489,-0.003949016332626343,-0.00733553059399128,-0.0018079139939696318,0.0,True
Grocery,42,12345,2,1627,1351,6726,5602,0.06741999089717865,0.11470786482095718,0.6426879167556763,0.960523784160614,1,0.00039398670196533203,0.0004940864164382219,0.0011945274265804384,0.3988991975784302,0.045714378356933594,0.5773701667785645,0.6267973184585571,0.003712773323059082,0.002970499452203512,0.0052756561059434616,0.6267973184585571,False
Grocery,42,12345,2,1351,1627,5602,6726,0.11470786482095718,0.06741999089717865,0.960523784160614,0.6426879167556763,1,0.005419611930847168,0.003958950284868479,0.009619109171279172,0.6871856451034546,0.11210763454437256,0.35045135021209717,0.4619736671447754,-0.0005853176116943359,-0.0006330956821329892,0.0013674974208654836,0.4619736671447754,False
Grocery,42,12345,7434,7126,16723,49653,139851,0.011844484135508537,0.06154574453830719,0.12919151782989502,0.5162109136581421,9,2.0193401724100113e-06,0.008399007841944695,1.9857967479695773e-06,0.00011919834651052952,-2.676132135093212e-05,0.00022755912505090237,0.00020210049115121365,1.3026874512434006e-06,0.0028540734201669693,7.99911067382062e-07,0.00022755912505090237,True
Grocery,42,12345,7434,16723,7126,139851,49653,0.06154574453830719,0.011844484135508537,0.5162109136581421,0.12919151782989502,9,-9.591691195964813e-05,-0.0518169067800045,-0.0001290072015839005,0.0008775733876973391,0.0005813781172037125,0.00014980114065110683,0.000702595803886652,-2.8583453968167305e-05,-0.019935661926865578,-3.290460739225209e-05,0.000702595803886652,True
Grocery,42,12345,867,1291,88,5394,347,0.25,0.14433756470680237,1.425688624382019,0.9998194575309753,1,-0.00015163421630859375,-0.00013046218373347074,-0.0006961223382835335,0.5810666084289551,0.017142295837402344,0.9006752967834473,0.9166066646575928,-0.001210927963256836,-0.0006601133500225842,-0.000779765113295323,0.9166066646575928,False
Grocery,42,12345,867,88,1291,347,5394,0.14433756470680237,0.25,0.9998194575309753,1.425688624382019,1,-0.0027365684509277344,-0.001453632372431457,-0.001880762125578861,0.939918041229248,0.040841102600097656,0.5681076049804688,0.6058228015899658,-0.003125905990600586,-0.0025732461363077164,-0.0037415227970649615,0.6058228015899658,False
Grocery,42,12345,11634,11327,13776,94901,117537,0.014546319842338562,0.010440484620630741,0.2393639087677002,0.09004741162061691,13,0.0005750656127929688,0.0015535351121798158,0.0005719414335335071,0.18537044525146484,0.01132965087890625,-0.01552581787109375,-0.0033245086669921875,0.0008716583251953125,0.028881998732686043,0.000867826329458904,0.01132965087890625,False
Grocery,42,12345,11634,13776,11327,117537,94901,0.010440484620630741,0.014546319842338562,0.09004741162061691,0.2393639087677002,13,0.0002841949462890625,0.004288633354008198,0.00028173174372924693,0.0,-0.01824188232421875,0.17355823516845703,0.1555042266845703,0.00018787384033203125,0.0005409487057477236,0.000185358952839413,0.17355823516845703,False
Grocery,42,12345,11744,2834,10844,12663,89533,0.009390602819621563,0.04303314909338951,0.045841142535209656,0.6473801732063293,13,2.3840766516514122e-07,0.11059568077325821,-8.275514456154292e-09,0.0,-1.0728108463808894e-06,2.5866931537166238e-05,2.5390116206835955e-05,5.95995516050607e-07,0.01138702966272831,5.44444152920554e-07,2.5866931537166238e-05,True
Grocery,42,12345,11744,10844,2834,89533,12663,0.04303314909338951,0.009390602819621563,0.6473801732063293,0.045841142535209656,13,4.7680805437266827e-07,0.009089148603379726,3.382522216765913e-07,2.5986118998844177e-05,-4.7681533033028245e-07,-5.960209819022566e-07,-7.152229954954237e-07,3.576133167371154e-07,0.19888849556446075,-1.1296214910847906e-08,0.0,True
Grocery,42,12345,7266,16352,15682,137798,134519,0.20412413775920868,0.2357022762298584,2.033597469329834,1.4428514242172241,9,0.008685588836669922,0.007196382153779268,0.010554310850665716,0.0015993118286132812,0.0015950202941894531,-0.4691894054412842,-0.4589049816131592,0.008689403533935547,0.009346566163003445,0.010976117003854782,0.0015950202941894531,False
Grocery,42,12345,7266,15682,16352,134519,137798,0.2357022762298584,0.20412413775920868,1.4428514242172241,2.033597469329834,9,0.02410411834716797,0.02550419420003891,0.025885040509198542,0.45256590843200684,0.44461822509765625,-0.631178617477417,-0.1545090675354004,0.03205132484436035,0.026051508262753487,0.03919475880708349,0.44461822509765625,False
Grocery,42,12345,9945,8528,10331,61407,82565,0.03993615135550499,0.02752409502863884,0.33676663041114807,0.158222034573555,12,-1.3978686183691025e-05,-0.021339643746614456,-1.8039556058758142e-05,0.00032053422182798386,0.00024786731228232384,0.0003197481855750084,0.00055310083553195,-1.4514662325382233e-05,-0.012951120734214783,-1.583208986186462e-05,0.00055310083553195,True
Grocery,42,12345,9945,10331,8528,82565,61407,0.02752409502863884,0.03993615135550499,0.158222034573555,0.33676663041114807,12,-6.130430847406387e-06,-0.0070334854535758495,-6.600413804175981e-06,0.0004327329806983471,0.0001238514669239521,7.568532600998878e-05,0.00019705435261130333,-2.482440322637558e-06,-0.006259286776185036,-3.997628508412033e-06,0.00019705435261130333,True
Grocery,42,12345,10893,7465,10802,52576,88679,0.03045724704861641,0.04335549846291542,0.4498123526573181,0.5110458731651306,13,2.7249567210674286e-05,0.026465266942977905,2.961385719378346e-05,0.000501187751069665,-0.0002486472949385643,0.0012600990012288094,0.0010991115123033524,8.76598060131073e-05,0.03361359238624573,0.00010372981719795337,0.0012600990012288094,True
Grocery,42,12345,10893,10802,7465,88679,52576,0.04335549846291542,0.03045724704861641,0.5110458731651306,0.4498123526573181,13,4.018307663500309e-05,0.01513290498405695,4.811546803542405e-05,0.0013075757306069136,-6.583146750926971e-05,0.0005134912207722664,0.0004626058507710695,1.4946097508072853e-05,0.014344509690999985,1.5245912508827517e-05,0.0005134912207722664,True
Grocery,42,12345,10893,11853,10802,99995,88679,0.054554469883441925,0.04335549846291542,0.7710189819335938,0.5110458731651306,13,8.64055473357439e-05,0.019142527133226395,0.0001143849822057186,0.0022136925254017115,-0.00013405270874500275,0.0012983579654246569,0.001213706098496914,4.940084181725979e-05,0.018669113516807556,5.888206736779405e-05,0.0012983579654246569,True
Grocery,42,12345,13061,14195,13301,122272,112662,0.03892494738101959,0.06085805967450142,0.5894540548324585,0.5289936661720276,15,-2.810964360833168e-05,-0.013157408684492111,-3.20682831553142e-05,0.0010541460942476988,0.00018915347754955292,0.0010634742211550474,0.001219089375808835,-3.3538322895765305e-05,-0.01356878038495779,-3.806870436888317e-05,0.001219089375808835,True
Grocery,42,12345,13061,13301,14195,112662,122272,0.06085805967450142,0.03892494738101959,0.5289936661720276,0.5894540548324585,15,-4.00845892727375e-05,-0.016335515305399895,-4.774225276795276e-05,0.0012068680953234434,0.00017541740089654922,0.0009089910890907049,0.0010458386968821287,-3.856979310512543e-05,-0.018105696886777878,-4.590010263134136e-05,0.0010458386968821287,True
Grocery,42,12345,13061,13207,14195,111267,122272,0.013608275912702084,0.03892494738101959,0.08315243571996689,0.5894540548324585,15,-2.72202305495739e-06,-0.005750427953898907,-2.8782002001525664e-06,0.0002353140152990818,6.86040148139e-05,0.0008835475891828537,0.0009390253107994795,-1.3126293197274208e-05,-0.006940769962966442,-1.5506359069292725e-05,0.0009390253107994795,True
Grocery,42,12345,13421,5737,3615,38165,17377,0.016903085634112358,0.02691909670829773,0.1523629128932953,0.13910222053527832,16,0.00018556416034698486,0.012454149313271046,0.00017858823622484907,0.0025008171796798706,0.002674385905265808,-0.0021508485078811646,0.0005355328321456909,1.1995434761047363e-05,0.002237629843875766,1.1707203376541473e-05,0.002674385905265808,True
Grocery,42,12345,13421,3615,5737,17377,38165,0.02691909670829773,0.016903085634112358,0.13910222053527832,0.1523629128932953,16,-9.891390800476074e-05,-0.007494022138416767,-0.00010021325587718363,0.0066489726305007935,0.0061661601066589355,-0.007741004228591919,-0.0011909455060958862,0.00038389861583709717,0.025426914915442467,0.0003756187765790525,0.0061661601066589355,True
Grocery,42,12345,9161,16203,1822,137004,7727,0.10206206887960434,0.1154700443148613,0.330074280500412,0.6600189208984375,12,2.8848648071289062e-05,0.00018183236534241587,-0.00033048566879691037,0.07934200763702393,0.08067572116851807,0.069785475730896,0.1470186710357666,-0.003442525863647461,-0.011572298593819141,-0.004452020517456374,0.1470186710357666,True
Grocery,42,12345,9161,1822,11153,7727,92927,0.1154700443148613,0.1178511381149292,0.6600189208984375,1.1462955474853516,12,-0.0013333559036254883,-0.004057904239743948,-0.00157932629053896,0.16362452507019043,0.06287878751754761,-0.3174186944961548,-0.22147035598754883,0.03306955099105835,0.05495400354266167,0.03184655211917117,0.06287878751754761,True
Grocery,42,12345,9161,11153,1822,92927,7727,0.1178511381149292,0.1154700443148613,1.1462955474853516,0.6600189208984375,12,0.04110109806060791,0.0674009770154953,0.040329040327893584,0.11612975597381592,0.15098893642425537,0.06010103225708008,0.2173318862915039,0.006241917610168457,0.014569559134542942,0.005671974968741389,0.2173318862915039,True
Grocery,42,12345,15336,2700,16989,11883,141485,0.05832118168473244,0.10206206887960434,0.2974396049976349,0.41287410259246826,18,0.0008172988891601562,0.008025705814361572,0.0008034642490275593,0.020414292812347412,0.022327184677124023,0.059383392333984375,0.08061438798904419,-0.001096189022064209,-0.006753052119165659,-0.0011036669746220839,0.08061438798904419,True
Grocery,42,12345,15336,16989,2700,141485,11883,0.10206206887960434,0.05832118168473244,0.41287410259246826,0.2974396049976349,18,0.0028253793716430664,0.024838710203766823,0.0028378391144343595,0.0554618239402771,-0.04798543453216553,-0.04839813709259033,-0.09849494695663452,-0.002111375331878662,-0.010834314860403538,-0.002089297522968647,0.0,True
Grocery,42,12345,4191,3788,10826,18402,89084,0.02997453138232231,0.14433756470680237,0.38616815209388733,1.0085036754608154,8,0.001960158348083496,0.004995417315512896,0.0018937542775204486,0.19521558284759521,-0.02477240562438965,0.3960902690887451,0.3749103546142578,0.0035924911499023438,0.004514466971158981,0.0032464776526254,0.3960902690887451,True
Grocery,42,12345,4191,10826,3788,89084,18402,0.14433756470680237,0.02997453138232231,1.0085036754608154,0.38616815209388733,8,0.03765815496444702,0.04943913593888283,0.029729365333095392,0.36202460527420044,-0.3322453498840332,0.16533082723617554,-0.13506948947906494,0.031845033168792725,0.050336286425590515,0.031594204356787295,0.16533082723617554,True
Grocery,42,12345,12765,9355,9832,71303,76828,0.06666667014360428,0.1111111119389534,0.4360285997390747,1.062057375907898,14,-0.00029850006103515625,-0.0004477293696254492,-0.0003316450051767672,0.0,-0.08720779418945312,-0.13156890869140625,-0.21995258331298828,-0.0011758804321289062,-0.0026801959611475468,-0.001557422105964285,0.0,False
Grocery,42,12345,12765,9832,9355,76828,71303,0.1111111119389534,0.06666667014360428,1.062057375907898,0.4360285997390747,14,-0.007729530334472656,-0.006352812051773071,-0.010767198316279564,0.0,-0.4852733612060547,-0.24347972869873047,-0.7306852340698242,-0.0019321441650390625,-0.001323895761743188,-0.002276424132176151,0.0,False
Grocery,42,12345,7136,8198,6608,58186,45423,0.08058229833841324,0.03026137873530388,1.0291775465011597,0.22758448123931885,9,-1.6684309230186045e-05,-0.06033401936292648,-2.5894381601502276e-05,0.00012991901894565672,1.811800029827282e-05,1.060852810041979e-05,2.705792576307431e-05,-1.6686026356182992e-06,-0.029906244948506355,-1.9173294077702866e-06,2.705792576307431e-05,True
Grocery,42,12345,7136,6608,8198,45423,58186,0.03026137873530388,0.08058229833841324,0.22758448123931885,1.0291775465011597,9,-9.535069693811238e-07,-0.025468802079558372,-8.557062725762873e-07,1.8237362382933497e-05,1.7878031940199435e-05,0.0001063194140442647,0.00011466334399301559,-9.534101991448551e-06,-0.03991321846842766,-1.4226882353546956e-05,0.00011466334399301559,True
Grocery,42,12345,2665,13207,10768,111014,87875,0.03042902983725071,0.029695695266127586,0.18593449890613556,0.31697794795036316,4,-0.00011658668518066406,-0.0008871890022419393,-0.00011933707829303586,0.06576395034790039,-0.0036721229553222656,0.10552811622619629,0.10210633277893066,0.0002503395080566406,0.0011847217101603746,0.00023744755055655304,0.10552811622619629,False
Grocery,42,12345,2665,10768,13207,87875,111014,0.029695695266127586,0.03042902983725071,0.31697794795036316,0.18593449890613556,4,-0.0010173320770263672,-0.004785762168467045,-0.0009788912015416124,0.1067960262298584,-0.07359051704406738,0.06542491912841797,-0.007943153381347656,0.0002224445343017578,0.0015136543661355972,0.00021732622352632397,0.06542491912841797,False
Grocery,42,12345,3388,2346,10649,10200,86100,0.17960530519485474,0.056796181946992874,1.1588144302368164,0.261140912771225,5,0.026247382164001465,0.14914099872112274,0.019466745723907775,0.0748714953660965,0.09516848623752594,-0.01848691701889038,0.08263204991817474,0.005950480699539185,0.030315132811665535,0.006488373857395924,0.09516848623752594,True
Grocery,42,12345,3388,10649,2346,86100,10200,0.056796181946992874,0.17960530519485474,0.261140912771225,1.1588144302368164,5,0.0004566013813018799,0.017885256558656693,0.000442906373740469,0.004094228148460388,0.0027332305908203125,-0.05893309414386749,-0.054382264614105225,0.0018175989389419556,0.01566239446401596,0.0012413305667207516,0.0027332305908203125,True
Grocery,42,12345,3546,5775,10838,38533,89446,0.10660035908222198,0.07537783682346344,0.6001902222633362,0.40957584977149963,6,0.010382413864135742,0.1839645802974701,0.010253014262307198,0.02946174144744873,0.029229402542114258,-0.019450783729553223,0.01395869255065918,0.0041800737380981445,0.06673289090394974,0.004289715675462054,0.029229402542114258,True
Grocery,42,12345,3546,10838,5775,89446,38533,0.07537783682346344,0.10660035908222198,0.40957584977149963,0.6001902222633362,6,0.0025550127029418945,0.07720012217760086,0.0027225527337584998,0.011943817138671875,0.00637209415435791,-0.0016922950744628906,0.012806534767150879,0.00812673568725586,0.3893805742263794,0.008060333468372701,0.012806534767150879,True
Grocery,42,12345,14988,2894,14277,13032,123131,0.02837521769106388,0.028688766062259674,0.12685254216194153,0.2614861726760864,15,-1.2569129467010498e-05,-0.003063717158511281,-1.2159926120300542e-05,0.0,-0.0018443241715431213,0.004553347826004028,0.002927817404270172,0.00021879374980926514,0.023461880162358284,0.00022680660472033937,0.004553347826004028,True
Grocery,42,12345,14988,14277,2894,123131,13032,0.028688766062259674,0.02837521769106388,0.2614861726760864,0.12685254216194153,15,-2.545490860939026e-05,-0.0024256284814327955,-2.6384276309130913e-05,0.005234342068433762,0.00042996928095817566,-0.00045138224959373474,-1.463666558265686e-05,6.776303052902222e-06,0.007562853395938873,6.9039977181784926e-06,0.00042996928095817566,True
Grocery,42,12345,10771,11855,11756,100021,98951,0.034815531224012375,0.05000000074505806,0.4685398042201996,0.6192046403884888,13,2.3838947527110577e-07,0.006095605902373791,2.7056705203616144e-07,1.9430011889198795e-05,-8.344068191945553e-07,2.3125245206756517e-05,2.2767631890019402e-05,4.767935024574399e-07,0.01020156592130661,4.5675763391058547e-07,2.3125245206756517e-05,True
Grocery,42,12345,10771,11756,11855,98951,100021,0.05000000074505806,0.034815531224012375,0.6192046403884888,0.4685398042201996,13,1.4551915228366852e-11,3.0062170708333724e-07,-1.3968031165786503e-07,2.419804150122218e-05,8.344140951521695e-07,1.990679811569862e-05,2.050281545962207e-05,-2.3839675122871995e-07,-0.005778750870376825,-2.1818288192237045e-07,2.050281545962207e-05,True
Grocery,42,12345,5957,5464,4617,36264,28443,0.10050378739833832,0.10540925711393356,0.9876604676246643,0.8171959519386292,7,-0.00012437929399311543,-0.027130091562867165,-0.0001551190729571772,0.0022300812415778637,0.0005101663991808891,0.002221194328740239,0.0025400142185389996,-0.00019134650938212872,-0.036299094557762146,-0.000254116136341828,0.0025400142185389996,True
Grocery,42,12345,5957,4617,5464,28443,36264,0.10540925711393356,0.10050378739833832,0.8171959519386292,0.9876604676246643,7,-0.00023125321604311466,-0.04188587889075279,-0.000312251725213012,0.0026448839344084263,0.000523802824318409,0.0019269019830971956,0.002310684882104397,-0.00014001992531120777,-0.029407305642962456,-0.00017491299165752196,0.002310684882104397,True
Grocery,42,12345,14663,3226,14998,14858,130210,0.023728949949145317,0.0883883461356163,0.18039996922016144,0.4349079430103302,15,5.956972017884254e-07,0.006693650037050247,4.833320767791932e-07,0.0,-4.574022023007274e-05,5.63443754799664e-05,1.4294288121163845e-05,3.6901328712701797e-06,0.03170520067214966,3.7712876514445843e-06,5.63443754799664e-05,True
Grocery,42,12345,14663,14998,3226,130210,14858,0.0883883461356163,0.023728949949145317,0.4349079430103302,0.18039996922016144,15,2.023414708673954e-06,0.017139505594968796,2.1944546234499627e-06,5.801109364256263e-05,-2.656405558809638e-05,-1.9059516489505768e-06,-2.8112612199038267e-05,3.573950380086899e-07,0.006315223407000303,4.4983861546602833e-07,0.0,True
Grocery,42,12345,13588,16234,15924,137174,135666,0.04103049635887146,0.05504819005727768,0.30566203594207764,0.32892870903015137,15,1.5032710507512093e-05,0.01874488592147827,1.5488392587020874e-05,0.00010306970216333866,-0.0003646120894700289,-0.0003184191882610321,-0.0007118794601410627,-2.8848182410001755e-05,-0.020680876448750496,-2.5847543014937697e-05,0.0,True
Grocery,42,12345,13588,15924,16234,135666,137174,0.05504819005727768,0.04103049635887146,0.32892870903015137,0.30566203594207764,15,-3.09839379042387e-05,-0.02209153026342392,-2.775710199800726e-05,0.0,-0.00041336100548505783,0.00010520778596401215,-0.0002952585928142071,1.2894626706838608e-05,0.015844229608774185,1.3683918143063755e-05,0.00010520778596401215,True
Grocery,42,12345,13588,13723,15924,116986,135666,0.04652421176433563,0.05504819005727768,0.4067530035972595,0.32892870903015137,15,-8.743256330490112e-06,-0.004071191418915987,-1.017746166723254e-05,0.0010694190859794617,2.968544140458107e-05,-0.00034832535311579704,-0.0003175819292664528,1.0579824447631836e-06,0.0015209577977657318,8.157254224643683e-07,2.968544140458107e-05,True
Grocery,42,12345,11580,12131,10938,102436,90508,0.15430335700511932,0.09245003014802933,2.0074448585510254,0.8828034996986389,13,-0.012167394161224365,-0.018689651042222977,-0.017643537457097708,0.31942784786224365,0.02300022542476654,0.09874628484249115,0.11338408291339874,-0.008362427353858948,-0.035565029829740524,-0.011715087762306406,0.11338408291339874,True
Grocery,42,12345,11580,10938,12131,90508,102436,0.09245003014802933,0.15430335700511932,0.8828034996986389,2.0074448585510254,13,-0.004052355885505676,-0.019553132355213165,-0.005330020965693016,0.10159802436828613,0.012796372175216675,0.29825764894485474,0.305419385433197,-0.00563463568687439,-0.00914011150598526,-0.0073835992821350985,0.305419385433197,True
Grocery,42,12345,16353,17026,17047,141792,141960,0.08362419903278351,0.09245003014802933,0.6400942802429199,1.2493587732315063,18,-5.235022399574518e-06,-0.01122531108558178,-5.940615760278609e-06,0.00023055687779560685,3.6541372537612915e-05,0.0006318666273728013,0.0006530667305923998,-1.5341269318014383e-05,-0.01160911563783884,-2.0490854087921462e-05,0.0006530667305923998,True
Grocery,42,12345,16353,17047,17026,141960,141792,0.09245003014802933,0.08362419903278351,1.2493587732315063,0.6400942802429199,18,2.3774337023496628e-06,0.0019317998085170984,2.6004973274439385e-06,0.0006141479243524373,-5.3585972636938095e-06,0.0002040037070401013,0.00019876315491274,1.180451363325119e-07,0.00028923028730787337,4.5751736378696883e-08,0.0002040037070401013,True
Grocery,42,12345,8644,9528,9432,73446,72508,0.10206206887960434,0.11180339753627777,1.1842546463012695,0.8810840845108032,12,0.001908130943775177,0.013800591230392456,0.002425542347578871,0.06869062036275864,-0.0012103915214538574,0.05938535928726196,0.059897832572460175,0.001722864806652069,0.01429839339107275,0.002046586032785831,0.059897832572460175,True
Grocery,42,12345,8644,9432,9528,72508,73446,0.11180339753627777,0.10206206887960434,0.8810840845108032,1.1842546463012695,12,-0.0004513561725616455,-0.003412034595385194,-0.0008331534471723231,0.06591610610485077,0.004842892289161682,0.07057242095470428,0.07492905855178833,-0.0004862546920776367,-0.0032342723570764065,-0.0006340508820081821,0.07492905855178833,True
Grocery,42,12345,16506,13207,3788,111332,18667,0.014617634005844593,0.014399299398064613,0.08932004868984222,0.18550918996334076,17,-2.384185791015625e-05,-0.0004823832423426211,-2.477546775596362e-05,0.0,-0.004370570182800293,-0.020473361015319824,-0.024868249893188477,-2.4318695068359375e-05,-0.0004891897551715374,-2.6061390703928916e-05,0.0,False
Grocery,42,12345,16506,15077,3788,131128,18667,0.08770579844713211,0.014399299398064613,0.8151039481163025,0.18550918996334076,17,-0.0007263422012329102,-0.0016742115840315819,-0.0005916620651521265,0.0,-0.038842201232910156,-0.020446062088012695,-0.05933976173400879,-5.14984130859375e-05,-0.0004341167223174125,-6.603908612306046e-05,0.0,False
Grocery,42,12345,16506,3788,13207,18667,111332,0.014399299398064613,0.014617634005844593,0.18550918996334076,0.08932004868984222,17,4.5299530029296875e-05,0.0011037781368941069,4.4023804135685796e-05,0.004238724708557129,0.004246830940246582,-0.020392179489135742,-0.016108155250549316,3.719329833984375e-05,0.00091278221225366,3.5150418411231166e-05,0.004246830940246582,False
Grocery,42,12345,10608,9747,10174,76042,80774,0.0400320403277874,0.025923792272806168,0.2395181506872177,0.28581318259239197,12,-5.466397851705551e-06,-0.01436087116599083,-5.951089173654027e-06,0.0001875844318419695,8.926226291805506e-05,0.00013472943101078272,0.00021709955763071775,-6.892136298120022e-06,-0.015624838881194592,-7.356531640293093e-06,0.00021709955763071775,True
Grocery,42,12345,10608,8614,9747,62352,76042,0.046225015074014664,0.0400320403277874,0.46689572930336,0.2395181506872177,12,1.1816155165433884e-07,0.0010481304489076138,-1.2211976471297492e-08,5.630368832498789e-05,6.022478919476271e-05,0.00010355084668844938,0.0001599726965650916,-3.8029393181204796e-06,-0.011746227741241455,-4.051872868147644e-06,0.0001599726965650916,True
Grocery,42,12345,10608,10174,9747,80774,76042,0.025923792272806168,0.0400320403277874,0.28581318259239197,0.2395181506872177,12,-2.614571712911129e-06,-0.008093499578535557,-2.609109405263618e-06,0.00016021064948290586,3.166007809340954e-05,0.0001016492024064064,0.00013140798546373844,-1.9012950360774994e-06,-0.007182089611887932,-2.1141077576167182e-06,0.00013140798546373844,True
Grocery,42,12345,2877,2582,2157,11284,9270,0.18898224830627441,0.22360679507255554,0.9663246273994446,1.937764286994934,5,-0.00015914440155029297,-0.0003998328757006675,-0.0008286541501740102,0.19909322261810303,0.1816544532775879,-0.288411021232605,-0.08947694301605225,0.017279624938964844,0.03088170662522316,-0.01674459624388364,0.1816544532775879,False
Grocery,42,12345,2877,2157,2582,9270,11284,0.22360679507255554,0.18898224830627441,1.937764286994934,0.9663246273994446,5,0.060565829277038574,0.07596325874328613,0.0479667899072278,0.3683692216873169,0.4234943389892578,-0.019100427627563477,0.40983498096466064,0.005441069602966309,0.006383012514561415,0.004145012585986783,0.4234943389892578,False
Grocery,42,12345,8757,10052,9335,79171,70942,0.018490005284547806,0.0653720498085022,0.11865299940109253,0.49192437529563904,12,0.0001914501190185547,0.005125404801219702,0.0001906626747756185,0.010931551456451416,-0.020235776901245117,0.08503246307373047,0.06645148992538452,0.00165480375289917,0.0096366535872221,0.0016554341991580237,0.08503246307373047,False
Grocery,42,12345,8757,9335,10052,70942,79171,0.0653720498085022,0.018490005284547806,0.49192437529563904,0.11865299940109253,12,0.0011526942253112793,0.006693137809634209,0.0011667484657854749,0.08553379774093628,-0.004138767719268799,0.01104193925857544,0.006984114646911621,8.094310760498047e-05,0.0036518711131066084,7.994975094727764e-05,0.01104193925857544,False
Grocery,42,12345,4386,11394,12490,95521,105825,0.1259881556034088,0.08908708393573761,0.8308414816856384,0.7876757383346558,8,0.0010559111833572388,0.005318717565387487,0.0010020609555597554,0.0,-0.021746397018432617,-0.11895158886909485,-0.1457987129688263,-0.005100727081298828,-0.017803790047764778,-0.004149759876167284,0.0,True
Grocery,42,12345,4386,12490,11394,105825,95521,0.08908708393573761,0.1259881556034088,0.7876757383346558,0.8308414816856384,8,0.0009338557720184326,0.003569507971405983,0.0009296819325411709,0.0,-0.009119093418121338,-0.074594646692276,-0.0799517035484314,0.0037620365619659424,0.022986136376857758,0.0035454152619909937,0.0,True
Grocery,42,12345,8478,8711,10492,63649,84328,0.025785529986023903,0.026064300909638405,0.19565321505069733,0.23572546243667603,12,-6.103143095970154e-05,-0.013251030817627907,-6.509615350957522e-05,0.00227237306535244,0.000734986737370491,0.00118335522711277,0.001874685287475586,-4.365667700767517e-05,-0.011509688571095467,-4.6038656716155064e-05,0.001874685287475586,True
Grocery,42,12345,8478,10492,8711,84328,63649,0.026064300909638405,0.025785529986023903,0.23572546243667603,0.19565321505069733,12,-0.0001420285552740097,-0.01982155814766884,-0.00015631596967513681,0.003511659801006317,0.002430235967040062,0.001720314845442772,0.0039502475410699844,-0.00020030327141284943,-0.02472633123397827,-0.00022327202681544749,0.0039502475410699844,True
Grocery,42,12345,9358,13289,9421,112433,72357,0.03742406144738197,0.1259881556034088,0.26662659645080566,1.122873067855835,12,-4.762259777635336e-07,-0.005230809561908245,-4.06260179993675e-07,4.5278138713911176e-05,1.4771649148315191e-05,0.0002461428812239319,0.0002571051300037652,-3.8094003684818745e-06,-0.007353633642196655,-4.420014262533103e-06,0.0002571051300037652,True
Grocery,42,12345,9358,9421,13289,72357,112433,0.1259881556034088,0.03742406144738197,1.122873067855835,0.26662659645080566,12,-8.891767356544733e-05,-0.07723396271467209,-0.00013664889474924584,0.000531174591742456,0.00021266323165036738,4.657951649278402e-05,0.0002465028956066817,-1.2739852536469698e-05,-0.02518973872065544,-1.7014314006794714e-05,0.0002465028956066817,True
Grocery,42,12345,15100,15508,7052,133442,48757,0.22360679507255554,0.12909944355487823,1.8563306331634521,0.6442354917526245,17,2.8003938496112823e-05,0.07967313379049301,3.8790378264555746e-05,0.0001617356901988387,-1.6210367903113365e-05,8.105285814963281e-06,-3.4566473914310336e-06,4.64843469671905e-06,0.16731639206409454,4.3122896818443685e-06,8.105285814963281e-06,True
Grocery,42,12345,15100,7052,15508,48757,133442,0.12909944355487823,0.22360679507255554,0.6442354917526245,1.8563306331634521,17,2.6220805011689663e-06,0.07003948092460632,2.558972632622473e-06,1.001245982479304e-05,-6.173294968903065e-05,0.00014540922711603343,0.0001280066790059209,4.43304015789181e-05,0.1322668343782425,6.498564539479738e-05,0.00014540922711603343,True
Grocery,42,12345,15163,16395,15541,138061,133724,0.08058229833841324,0.03160697594285011,0.6558309197425842,0.23148827254772186,17,-0.0033388733863830566,-0.042952582240104675,-0.004159330921148292,0.0371975302696228,0.01519763469696045,-0.025678247213363647,-0.00989001989364624,0.000590592622756958,0.011633644811809063,0.0007010722998813989,0.01519763469696045,True
Grocery,42,12345,15163,15541,16395,133724,138061,0.03160697594285011,0.08058229833841324,0.23148827254772186,0.6558309197425842,17,0.0001461803913116455,0.002904939465224743,0.00014864063076389794,0.004715323448181152,0.006008893251419067,0.019217967987060547,0.024079471826553345,-0.0011473894119262695,-0.02327062375843525,-0.0013601760297875798,0.024079471826553345,True
Grocery,42,12345,11558,10529,11730,84878,98744,0.05143444985151291,0.0613139308989048,0.5195621848106384,0.801327645778656,13,5.7172030210494995e-05,0.0037286130245774984,6.058740425789362e-05,0.0,-0.007668584585189819,0.03745943307876587,0.03314723074436188,0.0033563822507858276,0.04287922382354736,0.004110810826347543,0.03745943307876587,True
Grocery,42,12345,11558,11730,10529,98744,84878,0.0613139308989048,0.05143444985151291,0.801327645778656,0.5195621848106384,13,0.00041707977652549744,0.005135530140250921,0.0005741640414181765,0.04068648815155029,-2.169981598854065e-05,-0.0035781487822532654,-0.0032903961837291718,0.0003094524145126343,0.04491160809993744,0.0002913958790411593,0.0,True
Grocery,42,12345,13649,12974,14339,108852,123822,0.0314970389008522,0.04335549846291542,0.30894502997398376,0.48424863815307617,15,2.5694258511066437e-05,0.008627607487142086,2.3982965365229895e-05,0.0002649175003170967,0.0003976505249738693,0.005107328295707703,0.005397940054535866,-0.00010703876614570618,-0.009817431680858135,-0.00012713951279259272,0.005397940054535866,True
Grocery,42,12345,13649,14339,12974,123822,108852,0.04335549846291542,0.0314970389008522,0.48424863815307617,0.30894502997398376,15,-0.00018993951380252838,-0.016193782910704613,-0.00022466106053955354,0.005769606679677963,0.0005194135010242462,-0.0015361839905381203,-0.0009568063542246819,5.99641352891922e-05,0.019905677065253258,5.6212375977097976e-05,0.0005194135010242462,True
Grocery,42,12345,2468,11000,15135,91210,131436,0.12309148907661438,0.2182178795337677,1.0299749374389648,1.448159098625183,3,6.079673767089844e-05,9.26299617276527e-05,-0.002176717427809248,0.3281395435333252,0.3304067850112915,-0.2768411636352539,0.05135917663574219,-0.00220644474029541,-0.0033501682337373495,-0.019136498611964602,0.3304067850112915,False
Grocery,42,12345,2468,15135,11000,131436,91210,0.2182178795337677,0.12309148907661438,1.448159098625183,1.0299749374389648,3,-0.011719942092895508,-0.009659119881689548,-0.05499007152723179,0.6125375032424927,0.6014964580535889,-0.06099534034729004,0.5398222208023071,-0.0006788969039916992,-0.0005646585486829281,-0.006120857227895727,0.6014964580535889,False
Grocery,42,12345,2468,10768,11000,87873,91210,0.029695695266127586,0.12309148907661438,0.31697794795036316,1.0299749374389648,3,0.0015105009078979492,0.008447169326245785,0.0014946811663152787,0.08233153820037842,0.0829613208770752,-0.06255495548248291,0.021287083625793457,0.0008807182312011719,0.005279978271573782,0.0007566552749630482,0.0829613208770752,False
Grocery,42,12345,9645,4907,15335,30993,132545,0.08512565493583679,0.1666666716337204,0.27170655131340027,1.0390995740890503,12,0.0014194250106811523,0.030596662312746048,0.0014058982090744965,0.015954136848449707,-0.015578895807266235,-0.28942441940307617,-0.3119104504585266,-0.006907135248184204,-0.011196273379027843,-0.0061735595986150875,0.0,True
Grocery,42,12345,9645,15335,4907,132545,30993,0.1666666716337204,0.08512565493583679,1.0390995740890503,0.27170655131340027,12,-0.07023368775844574,-0.10620679706335068,-0.044885281533332905,0.0,-0.143924742937088,0.013113588094711304,-0.12655124068260193,0.00425991415977478,0.01502140611410141,0.003861577397250499,0.013113588094711304,True
Grocery,42,12345,16854,10052,16085,79224,136530,0.05163978040218353,0.06388765573501587,0.33137983083724976,0.34261366724967957,17,-0.0005057007074356079,-0.016460394486784935,-0.0005993155436752463,0.015108279883861542,0.011330023407936096,-0.003842592239379883,0.007890202105045319,0.0004027709364891052,0.01746407523751259,0.0003492454219115337,0.011330023407936096,True
Grocery,42,12345,16854,16085,10052,136530,79224,0.06388765573501587,0.05163978040218353,0.34261366724967957,0.33137983083724976,17,0.0004440620541572571,0.016703931614756584,0.00040671223370372786,0.013070106506347656,0.013704143464565277,0.003059864044189453,0.016574032604694366,-0.00018997490406036377,-0.005698440596461296,-0.0002356006066702108,0.016574032604694366,True
Grocery,42,12345,903,1264,501,5298,2162,0.40824827551841736,0.5773502588272095,3.022533893585205,1.8962831497192383,1,0.0005087897880002856,0.1858168989419937,0.0006244211804259702,0.0011146623874083161,-8.830803562887013e-05,0.00010965103865601122,7.222530257422477e-05,5.0882299547083676e-05,0.18831738829612732,3.574412162619673e-05,0.00010965103865601122,True
Grocery,42,12345,903,501,1264,2162,5298,0.5773502588272095,0.40824827551841736,1.8962831497192383,3.022533893585205,1,-0.00013293881784193218,-0.12966738641262054,-0.00032336516113276386,0.0004461403004825115,0.001022949698381126,0.002493733773007989,0.0026464019902050495,-0.0008702814811840653,-0.14120851457118988,-0.0033387460893199035,0.0026464019902050495,True
Grocery,42,12345,15319,9287,9207,70504,69375,0.043478261679410934,0.027863910421729088,0.4189940094947815,0.2187267392873764,19,-0.0056035518646240234,-0.048460591584444046,-0.005186944808223452,0.0,-0.023278236389160156,0.01118779182434082,-0.013466238975524902,-0.0013757944107055664,-0.028702879324555397,-0.001372681086756596,0.01118779182434082,True
Grocery,42,12345,15319,9207,9287,69375,70504,0.027863910421729088,0.043478261679410934,0.2187267392873764,0.4189940094947815,19,-0.0005310773849487305,-0.02634924091398716,-0.0005353782382251024,0.010343194007873535,-0.002791464328765869,-0.03949350118637085,-0.04435849189758301,-0.002073526382446289,-0.02393171191215515,-0.0020006877318306544,0.0,True
Grocery,42,12345,9084,9498,8400,73252,59736,0.042796049267053604,0.04559607431292534,0.35736390948295593,0.46261489391326904,12,-0.00032786931842565536,-0.03435216099023819,-0.0003868956478119555,0.00460823904722929,0.0023318948224186897,0.002219174988567829,0.004345974884927273,-0.00020509492605924606,-0.023052001371979713,-0.00024116383668965378,0.004345974884927273,True
Grocery,42,12345,9084,8400,9498,59736,73252,0.04559607431292534,0.042796049267053604,0.46261489391326904,0.35736390948295593,12,-7.646717131137848e-05,-0.013171770609915257,-8.586174677147973e-05,0.002864453010261059,0.0008916622027754784,0.002271326258778572,0.0030452320352196693,-0.0001177564263343811,-0.01896779239177704,-0.00013153391275886787,0.0030452320352196693,True
Grocery,42,12345,13608,5156,13087,33492,109677,0.022953659296035767,0.042796049267053604,0.2632221281528473,0.27865204215049744,16,4.7672074288129807e-07,0.022975072264671326,3.897164142908782e-07,3.933368134312332e-06,4.2908795876428485e-06,4.648449248634279e-06,9.058538125827909e-06,1.1920928955078125e-07,0.00661984458565712,-9.369645056188506e-09,9.058538125827909e-06,True
Grocery,42,12345,13608,13087,5156,109677,33492,0.042796049267053604,0.022953659296035767,0.27865204215049744,0.2632221281528473,16,1.4551915228366852e-11,6.933561280675349e-07,-7.958805983994586e-08,1.0488831321708858e-05,5.244481144472957e-06,-1.0608084267005324e-05,-4.886896931566298e-06,4.767061909660697e-07,0.02297438681125641,4.4938329042966206e-07,5.244481144472957e-06,True
Grocery,42,12345,10754,14047,3014,120390,13609,0.10540925711393356,0.14433756470680237,0.9516869783401489,0.8556962609291077,13,0.005537986755371094,0.013504541479051113,0.005855432113317072,0.0,-0.1383810043334961,-0.2859070301055908,-0.42020297050476074,0.004085063934326172,0.004837309010326862,0.003722066343237326,0.0,False
Grocery,42,12345,10754,3014,14047,13609,120390,0.14433756470680237,0.10540925711393356,0.8556962609291077,0.9516869783401489,13,-0.04208564758300781,-0.06056879460811615,-0.04362145102720813,0.0,-0.17253470420837402,-0.1062467098236084,-0.23497319221496582,0.0438082218170166,0.0852707102894783,0.04178965500379063,0.0,False
Grocery,42,12345,1448,111,1198,451,5050,0.10910893976688385,0.5773502588272095,0.7975387573242188,3.60136342048645,1,-0.00013048574328422546,-0.013851530849933624,-0.00018676783342551383,0.004644908010959625,0.008329048752784729,0.06035276874899864,0.06422057747840881,-0.0044612400233745575,-0.03356778621673584,-0.015675142449754112,0.06422057747840881,True
Grocery,42,12345,1448,1198,111,5050,451,0.5773502588272095,0.10910893976688385,3.60136342048645,0.7975387573242188,1,-0.06722595542669296,-0.18797634541988373,-0.3991029294867987,0.14520195126533508,0.024319924414157867,0.0028820596635341644,0.024966541677713394,-0.0022354423999786377,-0.042850393801927567,-0.00405180938390755,0.024966541677713394,True
Grocery,42,12345,4683,6281,6199,42955,42299,0.15430335700511932,0.1666666716337204,0.8475390076637268,1.7797540426254272,8,0.0001698751002550125,0.026989249512553215,0.00019351156605747167,0.003062145784497261,-0.00042880140244960785,0.004467463120818138,0.004183576442301273,0.00014491472393274307,0.015960032120347023,0.00014172072181490623,0.004467463120818138,True
Grocery,42,12345,4683,6199,6281,42299,42955,0.1666666716337204,0.15430335700511932,1.7797540426254272,0.8475390076637268,8,0.0004853811115026474,0.05553950369358063,0.0006347560537144858,0.004126996733248234,-0.0008943565189838409,0.002883206121623516,0.0023376643657684326,0.0003488147631287575,0.057040270417928696,0.00041689685382322175,0.002883206121623516,True
Grocery,42,12345,7881,7566,7551,53298,53216,0.1178511381149292,0.1178511381149292,1.0059161186218262,1.1321643590927124,10,-1.4304278010968119e-06,-0.03725632652640343,-1.8702496483968146e-06,1.8476897821528837e-05,3.695335180964321e-06,2.181458330596797e-05,2.3841097572585568e-05,-1.6688209143467247e-06,-0.03380848094820976,-2.518684738922797e-06,2.3841097572585568e-05,True
Grocery,42,12345,7881,7551,7566,53216,53298,0.1178511381149292,0.1178511381149292,1.1321643590927124,1.0059161186218262,10,-1.6688209143467247e-06,-0.03380848094820976,-2.4838328435116406e-06,2.3841097572585568e-05,3.456942067714408e-06,1.645038355491124e-05,1.8476897821528837e-05,-1.4304278010968119e-06,-0.03725632652640343,-1.85511693881859e-06,1.8476897821528837e-05,True
Grocery,42,12345,7881,6447,7566,44083,53298,0.09622504562139511,0.1178511381149292,0.7226371765136719,1.0059161186218262,10,-8.344268280779943e-07,-0.03316153585910797,-8.310935674515664e-07,1.215903103002347e-05,2.503304131096229e-06,1.6211984984693117e-05,1.7523259884910658e-05,-1.1920292308786884e-06,-0.032884880900382996,-1.3542036410562566e-06,1.7523259884910658e-05,True
Grocery,42,12345,223,1551,377,6439,1702,0.20412413775920868,0.1666666716337204,1.5494040250778198,1.622475028038025,1,-3.633434243965894e-05,-0.07030253857374191,-6.707173138260316e-05,0.00024024197773542255,9.651793516241014e-05,0.00019590542069636285,0.00024977419525384903,-4.2649160604923964e-05,-0.07865836471319199,-8.620958970992102e-05,0.00024977419525384903,True
Grocery,42,12345,223,377,1551,1702,6439,0.1666666716337204,0.20412413775920868,1.622475028038025,1.5494040250778198,1,-4.550832090899348e-05,-0.08195063471794128,-9.1067598118172e-05,0.00025489774998277426,0.0001010460255201906,0.0001949517463799566,0.0002510848571546376,-4.4912914745509624e-05,-0.08209380507469177,-8.630626216495719e-05,0.0002510848571546376,True
Grocery,42,12345,9432,9747,9833,76015,76879,0.031008683145046234,0.022360680624842644,0.1855299472808838,0.15147796273231506,12,-6.26901164650917e-05,-0.015313341282308102,-6.755711163983647e-05,0.0020155617967247963,0.0007790010422468185,0.0014493800699710846,0.002161226235330105,-6.715487688779831e-05,-0.01529857236891985,-7.243486131210965e-05,0.002161226235330105,True
Grocery,42,12345,9432,9833,9747,76879,76015,0.022360680624842644,0.031008683145046234,0.15147796273231506,0.1855299472808838,12,-3.956444561481476e-05,-0.010720212012529373,-4.217500902645795e-05,0.0018255328759551048,0.0004427824169397354,0.001280064694583416,0.0016838079318404198,-3.903917968273163e-05,-0.011459646746516228,-4.164827038344013e-05,0.0016838079318404198,True
Grocery,42,12345,4625,5894,6094,39656,41604,0.09245003014802933,0.14907120168209076,0.5932168364524841,0.9956722259521484,7,0.007971763610839844,0.027012964710593224,0.007919743805083458,0.0,-0.12102031707763672,0.15490055084228516,0.04476022720336914,0.010879993438720703,0.03392776846885681,0.011095057814687895,0.15490055084228516,False
Grocery,42,12345,4625,6094,5894,41604,39656,0.14907120168209076,0.09245003014802933,0.9956722259521484,0.5932168364524841,7,0.014571189880371094,0.04596736282110214,0.014317999964826411,0.16224050521850586,0.00015115737915039062,-0.036336421966552734,-0.02530527114868164,0.010879993438720703,0.17607201635837555,0.01039987046135912,0.00015115737915039062,False
Grocery,42,12345,15643,16502,15846,138591,135201,0.12909944355487823,0.18898224830627441,1.1013519763946533,2.257268190383911,19,0.001193186268210411,0.025436582043766975,0.0017747277043782192,0.022957876324653625,-0.0004227980971336365,0.040173083543777466,0.04027342051267624,0.0005231350660324097,0.006468894891440868,0.0006255228250849041,0.04027342051267624,True
Grocery,42,12345,15643,15846,16502,135201,138591,0.18898224830627441,0.12909944355487823,2.257268190383911,1.1013519763946533,19,0.0038628987967967987,0.04982486367225647,0.00383464075011216,0.03683331981301308,-0.00641772523522377,0.019321396946907043,0.017633002251386642,0.004729330539703369,0.1090407595038414,0.00597149976160583,0.019321396946907043,True
Grocery,42,12345,10441,8382,9049,59611,67512,0.0589255690574646,0.0353553406894207,0.4669519066810608,0.342399001121521,12,0.0014591813087463379,0.06329096108675003,0.0013116458160966201,0.010797969996929169,0.012384839355945587,0.006774194538593292,0.0190313458442688,-0.00012768805027008057,-0.003343460150063038,-0.00014096207068323087,0.0190313458442688,True
Grocery,42,12345,10441,9049,5561,67512,36783,0.0353553406894207,0.026650089770555496,0.342399001121521,0.25856682658195496,12,-5.283951759338379e-05,-0.0020060865208506584,-6.239723781929947e-05,0.013143375515937805,0.0057258158922195435,-0.005677796900272369,0.0007662326097488403,0.0007182136178016663,0.05901578813791275,0.000693333977080332,0.0057258158922195435,True
Grocery,42,12345,10441,5561,9049,36783,67512,0.026650089770555496,0.0353553406894207,0.25856682658195496,0.342399001121521,12,0.00017017871141433716,0.015312651172280312,0.00016283009956427359,0.0,-0.0005363970994949341,0.006451942026615143,0.006110109388828278,0.00019456446170806885,0.014853996224701405,0.000206670452167592,0.006451942026615143,True
Grocery,42,12345,13274,14513,13347,125254,113118,0.028867511078715324,0.060633908957242966,0.2274010330438614,0.3720470368862152,16,-6.083585321903229e-05,-0.007575162686407566,-6.451475724313874e-05,0.003985058516263962,0.000585140660405159,-0.004066899418830872,-0.003397630527615547,8.41282308101654e-05,0.010451125912368298,7.805378432115276e-05,0.000585140660405159,True
Grocery,42,12345,13274,13347,14513,113118,125254,0.060633908957242966,0.028867511078715324,0.3720470368862152,0.2274010330438614,16,0.000614585354924202,0.060109350830316544,0.000624090555200618,0.004804929718375206,0.005899988114833832,0.003735426813364029,0.009154941886663437,-0.00048047304153442383,-0.025570180267095566,-0.0005526215462875261,0.009154941886663437,True
Grocery,42,12345,13795,13814,14778,117949,127619,0.06851886957883835,0.10721125453710556,0.48896658420562744,0.8014952540397644,15,-0.0012001097202301025,-0.003914967644959688,-0.0012240303006165465,0.1526719331741333,0.007017195224761963,0.15074381232261658,0.15656882524490356,-0.0011921823024749756,-0.0037927748635411263,-0.0012767660730029933,0.15656882524490356,True
Grocery,42,12345,13795,14778,13814,127619,117949,0.10721125453710556,0.06851886957883835,0.8014952540397644,0.48896658420562744,15,-0.0035834908485412598,-0.00903545692563057,-0.0030479444863141247,0.19650983810424805,0.04931294918060303,0.15158474445343018,0.19495975971221924,-0.005937933921813965,-0.015000182203948498,-0.0057814939943045054,0.19495975971221924,True
Grocery,42,12345,7823,7126,6758,49687,46466,0.0555555559694767,0.0766965001821518,0.6059619188308716,0.7660239934921265,10,-0.0034874677658081055,-0.005497719626873732,-0.002800424311242,0.31543028354644775,0.12561249732971191,-0.25361955165863037,-0.11739647388458252,0.010610580444335938,0.021365225315093994,0.011092225552455818,0.12561249732971191,False
Grocery,42,12345,7823,6758,7126,46466,49687,0.0766965001821518,0.0555555559694767,0.7660239934921265,0.6059619188308716,10,-0.0023981332778930664,-0.004487159661948681,-0.002657806018876635,0.0,-0.028629064559936523,0.17490100860595703,0.14709103107452393,0.000819087028503418,0.0023361030034720898,0.0006131344218534636,0.17490100860595703,False
Grocery,42,12345,1475,152,1635,720,6897,0.08451542258262634,0.07453560084104538,0.8249948024749756,0.5020164847373962,1,-0.003157317638397217,-0.012953377328813076,-0.0036952233001436158,0.12029370665550232,0.01619541645050049,0.01759195327758789,0.034688740968704224,0.0009013712406158447,0.013163293711841106,0.000987805365595363,0.034688740968704224,True
Grocery,42,12345,1475,1635,152,6897,720,0.07453560084104538,0.08451542258262634,0.5020164847373962,0.8249948024749756,1,-0.0010643601417541504,-0.010852613486349583,-0.001180658785100007,0.04850485920906067,0.03635376691818237,0.10744619369506836,0.13639336824417114,-0.00740659236907959,-0.02643386460840702,-0.008137719498916245,0.13639336824417114,True
Grocery,42,12345,6989,7386,8137,51853,57822,0.07647191733121872,0.1111111119389534,0.6438679099082947,0.8831034898757935,9,8.677132427692413e-06,0.011860981583595276,4.447173460275745e-07,0.0003614411689341068,-0.00011935096699744463,0.0006066133501008153,0.0005741069326177239,8.684454951435328e-05,0.06679932773113251,0.00010566249936608991,0.0006066133501008153,True
Grocery,42,12345,6989,8137,7386,57822,51853,0.1111111119389534,0.07647191733121872,0.8831034898757935,0.6438679099082947,9,4.1841412894427776e-05,0.02797861583530903,5.0493288078062143e-05,0.0007686548633500934,0.0001438913168385625,0.00039697124157100916,0.0005140096182003617,-2.685294020920992e-05,-0.025455866008996964,-4.6677105901968076e-05,0.0005140096182003617,True
Grocery,42,12345,5678,4865,5639,30798,37282,0.10540925711393356,0.09759000688791275,0.6500325202941895,0.647638201713562,7,-0.00275421142578125,-0.0031894263811409473,-0.0024097654215596287,0.43039512634277344,0.07113909721374512,0.3459045886993408,0.41419434547424316,-0.0028493404388427734,-0.003427827265113592,-0.0026320511929222522,0.41419434547424316,False
Grocery,42,12345,5678,5639,4865,37282,30798,0.09759000688791275,0.10540925711393356,0.647638201713562,0.6500325202941895,7,-0.003679990768432617,-0.005334947258234024,-0.004487615216955787,0.34673476219177246,-0.17974495887756348,0.3607668876647949,0.17960619926452637,-0.0014157295227050781,-0.0019659686367958784,-0.0020549847082101634,0.3607668876647949,False
Grocery,42,12345,16122,14071,15891,120837,135452,0.028583098202943802,0.11180339753627777,0.38398173451423645,0.70014488697052,19,-0.0002841949462890625,-0.006436839699745178,-0.0002923831512955388,0.013867855072021484,0.01594066619873047,0.4289579391479492,0.44254112243652344,-0.00235748291015625,-0.002656499156728387,-0.002067161879446655,0.44254112243652344,False
Grocery,42,12345,16122,15891,14071,135452,120837,0.11180339753627777,0.028583098202943802,0.70014488697052,0.38398173451423645,19,0.0019524097442626953,0.0022935811430215836,0.0014893192020739576,0.42626309394836426,-0.00500798225402832,-0.02884078025817871,-0.027226686477661133,0.0066220760345458984,0.10842449963092804,0.006632532345414383,0.0,False
Grocery,42,12345,9655,9281,8916,70417,66181,0.03227486088871956,0.023973165079951286,0.3105835020542145,0.2619275450706482,12,-1.2316275388002396e-05,-0.013300355523824692,-1.363764959998252e-05,0.00045684236101806164,0.00010475027374923229,0.0003416072577238083,0.00044306647032499313,-3.291061148047447e-06,-0.0037001746241003275,-3.534812889956425e-06,0.00044306647032499313,True
Grocery,42,12345,9655,8916,8587,66181,62017,0.023973165079951286,0.021667569875717163,0.2619275450706482,0.1885301172733307,12,-4.014233127236366e-06,-0.00484159030020237,-4.582395789293854e-06,0.00041254516690969467,7.57796224206686e-05,0.0002546801697462797,0.0003248949069529772,-5.564885213971138e-06,-0.008491279557347298,-6.32937013476074e-06,0.0003248949069529772,True
Grocery,42,12345,9655,8587,8916,62017,66181,0.021667569875717163,0.023973165079951286,0.1885301172733307,0.2619275450706482,12,-4.610046744346619e-06,-0.006685428787022829,-5.057903155297229e-06,0.00034247315488755703,8.97867139428854e-05,0.0003393550869077444,0.00042810291051864624,-1.0388903319835663e-06,-0.0012118805898353457,-1.134285752229929e-06,0.00042810291051864624,True
Grocery,42,12345,8576,9493,3226,73106,14820,0.04287464916706085,0.023728949949145317,0.4033188819885254,0.18039996922016144,12,1.7869286239147186e-05,0.015096941031515598,1.6979016836669172e-05,0.000582878477871418,0.000569633673876524,-0.0002763490192592144,0.0003243987448513508,3.1114090234041214e-05,0.02658434584736824,3.150636272843033e-05,0.000569633673876524,True
Grocery,42,12345,8576,3226,9493,14820,73106,0.023728949949145317,0.04287464916706085,0.18039996922016144,0.4033188819885254,12,2.4999026209115982e-05,0.029111437499523163,2.525743876069346e-05,0.00041686324402689934,0.0004267115145921707,-2.6522669941186905e-05,0.0004153396002948284,1.5150755643844604e-05,0.017443055287003517,1.4445356355015945e-05,0.0004267115145921707,True
Grocery,42,12345,1867,118,1612,506,6694,0.10910893976688385,0.28867512941360474,1.2438429594039917,2.65556263923645,1,-0.001720251515507698,-0.08272974193096161,-0.002861303103680015,0.009536683559417725,0.001927785575389862,0.0036257384344935417,0.00495231943204999,-0.0006012045778334141,-0.05722567439079285,-0.0008789400032680624,0.00495231943204999,True
Grocery,42,12345,1867,1612,118,6694,506,0.28867512941360474,0.10910893976688385,2.65556263923645,1.2438429594039917,1,-0.00017486372962594032,-0.02201543189585209,-0.0006251789553539258,0.0038839527405798435,0.0014464259147644043,0.007251720875501633,0.007936276495456696,-0.0007618702948093414,-0.04580079764127731,-0.0013586395063052475,0.007936276495456696,True
Grocery,42,12345,7884,12774,10276,107605,81689,0.3535533845424652,0.28867512941360474,2.300926923751831,2.3721065521240234,9,-0.023733854293823242,-0.0238946620374918,-0.04566466853211126,0.16933417320251465,0.15025806427001953,-0.7252101898193359,-0.5796089172363281,-0.004656791687011719,-0.003200374310836196,-0.010219450932741488,0.15025806427001953,False
Grocery,42,12345,7884,8400,10276,59731,81689,0.08219949156045914,0.28867512941360474,0.8339908719062805,2.3721065521240234,9,-0.0011639595031738281,-0.0018892238149419427,-0.0012878595857054864,0.0,-0.03447842597961426,-0.7256340980529785,-0.7643449306488037,-0.0042324066162109375,-0.0027763363905251026,-0.005305778130706979,0.0,False
Grocery,42,12345,7884,10276,12774,81689,107605,0.28867512941360474,0.3535533845424652,2.3721065521240234,2.300926923751831,9,-0.02183675765991211,-0.014018445275723934,-0.030079346245958427,0.0,-0.04518389701843262,-0.4719388484954834,-0.5536854267120361,-0.03656268119812012,-0.034144941717386246,-0.059452714418225805,0.0,False
Grocery,42,12345,11233,11278,11337,94342,95007,0.09759000688791275,0.18898224830627441,1.2824748754501343,1.5404986143112183,13,-4.306202754378319e-05,-0.02776143327355385,-6.088513012399415e-05,0.0007540368242189288,9.736651554703712e-05,0.0008282756898552179,0.0008747347164899111,-5.090748891234398e-05,-0.028275860473513603,-7.557253970280736e-05,0.0008747347164899111,True
Grocery,42,12345,11233,11337,11090,95007,92242,0.18898224830627441,0.18898224830627441,1.5404986143112183,2.5216116905212402,13,-8.693744894117117e-05,-0.043761491775512695,-0.00013883390486471136,0.0009498362196609378,0.00015210441779345274,0.0009223835077136755,0.0010079140774905682,-6.657384801656008e-05,-0.0319695882499218,-9.823372464999624e-05,0.0010079140774905682,True
Grocery,42,12345,11233,11090,11337,92242,95007,0.18898224830627441,0.18898224830627441,2.5216116905212402,1.5404986143112183,13,-4.01973957195878e-05,-0.021096952259540558,-6.751636303362269e-05,0.000932578812353313,7.60609982535243e-05,0.0008168574422597885,0.0008534291991963983,-3.948924131691456e-05,-0.022612344473600388,-6.565853577343396e-05,0.0008534291991963983,True
Grocery,42,12345,11084,11526,14275,96650,123040,0.06154574453830719,0.06428243964910507,0.48323601484298706,0.5257590413093567,13,2.3813918232917786e-06,0.00506178243085742,2.1192536060721213e-06,0.0002340368228033185,1.0721851140260696e-06,-0.0001144776470027864,-0.00011578790144994855,-2.382439561188221e-06,-0.010298089124262333,-2.105212467199443e-06,1.0721851140260696e-06,True
Grocery,42,12345,11084,14275,11526,123040,96650,0.06428243964910507,0.06154574453830719,0.5257590413093567,0.48323601484298706,13,5.95202436670661e-06,0.024832984432578087,5.378353334997276e-06,3.109255339950323e-05,4.7991517931222916e-05,0.00024736515479162335,0.0002844097325578332,-1.0946940165013075e-05,-0.018881313502788544,-1.325414288879302e-05,0.0002844097325578332,True
Grocery,42,12345,8361,10174,10330,80674,82434,0.015632634982466698,0.016597652807831764,0.17235183715820312,0.10852793604135513,12,-1.4230608940124512e-06,-0.004805579315871,-1.376259431304193e-06,0.0001473468728363514,3.567826934158802e-05,2.7591129764914513e-05,6.267568096518517e-05,-5.937181413173676e-07,-0.004713729489594698,-6.477138515144685e-07,6.267568096518517e-05,True
Grocery,42,12345,8361,9217,10330,69562,82434,0.010754553601145744,0.016597652807831764,0.09055396169424057,0.10852793604135513,12,-4.7474168241024017e-07,-0.003452901029959321,-4.6644177750178626e-07,6.850296631455421e-05,4.0553975850343704e-05,2.747192047536373e-05,6.755138747394085e-05,-4.745088517665863e-07,-0.0034996559843420982,-6.498423953505703e-07,6.755138747394085e-05,True
Grocery,42,12345,8361,10330,10174,82434,80674,0.016597652807831764,0.015632634982466698,0.10852793604135513,0.17235183715820312,12,-8.309725672006607e-07,-0.004848618526011705,-9.954127526894657e-07,8.527119643986225e-05,5.945796146988869e-05,0.00011285440996289253,0.00017029722221195698,-2.0151492208242416e-06,-0.0058815935626626015,-2.2615065513431983e-06,0.00017029722221195698,True
Grocery,42,12345,5971,5380,5293,35207,34576,0.03768891841173172,0.030151134356856346,0.4483948349952698,0.30939018726348877,7,-3.5656848922371864e-06,-0.005892127752304077,-3.884534835392722e-06,0.00030079256976023316,2.52437312155962e-05,0.00017588614718988538,0.00019815698033198714,-2.9728980734944344e-06,-0.00744533259421587,-3.097192529971868e-06,0.00019815698033198714,True
Grocery,42,12345,5971,5293,5380,34576,35207,0.030151134356856346,0.03768891841173172,0.30939018726348877,0.4483948349952698,7,-4.400615580379963e-06,-0.010561133734881878,-4.856269746918347e-06,0.00020613480592146516,3.500410821288824e-05,0.0002811392187140882,0.00030996015993878245,-6.183166988193989e-06,-0.009875472635030746,-7.277765520455699e-06,0.00030996015993878245,True
Grocery,42,12345,16422,16407,16993,138152,141550,0.25,0.20412413775920868,2.1817893981933594,2.035485029220581,17,0.00042315758764743805,0.01037938054651022,-0.0008835846283524393,0.020596103742718697,0.0020126011222600937,0.022250007838010788,0.02285335771739483,-0.0014092512428760529,-0.029910262674093246,-0.007872601555971963,0.02285335771739483,True
Grocery,42,12345,16422,16993,16407,141550,138152,0.20412413775920868,0.25,2.035485029220581,2.1817893981933594,17,-0.007174260914325714,-0.10634683072566986,-0.021919654747942625,0.03014335408806801,0.006448348984122276,0.02473592385649681,0.02686426043510437,-0.004320012405514717,-0.07442068308591843,-0.010097348413756702,0.02686426043510437,True
Grocery,42,12345,1139,5371,5871,35136,39334,0.11180339753627777,0.05976143106818199,1.1576143503189087,0.6296018958091736,1,-0.023437082767486572,-0.037542179226875305,-0.027659227848949725,0.30042481422424316,0.11477413773536682,-0.06831493973731995,0.06741037964820862,0.020951181650161743,0.08363763242959976,0.019892179653514502,0.11477413773536682,True
Grocery,42,12345,1139,5871,5371,39334,35136,0.05976143106818199,0.11180339753627777,0.6296018958091736,1.1576143503189087,1,0.006676971912384033,0.06584512442350388,0.006044040755844769,0.019769251346588135,0.026261091232299805,0.14107725024223328,0.16752341389656067,0.0001850724220275879,0.000552683079149574,0.0006928532293023204,0.16752341389656067,True
Grocery,42,12345,8410,8408,10033,59945,78919,0.06052275747060776,0.18898224830627441,0.5851052403450012,1.5042011737823486,12,-4.223175346851349e-05,-0.011289938353002071,-4.633415699864204e-05,0.0018492061644792557,0.0009201224893331528,-0.003368966281414032,-0.0024446938186883926,4.149973392486572e-06,0.0006162906647659838,-0.00010779930611066861,0.0009201224893331528,True
Grocery,42,12345,8410,8766,10033,64395,78919,0.2182178795337677,0.18898224830627441,1.5207514762878418,1.5042011737823486,12,0.0015966594219207764,0.12670843303203583,0.0014811592623759648,0.005502190440893173,0.006041128188371658,-0.004422537982463837,0.002676311880350113,0.0010577216744422913,0.0804963931441307,0.0007907711741433664,0.006041128188371658,True
Grocery,42,12345,8410,10033,8766,78919,64395,0.18898224830627441,0.2182178795337677,1.5042011737823486,1.5207514762878418,12,0.0007084682583808899,0.05906166136264801,0.00021835549297792751,0.005643460899591446,0.0050542037934064865,-0.005823217332363129,0.0005287118256092072,0.0012977253645658493,0.11377424746751785,0.0010980176112751205,0.0050542037934064865,True
Grocery,42,12345,12365,12989,16567,108933,138944,0.05773502215743065,0.053452249616384506,0.33643391728401184,0.4431104063987732,14,0.0008838474750518799,0.052962400019168854,0.0008525631827091739,0.006035100668668747,-0.010172992944717407,0.012982446700334549,0.005080386996269226,0.0022709332406520844,0.08042734116315842,0.0023084638882015377,0.012982446700334549,True
Grocery,42,12345,12365,16567,12989,138944,108933,0.053452249616384506,0.05773502215743065,0.4431104063987732,0.33643391728401184,14,0.0003209151327610016,0.010631308890879154,0.0003297820297175954,0.014932464808225632,-0.0011047087609767914,0.0069098882377147675,0.0058142393827438354,9.059906005859375e-06,0.0006551454425789416,-1.2690017666748343e-05,0.0069098882377147675,True
Grocery,42,12345,5170,5730,5753,37957,38272,0.14002801477909088,0.2357022762298584,0.8604763150215149,0.6190454959869385,7,0.007929563522338867,0.008378610014915466,0.008363217279615157,0.0,-0.3680737018585205,0.020192384719848633,-0.35341477394104004,-0.005533456802368164,-0.007460698019713163,-0.0037303378129940395,0.020192384719848633,False
Grocery,42,12345,5170,5753,5730,38272,37957,0.2357022762298584,0.14002801477909088,0.6190454959869385,0.8604763150215149,7,-0.0019745826721191406,-0.017482900992035866,-0.0013370983451547191,0.01663374900817871,-0.06284284591674805,-0.09308576583862305,-0.1505446434020996,0.005383968353271484,0.017567498609423637,0.005652735136996564,0.0,False
Grocery,42,12345,14694,14792,13903,127746,118847,0.10721125453710556,0.1111111119389534,0.9086873531341553,0.5616554021835327,15,-0.008472487330436707,-0.021241413429379463,-0.009509624335427763,0.1951970010995865,0.026129186153411865,0.10079798102378845,0.12073180079460144,-0.006195366382598877,-0.025015713647007942,-0.007148411793230608,0.12073180079460144,True
Grocery,42,12345,14694,13903,14792,118847,127746,0.1111111119389534,0.10721125453710556,0.5616554021835327,0.9086873531341553,15,-0.010861963033676147,-0.03740367665886879,-0.012483881663587992,0.13976815342903137,0.05045387148857117,0.18294069170951843,0.21724455058574677,-0.016150012612342834,-0.035838015377521515,-0.018364051523438594,0.21724455058574677,True
Grocery,42,12345,3524,3156,3214,14426,14743,0.14433756470680237,0.25,0.8532865643501282,1.6641567945480347,3,0.00382068008184433,0.1275211125612259,0.0036172646550581226,0.01108894869685173,0.00821106880903244,-0.028147008270025253,-0.013237379491329193,0.00669855996966362,0.13506396114826202,0.005339638653032355,0.00821106880903244,True
Grocery,42,12345,3524,3214,3156,14743,14426,0.25,0.14433756470680237,1.6641567945480347,0.8532865643501282,3,0.009608477354049683,0.182999849319458,0.008730653154331237,0.012658558785915375,0.01697130873799324,-0.01836596056818962,0.0039010755717754364,0.005295727401971817,0.1349630355834961,0.00555972639784519,0.01697130873799324,True
Grocery,42,12345,13675,190,13283,877,112349,0.07254762202501297,0.06622661650180817,0.654855489730835,0.6760779619216919,16,-8.57736449688673e-06,-0.027596618980169296,-1.1106917556323644e-05,0.00015111238462850451,2.347707049921155e-05,7.269735215231776e-05,9.35541174840182e-05,-2.6203051675111055e-06,-0.013810084201395512,-2.925568706307612e-06,9.35541174840182e-05,True
Grocery,42,12345,13675,13283,190,112349,877,0.06622661650180817,0.07254762202501297,0.6760779619216919,0.654855489730835,16,-3.5675475373864174e-07,-0.00218648137524724,-2.7197046093196335e-07,8.13985534477979e-05,1.4776771422475576e-05,0.00012549027451314032,0.00013645502622239292,-3.8120197132229805e-06,-0.01377512700855732,-4.797581133863952e-06,0.00013645502622239292,True
Grocery,42,12345,13675,14295,13283,123346,112349,0.04682929068803787,0.06622661650180817,0.2902430593967438,0.6760779619216919,16,-9.53237758949399e-07,-0.013883870095014572,-9.33523080203605e-07,3.38473473675549e-05,1.0368123184889555e-05,7.150651072151959e-05,8.044517016969621e-05,-1.4294637367129326e-06,-0.008805923163890839,-1.6211483138361618e-06,8.044517016969621e-05,True
Grocery,42,12345,13884,11811,13931,99420,119075,0.1666666716337204,0.28867512941360474,1.196290373802185,2.0729057788848877,16,0.00016898522153496742,0.0844058245420456,7.07610148558182e-05,0.0009165306109935045,-0.0032863514497876167,0.0063688550144433975,0.005736994557082653,0.0026544909924268723,0.1724567711353302,0.0037623486675022024,0.0063688550144433975,True
Grocery,42,12345,13884,13187,13931,110772,119075,0.40824827551841736,0.28867512941360474,2.2087242603302,2.0729057788848877,16,-0.001752285286784172,-0.04606418311595917,-0.0052035215281883394,0.018143894150853157,0.0026345467194914818,0.010733040980994701,0.011657892726361752,-0.0017096949741244316,-0.06831814348697662,-0.004775109741770718,0.011657892726361752,True
Grocery,42,12345,13884,13931,13187,119075,110772,0.28867512941360474,0.40824827551841736,2.0729057788848877,2.2087242603302,16,-0.004596572369337082,-0.128059521317482,-0.010922383342779257,0.015648722648620605,0.008982028812170029,0.02241998165845871,0.024448785930871964,-0.006953224539756775,-0.12449640035629272,-0.017739063721922153,0.024448785930871964,True
Grocery,42,12345,766,239,1627,1093,6751,0.7071067690849304,0.06741999089717865,6.194448947906494,0.6426879167556763,1,-0.3027329444885254,-0.09532178193330765,-0.09235695640815988,1.5302808284759521,-0.10546994209289551,0.43199586868286133,0.3383011817932129,0.01177525520324707,0.013445648364722729,0.011822102728272532,0.43199586868286133,False
Grocery,42,12345,766,1627,239,6751,1093,0.06741999089717865,0.7071067690849304,0.6426879167556763,6.194448947906494,1,0.0031003952026367188,0.002854728139936924,0.00342356620356149,0.5445783138275146,0.22258424758911133,1.3462245464324951,1.4501326084136963,-0.11867618560791016,-0.039310529828071594,-0.030414235168847392,1.4501326084136963,False
Grocery,42,12345,11729,11285,11485,94394,96378,0.048911601305007935,0.03656361997127533,0.7262454628944397,0.2026989907026291,13,4.949420690536499e-05,0.0011368518462404609,3.433971666647745e-05,0.021792840212583542,0.00015504658222198486,-0.0007613413035869598,-0.0005475319921970367,5.876272916793823e-05,0.04014039784669876,6.076862056275331e-05,0.00015504658222198486,True
Grocery,42,12345,11729,11485,11285,96378,94394,0.03656361997127533,0.048911601305007935,0.2026989907026291,0.7262454628944397,13,4.309415817260742e-05,0.01951039582490921,4.4338743635219694e-05,0.0,-0.0006777644157409668,0.02128792554140091,0.020950760692358017,0.00034059956669807434,0.007936338894069195,0.00039305882883944413,0.02128792554140091,True
Grocery,42,12345,15302,9471,899,72935,3737,0.15430335700511932,0.11396057903766632,1.4614070653915405,0.7318460941314697,17,0.1449270248413086,0.09822211414575577,0.15690801526744985,0.0,-0.30068016052246094,0.15392112731933594,-0.18252086639404297,-0.03576183319091797,-0.05613026022911072,-0.025179674785093673,0.15392112731933594,False
Grocery,42,12345,15302,899,9471,3737,72935,0.11396057903766632,0.15430335700511932,0.7318460941314697,1.4614070653915405,17,-0.024961471557617188,-0.06693912297487259,-0.019241219860170217,0.14312076568603516,-0.2938556671142578,-0.27884483337402344,-0.47777462005615234,0.0949258804321289,0.09036470949649811,0.10144404974547551,0.0,False
Grocery,42,12345,7000,7664,7004,54213,48406,0.05913123860955238,0.024708310142159462,0.5709605813026428,0.30203738808631897,10,-8.343631634488702e-07,-0.020283712074160576,-7.559116368250593e-07,2.0145136659266427e-05,3.337656380608678e-06,8.94017648533918e-06,1.1681844625854865e-05,-5.959882400929928e-07,-0.024864256381988525,-3.6360686787381436e-07,1.1681844625854865e-05,True
Grocery,42,12345,7000,7004,7664,48406,54213,0.024708310142159462,0.05913123860955238,0.30203738808631897,0.5709605813026428,10,-2.3840038920752704e-07,-0.013150369748473167,-7.565515239041095e-08,8.940198313212022e-06,5.960027920082211e-07,1.6807498468551785e-05,1.7165108147310093e-05,-2.3839311324991286e-07,-0.00689423643052578,-9.496744127126454e-08,1.7165108147310093e-05,True
Grocery,42,12345,1339,1951,977,8206,4070,0.26726123690605164,0.18898224830627441,2.7773523330688477,1.7198963165283203,1,-1.3826705981045961e-05,-0.08392730355262756,-3.945084869410313e-05,7.545475818915293e-05,7.2713010013103485e-06,3.7906705983914435e-05,4.279415588825941e-05,-2.3838510969653726e-06,-0.027094710618257523,-5.1784181552843415e-06,4.279415588825941e-05,True
Grocery,42,12345,1339,977,1951,4070,8206,0.18898224830627441,0.26726123690605164,1.7198963165283203,2.7773523330688477,1,-5.959482223261148e-07,-0.007822759449481964,-9.654295807743256e-07,3.778769314521924e-05,9.65511571848765e-06,6.472683162428439e-05,6.639571802224964e-05,-7.986229320522398e-06,-0.05672534555196762,-2.2464288684479933e-05,6.639571802224964e-05,True
Grocery,42,12345,14634,15022,14629,130584,126282,0.10660035908222198,0.07372097671031952,0.6985849142074585,0.3920901119709015,15,-0.007238864898681641,-0.02118433639407158,-0.008233693754930271,0.16723474860191345,0.020662933588027954,0.0688261091709137,0.08626234531402588,-0.0032266974449157715,-0.018359441310167313,-0.0035575362471871592,0.08626234531402588,True
Grocery,42,12345,14634,14629,13130,126282,110247,0.07372097671031952,0.044543541967868805,0.3920901119709015,0.3981676995754242,15,-0.002919435501098633,-0.017084093764424324,-0.0032176901792231316,0.08398336172103882,0.019408583641052246,0.08545428514480591,0.10091888904571533,-0.003943979740142822,-0.01916583627462387,-0.004305894065021493,0.10091888904571533,True
Grocery,42,12345,14634,13130,14629,110247,126282,0.044543541967868805,0.07372097671031952,0.3981676995754242,0.3920901119709015,15,-0.0016197264194488525,-0.008913123980164528,-0.0017436194924297377,0.09005200862884521,0.007920950651168823,0.06659865379333496,0.07352009415626526,-0.0009995102882385254,-0.006751636043190956,-0.0010814891411270327,0.07352009415626526,True
Grocery,42,12345,1675,947,719,3940,3095,0.06262242794036865,0.1414213627576828,0.5604560375213623,1.4749462604522705,1,1.0247546015307307e-05,0.06194275990128517,8.98425552724088e-06,2.121544093824923e-05,5.2663584938272834e-05,0.00025917444145306945,0.000290637428406626,-2.1200597984716296e-05,-0.03518856316804886,-2.9500904135866e-05,0.000290637428406626,True
Grocery,42,12345,1675,719,947,3095,3940,0.1414213627576828,0.06262242794036865,1.4749462604522705,0.5604560375213623,1,-9.849347406998277e-05,-0.09763136506080627,-0.00016646734822162268,0.0004551634192466736,8.080695988610387e-05,-0.0001154782366938889,3.217865014448762e-06,3.7889141822233796e-05,0.18990807235240936,3.8325010463394714e-05,8.080695988610387e-05,True
Grocery,42,12345,14171,7091,13203,49230,110949,0.06495697796344757,0.032478488981723785,0.5292147397994995,0.25668373703956604,15,3.5737757571041584e-06,0.030854860320687294,3.4202730592971966e-06,5.6120799854397774e-05,-1.2987438822165132e-05,3.622271469794214e-05,2.4426350137218833e-05,1.1910742614418268e-06,0.016172856092453003,1.2085160414603751e-06,3.622271469794214e-05,True
Grocery,42,12345,14171,13203,7091,110949,49230,0.032478488981723785,0.06495697796344757,0.25668373703956604,0.5292147397994995,15,-1.3101671356707811e-06,-0.012423539534211159,-1.1791120535455568e-06,5.206913920119405e-05,1.5250756405293941e-05,6.160014891065657e-05,7.494533201679587e-05,-1.9055732991546392e-06,-0.01255266834050417,-1.8709058444737347e-06,7.494533201679587e-05,True
Grocery,42,12345,11055,11281,11928,94363,100652,0.1428571492433548,0.05143444985151291,1.8359824419021606,0.8090360760688782,13,8.342089131474495e-06,0.010454987175762653,9.410960674438443e-06,0.0004010933334939182,4.885776434093714e-06,0.00015242391964420676,0.00015874065866228193,1.4309625839814544e-06,0.004527497570961714,-7.195627113184791e-07,0.00015874065866228193,True
Grocery,42,12345,11055,11928,11281,100652,94363,0.05143444985151291,0.1428571492433548,0.8090360760688782,1.8359824419021606,13,8.697868906892836e-06,0.02908773347735405,1.0602702721364406e-05,0.00014515701332129538,-3.276299685239792e-05,0.0003790561459027231,0.00037035567220300436,2.4062523152679205e-05,0.03076321817934513,3.8282162170330865e-05,0.0003790561459027231,True
Grocery,42,12345,6343,10768,3788,88030,18473,0.036369647830724716,0.03671115264296532,0.38821709156036377,0.47295746207237244,11,0.0007593631744384766,0.004632188007235527,0.0006960498733303011,0.04081141948699951,0.03974437713623047,-0.04861438274383545,-0.007043600082397461,0.0018264055252075195,0.01914423704147339,0.0018240522697389428,0.03974437713623047,False
Grocery,42,12345,6343,3788,10768,18473,88030,0.03671115264296532,0.036369647830724716,0.47295746207237244,0.38821709156036377,11,0.0004068613052368164,0.00432906998321414,0.00034857188138436024,0.022934556007385254,0.02266085147857666,-0.08226680755615234,-0.05892539024353027,0.0006805658340454102,0.004153512883931398,0.0006495510639535557,0.02266085147857666,False
Grocery,42,12345,9111,10716,8902,87091,66012,0.05103103443980217,0.14433756470680237,0.6794784069061279,1.522375226020813,12,-0.00031588226556777954,-0.009651507250964642,-0.00037488286563549557,0.01620645448565483,0.0008487962186336517,0.002097487449645996,0.002877805382013321,-6.84782862663269e-05,-0.011757748201489449,-8.980454595403108e-05,0.002877805382013321,True
Grocery,42,12345,9111,9082,10716,67831,87091,0.018380364403128624,0.05103103443980217,0.2075313925743103,0.6794784069061279,12,-4.4442713260650635e-06,-0.0027748465072363615,-4.6075680384417015e-06,0.0007985867559909821,0.0006444640457630157,0.015296384692192078,0.01575460284948349,-0.0001862458884716034,-0.00587610574439168,-0.00021994896861354102,0.01575460284948349,True
Grocery,42,12345,9111,8902,10716,66012,87091,0.14433756470680237,0.05103103443980217,1.522375226020813,0.6794784069061279,12,-0.0002834126353263855,-0.02192835882306099,-0.000374400505791149,0.0063205286860466,0.0056249164044857025,0.01672694832086563,0.020735055208206177,-0.0016168095171451569,-0.03752436116337776,-0.001987076845612867,0.020735055208206177,True
Grocery,42,12345,4582,4519,4140,26757,21913,0.07254762202501297,0.1414213627576828,0.6609529852867126,1.0031713247299194,7,0.0023140236735343933,0.049456313252449036,0.0026303961655681288,0.022237606346607208,-0.006908394396305084,0.004739895462989807,-0.0017498359084129333,0.00041866302490234375,0.031247856095433235,0.0004878705967373097,0.004739895462989807,True
Grocery,42,12345,4582,4140,4519,21913,26757,0.1414213627576828,0.07254762202501297,1.0031713247299194,0.6609529852867126,7,0.0013038292527198792,0.09021782875061035,0.0013476733940091155,0.007877916097640991,0.0029693767428398132,0.023497819900512695,0.027521006762981415,0.0010538101196289062,0.01951926201581955,0.0010043583152275102,0.027521006762981415,True
Grocery,42,12345,5270,8314,5386,58953,35252,0.25819888710975647,0.3333333432674408,3.317675828933716,2.749178886413574,8,0.03970366716384888,0.19391381740570068,0.06922859695148423,0.0825226753950119,-0.05741877108812332,0.10356910526752472,0.09630230814218521,0.050151973962783813,0.1949237734079361,0.09276098181893212,0.10356910526752472,True
Grocery,42,12345,5270,4963,5386,31760,35252,0.3333333432674408,0.3333333432674408,1.7624750137329102,2.749178886413574,8,0.0026642289012670517,0.14511291682720184,0.00244653553156931,0.004019400104880333,-0.061258912086486816,0.10030989348888397,0.09246216714382172,0.05341118574142456,0.21025462448596954,0.09425890225664871,0.10030989348888397,True
Grocery,42,12345,5270,5386,8314,35252,58953,0.3333333432674408,0.25819888710975647,2.749178886413574,3.317675828933716,8,0.051069967448711395,0.1992022842168808,0.09304248176966474,0.1026512160897255,-0.04821757227182388,0.0814189463853836,0.0740087702870369,0.04080739617347717,0.20038466155529022,0.07013538946654133,0.0814189463853836,True
Grocery,42,12345,2968,2252,9855,9746,77230,0.1961161345243454,0.28867512941360474,2.1545474529266357,2.957475423812866,3,0.11629164218902588,0.1114952340722084,0.11621242732493331,0.2989770174026489,0.21045172214508057,-1.0276603698730469,-0.6123925447463989,0.20481610298156738,0.1106812134385109,0.19657638605458932,0.21045172214508057,False
Grocery,42,12345,2968,9855,2252,77230,9746,0.28867512941360474,0.1961161345243454,2.957475423812866,2.1545474529266357,3,0.4183863401412964,0.20269909501075745,0.4193498934849721,0.44644081592559814,0.6608424186706543,-0.6673488616943359,0.1974782943725586,0.20398473739624023,0.13370178639888763,0.20315833935558872,0.6608424186706543,False
Grocery,42,12345,16905,15943,16951,135743,141287,0.10540925711393356,0.07106690853834152,1.0887537002563477,0.7913729548454285,19,0.0017205476760864258,0.018678054213523865,0.001020525127944781,0.0026667118072509766,-0.00553441047668457,0.13373148441314697,0.13811850547790527,0.009921431541442871,0.0357678048312664,0.010395479534665807,0.13811850547790527,True
Grocery,42,12345,16905,16951,4509,141287,26665,0.07106690853834152,0.06154574453830719,0.7913729548454285,0.8681319355964661,19,0.010988235473632812,0.03801323100924492,0.010989032788143754,0.1500258445739746,0.014436304569244385,-0.1804634928703308,-0.16310256719589233,0.002924621105194092,0.008169278502464294,0.0030548992665549706,0.014436304569244385,True
Grocery,42,12345,16905,4509,16951,26665,141287,0.06154574453830719,0.07106690853834152,0.8681319355964661,0.7913729548454285,19,-0.0017960667610168457,-0.004912310279905796,-0.0012746535377668178,0.0,-0.015413403511047363,0.13620734214782715,0.12823975086212158,0.007445812225341797,0.02660544216632843,0.008030412668954174,0.13620734214782715,True
Grocery,42,12345,4713,4373,2401,25014,10428,0.015285446308553219,0.043852899223566055,0.19829142093658447,0.23933781683444977,7,0.0005308389663696289,0.007004677318036556,0.0005437742617420624,0.03762632608413696,-0.004866868257522583,0.015490442514419556,0.010843396186828613,0.00021982192993164062,0.00704541290178895,0.0002216522518147789,0.015490442514419556,True
Grocery,42,12345,4713,2401,4373,10428,25014,0.043852899223566055,0.015285446308553219,0.23933781683444977,0.19829142093658447,7,0.0009282529354095459,0.02498052269220352,0.0009270131289686317,0.01478201150894165,-0.020170986652374268,0.036101579666137695,0.017986178398132324,0.0020555853843688965,0.027681387960910797,0.0020586085637683193,0.036101579666137695,True
Grocery,42,12345,10224,10462,10521,83977,84786,0.13363061845302582,0.09449112415313721,1.197214961051941,0.710014283657074,12,-4.257587715983391e-05,-0.007212366908788681,-5.689840994718871e-05,0.002930295653641224,0.00044539105147123337,0.0014180145226418972,0.0018299128860235214,-3.3492688089609146e-05,-0.009068429470062256,-4.401218526748393e-05,0.0018299128860235214,True
Grocery,42,12345,10224,10521,10462,84786,83977,0.09449112415313721,0.13363061845302582,0.710014283657074,1.197214961051941,12,-0.0002730707637965679,-0.04448739066720009,-0.00034774040794254175,0.002932540141046047,0.0017507076263427734,0.002951581496745348,0.004226529039442539,-0.0004757600836455822,-0.05328359454870224,-0.0006619895054824484,0.004226529039442539,True
Grocery,42,12345,4120,14309,14198,123542,122334,0.12126781791448593,0.08703882992267609,1.7123264074325562,0.9614337682723999,8,-0.00013836007565259933,-0.022417953237891197,-4.328685281263607e-05,0.0,-0.0008105598390102386,-0.0005147196352481842,-0.0013637151569128036,-3.84356826543808e-05,-0.014293646439909935,-1.0586093215818463e-05,0.0,True
Grocery,42,12345,4120,14198,14309,122334,123542,0.08703882992267609,0.12126781791448593,0.9614337682723999,1.7123264074325562,8,2.7524307370185852e-05,0.010318439453840256,4.198018626643896e-05,0.0,-0.0006668185815215111,-0.0023719826713204384,-0.00311127956956625,-7.247831672430038e-05,-0.01178491860628128,-2.7677175582035347e-05,0.0,True
Grocery,42,12345,797,1699,1842,7144,7826,0.09128709137439728,0.12909944355487823,0.9790881872177124,1.3580999374389648,1,-5.363868694985285e-06,-0.07412135601043701,-7.739916320124478e-06,3.349608232383616e-05,1.7999460396822542e-05,2.6105280994670466e-05,3.7787318433402106e-05,-6.317422958090901e-06,-0.07713387161493301,-9.10827716115821e-06,3.7787318433402106e-05,True
Grocery,42,12345,797,1842,1514,7826,6264,0.12909944355487823,0.14433756470680237,1.3580999374389648,1.489968180656433,1,-1.0846790246432647e-05,-0.0973125770688057,-1.723938502582807e-05,5.030330430599861e-05,4.1123334085568786e-05,6.01955980528146e-05,7.986425771377981e-05,-2.145467442460358e-05,-0.1184077337384224,-3.8963400738211264e-05,7.986425771377981e-05,True
Grocery,42,12345,797,1514,1842,6264,7826,0.14433756470680237,0.12909944355487823,1.489968180656433,1.3580999374389648,1,-1.6567886632401496e-05,-0.10489312559366226,-2.9464775047669287e-05,7.068614650052041e-05,2.372106973780319e-05,2.8131580620538443e-05,4.3508927774382755e-05,-8.343722583958879e-06,-0.08748646825551987,-1.2862279926073623e-05,4.3508927774382755e-05,True
Grocery,42,12345,2022,15726,5398,134652,35546,0.0980580672621727,0.036273811012506485,0.7214756608009338,0.2909761965274811,5,0.004110544919967651,0.11967620998620987,0.004152471830067084,0.015118330717086792,0.01825091242790222,-0.0021862462162971497,0.017042629420757294,0.0009779632091522217,0.026093075051903725,0.0011226990831937394,0.01825091242790222,True
Grocery,42,12345,2022,5398,15726,35546,134652,0.036273811012506485,0.0980580672621727,0.2909761965274811,0.7214756608009338,5,0.0002025887370109558,0.011627527885138988,0.00019229172947763762,0.008610300719738007,0.007228560745716095,-0.015809491276741028,-0.006996601819992065,0.0015843287110328674,0.052750006318092346,0.0014002044908377035,0.007228560745716095,True
Grocery,42,12345,9765,8968,10014,66640,78812,0.07254762202501297,0.11952286213636398,0.43882495164871216,0.6761202216148376,12,-0.00011025182902812958,-0.008125591091811657,-0.0001400414869526614,0.006729103624820709,0.002764549106359482,-0.0017445851117372513,0.0016190018504858017,0.0005990378558635712,0.09775189310312271,0.0005781908329495645,0.002764549106359482,True
Grocery,42,12345,9765,10014,8968,78812,66640,0.11952286213636398,0.07254762202501297,0.6761202216148376,0.43882495164871216,12,0.0007556024938821793,0.19855712354183197,0.0007741204871886331,0.001524927094578743,0.0020040441304445267,0.002978779375553131,0.005259308964014053,0.00027648545801639557,0.02699488401412964,0.00028401949274734677,0.005259308964014053,True
Grocery,42,12345,2709,2668,2273,11721,9883,0.5,0.5,4.702862739562988,3.6723363399505615,5,0.019318342208862305,0.006466057617217302,-0.07173808245007662,0.07872605323791504,0.18171310424804688,-2.0874571800231934,-1.989412784576416,-0.08366870880126953,-0.019647076725959778,-0.13185153140750477,0.18171310424804688,False
Grocery,42,12345,2709,8440,2273,60287,9883,0.046028729528188705,0.5,0.43796834349632263,3.6723363399505615,5,-0.003131866455078125,-0.0066938577219843864,-0.0036073085715687125,0.0,0.0058536529541015625,-2.1620492935180664,-2.1652722358703613,-0.009076595306396484,-0.0020946753211319447,-0.014059280853938962,0.0058536529541015625,False
Grocery,42,12345,2709,2273,2668,9883,11721,0.5,0.5,3.6723363399505615,4.702862739562988,5,-0.024087905883789062,-0.005578275304287672,-0.03742919147515478,0.4969005584716797,0.4853959083557129,-1.4715847969055176,-0.998772144317627,-0.012583255767822266,-0.004257208202034235,-0.11818144451777018,0.4853959083557129,False
Grocery,42,12345,14946,13051,14513,109279,125298,0.18257418274879456,0.03651483729481697,1.5379059314727783,0.28764212131500244,16,-0.005137993022799492,-0.09913131594657898,-0.00867561179672342,0.023346083238720894,0.012071323581039906,0.002948593348264694,0.013777131214737892,-0.0012427857145667076,-0.043156690895557404,-0.001751621743847132,0.013777131214737892,True
Grocery,42,12345,14946,14513,13051,125298,109279,0.03651483729481697,0.18257418274879456,0.28764212131500244,1.5379059314727783,16,-4.905089735984802e-05,-0.011116893030703068,-5.298189576999693e-05,0.002181611955165863,0.0006140004843473434,0.007566799409687519,0.007993552833795547,-0.00018724706023931503,-0.011576781049370766,-0.0002444012231983223,0.007993552833795547,True
Grocery,42,12345,7374,7656,6631,54024,45576,0.08451542258262634,0.05976143106818199,0.49849385023117065,0.5862523317337036,10,-5.360692739486694e-06,-0.029690995812416077,-6.159638015805647e-06,8.7589374743402e-05,4.230617196299136e-05,-3.932596882805228e-06,3.92076326534152e-05,8.340575732290745e-07,0.009760036133229733,9.425822049284281e-07,4.230617196299136e-05,True
Grocery,42,12345,7374,6631,7656,45576,54024,0.05976143106818199,0.08451542258262634,0.5862523317337036,0.49849385023117065,10,7.149064913392067e-07,0.010063890367746353,6.595176581848697e-07,3.515594289638102e-05,4.039774648845196e-05,4.361534956842661e-05,7.948619895614684e-05,-4.5268971007317305e-06,-0.027685871347784996,-5.157694640758922e-06,7.948619895614684e-05,True
Grocery,42,12345,4343,4448,6008,25780,40943,0.05270462855696678,0.0416666679084301,0.5642940998077393,0.6532031893730164,8,0.0067631155252456665,0.04275893792510033,0.007364446306294389,0.07570266723632812,-0.01650814712047577,-0.015874162316322327,-0.034118443727493286,-0.0017361342906951904,-0.026106983423233032,-0.0015381240271468174,0.0,True
Grocery,42,12345,4343,6008,4448,40943,25780,0.0416666679084301,0.05270462855696678,0.6532031893730164,0.5642940998077393,8,-0.0015619546175003052,-0.02443212829530239,-0.001386821482479185,0.0,-0.02285727858543396,0.07630613446235657,0.05960823595523834,0.006159380078315735,0.03879395127296448,0.006723287545527409,0.07630613446235657,True
Grocery,42,12345,15057,15093,15545,131205,133779,0.28867512941360474,0.40824827551841736,2.867866039276123,3.193264961242676,17,-0.00040375394746661186,-0.057564228773117065,-0.0010711160747318388,0.003305104561150074,0.0016912389546632767,0.00446722935885191,0.005225830245763063,-0.0009326380677521229,-0.08192311227321625,-0.002580880389178011,0.005225830245763063,True
Grocery,42,12345,15057,15545,15093,133779,131205,0.40824827551841736,0.28867512941360474,3.193264961242676,2.867866039276123,17,-0.0013602753169834614,-0.10383765399456024,-0.004085067371325573,0.005869866814464331,0.0014957154635339975,0.002663465216755867,0.0036384654231369495,-0.000520715257152915,-0.06677843630313873,-0.0014233734506410413,0.0036384654231369495,True
Grocery,42,12345,5413,9673,2938,74818,13219,0.01725163869559765,0.026726124808192253,0.08603765070438385,0.14687897264957428,7,1.1909287422895432e-07,0.005910547915846109,1.9994840439809894e-07,1.001005875878036e-05,1.0010029654949903e-05,-3.4558179322630167e-06,6.673333700746298e-06,1.1912197805941105e-07,0.0059120007790625095,1.7864389179179557e-07,1.0010029654949903e-05,True
Grocery,42,12345,5413,2938,9673,13219,74818,0.026726124808192253,0.01725163869559765,0.14687897264957428,0.08603765070438385,7,5.957554094493389e-07,0.01491974201053381,3.4725194703072984e-07,1.966246054507792e-05,1.9781698938459158e-05,-5.839072400704026e-06,1.4419143553823233e-05,4.7651701606810093e-07,0.01189807802438736,4.26321987647566e-07,1.9781698938459158e-05,True
Grocery,42,12345,5150,4403,4822,25447,30280,0.19245009124279022,0.1666666716337204,1.1470856666564941,0.9852173328399658,7,0.01195196807384491,0.04126603528857231,0.01558314876432737,0.13884004950523376,-0.010463535785675049,0.02731470763683319,0.021089553833007812,0.00423838198184967,0.07199829816818237,0.0043853667896491914,0.02731470763683319,True
Grocery,42,12345,5150,4822,4403,30280,25447,0.1666666716337204,0.19245009124279022,0.9852173328399658,1.1470856666564941,7,0.009919598698616028,0.15863855183124542,0.009762511982491933,0.021633490920066833,-0.06105034053325653,0.11604665219783783,0.08974167704582214,0.034745365381240845,0.13021112978458405,0.042151803134511084,0.11604665219783783,True
Grocery,42,12345,6043,5668,5873,37475,39439,0.04652421176433563,0.04845016077160835,0.29344481229782104,0.5319864749908447,8,1.8211256247013807e-05,0.055492088198661804,1.9047708942877313e-05,0.00015497813001275063,-0.00010039936751127243,0.0002337087644264102,0.0001592543558217585,2.594495890662074e-05,0.052586957812309265,2.8530348201829423e-05,0.0002337087644264102,True
Grocery,42,12345,6043,5873,5668,39439,37475,0.04845016077160835,0.04652421176433563,0.5319864749908447,0.29344481229782104,8,2.570590004324913e-05,0.05207718536257744,2.784802749087158e-05,0.0002339478232897818,-9.743019472807646e-05,0.0001536684576421976,7.575919153168797e-05,1.9520928617566824e-05,0.05972116440534592,2.0398963534412444e-05,0.0001536684576421976,True
Grocery,42,12345,11811,7475,13884,52660,118651,0.0800640806555748,0.1666666716337204,0.539713978767395,0.8555356860160828,13,-0.0034159421920776367,-0.023776529356837273,-0.0028425228437521655,0.0,-0.01627102494239807,-0.0511285662651062,-0.06951904296875,-0.0021194517612457275,-0.015479642897844315,-0.001974043616190771,0.0,True
Grocery,42,12345,11811,13884,7475,118651,52660,0.1666666716337204,0.0800640806555748,0.8555356860160828,0.539713978767395,13,0.008036047220230103,0.07016455382108688,0.008154239569801207,0.03673693537712097,0.042391300201416016,-0.06094953417778015,-0.016176611185073853,0.002381622791290283,0.01992698758840561,0.0031006305391705295,0.042391300201416016,True
Grocery,42,12345,7917,6798,7433,46672,52308,0.0883883461356163,0.07106690853834152,0.4429551661014557,0.5983595848083496,9,0.007554948329925537,0.03866404667496681,0.007819053301548945,0.10147738456726074,0.048834383487701416,0.12554866075515747,0.1705995798110962,-0.0037834644317626953,-0.010967115871608257,-0.004528271522249652,0.1705995798110962,True
Grocery,42,12345,7917,7433,6798,52308,46672,0.07106690853834152,0.0883883461356163,0.5983595848083496,0.4429551661014557,9,-0.002347290515899658,-0.006997266318649054,-0.0031759840895393826,0.1665554642677307,0.03177309036254883,0.053311288356781006,0.09575402736663818,0.01066964864730835,0.05900100618600845,0.01097466836657998,0.09575402736663818,True
Grocery,42,12345,15099,16660,9210,139518,69418,0.05270462855696678,0.05773502215743065,0.359353244304657,0.5253328084945679,19,0.0017255544662475586,0.008307015523314476,0.0018213503756891042,0.10472404956817627,0.013857722282409668,0.045688509941101074,0.05687439441680908,-0.00267183780670166,-0.022949865087866783,-0.0024139513790284194,0.05687439441680908,False
Grocery,42,12345,15099,9210,16660,69418,139518,0.05773502215743065,0.05270462855696678,0.5253328084945679,0.359353244304657,19,-0.00424647331237793,-0.03504074364900589,-0.0036497396796322315,0.05847012996673584,0.007876276969909668,0.09193336963653564,0.10314023494720459,0.0033305883407592773,0.016410889104008675,0.0033541365365458388,0.10314023494720459,False
Grocery,42,12345,9714,9626,10446,74309,83789,0.09622504562139511,0.09128709137439728,0.9782067537307739,1.0246918201446533,12,-6.305519491434097e-05,-0.00855185929685831,-9.166108283320063e-05,0.0036551039665937424,0.0006311405450105667,0.0009270841255784035,0.001481550745666027,-7.667392492294312e-05,-0.025223465636372566,-0.00010447212031997603,0.001481550745666027,True
Grocery,42,12345,9714,10446,9626,83789,74309,0.09128709137439728,0.09622504562139511,1.0246918201446533,0.9782067537307739,12,7.830560207366943e-06,0.004625903908163309,1.6241566168111914e-06,0.0008424613624811172,-0.0003714030608534813,0.0028990404680371284,0.002666415646672249,0.00013877823948860168,0.02337566204369068,0.0001527984225313179,0.0028990404680371284,True
Grocery,42,12345,9714,10250,10446,81461,83789,0.07453560084104538,0.09128709137439728,0.5753404498100281,1.0246918201446533,12,-7.423944771289825e-05,-0.152230903506279,-8.720407126674247e-05,0.00024563074111938477,-0.0002918113023042679,0.0008394336327910423,0.0005584806203842163,1.0858289897441864e-05,0.006426028907299042,4.110319315394912e-06,0.0008394336327910423,True
Grocery,42,12345,11382,10966,11369,90853,95350,0.14907120168209076,0.25819888710975647,1.952073574066162,1.893186092376709,13,-0.0002880580723285675,-0.028840932995080948,-0.0005341010406661232,0.004849876277148724,0.00025300029665231705,0.0013464693911373615,0.0015271662268787622,-7.230346091091633e-05,-0.023124927654862404,-0.00010704935858699041,0.0015271662268787622,True
Grocery,42,12345,11382,11369,10966,95350,90853,0.25819888710975647,0.14907120168209076,1.893186092376709,1.952073574066162,13,-0.0002271768171340227,-0.04494775831699371,-0.0003332566632797296,0.0024135273415595293,0.002202930860221386,0.0056717488914728165,0.0065839337185025215,-0.001290746033191681,-0.08927170932292938,-0.002550354314482839,0.0065839337185025215,True
Grocery,42,12345,11382,11362,10966,95298,90853,0.10910893976688385,0.14907120168209076,0.9960967302322388,1.952073574066162,13,-0.0005039931274950504,-0.07115042209625244,-0.0007521340622730819,0.003289742162451148,0.0016254428774118423,0.005335298366844654,0.006006445735692978,-0.0009542955085635185,-0.07359304279088974,-0.0016486985445827928,0.006006445735692978,True
Grocery,42,12345,8649,9807,9963,76593,78260,0.25819888710975647,0.28867512941360474,1.6405034065246582,1.5180702209472656,12,0.020603671669960022,0.112876296043396,0.020353552142596675,0.08096475899219513,0.11304673552513123,0.05275017023086548,0.15431860089302063,-0.011478304862976074,-0.035856761038303375,-0.013028276721811345,0.15431860089302063,True
Grocery,42,12345,8649,9963,9807,78260,76593,0.28867512941360474,0.25819888710975647,1.5180702209472656,1.6405034065246582,12,-0.022241294384002686,-0.04297874495387077,-0.025489617864467073,0.24762696027755737,0.14610575139522552,-0.08943566679954529,0.09467813372612,0.03800804913043976,0.11509932577610016,0.04102045857324956,0.14610575139522552,True
Grocery,42,12345,13478,13785,14636,117637,126332,0.14433756470680237,0.12909944355487823,1.4108493328094482,0.912156343460083,15,-8.151249494403601e-05,-0.03804321587085724,-0.0001189713006310378,0.0010305531322956085,0.0001581133110448718,0.0003002939047291875,0.00043880235170945525,-1.9604864064604044e-05,-0.02185068652033806,-2.5110720672708652e-05,0.00043880235170945525,True
Grocery,42,12345,13478,14636,13785,126332,117637,0.12909944355487823,0.14433756470680237,0.912156343460083,1.4108493328094482,15,-2.1512561943382025e-05,-0.024325435981154442,-2.7539166310509562e-05,0.0004314211546443403,0.00021288194693624973,0.0008941947016865015,0.0010234143119305372,-8.366233669221401e-05,-0.0392688550055027,-0.0001229692373673801,0.0010234143119305372,True
Grocery,42,12345,3878,3883,4751,19217,29620,0.07254762202501297,0.06454972177743912,0.612638533115387,0.22326600551605225,7,-0.003499850630760193,-0.028613489121198654,-0.0040106345148790135,0.05940742790699005,0.0371314138174057,-0.029635950922966003,0.0135108083486557,0.006015345454216003,0.07493126392364502,0.006215284679575081,0.0371314138174057,True
Grocery,42,12345,3878,4751,3883,29620,19217,0.06454972177743912,0.07254762202501297,0.22326600551605225,0.612638533115387,7,0.0008521229028701782,0.017718104645609856,0.0008098956138759134,0.0050600022077560425,0.00637739896774292,0.01322600245475769,0.01913812756538391,-0.0004652738571166992,-0.012009689584374428,-0.000490572411684552,0.01913812756538391,True
Grocery,42,12345,6585,7587,6579,53519,45099,0.03750292956829071,0.046225015074014664,0.36984148621559143,0.3359900712966919,10,-0.00015338044613599777,-0.021516775712370872,-0.00018878071085858287,0.003487511072307825,0.0004246281459927559,0.0017055138014256954,0.0020523867569863796,-7.775519043207169e-05,-0.018590429797768593,-8.852193943269836e-05,0.0020523867569863796,True
Grocery,42,12345,6585,7675,6579,54267,45099,0.1178511381149292,0.046225015074014664,0.8679855465888977,0.3359900712966919,10,-0.0006095864810049534,-0.04483265429735184,-0.000862038791749062,0.006493666674941778,0.0009986655786633492,0.0018100263550877571,0.002626424189656973,-0.00018226774409413338,-0.03353514522314072,-0.00021666423807840403,0.002626424189656973,True
Grocery,42,12345,6585,6579,7587,45099,53519,0.046225015074014664,0.03750292956829071,0.3359900712966919,0.36984148621559143,10,-3.155320882797241e-06,-0.0009537547593936324,-4.086130035096773e-06,0.0016525746323168278,2.171378582715988e-05,0.002987310755997896,0.003008971456438303,-5.3085386753082275e-08,-8.821092706057243e-06,-2.3184280975654846e-07,0.003008971456438303,True
Grocery,42,12345,12190,12186,12185,103117,103116,0.7071067690849304,0.7071067690849304,5.628654956817627,6.373187065124512,14,0.0004969920264557004,0.18792574107646942,0.0013044509346862403,0.001073808642104268,-0.00018674734747037292,0.0007866750238463283,0.0007696290267631412,0.0001697013503871858,0.09735821187496185,-3.083418204392018e-05,0.0007866750238463283,True
Grocery,42,12345,12190,12185,12186,103116,103117,0.7071067690849304,0.7071067690849304,6.373187065124512,5.628654956817627,14,0.0001606426085345447,0.09168469905853271,-0.001264537423312014,0.0007957337656989694,-0.0008009334560483694,0.0007950192084535956,0.00076986727071926,0.0007757815765216947,0.3279109597206116,0.0016628367838397529,0.0007950192084535956,True
Grocery,42,12345,5044,6165,5069,42012,32660,0.03928370773792267,0.03823595866560936,0.3774715065956116,0.3814930319786072,7,-2.134311944246292e-05,-0.020248085260391235,-2.3483364024396325e-05,0.0005163638852536678,0.0001681176945567131,0.00019094767048954964,0.00034744245931506157,-1.1622905731201172e-05,-0.016450973227620125,-1.2289047464605973e-05,0.00034744245931506157,True
Grocery,42,12345,5044,5069,6165,32660,42012,0.03823595866560936,0.03928370773792267,0.3814930319786072,0.3774715065956116,7,-1.3995915651321411e-05,-0.018357986584305763,-1.4914402357742894e-05,0.0003741912078112364,0.00020660297013819218,0.00036425841972231865,0.0005451289471238852,-2.573244273662567e-05,-0.023057736456394196,-2.854257040978402e-05,0.0005451289471238852,True
Grocery,42,12345,5610,4789,4393,29895,25400,0.09245003014802933,0.09759000688791275,1.1082056760787964,0.8311205506324768,7,-0.014832377433776855,-0.01128532737493515,-0.011013137291238095,0.6497370004653931,0.09345757961273193,0.26300549507141113,0.35246574878692627,-0.003997325897216797,-0.005638543516397476,-0.0025455391712057647,0.35246574878692627,False
Grocery,42,12345,5610,4393,4789,25400,29895,0.09759000688791275,0.09245003014802933,0.8311205506324768,1.1082056760787964,7,-0.0029801130294799805,-0.004139814060181379,-0.0016010154552947853,0.35844314098358154,0.11219048500061035,0.5611802339553833,0.6576348543167114,-0.015735864639282227,-0.011822538450360298,-0.012202836434998065,0.6576348543167114,False
Grocery,42,12345,3637,14070,14664,120598,126622,0.020311111584305763,0.0416666679084301,0.15922781825065613,0.5305415391921997,5,-0.00028783082962036133,-0.0044524469412863255,-0.0002841594532784972,0.0,-0.004339396953582764,-0.09366202354431152,-0.09888625144958496,-0.0008848309516906738,-0.004494089633226395,-0.0008386119234835821,0.0,True
Grocery,42,12345,3637,14664,14070,126622,120598,0.0416666679084301,0.020311111584305763,0.5305415391921997,0.15922781825065613,5,0.0012878179550170898,0.006764411926269531,0.0012708927983941382,0.009155988693237305,0.010166376829147339,-0.02780783176422119,-0.0173642635345459,0.0002771914005279541,0.005009016953408718,0.0002727370778660013,0.010166376829147339,True
Grocery,42,12345,3968,5407,5396,35693,35501,0.02206479012966156,0.018751464784145355,0.19100262224674225,0.2363847941160202,7,0.0,0.0,2.4394292732392835e-10,0.0,0.0,0.0,0.0,0.0,0.0,4.734623808626024e-10,0.0,True
Grocery,42,12345,3968,5396,5407,35501,35693,0.018751464784145355,0.02206479012966156,0.2363847941160202,0.19100262224674225,7,0.0,0.0,-5.967614645747036e-11,0.0,0.0,0.0,0.0,0.0,0.0,-5.6638242711988414e-11,0.0,True
Grocery,42,12345,11576,12131,11462,102434,96106,0.09449112415313721,0.0857492983341217,1.2293039560317993,0.8857159614562988,13,-0.006941869854927063,-0.03016454540193081,-0.008541426813210184,0.1115957647562027,0.024618059396743774,0.09796682000160217,0.11486220359802246,-0.007722675800323486,-0.03252377361059189,-0.009388222074397486,0.11486220359802246,True
Grocery,42,12345,11576,11462,12131,96106,102434,0.0857492983341217,0.09449112415313721,0.8857159614562988,1.2293039560317993,13,-0.0021448731422424316,-0.010875467211008072,-0.0024864784729922845,0.09753817319869995,0.007214605808258057,0.08982428908348083,0.09497344493865967,-0.0020654499530792236,-0.010756859555840492,-0.0024830067689312345,0.09497344493865967,True
Grocery,42,12345,10208,16280,16766,137451,140100,0.0653720498085022,0.07647191733121872,0.25194934010505676,0.3805440664291382,12,0.0004794411361217499,0.03666028380393982,0.00047077813604841715,0.004347596317529678,0.003956612199544907,-0.013332664966583252,-0.008505627512931824,0.0008704252541065216,0.03374406322836876,0.0007950962845919682,0.003956612199544907,True
Grocery,42,12345,10208,16766,16280,140100,137451,0.07647191733121872,0.0653720498085022,0.3805440664291382,0.25194934010505676,12,0.0011032260954380035,0.04238659143447876,0.001015600270031957,0.004957567900419235,0.005445700138807297,-0.0069143399596214294,-0.0008535459637641907,0.000615093857049942,0.046550072729587555,0.0006098847987386339,0.005445700138807297,True
Grocery,42,12345,2266,3361,2791,15711,12334,0.20412413775920868,0.2357022762298584,1.242465615272522,1.625057339668274,3,-0.052192702889442444,-0.12585151195526123,-0.09347894731733664,0.18126192688941956,0.08640260249376297,0.032433658838272095,0.10512331128120422,-0.013712950050830841,-0.06122957542538643,-0.028391961680094877,0.10512331128120422,True
Grocery,42,12345,2266,2791,3361,12334,15711,0.2357022762298584,0.20412413775920868,1.625057339668274,1.242465615272522,3,-0.015575475990772247,-0.06655426323413849,-0.031712407947877615,0.10922561585903168,0.1323685199022293,0.11381866037845612,0.1887480914592743,-0.05743908882141113,-0.13206353783607483,-0.10519671933419192,0.1887480914592743,True
Grocery,42,12345,5562,5616,6262,37152,42876,0.05170876905322075,0.05802588537335396,0.7197248935699463,0.6764101386070251,7,1.4551915228366852e-10,4.027680517992849e-07,1.6025888714460337e-07,0.00018064389587379992,5.957554094493389e-07,0.00020661752205342054,0.0002074517251458019,2.3844768293201923e-07,0.0005750230047851801,4.2819246727526e-07,0.0002074517251458019,True
Grocery,42,12345,5562,6262,5616,42876,37152,0.05802588537335396,0.05170876905322075,0.6764101386070251,0.7197248935699463,7,3.8121070247143507e-06,0.0092998668551445,4.561318236240703e-06,0.0002030438627116382,-3.0978117138147354e-06,0.00017933372873812914,0.0001767120265867561,4.7610956244170666e-07,0.0013256433885544538,1.9494619164292414e-07,0.00017933372873812914,True
Grocery,42,12345,12810,12566,12378,106341,104872,0.21320071816444397,0.30151134729385376,1.1400361061096191,1.7005280256271362,14,0.00010222848504781723,0.011676279827952385,0.00010784195087643273,0.004428722895681858,0.0005263872444629669,0.011416226625442505,0.011878625489771366,-6.398838013410568e-05,-0.002686189254745841,-0.00012940233438867905,0.011878625489771366,True
Grocery,42,12345,12810,12378,12566,104872,106341,0.30151134729385376,0.21320071816444397,1.7005280256271362,1.1400361061096191,14,0.003217843361198902,0.16513073444366455,0.0036623617499692944,0.008134394884109497,-0.0038384459912776947,0.002640916034579277,0.00023010652512311935,0.001427636481821537,0.21277906000614166,0.0013992233833333527,0.002640916034579277,True
Grocery,42,12345,12810,12853,12566,108118,106341,0.10050378739833832,0.21320071816444397,0.8837247490882874,1.1400361061096191,14,-7.008947432041168e-05,-0.025326937437057495,-9.694449165603735e-05,0.0014187339693307877,-0.0014630313962697983,0.003463463857769966,0.0026055211201310158,0.0006050886586308479,0.08033544570207596,0.0006737864896617421,0.003463463857769966,True
Grocery,42,12345,13164,3669,4339,17674,23956,0.0990147590637207,0.05661385506391525,0.8643710613250732,0.4165433943271637,16,0.021236658096313477,0.12366096675395966,0.020595177493187955,0.05383574962615967,0.07067883014678955,-0.09735798835754395,-0.0222855806350708,0.004393577575683594,0.023084919899702072,0.0051875495635671336,0.07067883014678955,True
Grocery,42,12345,13164,4339,3669,23956,17674,0.05661385506391525,0.0990147590637207,0.4165433943271637,0.8643710613250732,16,0.0024110078811645508,0.012801369652152061,0.002357244927314081,0.024172067642211914,0.022936582565307617,-0.07889461517333984,-0.05231153964996338,0.0036464929580688477,0.02365659736096859,0.0032126212156501233,0.022936582565307617,True
Grocery,42,12345,9620,9834,10121,76932,80086,0.09128709137439728,0.10206206887960434,0.6359292268753052,0.7501370906829834,12,-7.872609421610832e-05,-0.02789822779595852,-0.00010091883569277515,0.0013715834356844425,0.000350048765540123,0.0014471164904534817,0.0017009959556162357,-9.616930037736893e-05,-0.027491306886076927,-0.00012201304329373611,0.0017009959556162357,True
Grocery,42,12345,9620,10121,9834,80086,76932,0.10206206887960434,0.09128709137439728,0.7501370906829834,0.6359292268753052,12,-1.6373582184314728e-05,-0.005301440134644508,-2.1690833631520575e-05,0.0015360661782324314,0.00018600700423121452,0.0010562394745647907,0.0012249848805367947,-1.7261598259210587e-05,-0.006996314972639084,-2.387331684216685e-05,0.0012249848805367947,True
Grocery,42,12345,9620,9097,9834,68072,76932,0.03475240245461464,0.09128709137439728,0.22492115199565887,0.6359292268753052,12,-9.112758561968803e-06,-0.012579508125782013,-9.610741465628951e-06,0.00035764509811997414,0.00016382569447159767,0.0010716996621340513,0.0012028035707771778,-3.2721785828471184e-05,-0.01341970358043909,-3.8241461719488206e-05,0.0012028035707771778,True
Grocery,42,12345,4780,13830,3912,118087,19913,0.14744195342063904,0.08770579844713211,1.198185920715332,0.8651592135429382,7,-0.03039848804473877,-0.05101502314209938,-0.02650532287311863,0.0,-0.11836272478103638,0.06164795160293579,-0.06377696990966797,-0.007062196731567383,-0.02896863967180252,-0.005903326718504022,0.06164795160293579,False
Grocery,42,12345,4780,3912,13830,19913,118087,0.08770579844713211,0.14744195342063904,0.8651592135429382,1.198185920715332,7,-0.004347443580627441,-0.03829706832766533,-0.004962709759077907,0.05893319845199585,-0.0064351558685302734,-0.21164268255233765,-0.2245442271232605,-0.006466388702392578,-0.014609278179705143,-0.006266149695766214,0.0,False
Grocery,42,12345,1707,1128,14797,4747,127805,0.0686802789568901,0.0686802789568901,0.6831847429275513,0.5954332947731018,1,0.0005212444812059402,0.05017441511154175,0.0004615930664029983,0.0012102406471967697,0.001441056840121746,-0.002726742997765541,-0.0009952578693628311,0.0002904282882809639,0.05625111237168312,0.00028085766354708064,0.001441056840121746,True
Grocery,42,12345,1707,14797,1128,127805,4747,0.0686802789568901,0.0686802789568901,0.5954332947731018,0.6831847429275513,1,3.0295923352241516e-05,0.0061190249398350716,2.8434353759232336e-05,0.0,-5.300156772136688e-06,-0.0049452101811766624,-0.004938998259603977,1.151207834482193e-05,0.00116406858433038,1.319358786357479e-05,0.0,True
Grocery,42,12345,1707,1938,14797,8172,127805,0.05607721582055092,0.0686802789568901,0.6354629397392273,0.5954332947731018,1,-0.0008855089545249939,-0.040281303226947784,-0.0011415672119110178,0.010548803955316544,0.0020980285480618477,-0.002887105569243431,-0.0003382861614227295,0.0004507908597588539,0.08468052744865417,0.00044266821742485537,0.0020980285480618477,True
Grocery,42,12345,5982,4868,5413,30823,35855,0.08703882992267609,0.024397501721978188,0.8464019298553467,0.1309797167778015,7,0.00040153414011001587,0.008099091239273548,0.0005011045854301163,0.02458806522190571,-0.00038765184581279755,0.0010976195335388184,0.0007708929479122162,6.0925260186195374e-05,0.02700379118323326,6.068659052859098e-05,0.0010976195335388184,True
Grocery,42,12345,5982,5413,4868,35855,30823,0.024397501721978188,0.08703882992267609,0.1309797167778015,0.8464019298553467,7,1.488812267780304e-05,0.006466879043728113,1.5109754927340822e-05,0.0011436566710472107,-0.00025530532002449036,0.024859553202986717,0.024734294041991234,0.00013004615902900696,0.0026087930891662836,0.000175165849379317,0.024859553202986717,True
Grocery,42,12345,16952,16916,1580,141084,6560,0.020476505160331726,0.1666666716337204,0.22163785994052887,1.5516242980957031,17,-0.0008040070533752441,-0.008405403234064579,-0.0008341922859489426,0.0474247932434082,0.014420032501220703,0.20468497276306152,0.21459972858428955,-0.004505276679992676,-0.010387889109551907,-0.0046901945502403845,0.21459972858428955,True
Grocery,42,12345,16952,1580,16916,6560,141084,0.1666666716337204,0.020476505160331726,1.5516242980957031,0.22163785994052887,17,-0.027235686779022217,-0.04524771124124527,-0.030247806174190706,0.28734418749809265,0.06419503688812256,0.040971994400024414,0.10090106725692749,-0.004265964031219482,-0.02070171758532524,-0.0050826751087061,0.10090106725692749,True
Grocery,42,12345,15730,5489,15369,36351,132760,0.1386750489473343,0.10910893976688385,1.1897335052490234,1.0904814004898071,17,0.008947968482971191,0.03115863725543022,0.009087497932553035,0.13911330699920654,0.14566516876220703,0.2646353244781494,0.41269707679748535,0.0023965835571289062,0.002912017749622464,0.0036575222372362765,0.41269707679748535,False
Grocery,42,12345,15730,15369,5489,132760,36351,0.10910893976688385,0.1386750489473343,1.0904814004898071,1.1897335052490234,17,0.0002627372741699219,0.0002512776991352439,0.0024475697347946523,0.5229339599609375,0.24126076698303223,-0.12497544288635254,0.13119029998779297,0.014904975891113281,0.029964176937937737,0.015494243427680042,0.24126076698303223,False
Grocery,42,12345,16121,17047,4166,141959,22267,0.1178511381149292,0.029260287061333656,1.5926263332366943,0.34699204564094543,18,-1.0438263416290283e-05,-6.427090556826442e-05,-2.5486680539296702e-05,0.08119997382164001,6.882846355438232e-05,0.006102636456489563,0.006214015185832977,4.255026578903198e-05,0.003435492981225252,4.776200696351132e-05,0.006214015185832977,True
Grocery,42,12345,16121,4166,17047,22267,141959,0.029260287061333656,0.1178511381149292,0.34699204564094543,1.5926263332366943,18,5.748867988586426e-05,0.0046995156444609165,6.354164493262236e-05,0.006087698042392731,-0.0007384419441223145,0.08061975985765457,0.08033961057662964,0.0004582926630973816,0.0028342537116259336,0.0007069754061720439,0.08061975985765457,True
Grocery,42,12345,6097,4743,3912,29539,19931,0.18257418274879456,0.07161148637533188,1.1130115985870361,0.7063995599746704,7,-0.0037036538124084473,-0.011056813411414623,-0.004428944266074555,0.16563105583190918,0.0916832685470581,0.1912824511528015,0.27376484870910645,-0.009200870990753174,-0.016526613384485245,-0.009354579950829181,0.27376484870910645,True
Grocery,42,12345,6097,3912,4914,19931,31165,0.07161148637533188,0.08804509043693542,0.7063995599746704,0.5373229384422302,7,-0.003563404083251953,-0.009080660529434681,-0.0038967104885452297,0.19442671537399292,0.009987354278564453,0.01627105474472046,0.025053203105926514,-0.0012052059173583984,-0.023487970232963562,-0.001340136207482914,0.025053203105926514,True
Grocery,42,12345,6097,4914,3912,31165,19931,0.08804509043693542,0.07161148637533188,0.5373229384422302,0.7063995599746704,7,-0.0003554821014404297,-0.009456667117774487,-0.0003806067511604415,0.018617570400238037,0.0038927793502807617,0.18277782201766968,0.18597406148910522,-0.0006965398788452148,-0.0018691797740757465,-0.000760873787289767,0.18597406148910522,True
Grocery,42,12345,13633,13649,2145,116347,9188,0.048795003443956375,0.05773502215743065,0.4392831325531006,0.33196210861206055,15,-9.075598791241646e-05,-0.025053873658180237,-0.00010577128933571419,0.0017658337019383907,0.0003664880059659481,-0.00010108062997460365,0.00026525184512138367,-1.555308699607849e-07,-0.00021223307703621686,-9.491518446088917e-07,0.0003664880059659481,True
Grocery,42,12345,13633,2145,13649,9188,116347,0.05773502215743065,0.048795003443956375,0.33196210861206055,0.4392831325531006,15,-8.256640285253525e-06,-0.007685650605708361,-7.003218616591654e-06,0.0,-0.000559631735086441,0.0011974037624895573,0.0007491135038435459,0.00011134147644042969,0.044427137821912766,0.00011844931901785547,0.0011974037624895573,True
Grocery,42,12345,4311,4449,13649,25817,116332,0.015632634982466698,0.03289758414030075,0.1663852483034134,0.2961646020412445,7,-1.605972647666931e-05,-0.00486288545653224,-1.6693564449990353e-05,0.0016432199627161026,0.0001927688717842102,-0.0014722682535648346,-0.0012646839022636414,1.4815479516983032e-05,0.005056941881775856,1.3635368062639932e-05,0.0001927688717842102,True
Grocery,42,12345,4311,13649,4449,116332,25817,0.03289758414030075,0.015632634982466698,0.2961646020412445,0.1663852483034134,7,-8.143298327922821e-05,-0.02008884586393833,-7.363518333351532e-05,0.0,-0.0007370766252279282,0.0013740118592977524,0.0006824992597103119,4.556402564048767e-05,0.016310159116983414,4.606916603377384e-05,0.0013740118592977524,True
Grocery,42,12345,10646,9765,9617,76261,74265,0.1414213627576828,0.06984302401542664,0.8838099241256714,0.7547075748443604,12,-0.0001981109380722046,-0.0025413427501916885,-0.00032642160136274814,0.03887855261564255,0.024095885455608368,0.03074432909488678,0.05146211385726929,-0.0033781006932258606,-0.031778234988451004,-0.004819053862442239,0.05146211385726929,True
Grocery,42,12345,10646,9617,9765,74265,76261,0.06984302401542664,0.1414213627576828,0.7547075748443604,0.8838099241256714,12,-0.00272456556558609,-0.031191673129796982,-0.0034130077786382433,0.04231227934360504,0.01347554475069046,0.01921693980693817,0.031438425183296204,-0.001254059374332428,-0.019554676488041878,-0.001597635357245393,0.031438425183296204,True
Grocery,42,12345,10646,9359,9617,71509,74265,0.04517539218068123,0.06984302401542664,0.2751833498477936,0.7547075748443604,12,-0.00041047483682632446,-0.013476918451488018,-0.00044819645334795953,0.015023566782474518,0.010281689465045929,0.029201067984104156,0.03764791786670685,-0.0018348395824432373,-0.023788711056113243,-0.0022657504536587646,0.03764791786670685,True
Grocery,42,12345,7082,7991,7894,56658,56003,0.3535533845424652,0.1178511381149292,2.9049272537231445,0.9623966217041016,10,-0.00013424374628812075,-0.04812655970454216,-0.00035442375486092423,0.0013275680830702186,4.51626256108284e-05,0.00019627560686785728,0.0002209468511864543,-2.049138129223138e-05,-0.04431574419140816,-3.218388900148401e-05,0.0002209468511864543,True
Grocery,42,12345,7082,7894,7991,56003,56658,0.1178511381149292,0.3535533845424652,0.9623966217041016,2.9049272537231445,10,-5.003850674256682e-06,-0.01321991253644228,-7.376757587000069e-06,0.00018674737657420337,4.107039421796799e-05,0.0012037641135975718,0.0012097234139218926,-3.5111093893647194e-05,-0.01430438831448555,-8.594286488528137e-05,0.0012097234139218926,True
Grocery,42,12345,1596,901,1195,3741,5044,0.3333333432674408,0.40824827551841736,2.6213715076446533,2.2595736980438232,1,-0.00029629707569256425,-0.1236189752817154,-0.0007460561567897443,0.0010502752847969532,0.00024195591686293483,0.0004184264689683914,0.0005447512958198786,-0.00011563109001144767,-0.09594796597957611,-0.00022115626858591362,0.0005447512958198786,True
Grocery,42,12345,1596,1195,901,5044,3741,0.40824827551841736,0.3333333432674408,2.2595736980438232,2.6213715076446533,1,-0.00022027938393875957,-0.12878359854221344,-0.00045106493451958356,0.0007450859993696213,0.0008420901140198112,0.001247732201591134,0.001469743438065052,-0.0006200788775458932,-0.17420022189617157,-0.001837980781139149,0.001469743438065052,True
Grocery,42,12345,14056,14058,13113,120490,109882,0.25,0.10660035908222198,2.0974643230438232,1.2793033123016357,15,-0.0009604752995073795,-0.0823456272482872,-0.0016606709008355554,0.005351732484996319,0.0018242141231894493,0.004493365995585918,0.0053076185286045074,-0.0010099615901708603,-0.08687685430049896,-0.001733974275389174,0.0053076185286045074,True
Grocery,42,12345,14056,13113,14058,109882,120490,0.10660035908222198,0.25,1.2793033123016357,2.0974643230438232,15,-0.00022479030303657055,-0.028325244784355164,-0.00036423209247989693,0.003855620278045535,0.00038698455318808556,0.0038165641017258167,0.003963989205658436,-0.00023955944925546646,-0.029330644756555557,-0.0004039607365998438,0.003963989205658436,True
Grocery,42,12345,3117,2936,7914,13207,56082,0.11470786482095718,0.08671099692583084,0.8304392099380493,0.5607431530952454,3,0.012201428413391113,0.04049704596400261,0.012211878200811377,0.14454519748687744,0.14172279834747314,-0.15092790126800537,0.005818724632263184,0.01502382755279541,0.050336237996816635,0.015137329726952971,0.14172279834747314,False
Grocery,42,12345,3117,7914,2936,56082,13207,0.08671099692583084,0.11470786482095718,0.5607431530952454,0.8304392099380493,3,0.014612376689910889,0.04898932948708534,0.014621450777586226,0.141832172870636,0.14430677890777588,-0.12737715244293213,0.029067397117614746,0.012137770652770996,0.04035815969109535,0.01209508317902095,0.14430677890777588,False
Grocery,42,12345,16046,8400,8652,59762,62801,0.04109974578022957,0.04902903363108635,0.41699543595314026,0.4506312608718872,17,-6.198883056640625e-05,-0.00017678416043054312,-6.527966876131164e-05,0.0,-0.12427377700805664,-0.10813140869140625,-0.23252582550048828,-0.00012063980102539062,-0.0002594789257273078,-0.00013592826309893105,0.0,False
Grocery,42,12345,16046,8652,8400,62801,59762,0.04902903363108635,0.04109974578022957,0.4506312608718872,0.41699543595314026,17,-0.00016736984252929688,-0.0002934868389274925,-0.0001931713847844324,0.0,-0.17705917358398438,-0.05094099044799805,-0.22808122634887695,-8.106231689453125e-05,-0.0001777365105226636,-8.945121006534548e-05,0.0,False
Grocery,42,12345,6654,12470,12711,105602,107404,0.18257418274879456,0.40824827551841736,1.0313631296157837,2.819648027420044,9,0.010920524597167969,0.011955123394727707,0.011440067474552118,0.28670263290405273,0.2714548110961914,-0.8950610160827637,-0.5974383354187012,0.026167869567871094,0.014834778383374214,0.030511391836390775,0.2714548110961914,False
Grocery,42,12345,6654,12711,12470,107404,105602,0.40824827551841736,0.18257418274879456,2.819648027420044,1.0313631296157837,9,0.03270244598388672,0.018470847979187965,0.03014784526791381,0.4719233512878418,0.49480700492858887,-0.4610888957977295,0.04353690147399902,0.009818792343139648,0.009824364446103573,0.006218010942048467,0.49480700492858887,False
Grocery,42,12345,10932,3124,10792,14245,88548,0.06085805967450142,0.044151078909635544,0.28613919019699097,0.1663311868906021,13,-0.0033272504806518555,-0.020584195852279663,-0.003097791941235786,0.0018090009689331055,-0.08335316181182861,0.06864273548126221,-0.013841509819030762,0.0008689165115356445,0.005239568185061216,0.0008667748037173204,0.06864273548126221,False
Grocery,42,12345,10932,10792,3124,88548,14245,0.044151078909635544,0.06085805967450142,0.1663311868906021,0.28613919019699097,13,-0.00016188621520996094,-0.0010858629830181599,-0.00016280611748221985,0.07446169853210449,0.007305264472961426,0.0009987354278564453,0.005786895751953125,-0.002517104148864746,-0.17863324284553528,-0.0023387902143277256,0.007305264472961426,False
Grocery,42,12345,1084,341,1416,1525,5926,0.26726123690605164,0.3535533845424652,2.369128465652466,2.1675772666931152,1,-0.0007315396796911955,-0.10437093675136566,-0.0017525191832833994,0.0031387433409690857,0.0002958114491775632,0.000400390534196049,0.0006099389283917844,-8.626305498182774e-05,-0.06604371219873428,-0.00013506599553247842,0.0006099389283917844,True
Grocery,42,12345,1084,1416,341,5926,1525,0.3535533845424652,0.26726123690605164,2.1675772666931152,2.369128465652466,1,-5.782500375062227e-05,-0.051924847066402435,-0.00010180373092166025,0.0005278968601487577,0.0005400457885116339,0.0025817565619945526,0.002737700939178467,-0.0003841014113277197,-0.0655517578125,-0.0011534113820706802,0.002737700939178467,True
Grocery,42,12345,1367,1489,1616,6188,6704,0.22360679507255554,0.25819888710975647,2.2409143447875977,2.6101253032684326,1,2.4431872589047998e-05,0.09859060496091843,3.2562166249702526e-05,0.00011168474884470925,0.00038857467006891966,0.0004056177567690611,0.0005417343927547336,-0.0002524580340832472,-0.188974529504776,-0.0006421607978457051,0.0005417343927547336,True
Grocery,42,12345,1367,1616,1489,6704,6188,0.25819888710975647,0.22360679507255554,2.6101253032684326,2.2409143447875977,1,-0.0002210123057011515,-0.18303103744983673,-0.0005423759477362654,0.0004932451993227005,9.893162496155128e-05,-2.9200833523645997e-05,8.987242472358048e-05,2.0141633285675198e-05,0.09238650649785995,2.3990091978605307e-05,9.893162496155128e-05,True
Grocery,42,12345,11624,11113,11612,92537,97330,0.06119900196790695,0.28867512941360474,0.7325234413146973,4.19780158996582,13,8.342321962118149e-07,0.005594533868134022,9.54109017245282e-07,7.413567800540477e-05,-3.533158451318741e-05,0.0019321674481034279,0.0019315715180709958,3.47355380654335e-05,0.0089086489751935,0.0001098739599542901,0.0019321674481034279,True
Grocery,42,12345,11624,11612,11113,97330,92537,0.28867512941360474,0.06119900196790695,4.19780158996582,0.7325234413146973,13,0.00016180635429918766,0.042896587401628494,0.00022862167133469685,0.0018099835142493248,3.3371616154909134e-06,7.342016033362597e-05,7.83070718171075e-05,1.549749867990613e-06,0.009993589483201504,-5.891852594596481e-06,7.83070718171075e-05,True
Grocery,42,12345,2795,6454,6578,44135,45084,0.25819888710975647,0.15811388194561005,2.075446844100952,1.371375560760498,3,0.011104822158813477,0.008855528198182583,0.013514146739734278,0.03677713871002197,0.04458951950073242,-0.3614788055419922,-0.31359684467315674,0.0032924413681030273,0.004574962891638279,0.003097987014680244,0.04458951950073242,False
Grocery,42,12345,2795,6578,6454,45084,44135,0.15811388194561005,0.25819888710975647,1.371375560760498,2.075446844100952,3,0.008759498596191406,0.01207986380904913,0.009298338376885429,0.06715750694274902,0.05591470003128052,-0.6414499282836914,-0.5655323266983032,0.020002901554107666,0.015838902443647385,0.022729486283069013,0.05591470003128052,False
Grocery,42,12345,9805,10237,10247,81278,81426,0.018685877323150635,0.06681530922651291,0.15254619717597961,0.4755142629146576,12,-1.2777745723724365e-06,-0.0008989489870145917,-1.3294211584813538e-06,0.0007100608199834824,2.402905374765396e-05,0.0025464827194809914,0.002576005645096302,5.493871867656708e-06,0.0010674911318346858,7.242180422662938e-06,0.002576005645096302,True
Grocery,42,12345,9805,10247,10237,81426,81278,0.06681530922651291,0.018685877323150635,0.4755142629146576,0.15254619717597961,12,-8.120574057102203e-05,-0.013683348894119263,-0.00010019868068001335,0.0029267119243741035,0.00032211560755968094,0.0007078461349010468,0.0010013757273554802,-2.8586015105247498e-05,-0.014072439633309841,-3.228934200205776e-05,0.0010013757273554802,True
Grocery,42,12345,1481,1828,658,7773,2806,0.08770579844713211,0.1961161345243454,1.2759891748428345,2.657815456390381,1,-3.394894883967936e-05,-0.06590107828378677,-4.737887071857648e-05,0.00024059557472355664,0.00016010482795536518,0.00046358819236047566,0.0005366429104469717,-8.705010986886919e-05,-0.07502081990242004,-0.00014612149842208342,0.0005366429104469717,True
Grocery,42,12345,1481,658,1828,2806,7773,0.1961161345243454,0.08770579844713211,2.657815456390381,1.2759891748428345,1,-0.00025668845046311617,-0.13186010718345642,-0.0005346644689950223,0.0008449870510958135,0.00030977875576354563,0.00023161014541983604,0.0004433706635609269,-9.801823762245476e-05,-0.09953419119119644,-0.00016724328309371012,0.0004433706635609269,True
Grocery,42,12345,16474,14948,14894,129624,128991,0.14433756470680237,0.0980580672621727,1.4925941228866577,1.0127604007720947,17,-0.00080108642578125,-0.0007088194834068418,-0.0011904181717080076,0.0,-0.2253246307373047,-0.22738981246948242,-0.4532051086425781,-0.0004906654357910156,-0.0005416214116849005,-0.0006507500117442323,0.0,False
Grocery,42,12345,16474,14706,14894,127151,128991,0.07293249666690826,0.0980580672621727,0.7515120506286621,1.0127604007720947,17,-0.0005574226379394531,-0.0005300642806105316,-0.0007457154073183814,0.0,-0.3538074493408203,-0.22709369659423828,-0.5816869735717773,-0.00078582763671875,-0.0006759295356459916,-0.0011067377598822413,0.0,False
Grocery,42,12345,16474,14894,14706,128991,127151,0.0980580672621727,0.07293249666690826,1.0127604007720947,0.7515120506286621,17,-0.0010066032409667969,-0.0007509379647672176,-0.001448732757403537,0.0,-0.4431447982788086,-0.17133426666259766,-0.6151952743530273,-0.0007162094116210938,-0.0005824383115395904,-0.000983928669662846,0.0,False
Grocery,42,12345,16253,3168,15793,14477,134958,0.054554469883441925,0.10910893976688385,0.3124287724494934,0.8172138929367065,17,0.001607447862625122,0.012551037594676018,0.001678921687100668,0.06323271989822388,-0.012887239456176758,0.20044466853141785,0.19308573007583618,0.005528301000595093,0.013602512888610363,0.0064598262677369005,0.20044466853141785,True
Grocery,42,12345,16253,15793,3168,134958,14477,0.10910893976688385,0.054554469883441925,0.8172138929367065,0.3124287724494934,17,0.017596542835235596,0.04462170600891113,0.019708610496977003,0.18837642669677734,-0.029498040676116943,0.059990882873535156,0.035342127084732056,0.004849284887313843,0.038846783339977264,0.004764159300155654,0.059990882873535156,True
Grocery,42,12345,6136,4657,5314,28811,34727,0.09534625709056854,0.09128709137439728,0.828905463218689,0.7168083190917969,8,0.0016928240656852722,0.06979945302009583,0.0018574342890294894,0.01127992570400238,-0.0054567959159612656,0.008516227826476097,0.004982093349099159,0.0019226614385843277,0.10143226385116577,0.0021330897881202257,0.008516227826476097,True
Grocery,42,12345,6136,5314,4657,34727,28811,0.09128709137439728,0.09534625709056854,0.7168083190917969,0.828905463218689,8,0.0006980206817388535,0.03459012508392334,0.0008630386089553497,0.009740868583321571,-0.0011737272143363953,0.012593509629368782,0.011799022555351257,0.00037924014031887054,0.01483361329883337,0.00043381308693649144,0.012593509629368782,True
Grocery,42,12345,354,7552,1655,53220,6980,0.1767766922712326,0.26726123690605164,1.236541748046875,1.9092602729797363,2,-0.002783060073852539,-0.01059762667864561,-0.005259552819731131,0.13269734382629395,-0.17712914943695068,0.3246651887893677,0.23038142919540405,0.08284538984298706,0.11314959079027176,0.08441955909273902,0.3246651887893677,True
Grocery,42,12345,354,1655,7552,6980,53220,0.26726123690605164,0.1767766922712326,1.9092602729797363,1.236541748046875,2,0.02591603994369507,0.03142393380403519,0.01808823926781583,0.42531949281692505,0.02771902084350586,0.11390876770019531,0.15763330459594727,0.016005516052246094,0.05348345264792442,0.011892645310005967,0.15763330459594727,True
Grocery,42,12345,15073,15541,5970,133721,40518,0.046880725771188736,0.03820803761482239,0.34335261583328247,0.11911959201097488,17,0.00236588716506958,0.022307971492409706,0.002364910633600441,0.051844894886016846,0.05459606647491455,0.0060579776763916016,0.06026875972747803,-0.000385284423828125,-0.0031862014438956976,-0.0003963856612471058,0.06026875972747803,True
Grocery,42,12345,15073,5970,15541,40518,133721,0.03820803761482239,0.046880725771188736,0.11911959201097488,0.34335261583328247,17,0.0003966987133026123,0.007231270428746939,0.00039227022322873856,0.005275934934616089,-0.02628403902053833,-0.02075594663619995,-0.04798698425292969,-0.0009469985961914062,-0.009965576231479645,-0.0008968361018079167,0.0,True
Grocery,42,12345,12598,13040,13023,109188,109115,0.3333333432674408,0.20412413775920868,1.5892292261123657,1.6185306310653687,14,-0.03200423717498779,-0.044094037264585495,-0.04267862142013901,0.34690678119659424,0.3453015089035034,0.701629102230072,0.9354610443115234,-0.111469566822052,-0.0562298409640789,-0.09941301638745605,0.9354610443115234,True
Grocery,42,12345,12598,13023,13040,109115,109188,0.20412413775920868,0.3333333432674408,1.6185306310653687,1.5892292261123657,14,-0.06634253263473511,-0.04005138948559761,-0.0601518314670374,0.795046329498291,0.1557965874671936,0.09832292795181274,0.23686718940734863,-0.017252326011657715,-0.035138070583343506,-0.02252245857192907,0.23686718940734863,True
Grocery,42,12345,12598,12614,13023,106772,109115,0.08512565493583679,0.20412413775920868,0.45426997542381287,1.6185306310653687,14,0.004593908786773682,0.0233417097479105,0.0042515331170508985,0.048552095890045166,0.07760190963745117,0.6146154403686523,0.6677614450454712,-0.024455904960632324,-0.017982563003897667,-0.022084750301117846,0.6677614450454712,True
Grocery,42,12345,10508,9719,8402,75560,59909,0.026537243276834488,0.027116307988762856,0.2456018030643463,0.30810895562171936,12,-0.00022745132446289062,-0.0013353506801649928,-0.00020794086259003086,0.08505165576934814,0.015898942947387695,0.06198132038116455,0.07796752452850342,8.726119995117188e-05,0.000559912936296314,9.575382587898918e-05,0.07796752452850342,True
Grocery,42,12345,10508,8402,9719,59909,75560,0.027116307988762856,0.026537243276834488,0.30810895562171936,0.2456018030643463,12,0.0013320446014404297,0.009183600544929504,0.0013659037601418053,0.07318902015686035,0.011743545532226562,0.06812906265258789,0.08058154582977295,0.0007089376449584961,0.004418318625539541,0.0007481043990990682,0.08058154582977295,True
Grocery,42,12345,14078,14250,14077,122740,120920,0.07715167850255966,0.06804138422012329,0.7142930626869202,0.5719497799873352,16,-0.0016164854168891907,-0.034985676407814026,-0.0021072452522543222,0.022293854504823685,0.010217059403657913,0.012881658971309662,0.02112022042274475,-0.001978497952222824,-0.044743213802576065,-0.0025487299996548953,0.02112022042274475,True
Grocery,42,12345,14078,14077,14250,120920,122740,0.06804138422012329,0.07715167850255966,0.5719497799873352,0.7142930626869202,16,-3.576651215553284e-05,-0.0016375035047531128,-6.93303859253553e-05,0.01093892753124237,-9.880214929580688e-05,0.012560434639453888,0.012340005487203598,-0.00012162700295448303,-0.004865225870162249,-0.00016996220817183964,0.012560434639453888,True
Grocery,42,12345,14078,1970,14077,8450,120920,0.033903174102306366,0.06804138422012329,0.18812675774097443,0.5719497799873352,16,3.279000520706177e-05,0.014226864092051983,3.3097487737219155e-05,0.001135997474193573,0.001333579421043396,0.011067952960729599,0.012236740440130234,-0.00016479194164276123,-0.006688450928777456,-0.00018901413889435158,0.012236740440130234,True
Grocery,42,12345,1784,1473,254,6135,1144,0.2182178795337677,0.15430335700511932,2.8367855548858643,1.8171424865722656,1,-4.729442298412323e-05,-0.07558005303144455,-7.386361676663524e-05,0.000289224146399647,0.00012677162885665894,0.0003485414490569383,0.0004022931680083275,-7.301990990526974e-05,-0.0832025483250618,-0.00012414437309499188,0.0004022931680083275,True
Grocery,42,12345,1784,254,1473,1144,6135,0.15430335700511932,0.2182178795337677,1.8171424865722656,2.8367855548858643,1,-3.919133450835943e-05,-0.05376522243022919,-6.284772634103405e-05,0.0003448666539043188,5.4694857681170106e-05,0.00021271909645292908,0.00024287286214530468,-2.4541091988794506e-05,-0.04809179529547691,-3.5569080466281815e-05,0.00024287286214530468,True
Grocery,42,12345,4353,4711,6491,29178,44382,0.12309148907661438,0.07312723994255066,0.8746663928031921,0.3884589970111847,8,6.410683272406459e-05,0.07154900580644608,7.324044271967919e-05,0.00041593407513573766,-0.0001383728813380003,9.551463881507516e-05,-2.9414775781333447e-05,1.3443466741591692e-05,0.051055215299129486,1.3494744917756704e-05,9.551463881507516e-05,True
Grocery,42,12345,4353,6491,4711,44382,29178,0.07312723994255066,0.12309148907661438,0.3884589970111847,0.8746663928031921,8,2.224877243861556e-05,0.05023247376084328,2.0916596695110993e-05,8.670933311805129e-05,-0.0003125004004687071,0.00037786917528137565,0.00016754050739109516,0.0001021717325784266,0.11909236758947372,0.00011028932036730295,0.00037786917528137565,True
Grocery,42,12345,11817,11844,11840,99890,99698,0.0690065547823906,0.05248638987541199,0.5928119421005249,0.6592077612876892,13,-0.001668095588684082,-0.008035102859139442,-0.0022832146061285696,0.10296645760536194,0.011079877614974976,0.13790595531463623,0.14641395211219788,-0.00257188081741333,-0.008706441149115562,-0.0033066224255960414,0.14641395211219788,True
Grocery,42,12345,11817,11840,11844,99698,99890,0.05248638987541199,0.0690065547823906,0.6592077612876892,0.5928119421005249,13,-0.00267714262008667,-0.009045448154211044,-0.0032957766034443226,0.14664429426193237,0.010307848453521729,0.09446513652801514,0.10309812426567078,-0.0016748607158660889,-0.008057206869125366,-0.002160937543832445,0.10309812426567078,True
Grocery,42,12345,5658,5794,5464,38682,36262,0.0690065547823906,0.1348399817943573,0.45388033986091614,1.3250855207443237,7,0.00014981627464294434,0.006174922455102205,0.00011927134637891709,0.012056112289428711,0.017847806215286255,0.17423883080482483,0.18644484877586365,-0.0056417882442474365,-0.014904409646987915,-0.0066143685864075005,0.18644484877586365,True
Grocery,42,12345,5658,5464,5794,36262,38682,0.1348399817943573,0.0690065547823906,1.3250855207443237,0.45388033986091614,7,-0.01204526424407959,-0.027167124673724174,-0.013517691453701713,0.21566560864448547,0.033751845359802246,-0.0020327866077423096,0.032990604639053345,0.0012715458869934082,0.01848842389881611,0.001314455220414644,0.033751845359802246,True
Grocery,42,12345,2354,2704,2298,11911,9952,0.25,0.18898224830627441,1.3030720949172974,1.932714819908142,5,-0.005415737628936768,-0.08706485480070114,-0.010473481974818045,0.02839386835694313,0.013261476531624794,0.0052521489560604095,0.01824764534831047,-0.00026598013937473297,-0.007235333789139986,-0.0027014886217360612,0.01824764534831047,True
Grocery,42,12345,2354,2298,2704,9952,11911,0.18898224830627441,0.25,1.932714819908142,1.3030720949172974,5,-0.0015038112178444862,-0.04644543305039406,-0.0041435256996509694,0.015437099151313305,0.01355104148387909,0.0145865548402071,0.02353367581963539,-0.004603920504450798,-0.0891001746058464,-0.008253923476828117,0.02353367581963539,True
Grocery,42,12345,8212,6430,7208,43991,50362,0.0766965001821518,0.05423261597752571,0.5094854235649109,0.33873432874679565,10,-5.925539880990982e-05,-0.02053297869861126,-6.818119274938183e-05,0.0014132997021079063,0.0003900062292814255,0.0013226661831140518,0.0016439277678728104,-6.874464452266693e-05,-0.020480377599596977,-8.022432197266586e-05,0.0016439277678728104,True
Grocery,42,12345,8212,7208,6430,50362,43991,0.05423261597752571,0.0766965001821518,0.33873432874679565,0.5094854235649109,10,-3.912579268217087e-05,-0.013004892505705357,-4.411572780803146e-05,0.001484704203903675,0.00022504013031721115,0.0010661659762263298,0.0012578228488564491,-3.338325768709183e-05,-0.013096408918499947,-3.720267875035921e-05,0.0012578228488564491,True
Grocery,42,12345,14752,14690,13895,126948,118729,0.20412413775920868,0.19245009124279022,1.9461654424667358,1.2831476926803589,16,-0.001790730282664299,-0.03837531432509422,-0.0031289697347602133,0.02243642881512642,0.005643319338560104,0.01916426233947277,0.022364072501659393,-0.0024435091763734818,-0.051800359040498734,-0.003821574781647517,0.022364072501659393,True
Grocery,42,12345,14752,14676,13895,126788,118729,0.19245009124279022,0.19245009124279022,1.0362805128097534,1.2831476926803589,16,-0.0002114865928888321,-0.014110967516899109,-0.0005436256336639011,0.007387947291135788,0.0048833489418029785,0.018303606659173965,0.021604102104902267,-0.0015828534960746765,-0.035338595509529114,-0.003198662576072205,0.021604102104902267,True
Grocery,42,12345,14752,13895,14676,118729,126788,0.19245009124279022,0.19245009124279022,1.2831476926803589,1.0362805128097534,16,-0.0027552377432584763,-0.056676097214221954,-0.004289375526643623,0.022929251194000244,0.0037564467638731003,0.004179151728749275,0.007632412016391754,-0.00030318647623062134,-0.019474953413009644,-0.000444901557083095,0.007632412016391754,True
Grocery,42,12345,4026,12968,6145,108803,41893,0.10314211994409561,0.10314211994409561,0.7187830805778503,0.9955918192863464,8,-1.1920838005607948e-07,-0.09022080898284912,-1.3734639938265117e-08,5.960437192698009e-07,3.5762514016823843e-07,2.6225884539599065e-06,2.861006123566767e-06,-1.192074705613777e-07,-0.02037309855222702,-2.234795138467446e-07,2.861006123566767e-06,True
Grocery,42,12345,4026,7609,12968,53738,108803,0.051571059972047806,0.10314211994409561,0.43525299429893494,0.7187830805778503,8,-4.547473508864641e-13,-3.7829821053492196e-07,7.499260619405651e-08,4.7683533921372145e-07,-7.152525540732313e-07,1.1920883480343036e-07,-4.7683488446637057e-07,1.1920883480343036e-07,0.09022112190723419,3.315665736891379e-08,1.1920883480343036e-07,True
Grocery,42,12345,4026,6145,12968,41893,108803,0.10314211994409561,0.10314211994409561,0.9955918192863464,0.7187830805778503,8,5.960409907856956e-07,0.13482891023159027,6.038114064532472e-07,1.9073399926128332e-06,-1.0728790584835224e-06,2.3841766960686073e-07,-8.344613888766617e-07,0.0,0.0,6.346433039391423e-08,2.3841766960686073e-07,True
Grocery,42,12345,8842,10140,9609,80271,74137,0.040128614753484726,0.040128614753484726,0.3535594046115875,0.3287676274776459,12,1.1886004358530045e-06,0.004412593320012093,1.0266043688077664e-06,1.6552978195250034e-05,1.9405968487262726e-05,0.00013108679559081793,0.00014882837422192097,-1.664389856159687e-06,-0.0055603631772100925,-1.884693362873514e-06,0.00014882837422192097,True
Grocery,42,12345,8842,9609,10140,74137,80271,0.040128614753484726,0.040128614753484726,0.3287676274776459,0.3535594046115875,12,-5.112960934638977e-06,-0.013839434832334518,-5.505130233003251e-06,0.0001821628538891673,4.251324571669102e-05,-0.00013919768389314413,-9.157019667327404e-05,5.114241503179073e-06,0.01871352829039097,4.732005698613999e-06,4.251324571669102e-05,True
Grocery,42,12345,8842,8909,9609,66116,74137,0.05783149227499962,0.040128614753484726,0.2342406064271927,0.3287676274776459,12,-1.7847632989287376e-06,-0.01223562192171812,-1.890637569852301e-06,7.203570567071438e-05,4.666892345994711e-05,0.00013405992649495602,0.00017609132919460535,-4.637520760297775e-06,-0.012996436096727848,-4.852799670274683e-06,0.00017609132919460535,True
Grocery,42,12345,3563,2626,16178,11522,136920,0.06019292771816254,0.1666666716337204,0.4747510850429535,0.6448561549186707,3,0.0006154011934995651,0.055538833141326904,0.0006139184187217372,0.005232572555541992,0.003950992599129677,-0.010417571291327477,-0.004569597542285919,0.0018969811499118805,0.10016707330942154,0.0016762771241169265,0.003950992599129677,True
Grocery,42,12345,3563,16178,3337,136920,15564,0.1666666716337204,0.14433756470680237,0.6448561549186707,1.2594619989395142,3,0.0030251648277044296,0.1507580727338791,0.0028139013204669504,0.007230520248413086,0.008447745814919472,-0.007090818136930466,0.00316486693918705,0.0018079392611980438,0.0966634601354599,0.001536252351017934,0.008447745814919472,True
Grocery,42,12345,3563,3337,16178,15564,136920,0.14433756470680237,0.1666666716337204,1.2594619989395142,0.6448561549186707,3,0.002947736531496048,0.10365274548530579,0.0026977528689190915,0.012745415791869164,0.010800475254654884,-0.013413267210125923,0.0022798851132392883,0.004892677068710327,0.18467366695404053,0.0048638396894073715,0.010800475254654884,True
Grocery,42,12345,13919,13233,13467,111939,114111,0.0690065547823906,0.10259783267974854,0.34732291102409363,1.0225772857666016,15,-0.0002554282546043396,-0.004184213932603598,-0.00029356458682614286,0.030395127832889557,0.0007215887308120728,0.03933213651180267,0.040478192269802094,0.0004244670271873474,0.005270792171359062,0.0004932558559545879,0.040478192269802094,True
Grocery,42,12345,13919,13467,13233,114111,111939,0.10259783267974854,0.0690065547823906,1.0225772857666016,0.34732291102409363,15,-0.0027252808213233948,-0.025274943560361862,-0.00355749110228587,0.0525500550866127,0.012267112731933594,0.03119310736656189,0.041260965168476105,-0.0021992549300193787,-0.02595873363316059,-0.002487251154501465,0.041260965168476105,True
Grocery,42,12345,12604,12601,12208,106675,103299,0.06454972177743912,0.08451542258262634,0.6558857560157776,0.8394564390182495,14,0.011268198490142822,0.03783208131790161,0.011579550718214149,0.1432897448539734,-0.04947054386138916,0.09235033392906189,0.05151394009590149,0.00863415002822876,0.044659052044153214,0.008759297471174233,0.09235033392906189,True
Grocery,42,12345,12604,12208,12601,103299,106675,0.08451542258262634,0.06454972177743912,0.8394564390182495,0.6558857560157776,14,0.01117771863937378,0.05858616903424263,0.011354286268770497,0.08980667591094971,-0.06813359260559082,0.1401105523109436,0.08642446994781494,0.014447510242462158,0.04902968928217888,0.014744067247274019,0.1401105523109436,True
Grocery,42,12345,12604,12403,12208,105246,103299,0.1414213627576828,0.08451542258262634,0.6774728894233704,0.8394564390182495,14,0.02332475781440735,0.09714962542057037,0.0227380040538845,0.10838314890861511,-0.12269619107246399,0.0786706805229187,-0.021711796522140503,0.022313714027404785,0.1000262051820755,0.022153199971262996,0.0786706805229187,True
Grocery,42,12345,6604,6866,6443,47100,44043,0.0657951682806015,0.0678844228386879,0.7821832299232483,0.3075794279575348,9,-0.0004122124519199133,-0.057591505348682404,-0.0005739462953993101,0.00337264989502728,0.0007005254738032818,0.00020440760999917984,0.0008864251431077719,-1.850794069468975e-05,-0.010331734083592892,-2.093709053493908e-05,0.0008864251431077719,True
Grocery,42,12345,6604,6443,6866,44043,47100,0.0678844228386879,0.0657951682806015,0.3075794279575348,0.7821832299232483,9,-3.2638199627399445e-06,-0.003140849992632866,-5.706388651674201e-06,0.0005179389845579863,0.0005101263523101807,0.002459770767018199,0.002788546262308955,-0.00018135085701942444,-0.03149298205971718,-0.00025201651496843875,0.002788546262308955,True
Grocery,42,12345,8,719,848,3090,3565,0.15811388194561005,0.25,1.6490399837493896,2.601630210876465,1,-0.0002603456377983093,-0.07747998833656311,-0.0004679860148403852,0.001549905282445252,0.0010220012627542019,0.0027502882294356823,0.0030319755896925926,-0.0007403139024972916,-0.10880129039287567,-0.0018001529928653383,0.0030319755896925926,True
Grocery,42,12345,8,848,719,3565,3090,0.25,0.15811388194561005,2.601630210876465,1.6490399837493896,1,-0.0021079659927636385,-0.1779201477766037,-0.006420598007725587,0.0048699225299060345,0.0015065197367221117,0.0017624100437387824,0.002514392137527466,-0.0007545376429334283,-0.13046763837337494,-0.0016871942055923697,0.002514392137527466,True
Grocery,42,12345,10370,10717,9984,87115,78541,0.029310520738363266,0.01918823830783367,0.28219348192214966,0.09150979667901993,12,2.3840402718633413e-07,0.027745544910430908,8.518604332887275e-08,4.410459951031953e-06,2.384032995905727e-06,-2.3840402718633413e-07,2.26483098231256e-06,1.1920201359316707e-07,0.024340512230992317,6.562468639066457e-08,2.384032995905727e-06,True
Grocery,42,12345,10370,9984,10717,78541,87115,0.01918823830783367,0.029310520738363266,0.09150979667901993,0.28219348192214966,12,1.1920201359316707e-07,0.026965975761413574,2.2492744138860265e-08,2.145628968719393e-06,2.145628968719393e-06,2.026426955126226e-06,4.291257937438786e-06,1.1920201359316707e-07,0.014067932963371277,-4.2598153365297935e-08,4.291257937438786e-06,True
Grocery,42,12345,10936,12072,10935,101899,90461,0.13130642473697662,0.16222141683101654,1.2408441305160522,2.1527299880981445,13,-0.0019574202597141266,-0.03451315313577652,-0.0029777990413288324,0.027378883212804794,0.012393444776535034,0.17651912569999695,0.18069881200790405,-0.00821375846862793,-0.022222688421607018,-0.014590962482292866,0.18069881200790405,True
Grocery,42,12345,10936,10935,12072,90461,101899,0.16222141683101654,0.13130642473697662,2.1527299880981445,1.2408441305160522,13,0.039340466260910034,0.1323389708995819,0.05947371423487044,0.12896499037742615,-0.0159345343708992,0.017021246254444122,0.0053071193397045135,0.004220407456159592,0.1103002205491066,0.004477489830925694,0.017021246254444122,True
Grocery,42,12345,5492,13573,15646,115315,134367,0.0294627845287323,0.0555555559694767,0.4115009307861328,0.2000170648097992,8,2.193450927734375e-05,0.0005489455070346594,2.4405689945636994e-05,0.016759872436523438,-0.019855022430419922,-0.04829525947570801,-0.06826210021972656,-0.00011181831359863281,-0.000819707871414721,-0.00011397515928161786,0.0,False
Grocery,42,12345,5492,15646,13573,134367,115315,0.0555555559694767,0.0294627845287323,0.2000170648097992,0.4115009307861328,8,-0.0006384849548339844,-0.0019991877488791943,-0.0006836461976867728,0.0,-0.11251568794250488,0.016502857208251953,-0.0957326889038086,0.00028014183044433594,0.001246452797204256,0.00029049016664846686,0.016502857208251953,False
Grocery,42,12345,1447,2231,737,9656,3142,0.28867512941360474,0.5,1.2428568601608276,3.7794580459594727,0,0.005252685397863388,0.21588751673698425,0.0040935883643002085,0.008157972246408463,0.002457261085510254,0.14485186338424683,0.15826252102851868,0.010953396558761597,0.035845592617988586,0.007491186402183186,0.15826252102851868,True
Grocery,42,12345,1447,737,2231,3142,9656,0.5,0.28867512941360474,3.7794580459594727,1.2428568601608276,0,-0.1187535971403122,-0.15715298056602478,-0.2368856021066045,0.3184511959552765,0.03609391301870346,-0.017337419092655182,0.026554930955171585,0.007798437029123306,0.09749720245599747,0.0034653726471927976,0.03609391301870346,True
Grocery,42,12345,7099,8322,3046,59001,13759,0.1428571492433548,0.15430335700511932,0.9268675446510315,0.841133713722229,9,-0.00014352798461914062,-0.0002709673426579684,-0.00044458557536958265,0.20947647094726562,-0.26467418670654297,0.10441160202026367,-0.16050386428833008,-0.00024127960205078125,-0.0004555972700472921,-0.00046258051866659555,0.10441160202026367,False
Grocery,42,12345,7099,2397,8322,10411,59001,0.2182178795337677,0.1428571492433548,1.055166244506836,0.9268675446510315,9,0.0008578300476074219,0.001034111948683858,0.0009713518113275976,0.14462566375732422,-0.41425466537475586,0.20941591262817383,-0.20492172241210938,-8.296966552734375e-05,-0.00010013327846536413,-0.00049643332377484,0.20941591262817383,False
Grocery,42,12345,7099,3046,8322,13759,59001,0.15430335700511932,0.1428571492433548,0.841133713722229,0.9268675446510315,9,-0.0004715919494628906,-0.0011815035250037909,-0.0007717170945449603,0.10464143753051758,-0.19933652877807617,0.20980501174926758,0.009996414184570312,-0.00047206878662109375,-0.0011262849438935518,-0.0008887581637590093,0.20980501174926758,False
Grocery,42,12345,9954,10335,4346,82646,24172,0.08219949156045914,0.03599078953266144,0.6348398327827454,0.2593382000923157,12,0.0072279274463653564,0.03571617230772972,0.007258001788032098,0.09757167100906372,-0.023410677909851074,-0.003451317548751831,-0.02718186378479004,-0.0003198683261871338,-0.005918679293245077,-0.0003158708190723939,0.0,True
Grocery,42,12345,9954,4346,10335,24172,82646,0.03599078953266144,0.08219949156045914,0.2593382000923157,0.6348398327827454,12,0.00016102194786071777,0.018131885677576065,0.00015566940686848095,0.0,-0.0006087124347686768,0.10461845993995667,0.1041908860206604,0.0001811385154724121,0.0008649612427689135,0.00014027830835445414,0.10461845993995667,True
Grocery,42,12345,10741,9082,8820,67945,64980,0.018983159214258194,0.25819888710975647,0.21433749794960022,1.6450908184051514,12,7.133930921554565e-07,0.0073505607433617115,7.649090399305169e-07,4.8164743930101395e-05,0.00010885531082749367,0.002943978179246187,0.002992856316268444,-5.9977173805236816e-05,-0.009920634329319,-9.037064494972224e-05,0.002992856316268444,True
Grocery,42,12345,10741,8820,9082,64980,67945,0.25819888710975647,0.018983159214258194,1.6450908184051514,0.21433749794960022,12,-0.001261997502297163,-0.10494999587535858,-0.002467356618740718,0.005381371360272169,0.0011810900177806616,-5.535339005291462e-05,0.001180019462481141,5.428283475339413e-05,0.022463664412498474,8.806813893746135e-05,0.0011810900177806616,True
Grocery,42,12345,9639,8517,9194,61211,69204,0.04029114916920662,0.04029114916920662,0.5181626677513123,0.36113062500953674,12,-7.735914550721645e-06,-0.016969555988907814,-9.153860260374517e-06,0.00022406212519854307,3.704591654241085e-05,9.779940592125058e-05,0.00013032188871875405,-4.523433744907379e-06,-0.017058152705430984,-5.2166376475240525e-06,0.00013032188871875405,True
Grocery,42,12345,9639,9194,8517,69204,61211,0.04029114916920662,0.04029114916920662,0.36113062500953674,0.5181626677513123,12,-2.142973244190216e-06,-0.00981904100626707,-2.1427934281384784e-06,0.00010804686462506652,1.536507625132799e-05,0.0001864217920228839,0.00019916880410164595,-2.618064172565937e-06,-0.006529396865516901,-2.8349815579230485e-06,0.00019916880410164595,True
Grocery,42,12345,9639,10315,8517,82321,61211,0.054554469883441925,0.04029114916920662,0.6513764262199402,0.5181626677513123,12,-4.289089702069759e-06,-0.1146278977394104,-6.128499529104729e-06,2.0848296117037535e-05,1.893832813948393e-05,0.0001861828495748341,0.00020274205598980188,-2.3791217245161533e-06,-0.00583299295976758,-2.753424870072029e-06,0.00020274205598980188,True
Grocery,42,12345,3362,3211,2803,14722,12388,0.11396057903766632,0.17407765984535217,0.7072648406028748,0.8376227021217346,3,-5.0693401135504246e-05,-0.03144719451665878,-6.394058918401325e-05,0.0007806565845385194,0.0006224000826478004,0.00017162109725177288,0.0007521155057474971,-4.1905674152076244e-05,-0.027103297412395477,-5.331064834623291e-05,0.0007521155057474971,True
Grocery,42,12345,3362,2803,3211,12388,14722,0.17407765984535217,0.11396057903766632,0.8376227021217346,0.7072648406028748,3,-6.0521881096065044e-05,-0.027841581031680107,-8.874629157552559e-05,0.001056631444953382,0.0009461569134145975,0.0002292315475642681,0.0010956256883218884,-7.976277265697718e-05,-0.03512193635106087,-0.0001120882444594531,0.0010956256883218884,True
Grocery,42,12345,7423,12583,12168,106464,102913,0.13608276844024658,0.10910893976688385,0.4607730507850647,0.36944031715393066,9,-0.0007426738739013672,-0.001790241221897304,-0.000858273653203831,0.20705151557922363,0.17573142051696777,0.02546405792236328,0.20060968399047852,-0.0005857944488525391,-0.0014579066773876548,-0.0006633018831918934,0.20060968399047852,False
Grocery,42,12345,7423,12168,12583,102913,106464,0.10910893976688385,0.13608276844024658,0.36944031715393066,0.4607730507850647,9,-0.00048160552978515625,-0.0013604104751721025,-0.0005394025974222554,0.17676663398742676,0.15201830863952637,0.03177475929260254,0.1831815242767334,-0.0006115436553955078,-0.0016664467984810472,-0.0006975125651864045,0.1831815242767334,False
Grocery,42,12345,5733,5735,5734,38013,38002,0.1178511381149292,0.2357022762298584,1.1323521137237549,2.013059616088867,7,0.009463399648666382,0.1305513232946396,0.011725607641354902,0.03151227906346321,-0.021747715771198273,0.0429549403488636,0.03568003699183464,0.014472812414169312,0.14417634904384613,0.020608182114460607,0.0429549403488636,True
Grocery,42,12345,5733,5734,5735,38002,38013,0.2357022762298584,0.1178511381149292,2.013059616088867,1.1323521137237549,7,0.021302465349435806,0.22770465910434723,0.02687845123703208,0.03612528741359711,-0.024048112332820892,0.027272628620266914,0.0169275663793087,0.013703050091862679,0.20078226923942566,0.015095686726185335,0.027272628620266914,True
Grocery,42,12345,5191,13207,4131,111126,21859,0.02357022650539875,0.14907120168209076,0.14402425289154053,0.9995418787002563,8,-3.7513673305511475e-06,-0.003552708774805069,-3.4241843138968e-06,0.0,-9.629130363464355e-05,0.004904050379991531,0.004761960357427597,-4.579871892929077e-05,-0.004691380076110363,-4.2123530877836906e-05,0.004904050379991531,True
Grocery,42,12345,5191,4131,13207,21859,111126,0.14907120168209076,0.02357022650539875,0.9995418787002563,0.14402425289154053,8,0.0018223561346530914,0.06156812980771065,0.0017243862946188797,0.003035895526409149,-0.013692023232579231,-0.00019518844783306122,-0.014083513990044594,-0.00019630230963230133,-0.007018132135272026,-0.00013401122149199875,0.0,True
Grocery,42,12345,9755,6901,6598,47411,45350,0.0833333358168602,0.10206206887960434,0.6265225410461426,0.9031989574432373,12,0.002059638500213623,0.030414944514632225,0.0019601785602469946,0.0328291654586792,-0.030107438564300537,0.05156034231185913,0.021937310695648193,0.0004844069480895996,0.004675512667745352,0.00013452412156675538,0.05156034231185913,True
Grocery,42,12345,9755,6598,6901,45350,47411,0.10206206887960434,0.0833333358168602,0.9031989574432373,0.6265225410461426,12,-0.0024861693382263184,-0.018951144069433212,-0.003319850592034712,0.06435108184814453,0.008594512939453125,0.033663153648376465,0.04348331689834595,0.0012256503105163574,0.014294800348579884,0.0011279393449268864,0.04348331689834595,True
Grocery,42,12345,7788,12407,12195,105281,103186,0.03363363817334175,0.060633908957242966,0.26307716965675354,0.45128917694091797,9,-1.52587890625e-05,-9.541300823912024e-05,-1.7314457180603315e-05,0.021437644958496094,0.02139759063720703,-0.20049190521240234,-0.17907047271728516,2.384185791015625e-05,5.9461941418703645e-05,2.4402145500620105e-05,0.02139759063720703,False
Grocery,42,12345,7788,12195,12407,103186,105281,0.060633908957242966,0.03363363817334175,0.45128917694091797,0.26307716965675354,9,1.621246337890625e-05,4.0434890252072364e-05,1.6914523096600576e-05,0.005742073059082031,0.005774497985839844,-0.07995223999023438,-0.07419300079345703,-1.52587890625e-05,-9.541528561385348e-05,-1.954460839971762e-05,0.005774497985839844,False
Grocery,42,12345,1553,9736,664,75747,2823,0.02706659771502018,0.1386750489473343,0.32650572061538696,1.0231318473815918,1,-0.0005231201648712158,-0.0080343596637249,-0.00046643390981684907,0.0,-0.002998039126396179,0.030670270323753357,0.028189316391944885,0.0005170851945877075,0.008359278552234173,0.0005563348127447738,0.030670270323753357,True
Grocery,42,12345,1553,664,9736,2823,75747,0.1386750489473343,0.02706659771502018,1.0231318473815918,0.32650572061538696,1,-0.009526327252388,-0.05090581625699997,-0.011307255779539956,0.08880499005317688,0.038208894431591034,-0.04074132442474365,0.007349982857704163,0.009882412850856781,0.11451204121112823,0.010058436531806877,0.038208894431591034,True
Grocery,42,12345,6326,2233,1986,9660,8577,0.5,0.20412413775920868,4.105534553527832,1.083828091621399,9,0.09215597808361053,0.12270902097225189,0.05716073916527014,0.04591663181781769,-0.49025583267211914,0.07297481596469879,-0.25645333528518677,0.16082768142223358,0.1962069422006607,0.12075118552645323,0.07297481596469879,True
Grocery,42,12345,6326,1986,2203,8577,9576,0.20412413775920868,0.1386750489473343,1.083828091621399,1.10638427734375,9,0.0642690658569336,0.15934374928474426,0.0652554209341375,0.16953346133232117,-0.15432044863700867,0.0062313079833984375,-0.1455533802509308,0.0025357604026794434,0.008283952251076698,0.002243185475392373,0.0062313079833984375,True
Grocery,42,12345,6326,2203,1986,9576,8577,0.1386750489473343,0.20412413775920868,1.10638427734375,1.083828091621399,9,0.001997232437133789,0.008230416104197502,0.0018499256981957717,0.006769835948944092,-0.170066237449646,0.18407008051872253,0.06373628973960876,0.04973244667053223,0.11901341378688812,0.051103229943742653,0.18407008051872253,True
Grocery,42,12345,10691,10209,8464,81003,60692,0.02936101146042347,0.027681827545166016,0.10123712569475174,0.28870898485183716,12,5.559064447879791e-06,0.019703328609466553,5.7421333615317925e-06,0.00013828463852405548,0.00014337990432977676,-7.83279538154602e-05,6.551574915647507e-05,4.637986421585083e-07,0.0016147088026627898,1.0947026446624176e-07,0.00014337990432977676,True
Grocery,42,12345,10691,9982,8464,78507,60692,0.04152274131774902,0.027681827545166016,0.4038391411304474,0.28870898485183716,12,-1.5502329915761948e-05,-0.0181979238986969,-1.6874656663256406e-05,0.00041818059980869293,0.00022431835532188416,-7.594842463731766e-05,0.00014645420014858246,-1.9157305359840393e-06,-0.004288331605494022,-2.5432740911543607e-06,0.00022431835532188416,True
Grocery,42,12345,10691,8464,9982,60692,78507,0.027681827545166016,0.04152274131774902,0.28870898485183716,0.4038391411304474,12,-4.398170858621597e-06,-0.023377874866127968,-4.622586835404378e-06,9.626103565096855e-05,0.00010193232446908951,0.00019034510478377342,0.0002822079695761204,-1.0069459676742554e-05,-0.017527485266327858,-1.1021056906778018e-05,0.0002822079695761204,True
Grocery,42,12345,12196,12430,7929,105370,56179,0.14907120168209076,0.10050378739833832,0.885931670665741,1.323161005973816,14,0.012983262538909912,0.025386134162545204,0.012473478285698003,0.05949956178665161,0.10190188884735107,0.7637923955917358,0.8362752199172974,-0.02941906452178955,-0.017285306006669998,-0.03036765107177167,0.8362752199172974,True
Grocery,42,12345,12196,12575,12430,106366,105370,0.0833333358168602,0.14907120168209076,0.7056106925010681,0.885931670665741,14,0.0005211830139160156,0.0021122281905263662,0.00016874229016951292,0.12311220169067383,-0.012183010578155518,-0.25498878955841064,-0.2614070177078247,0.005764782428741455,0.010906192474067211,0.005547592818691922,0.0,True
Grocery,42,12345,12196,7929,12430,56179,105370,0.10050378739833832,0.14907120168209076,1.323161005973816,0.885931670665741,14,-0.02723824977874756,-0.017613964155316353,-0.03879611665441085,0.7616117000579834,-0.012784898281097412,-0.2599785327911377,-0.2620089054107666,0.010754525661468506,0.0201104748994112,0.009629129851963562,0.0,True
Grocery,42,12345,1246,1099,1100,4660,4661,0.7071067690849304,0.7071067690849304,6.889472961425781,8.113423347473145,1,-0.0014521862613037229,-0.29841864109039307,-0.012755814558300048,0.00170703767798841,0.002994249342009425,0.0031278557144105434,0.003256473457440734,-0.0028656315989792347,-0.30555039644241333,-0.030213133667563393,0.003256473457440734,True
Grocery,42,12345,1246,1100,1099,4661,4660,0.7071067690849304,0.7071067690849304,8.113423347473145,6.889472961425781,1,-0.0011974131921306252,-0.28359171748161316,-0.010203935170052221,0.0015124453930184245,0.0006298578809946775,0.0007032837602309883,0.000756091671064496,-0.0005770499701611698,-0.27620044350624084,-0.003995790754517348,0.000756091671064496,True
Grocery,42,12345,9331,9989,9832,78592,76824,0.14433756470680237,0.1666666716337204,1.4679819345474243,1.5930860042572021,12,-0.0016362909227609634,-0.07439646124839783,-0.0027725710202175895,0.010178951546549797,0.005653649568557739,0.012385819107294083,0.01598440669476986,-0.0020550619810819626,-0.06040056794881821,-0.0031727601312065276,0.01598440669476986,True
Grocery,42,12345,9331,9832,9989,76824,78592,0.1666666716337204,0.14433756470680237,1.5930860042572021,1.4679819345474243,12,-0.0016304776072502136,-0.05342767760157585,-0.0029857983030089335,0.014443492516875267,0.004891294986009598,0.007353110238909721,0.009835368022322655,-0.0024090372025966644,-0.10910601913928986,-0.004793035960477445,0.009835368022322655,True
Grocery,42,12345,9134,8402,9082,59838,67833,0.015401027165353298,0.013204844668507576,0.17499412596225739,0.14909495413303375,12,-5.944166332483292e-07,-0.0041417209431529045,-5.689204135465658e-07,7.145741255953908e-05,2.0960753317922354e-05,3.108399687334895e-05,5.121168214827776e-05,-8.330680429935455e-07,-0.008067172020673752,-8.553240019594846e-07,5.121168214827776e-05,True
Grocery,42,12345,9134,9082,8402,67833,59838,0.013204844668507576,0.015401027165353298,0.14909495413303375,0.17499412596225739,12,-1.0710791684687138e-06,-0.009396699257194996,-1.122929313758505e-06,5.645176861435175e-05,2.59620719589293e-05,5.156762199476361e-05,7.669738261029124e-05,-8.323113434016705e-07,-0.005396311637014151,-9.573954142130297e-07,7.669738261029124e-05,True
Grocery,42,12345,10596,15767,10430,134862,83674,0.19245009124279022,0.3333333432674408,1.7459713220596313,2.2828209400177,12,0.015563249588012695,0.006592325400561094,0.02609582148946976,0.22550559043884277,0.22670197486877441,-0.8751215934753418,-0.6340527534484863,0.014366865158081055,0.008276433683931828,0.018260493027130426,0.22670197486877441,False
Grocery,42,12345,10596,10430,15767,83674,134862,0.3333333432674408,0.19245009124279022,2.2828209400177,1.7459713220596313,12,0.004403352737426758,0.002551320241764188,0.004669315566481647,0.11629319190979004,0.11752963066101074,-1.1757919788360596,-1.0550954341888428,0.0031669139862060547,0.0013485313393175602,0.009607052667466155,0.11752963066101074,False
Grocery,42,12345,2884,2464,3488,10674,16720,0.12909944355487823,0.18257418274879456,0.6115823984146118,0.9386853575706482,3,-0.0007279962301254272,-0.036859091371297836,-0.000968472593569292,0.009511392563581467,0.006800858303904533,-0.001230856403708458,0.006005736067891121,0.00043573416769504547,0.03104081004858017,0.0004690577066666867,0.006800858303904533,True
Grocery,42,12345,2884,3488,2464,16720,10674,0.18257418274879456,0.12909944355487823,0.9386853575706482,0.6115823984146118,3,0.000586487352848053,0.025878863409161568,0.000635948058928248,0.011038148775696754,0.012731119990348816,0.002653287723660469,0.014277923852205276,-0.0011064838618040085,-0.0373026467859745,-0.0015787770099301096,0.014277923852205276,True
Grocery,42,12345,13598,13662,11286,116492,94456,0.03646624833345413,0.028127199038863182,0.22458072006702423,0.24253548681735992,15,8.331844583153725e-07,0.0030887641478329897,7.975429038705405e-07,0.0001344518386758864,-3.453576937317848e-06,4.1683262679725885e-05,3.87058244086802e-05,4.761386662721634e-07,0.005678277462720871,2.5042970409136387e-07,4.1683262679725885e-05,True
Grocery,42,12345,13598,11286,13662,94456,116492,0.028127199038863182,0.03646624833345413,0.24253548681735992,0.22458072006702423,15,-1.192034687846899e-06,-0.013938529416918755,-1.2448064580740983e-06,4.335143603384495e-05,-2.9413378797471523e-05,0.000130644126329571,0.00010587164433673024,4.640896804630756e-06,0.01745097152888775,4.625481286825059e-06,0.000130644126329571,True
Grocery,42,12345,10432,10381,9102,83254,68190,0.09622504562139511,0.20412413775920868,0.9241596460342407,2.079202651977539,12,-0.00011420249938964844,-0.0007516094483435154,-0.0002586266287502567,0.07591485977172852,0.07807967066764832,0.017092406749725342,0.09243512153625488,-0.0027369558811187744,-0.014588756486773491,-0.0031820596693553707,0.09243512153625488,True
Grocery,42,12345,10432,9102,10381,68190,83254,0.20412413775920868,0.09622504562139511,2.079202651977539,0.9241596460342407,12,-0.0024809837341308594,-0.0091188233345747,-0.002452032688490896,0.1347959041595459,0.1171412467956543,-0.00036028027534484863,0.11759918928146362,0.0008182227611541748,0.0034803070593625307,0.0008482192682030126,0.11759918928146362,True
Grocery,42,12345,14529,13712,14523,116904,125481,0.07412493228912354,0.048795003443956375,0.5090808272361755,0.36318668723106384,16,0.00010942760854959488,0.029616283252835274,0.00011890295729930173,0.0017927042208611965,0.0022635720670223236,0.0014937282539904118,0.003395860083401203,-0.0003614402376115322,-0.05052867904305458,-0.00045745805178843253,0.003395860083401203,True
Grocery,42,12345,14529,14523,13712,125481,116904,0.048795003443956375,0.07412493228912354,0.36318668723106384,0.5090808272361755,16,-0.00015781959518790245,-0.035838671028614044,-0.00018540334240892565,0.0021228911355137825,0.0007766326889395714,-0.00020149676129221916,0.0006312867626547813,5.615083500742912e-05,0.03488872945308685,5.668487327839065e-05,0.0007766326889395714,True
Grocery,42,12345,8714,9559,8782,73635,64565,0.11470786482095718,0.11043152213096619,1.25174880027771,0.9277674555778503,12,-0.023732244968414307,-0.04011300578713417,-0.025880873879492894,0.2839512228965759,0.08114844560623169,0.0834539532661438,0.15753725171089172,-0.007065147161483765,-0.02193193882703781,-0.007052250402108284,0.15753725171089172,True
Grocery,42,12345,8714,8782,9559,64565,73635,0.11043152213096619,0.11470786482095718,0.9277674555778503,1.25174880027771,12,-0.0036051571369171143,-0.010637967847287655,-0.003270894321813378,0.16764506697654724,0.11228245496749878,0.21076709032058716,0.29841819405555725,-0.024631351232528687,-0.039634160697460175,-0.028193542480897064,0.29841819405555725,True
Grocery,42,12345,4840,5902,4803,39833,30077,0.031265269964933395,0.032258063554763794,0.25933772325515747,0.2953159213066101,7,-1.1907832231372595e-06,-0.007491262163966894,-1.5014906797067979e-06,7.887775427661836e-05,1.1914409697055817e-05,9.484222391620278e-05,0.00010497038601897657,-1.786247594282031e-06,-0.00843616109341383,-2.1595560488989847e-06,0.00010497038601897657,True
Grocery,42,12345,4840,3860,5902,19049,39833,0.024670686572790146,0.031265269964933395,0.25650203227996826,0.25933772325515747,7,-7.143535185605288e-07,-0.0051591587252914906,-8.338178319559694e-07,6.886941264383495e-05,9.05513297766447e-06,6.851140642538667e-05,7.661394192837179e-05,-9.525974746793509e-07,-0.006178056355565786,-1.0494390870951066e-06,7.661394192837179e-05,True
Grocery,42,12345,4840,4803,5902,30077,39833,0.032258063554763794,0.031265269964933395,0.2953159213066101,0.25933772325515747,7,-2.6198686100542545e-06,-0.011859411373734474,-2.8569518884952194e-06,0.00010914032463915646,1.536990748718381e-05,6.946423673070967e-05,8.292871643789113e-05,-1.9054277800023556e-06,-0.011357187293469906,-1.887622319415294e-06,8.292871643789113e-05,True
Grocery,42,12345,5629,5413,6078,35833,41532,0.02182178944349289,0.06454972177743912,0.11715181171894073,0.7250688672065735,7,6.511807441711426e-05,0.00505047757178545,6.360749071189324e-05,0.0011401474475860596,0.001682877540588379,0.05091545730829239,0.05212072283029556,-0.0004776120185852051,-0.00456088874489069,-0.0005516326127062589,0.05212072283029556,True
Grocery,42,12345,5629,6078,5413,41532,35833,0.06454972177743912,0.02182178944349289,0.7250688672065735,0.11715181171894073,7,-0.0035491660237312317,-0.027285762131214142,-0.004175780153347401,0.06326236575841904,0.008749440312385559,-0.006940074265003204,0.002335280179977417,0.0005259141325950623,0.029177244752645493,0.0005289630253421701,0.008749440312385559,True
Grocery,42,12345,10396,10094,10154,79592,80472,0.40824827551841736,0.3535533845424652,1.5912328958511353,2.195523500442505,12,0.10368502140045166,0.07160850614309311,0.09981725179747203,0.6721289157867432,-0.14833998680114746,-0.3452763557434082,-0.5893045663833618,-0.09568822383880615,-0.0883612334728241,-0.07725794713398883,0.0,False
Grocery,42,12345,10396,10154,10094,80472,79592,0.3535533845424652,0.40824827551841736,2.195523500442505,1.5912328958511353,12,-0.060608506202697754,-0.058333221822977066,-0.020705895203397606,0.0,-0.22287845611572266,0.7223861217498779,0.5529354810714722,0.053427815437316895,0.03566133603453636,0.06249530001123922,0.7223861217498779,False
Grocery,42,12345,11009,11070,11011,92011,91368,0.04225771129131317,0.048795003443956375,0.24750961363315582,0.5233455300331116,13,9.284703992307186e-06,0.03700890392065048,9.908929224431952e-06,0.00012079143198207021,-7.419299799948931e-05,0.00030659587355330586,0.00025775341782718897,2.5350542273372412e-05,0.03970002382993698,2.954235007779962e-05,0.00030659587355330586,True
Grocery,42,12345,11009,11011,11070,91368,92011,0.048795003443956375,0.04225771129131317,0.5233455300331116,0.24750961363315582,13,2.773141022771597e-05,0.04359109699726105,3.2311266175786364e-05,0.0003042150055989623,-6.241537630558014e-05,0.00011995801469311118,6.766075966879725e-05,1.0118121281266212e-05,0.0404653362929821,1.0658069128410861e-05,0.00011995801469311118,True
Grocery,42,12345,7655,6353,7999,43581,56738,0.5,0.7071067690849304,3.8667638301849365,3.201268434524536,10,-0.07477225363254547,-0.14581140875816345,-0.20186171541472703,0.21901442110538483,0.04548528045415878,0.08878625184297562,0.10127553343772888,-0.03299599885940552,-0.14008238911628723,-0.07179605365359379,0.10127553343772888,True
Grocery,42,12345,7655,7999,6353,56738,43581,0.7071067690849304,0.5,3.201268434524536,3.8667638301849365,10,0.0012059397995471954,0.010925883427262306,-0.0012316402405614102,0.0545843131840229,0.012724146246910095,0.14475125074386597,0.1444770246744156,-0.012998372316360474,-0.04304774850606918,-0.07291625297435439,0.14475125074386597,True
Grocery,42,12345,487,1359,1410,5669,5898,0.1386750489473343,0.5,1.2997303009033203,4.186108112335205,0,-0.010782837867736816,-0.05758567899465561,-0.014075604613530308,0.08823287487030029,0.08272367715835571,0.4805983901023865,0.5034540295600891,-0.059868037700653076,-0.056120529770851135,-0.08271527359246303,0.5034540295600891,True
Grocery,42,12345,487,1410,1359,5898,5669,0.5,0.1386750489473343,4.186108112335205,1.2997303009033203,0,-0.15448421239852905,-0.10997732728719711,-0.31680633822892895,0.6251036524772644,0.07487329840660095,0.07957866787910461,0.12946800887584686,-0.024983957409858704,-0.0879964753985405,-0.043107839035051776,0.12946800887584686,True
Grocery,42,12345,7896,7126,6576,49693,45071,0.03928370773792267,0.07216878235340118,0.42847976088523865,0.7681793570518494,10,-1.884554512798786e-05,-0.012400486506521702,-2.192108708158982e-05,0.0007504434324800968,0.00013068132102489471,0.001429154071956873,0.0015187372919172049,-4.10981010645628e-05,-0.013349682092666626,-5.264826799128106e-05,0.0015187372919172049,True
Grocery,42,12345,7896,8304,6576,58894,45071,0.0857492983341217,0.07216878235340118,1.0246212482452393,0.7681793570518494,10,-0.00010608439333736897,-0.024235602468252182,-0.0001721163133720689,0.002135559218004346,0.00015764706768095493,0.0014551680069416761,0.001545703038573265,-6.7112036049366e-05,-0.021247882395982742,-9.661008051600707e-05,0.001545703038573265,True
Grocery,42,12345,7896,6576,8304,45071,58894,0.07216878235340118,0.0857492983341217,0.7681793570518494,1.0246212482452393,10,-3.3068936318159103e-05,-0.011075649410486221,-4.654879091107078e-05,0.0014763271901756525,0.00010626949369907379,0.0019900070037692785,0.002045209286734462,-5.1067210733890533e-05,-0.012330620549619198,-8.181490738051433e-05,0.002045209286734462,True
Grocery,42,12345,2541,4346,2834,24065,12523,0.029386354610323906,0.025717224925756454,0.21174873411655426,0.12554113566875458,5,0.0007096529006958008,0.018124409019947052,0.0007218319139918824,0.019928455352783203,0.019677460193634033,-0.005618929862976074,0.014313220977783203,0.00025469064712524414,0.006430019624531269,0.00025832481718864004,0.019677460193634033,True
Grocery,42,12345,2541,2834,4346,12523,24065,0.025717224925756454,0.029386354610323906,0.12554113566875458,0.21174873411655426,5,0.00010323524475097656,0.003606754122301936,0.00010391885908483077,0.014259755611419678,0.013676285743713379,1.9311904907226562e-05,0.01438230276107788,0.0006867051124572754,0.024457130581140518,0.0006862940080068809,0.01438230276107788,True
Grocery,42,12345,13193,13232,13228,111863,111668,0.05025189369916916,0.06509445607662201,0.755578339099884,0.7202274203300476,15,-0.00017969682812690735,-0.005054199602454901,-0.00021865723314998253,0.017687126994132996,0.0006147399544715881,0.011189542710781097,0.011648822575807571,-0.00015546008944511414,-0.006628547795116901,-0.00018599873754146894,0.011648822575807571,True
Grocery,42,12345,13193,13228,13232,111668,111863,0.06509445607662201,0.05025189369916916,0.7202274203300476,0.755578339099884,15,-0.00030209869146347046,-0.012250636704266071,-0.00036534920927732556,0.01217886433005333,0.0012204870581626892,0.017425958067178726,0.018268641084432602,-0.0003778040409088135,-0.010234404355287552,-0.00047099333396808784,0.018268641084432602,True
Grocery,42,12345,11852,11878,11864,100240,100123,0.28867512941360474,0.15430335700511932,2.9315876960754395,0.874241292476654,13,0.0004454776644706726,0.0032202822621911764,-0.0016676430823920028,0.06935513019561768,0.0003132447600364685,-0.0015202760696411133,-0.0011098869144916534,9.714439511299133e-05,0.03300394490361214,5.816900017946466e-05,0.0003132447600364685,True
Grocery,42,12345,11852,11864,11878,100123,100240,0.15430335700511932,0.28867512941360474,0.874241292476654,2.9315876960754395,13,0.00032590143382549286,0.08975961059331894,0.0003198766493015446,0.001652456820011139,0.006807237863540649,0.07421897351741791,0.07619744539260864,-0.0048287659883499146,-0.030712716281414032,-0.009793573941381858,0.07619744539260864,True
Grocery,42,12345,14905,14906,13776,129150,117580,0.25,0.04351941496133804,1.0774751901626587,0.3753475844860077,16,0.021739602088928223,0.2717141807079315,0.023134572473849133,0.032783329486846924,0.0554000586271286,0.050202399492263794,0.10107673704624176,-0.004525721073150635,-0.021897321566939354,-0.008782283482175286,0.10107673704624176,True
Grocery,42,12345,14905,13776,14906,117580,129150,0.04351941496133804,0.25,0.3753475844860077,1.0774751901626587,16,-0.0005047619342803955,-0.004613639786839485,-0.0005855244381637939,0.05445083975791931,0.004417702555656433,-0.00020268559455871582,0.008066505193710327,0.00385148823261261,0.30357983708381653,0.003516841519978887,0.008066505193710327,True
Grocery,42,12345,10503,15639,12986,134271,108920,0.11180339753627777,0.0833333358168602,0.8105434775352478,0.25972774624824524,12,0.0005502700805664062,0.000610494171269238,0.0005057261321274042,0.45095109939575195,0.10249185562133789,0.11937284469604492,0.2222437858581543,0.0003790855407714844,0.0008535876986570656,0.0003637807543862651,0.2222437858581543,False
Grocery,42,12345,10503,12986,15639,108920,134271,0.0833333358168602,0.11180339753627777,0.25972774624824524,0.8105434775352478,12,0.0001811981201171875,0.00040462121251039207,0.000172150976940455,0.22400140762329102,0.10420370101928711,0.3484034538269043,0.4528341293334961,0.0002269744873046875,0.00025067830574698746,0.00020887737765886224,0.4528341293334961,False
Grocery,42,12345,10503,9217,12986,69693,108920,0.015445050783455372,0.0833333358168602,0.1300482302904129,0.25972774624824524,12,-3.910064697265625e-05,-0.00026099185924977064,-3.9357263565221144e-05,0.07488822937011719,0.0693354606628418,0.11967277526855469,0.1890873908996582,7.915496826171875e-05,0.00020935171050950885,7.512013290618516e-05,0.1890873908996582,False
Grocery,42,12345,14292,4828,12811,30341,107892,0.07453560084104538,0.05463583767414093,0.5457105040550232,0.38581180572509766,16,0.002272188663482666,0.026024408638477325,0.001714369623769564,0.04251885414123535,0.04368942975997925,-0.00761491060256958,0.03717613220214844,0.0011016130447387695,0.012450351379811764,0.0010197739182131148,0.04368942975997925,True
Grocery,42,12345,14292,12811,4828,107892,30341,0.05463583767414093,0.07453560084104538,0.38581180572509766,0.5457105040550232,16,0.0005384981632232666,0.028740014880895615,0.0005505062070174892,0.0,-0.003642529249191284,-0.0199870765209198,-0.02203446626663208,0.001595139503479004,0.03493203967809677,0.0017083652081493349,0.0,True
Grocery,42,12345,6547,7374,6897,51770,47359,0.06454972177743912,0.06454972177743912,0.6930692791938782,0.7024379968643188,10,-2.022308763116598e-06,-0.009695478715002537,-1.949979170854056e-06,0.0001032751752063632,5.824398249387741e-05,0.00010791490785777569,0.0001604472054168582,-5.711684934794903e-06,-0.017487457022070885,-6.1762524892638884e-06,0.0001604472054168582,True
Grocery,42,12345,6547,6897,7374,47359,51770,0.06454972177743912,0.06454972177743912,0.7024379968643188,0.6930692791938782,10,-6.068381480872631e-06,-0.017932210117578506,-6.683620282599295e-06,0.00016616418724879622,5.991465877741575e-05,5.074264481663704e-05,0.00010863522766157985,-2.0220759324729443e-06,-0.009220486506819725,-2.0283935328509545e-06,0.00010863522766157985,True
Grocery,42,12345,7762,7503,6870,52835,47179,0.035223498940467834,0.05241423845291138,0.41601672768592834,0.27890467643737793,9,-0.00013798847794532776,-0.03442810848355293,-0.00016407829607168823,0.0019350098446011543,0.0006224168464541435,0.0007057753391563892,0.001257323194295168,-7.086899131536484e-05,-0.027409899979829788,-8.018073755730556e-05,0.001257323194295168,True
Grocery,42,12345,7762,6870,7503,47179,52835,0.05241423845291138,0.035223498940467834,0.27890467643737793,0.41601672768592834,9,-5.978439003229141e-05,-0.024949515238404274,-6.756479869447004e-05,0.0011682100594043732,0.0005904175341129303,0.0013623717240989208,0.0018358910456299782,-0.00011689821258187294,-0.030854517593979836,-0.0001389387261112762,0.0018358910456299782,True
Grocery,42,12345,6707,14521,13977,125386,119489,0.04950737953186035,0.048112522810697556,0.32022133469581604,0.2280433475971222,9,-0.003155946731567383,-0.009454966522753239,-0.002807164902152076,0.011468887329101562,0.011718273162841797,-0.027823925018310547,-0.019510984420776367,-0.003405332565307617,-0.05766551196575165,-0.003021832192575803,0.011718273162841797,False
Grocery,42,12345,6707,13977,14521,119489,125386,0.048112522810697556,0.04950737953186035,0.2280433475971222,0.32022133469581604,9,-0.0027213096618652344,-0.035398390144109726,-0.002636456601433676,0.0,-0.009088516235351562,-0.16626906394958496,-0.17756009101867676,-0.0022025108337402344,-0.006240862887352705,-0.00210680087227277,0.0,False
Grocery,42,12345,12520,7059,6962,48898,48046,0.04152274131774902,0.05270462855696678,0.15789379179477692,0.18076352775096893,14,-3.075599670410156e-05,-0.0016388279618695378,-3.895919059723578e-05,0.00939890742301941,-0.00029462575912475586,0.01319858431816101,0.012819796800613403,-8.416175842285156e-05,-0.00319848395884037,-8.975461389753236e-05,0.01319858431816101,True
Grocery,42,12345,12520,12284,6962,103913,48046,0.10910893976688385,0.05270462855696678,0.36472198367118835,0.18076352775096893,14,-0.001207783818244934,-0.02037809230387211,-0.001444387427631092,0.02903047204017639,0.00335615873336792,0.013742923736572266,0.01647058129310608,-0.0006285011768341064,-0.01872229017317295,-0.0007250806344894758,0.01647058129310608,True
Grocery,42,12345,12520,6962,7059,48046,48898,0.05270462855696678,0.04152274131774902,0.18076352775096893,0.15789379179477692,14,0.00021627545356750488,0.00831433106213808,0.00020960444831613634,0.012898042798042297,-0.005267813801765442,0.00920453667640686,0.004100337624549866,0.00016361474990844727,0.008809423074126244,0.00014229104099612027,0.00920453667640686,True
Grocery,42,12345,5726,3788,4166,18457,22192,0.02997453138232231,0.047781847417354584,0.38616815209388733,0.5666356086730957,8,0.00013351812958717346,0.012368537485599518,0.00014534547521228517,0.005330726504325867,-0.0008918121457099915,0.010698825120925903,0.010071985423564911,0.000264972448348999,0.012231775559484959,0.0003090080741212285,0.010698825120925903,True
Grocery,42,12345,5726,4166,3788,22192,18457,0.047781847417354584,0.02997453138232231,0.5666356086730957,0.38616815209388733,8,-5.777180194854736e-05,-0.002567920135334134,-7.545260382138368e-05,0.011219862848520279,0.00019121170043945312,0.005457162857055664,0.005655456334352493,7.081776857376099e-06,0.0006264929543249309,7.230662432046713e-06,0.005655456334352493,True
Grocery,42,12345,13775,14324,14451,123662,124879,0.1386750489473343,0.1386750489473343,0.9822192788124084,1.2538304328918457,16,0.0007639825344085693,0.00349306664429605,0.00022268368751530987,0.10973897576332092,0.12779057025909424,0.38805896043777466,0.4593100845813751,-0.056539446115493774,-0.057979680597782135,-0.06606506565892524,0.4593100845813751,True
Grocery,42,12345,13775,14451,14324,124879,123662,0.1386750489473343,0.1386750489473343,1.2538304328918457,0.9822192788124084,16,-0.06416794657707214,-0.06099335849285126,-0.0731662465592331,0.4939400851726532,0.09458306431770325,0.03558209538459778,0.1338348090648651,0.003669649362564087,0.013900188729166985,0.0035645163540399738,0.1338348090648651,True
Grocery,42,12345,16416,2748,5071,12094,32693,0.06681530922651291,0.05050762742757797,0.41813647747039795,0.20129187405109406,18,0.008906126022338867,0.03221222385764122,0.008809710747010646,0.1337883472442627,-0.08288931846618652,-0.04329657554626465,-0.1266617774963379,-0.00047588348388671875,-0.0018820955883711576,-0.0004647154199906166,0.0,False
Grocery,42,12345,16416,5071,2748,32693,12094,0.05050762742757797,0.06681530922651291,0.20129187405109406,0.41813647747039795,18,-0.0004551410675048828,-0.0023656655102968216,-0.00046694593247393473,0.0,-0.053565263748168945,0.14223694801330566,0.08912920951843262,0.00045752525329589844,0.0016057381872087717,0.0005618731461535422,0.14223694801330566,False
Grocery,42,12345,5306,5988,5450,40689,36115,0.14433756470680237,0.3333333432674408,0.8824220299720764,3.524517774581909,7,0.0028234943747520447,0.05044019967317581,0.0032707683777481386,0.026576779782772064,-0.046808838844299316,0.4347248077392578,0.4285770356655121,0.04066106677055359,0.04467705637216568,0.08077772910579328,0.4347248077392578,True
Grocery,42,12345,5306,5450,5988,36115,40689,0.3333333432674408,0.14433756470680237,3.524517774581909,0.8824220299720764,7,0.03580477833747864,0.03913231939077377,0.06470092666606467,0.43958109617233276,-0.0064784809947013855,0.026356197893619537,0.022921793162822723,0.0030440762639045715,0.05459591746330261,0.0029796686690629374,0.026356197893619537,True
Grocery,42,12345,2256,13836,3417,118136,15937,0.014111124910414219,0.007704169023782015,0.1433073729276657,0.043552298098802567,4,-1.9073486328125e-06,-2.885752655856777e-05,-2.1091017535918022e-07,0.009482383728027344,-0.03304862976074219,-0.0031566619873046875,-0.036205291748046875,0.0,0.0,3.3760079036438386e-08,0.0,False
Grocery,42,12345,2256,3417,13836,15937,118136,0.007704169023782015,0.014111124910414219,0.043552298098802567,0.1433073729276657,4,-1.9073486328125e-06,-2.7861358830705285e-05,3.2603589522183646e-08,0.0,-0.03107452392578125,0.009481430053710938,-0.02159404754638672,-9.5367431640625e-07,-1.5344716302934103e-05,-8.776280640456777e-08,0.009481430053710938,False
Grocery,42,12345,5404,5861,5303,39267,34623,0.07537783682346344,0.044901326298713684,0.6997321844100952,0.3349669575691223,7,-0.00023829936981201172,-0.000300540094031021,0.0009249461485600352,0.3963327407836914,0.0675358772277832,0.06610214710235596,0.13216674327850342,-0.0014712810516357422,-0.005535194184631109,-0.0014757963826122604,0.13216674327850342,False
Grocery,42,12345,5404,5303,5861,34623,39267,0.044901326298713684,0.07537783682346344,0.3349669575691223,0.6997321844100952,7,-0.00010383129119873047,-0.0008026206633076072,-0.00010085794480632626,0.0647345781326294,-0.026950597763061523,0.32406747341156006,0.30307912826538086,0.005962252616882324,0.009115239605307579,0.005993793916659765,0.32406747341156006,False
Grocery,42,12345,14475,9083,14090,67968,121072,0.12126781791448593,0.15811388194561005,1.1301432847976685,1.3785423040390015,16,0.0051097869873046875,0.00763363391160965,0.004937216017413371,0.3321341276168823,-0.06146883964538574,0.6204022169113159,0.5659425258636475,0.007009148597717285,0.005617144051939249,0.005402688700166679,0.6204022169113159,False
Grocery,42,12345,14475,14090,9083,121072,67968,0.15811388194561005,0.12126781791448593,1.3785423040390015,1.1301432847976685,16,0.01932549476623535,0.015641875565052032,0.01436080906774373,0.6080858707427979,-0.1640409231185913,0.3235495090484619,0.1732029914855957,0.013694405555725098,0.020724184811115265,0.013141620449549592,0.3235495090484619,False
Grocery,42,12345,3770,2779,3541,12217,17032,0.15075567364692688,0.08111070841550827,1.2442010641098022,0.526071310043335,3,-0.009181715548038483,-0.050382960587739944,-0.019319202953545157,0.08652839064598083,0.07862445712089539,0.01802694797515869,0.08962568640708923,-0.007025718688964844,-0.03771648928523064,-0.00964870519848457,0.08962568640708923,True
Grocery,42,12345,3770,3541,2779,17032,12217,0.08111070841550827,0.15075567364692688,0.526071310043335,1.2442010641098022,3,-0.001975342631340027,-0.02878415584564209,-0.0023358633688180253,0.03332534432411194,0.021944306790828705,0.007343471050262451,0.027692243456840515,-0.0015955343842506409,-0.028001639991998672,-0.003393518626709906,0.027692243456840515,True
Grocery,42,12345,3227,2076,2544,8945,11062,0.4472135901451111,0.22360679507255554,3.2260043621063232,1.0253041982650757,3,-0.12878143787384033,-0.07940980792045593,-0.15049339857972538,0.746475338935852,0.3701481223106384,0.026154160499572754,0.39219704270362854,-0.004105240106582642,-0.005206396337598562,-0.005732760782620507,0.39219704270362854,True
Grocery,42,12345,3227,2544,2076,11062,8945,0.22360679507255554,0.4472135901451111,1.0253041982650757,3.2260043621063232,3,-0.00993373990058899,-0.021027419716119766,-0.013219708750830367,0.2312423288822174,0.2972256541252136,0.349617063999176,0.5488771200180054,-0.09796559810638428,-0.08193022757768631,-0.11624699259915838,0.5488771200180054,True
Grocery,42,12345,7144,6467,6585,44197,45182,0.3162277638912201,0.14907120168209076,2.1780176162719727,1.0762580633163452,10,-0.0004674913361668587,-0.026992738246917725,-0.0009897266018291584,0.008425826206803322,0.00023569748736917973,0.0015370110049843788,0.0016841108445078135,-8.859764784574509e-05,-0.025629743933677673,-0.0001268221601937121,0.0016841108445078135,True
Grocery,42,12345,7144,6585,6467,45182,44197,0.14907120168209076,0.3162277638912201,1.0762580633163452,2.1780176162719727,10,-7.573631592094898e-05,-0.022857818752527237,-0.00010894582624885519,0.0016188097652047873,0.0002462351694703102,0.007962810806930065,0.008057470433413982,-0.00015157554298639297,-0.009318248368799686,-0.0002553204426840236,0.008057470433413982,True
Grocery,42,12345,16140,15188,9578,131772,73923,0.1601281613111496,0.1386750489473343,0.7620286345481873,1.0339934825897217,18,0.001527547836303711,0.015034152194857597,0.0010747776279580734,0.0,-0.0053043365478515625,-0.06412339210510254,-0.07241964340209961,-0.002991914749145508,-0.02109249122440815,-0.004272836579009476,0.0,False
Grocery,42,12345,16140,9578,15188,73923,131772,0.1386750489473343,0.1601281613111496,1.0339934825897217,0.7620286345481873,18,-0.004967689514160156,-0.03843088820576668,-0.0063664480147770375,0.024394989013671875,0.019739151000976562,-0.03990316390991211,-0.02047586441040039,-0.00031185150146484375,-0.0038923933170735836,-0.0007838895995162143,0.019739151000976562,False
Grocery,42,12345,3126,13546,2527,115054,10987,0.06681530922651291,0.13363061845302582,0.8578271269798279,0.7919279336929321,5,-0.006267189979553223,-0.0229505505412817,-0.005127435084583423,0.0,-0.015367269515991211,-0.0009114742279052734,-0.019621551036834717,-0.0033428072929382324,-0.09311361610889435,-0.0030094179382077276,0.0,True
Grocery,42,12345,3126,2527,16922,10987,141123,0.13363061845302582,0.13363061845302582,0.7919279336929321,1.6276240348815918,5,0.018646299839019775,0.04073116555809975,0.01869551253059395,0.21957159042358398,0.11495490372180939,-0.40714722871780396,-0.1689293384552002,0.12326300144195557,0.17837537825107574,0.10686552745804545,0.11495490372180939,True
Grocery,42,12345,3126,16922,2527,141123,10987,0.13363061845302582,0.13363061845302582,1.6276240348815918,0.7919279336929321,5,-0.03228580951690674,-0.054535169154405594,-0.02058087245070575,0.0,-0.054183244705200195,0.0021161437034606934,-0.05843758583068848,-0.006370484828948975,-0.055522505193948746,-0.004679334988275679,0.0021161437034606934,True
Grocery,42,12345,2846,2523,1981,10966,8545,0.12126781791448593,0.5,0.5751869082450867,2.2104806900024414,5,-0.008725136518478394,-0.03628972917795181,-0.01023725911154115,0.11585238575935364,0.08448988199234009,0.12303313612937927,0.19404193758964539,-0.013481080532073975,-0.033571358770132065,-0.026656845126770305,0.19404193758964539,True
Grocery,42,12345,2846,1981,2523,8545,10966,0.5,0.12126781791448593,2.2104806900024414,0.5751869082450867,5,-0.008394896984100342,-0.007638461887836456,-0.016958670855388575,0.5453174114227295,0.4729607403278351,0.08170896768569946,0.5090793371200562,-0.045590370893478394,-0.04285820201039314,-0.054243487573617265,0.5090793371200562,True
Grocery,42,12345,7050,7592,12169,53621,102938,0.03429971635341644,0.03162277862429619,0.10529076308012009,0.12312663346529007,9,-0.0010175108909606934,-0.007162597496062517,-0.001016745346919267,0.07052069902420044,0.04753369092941284,0.0019627809524536133,0.04956352710723877,6.705522537231445e-05,0.0006769152241759002,6.913502421591845e-05,0.04956352710723877,True
Grocery,42,12345,7050,12169,7592,102938,53621,0.03162277862429619,0.03429971635341644,0.12312663346529007,0.10529076308012009,9,9.21487808227539e-05,0.0013208818854764104,9.226849193257319e-05,0.0349276065826416,0.033559441566467285,0.02247220277786255,0.05546212196350098,-0.0005695223808288574,-0.005108109209686518,-0.0005691574512297322,0.05546212196350098,True
Grocery,42,12345,17040,16020,16174,136161,136841,0.5,0.40824827551841736,3.553781270980835,3.714905261993408,17,0.24752700328826904,0.4030469059944153,0.20539135988358725,0.1801992952823639,-0.21197032928466797,0.005067422986030579,-0.17823860049247742,0.028664305806159973,0.07251712679862976,0.02040695140944164,0.005067422986030579,True
Grocery,42,12345,17040,16174,16020,136841,136161,0.40824827551841736,0.5,3.714905261993408,3.553781270980835,17,0.019980058073997498,0.08376878499984741,0.01903355234415218,0.013751670718193054,-0.2467491626739502,0.290244460105896,0.18097713589668274,0.13748183846473694,0.1914866864681244,0.1390929803704297,0.290244460105896,True
Grocery,42,12345,17054,13943,16171,119205,136835,0.1111111119389534,0.1154700443148613,1.4018986225128174,0.6821100115776062,19,-0.0009783506393432617,-0.003830140922218561,0.0016656079447552874,0.12820649147033691,-0.06191408634185791,0.19891762733459473,0.14602994918823242,0.009026408195495605,0.022185448557138443,0.009032048143076314,0.19891762733459473,True
Grocery,42,12345,17054,16171,13943,136835,119205,0.1154700443148613,0.1111111119389534,0.6821100115776062,1.4018986225128174,19,0.009128570556640625,0.022442195564508438,0.0091409121608515,0.19881534576416016,-0.04400801658630371,0.11586010456085205,0.08322000503540039,0.01136791706085205,0.046764589846134186,0.009791018395075537,0.11586010456085205,True
Grocery,42,12345,10158,8711,10582,63678,85364,0.10314211994409561,0.25,0.7826128602027893,1.8929529190063477,12,-0.0015783384442329407,-0.023127585649490356,-0.0018079056179130006,0.033333249390125275,0.01314234733581543,0.04145747423171997,0.0519571527838707,-0.0026426687836647034,-0.02480052225291729,-0.003332293629845393,0.0519571527838707,True
Grocery,42,12345,10158,10582,8711,85364,63678,0.25,0.10314211994409561,1.8929529190063477,0.7826128602027893,12,-0.015929974615573883,-0.075039803981781,-0.027799069195482244,0.09817849844694138,0.051327645778656006,0.029149159789085388,0.07258277386426926,-0.007894031703472137,-0.05157489329576492,-0.010691166462946905,0.07258277386426926,True
Grocery,42,12345,854,582,1256,2539,5273,0.40824827551841736,0.20412413775920868,2.285792112350464,2.395059585571289,1,3.136653685942292e-05,0.014673171564936638,-0.00011111495502709711,0.0010845179203897715,0.0009975350694730878,5.630520172417164e-05,0.0009716789936646819,-8.216127753257751e-05,-0.04056286811828613,-0.0002934659727727891,0.0009975350694730878,True
Grocery,42,12345,854,8016,1256,56839,5273,0.059549130499362946,0.20412413775920868,0.46391910314559937,2.395059585571289,1,9.40906465984881e-06,0.031954918056726456,8.634410527288391e-06,2.502489951439202e-05,3.908172948285937e-05,-2.120831049978733e-05,1.3225653674453497e-05,-4.6477653086185455e-06,-0.0632128044962883,-6.69958061100819e-06,3.908172948285937e-05,True
Grocery,42,12345,854,1256,582,5273,2539,0.20412413775920868,0.40824827551841736,2.395059585571289,2.285792112350464,1,-1.2393342331051826e-05,-0.05671399459242821,-2.266467639710297e-05,0.00011545344023033977,9.041320299729705e-05,0.00018786377040669322,0.00029092386830598116,1.264689490199089e-05,0.02221829630434513,-7.319336771538799e-06,0.00029092386830598116,True
Grocery,42,12345,3748,3403,5398,15870,35553,0.2357022762298584,0.05923488736152649,2.2284152507781982,0.4751621186733246,5,0.09362900257110596,0.03910059854388237,0.13808374580978733,1.2440980672836304,0.5921065807342529,-0.07117915153503418,0.5483729839324951,0.027445554733276367,0.022651225328445435,0.02667060022191174,0.5921065807342529,False
Grocery,42,12345,3748,5398,3403,35553,15870,0.05923488736152649,0.2357022762298584,0.4751621186733246,2.2284152507781982,5,0.005457043647766113,0.03129163011908531,0.005430859947489194,0.08446800708770752,0.06647920608520508,0.6947290897369385,0.7846541404724121,0.023445844650268555,0.015166837722063065,0.029388961006051505,0.7846541404724121,False
Grocery,42,12345,7771,6873,2532,47201,11024,0.14907120168209076,0.25819888710975647,0.6474412083625793,1.4878923892974854,9,0.006353527307510376,0.06474754214286804,0.005728059333350521,0.04588708281517029,-0.03522363305091858,-0.09969949722290039,-0.1209176778793335,0.014005452394485474,0.05474283918738365,0.01064644122471737,0.0,True
Grocery,42,12345,7771,2532,6873,11024,47201,0.25819888710975647,0.14907120168209076,1.4878923892974854,0.6474412083625793,9,0.06193804740905762,0.20788756012916565,0.06860247470525063,0.0,0.016378700733184814,0.03898853063583374,0.06861931085586548,0.013252079486846924,0.106883205473423,0.011274072180098509,0.06861931085586548,True
Grocery,42,12345,7771,2287,2532,9919,11024,0.5773502588272095,0.25819888710975647,3.998455762863159,1.4878923892974854,9,0.23687392473220825,0.3920973539352417,0.09804000465702989,0.0,0.0998578667640686,-0.21984192728996277,0.014163821935653687,0.13414788246154785,0.40180444717407227,0.17510724978244704,0.0998578667640686,True
Grocery,42,12345,3400,2374,14809,10356,127955,0.3535533845424652,0.07372097671031952,2.0818746089935303,0.3201412856578827,5,-0.02810460329055786,-0.07638062536716461,-0.047346935067629596,0.1699250042438507,0.09863553196191788,-0.013741075992584229,0.09295034408569336,0.00805588811635971,0.03923444077372551,0.010926533603306648,0.09863553196191788,True
Grocery,42,12345,3400,14809,2374,127955,10356,0.07372097671031952,0.3535533845424652,0.3201412856578827,2.0818746089935303,5,0.00045077502727508545,0.038132891058921814,0.00045259226747050834,0.0056450143456459045,0.007467359304428101,0.03650055080652237,0.04259634017944336,-0.0013715699315071106,-0.01584452949464321,-0.0015170548488330005,0.04259634017944336,True
Grocery,42,12345,9537,8479,7309,60844,51127,0.3333333432674408,0.20412413775920868,3.1394855976104736,1.1963239908218384,12,0.02961885929107666,0.051846493035554886,0.044806328604622664,0.27083051204681396,-0.17077499628067017,0.18666869401931763,0.035647809505462646,0.019754111766815186,0.05025321617722511,0.018590807824797474,0.18666869401931763,False
Grocery,42,12345,9537,7309,8479,51127,60844,0.20412413775920868,0.3333333432674408,1.1963239908218384,3.1394855976104736,12,0.01186823844909668,0.02959822118282318,0.011881491774103109,0.19455492496490479,-0.11014842987060547,0.2829355001449585,0.19030094146728516,0.01751387119293213,0.030021127313375473,0.027082339754389027,0.2829355001449585,False
Grocery,42,12345,12016,15461,11259,133184,94157,0.07647191733121872,0.046225015074014664,1.026431918144226,0.36197447776794434,13,0.0003392626531422138,0.040688615292310715,0.00043686479202768944,0.003999375272542238,-0.0005564498715102673,0.0005360371433198452,1.905485987663269e-05,3.946758806705475e-05,0.03550674393773079,4.071361501756701e-05,0.0005360371433198452,True
Grocery,42,12345,12016,11259,15461,94157,133184,0.046225015074014664,0.07647191733121872,0.36197447776794434,1.026431918144226,13,-4.0191225707530975e-06,-0.0016756540862843394,-7.220312277455036e-06,0.001197255216538906,0.0007591964676976204,0.004480103030800819,0.0050978343933820724,-0.00014146510511636734,-0.013685124926269054,-0.0001854019223439644,0.0050978343933820724,True
Grocery,42,12345,15955,15368,15769,132747,134873,0.2357022762298584,0.40824827551841736,1.8832223415374756,2.692504405975342,17,0.00017825711984187365,0.10661971569061279,0.00025147488192198673,0.0007468146504834294,-0.00024764041882008314,0.0006803743308410048,0.0005874388152733445,0.0001547049032524228,0.1020842120051384,0.00021227231562080784,0.0006803743308410048,True
Grocery,42,12345,15955,15769,15368,134873,132747,0.40824827551841736,0.2357022762298584,2.692504405975342,1.8832223415374756,17,-0.00032828771509230137,-0.10151942819356918,-0.0007855450345606761,0.0014527224702760577,0.00045793200843036175,0.0010936482576653361,0.0013830037787556648,-0.00016857648734003305,-0.05744456872344017,-0.00042764892888830496,0.0013830037787556648,True
Grocery,42,12345,14469,9734,13295,75736,112520,0.08703882992267609,0.04402254521846771,0.6717315912246704,0.3710038959980011,16,-0.002925872802734375,-0.004732011817395687,-0.003506729770665795,0.0,-0.12607526779174805,0.09615898132324219,-0.028728485107421875,0.0011878013610839844,0.004732978995889425,0.0012088266322431013,0.09615898132324219,False
Grocery,42,12345,14469,13295,9734,112520,75736,0.04402254521846771,0.08703882992267609,0.3710038959980011,0.6717315912246704,16,-0.0001659393310546875,-0.00064653973095119,-0.00015292466423807993,0.12824583053588867,0.029981136322021484,-0.18941020965576172,-0.1586775779724121,0.000751495361328125,0.0019877206068485975,0.0008379687808162106,0.029981136322021484,False
Grocery,42,12345,7089,8066,3139,57132,14356,0.25819888710975647,0.20000000298023224,1.1239336729049683,0.9838739037513733,9,0.04775172472000122,0.08202219009399414,0.04751319523131009,0.26721441745758057,-0.13623318076133728,0.018478959798812866,-0.11341449618339539,0.004339724779129028,0.016185354441404343,0.004331096134789013,0.018478959798812866,True
Grocery,42,12345,7089,3139,8066,14356,57132,0.20000000298023224,0.25819888710975647,0.9838739037513733,1.1239336729049683,9,0.0061473548412323,0.01563900336623192,0.005818073591074335,0.016671746969223022,-0.2668111324310303,0.2416209578514099,0.04815542697906494,0.0733456015586853,0.1317773014307022,0.07407739497947957,0.2416209578514099,True
Grocery,42,12345,3716,11853,2263,99986,9840,0.10206206887960434,0.25,1.4424444437026978,1.978149175643921,5,0.004453122615814209,0.036823127418756485,0.004009900220990121,0.06269294023513794,0.06476795673370361,0.7793280482292175,0.8369367122650146,-0.007159292697906494,-0.0042588659562170506,0.0006493823591995941,0.8369367122650146,True
Grocery,42,12345,3716,2263,11853,9840,99986,0.25,0.10206206887960434,1.978149175643921,1.4424444437026978,5,0.009548783302307129,0.004839748609811068,0.03748280041699337,0.9912701845169067,0.20743238925933838,-0.011680543422698975,0.2169700264930725,0.021218180656433105,0.048656292259693146,0.02090271313841931,0.2169700264930725,True
Grocery,42,12345,15549,16796,16349,140302,137786,0.08512565493583679,0.08703882992267609,0.6601096391677856,0.8687769770622253,17,0.0005531907081604004,0.006372837815433741,0.0006286049955136225,0.0,-0.04827237129211426,0.33736979961395264,0.2953702211380005,0.006272792816162109,0.009210982359945774,0.005085525176858556,0.33736979961395264,True
Grocery,42,12345,15549,16349,16796,137786,140302,0.08703882992267609,0.08512565493583679,0.8687769770622253,0.6601096391677856,17,-0.004070460796356201,-0.0055430009961128235,-0.004554284589101343,0.36513596773147583,0.015678584575653076,-0.002318143844604492,0.015105724334716797,0.0017452836036682129,0.05272367596626282,0.001687061685754868,0.015678584575653076,True
Grocery,42,12345,3967,5281,5668,34504,37454,0.09534625709056854,0.05096472054719925,0.6873589754104614,0.32145270705223083,8,0.0046555399894714355,0.027905669063329697,0.005289698366199552,0.08108788728713989,-0.041881561279296875,0.0391390323638916,0.0005357265472412109,0.0032782554626464844,0.040196213871240616,0.0028580359423839904,0.0391390323638916,True
Grocery,42,12345,3967,5668,5281,37454,34504,0.05096472054719925,0.09534625709056854,0.32145270705223083,0.6873589754104614,8,0.001444399356842041,0.01732097566127777,0.0014294972232713962,0.040972888469696045,-0.024773001670837402,0.08296936750411987,0.060970425605773926,0.002774059772491455,0.016442496329545975,0.0030493343925778317,0.08296936750411987,True
Grocery,42,12345,9169,9690,9036,75154,67249,0.033709995448589325,0.30151134729385376,0.25458452105522156,2.3108675479888916,12,-2.850964665412903e-05,-0.007237189915031195,-3.147219104055864e-05,0.0019554030150175095,0.0015510208904743195,0.0005015172064304352,0.002069929614663124,1.7391517758369446e-05,0.004218705464154482,-0.00014805142428535377,0.002069929614663124,True
Grocery,42,12345,9169,9036,9690,67249,75154,0.30151134729385376,0.033709995448589325,2.3108675479888916,0.25458452105522156,12,0.0014463923871517181,0.019199853762984276,-0.0023933412980935414,0.03746246546506882,0.03903748840093613,0.0010060220956802368,0.03939596936106682,-0.0006475411355495453,-0.008151376619935036,-0.0011793226164916043,0.03939596936106682,True
Grocery,42,12345,703,63,510,253,2205,0.40824827551841736,0.5773502588272095,2.6724605560302734,3.084048271179199,1,-0.020593255758285522,-0.04750711843371391,-0.022735882772497745,0.2064419984817505,0.1545594334602356,0.6144209504127502,0.6866748332977295,-0.08230555057525635,-0.05654192715883255,-0.0861446871280602,0.6866748332977295,True
Grocery,42,12345,703,510,63,2205,253,0.5773502588272095,0.40824827551841736,3.084048271179199,2.6724605560302734,1,-0.12170428037643433,-0.0741460844874382,-0.15743988214997656,0.7598538994789124,0.14303362369537354,0.15059390664100647,0.256628155708313,-0.03699937462806702,-0.06724033504724503,-0.059035432397915116,0.256628155708313,True
Grocery,42,12345,15013,14674,14521,126756,125449,0.04287464916706085,0.01750350184738636,0.44281667470932007,0.11321533471345901,16,2.274801954627037e-05,0.014028249308466911,2.3692253481293318e-05,0.0007994142360985279,-0.00014703208580613136,1.3162847608327866e-05,-0.00013327831402420998,5.909241735935211e-07,0.0020134851802140474,4.329821455455811e-07,1.3162847608327866e-05,True
Grocery,42,12345,15013,14521,14674,125449,126756,0.01750350184738636,0.04287464916706085,0.11321533471345901,0.44281667470932007,16,4.656612873077393e-10,1.3264978406368755e-05,-7.130882125054237e-08,1.754751428961754e-05,4.027970135211945e-06,0.0008223960176110268,0.0008261902257800102,-2.337619662284851e-07,-0.00014144895249046385,-3.6760890057311284e-07,0.0008261902257800102,True
Grocery,42,12345,9185,5772,10520,38517,84771,0.1270001232624054,0.22360679507255554,1.4356615543365479,1.3514115810394287,12,-0.004010915756225586,-0.004469068720936775,-0.003489255397317703,0.44673633575439453,0.038663387298583984,-0.34287285804748535,-0.29149937629699707,0.012710094451904297,0.018884727731347084,0.014438779892527353,0.038663387298583984,False
Grocery,42,12345,9185,10520,5772,84771,38517,0.22360679507255554,0.1270001232624054,1.3514115810394287,1.4356615543365479,12,0.00822138786315918,0.01229740772396326,0.005485780030809906,0.018158912658691406,0.023598194122314453,0.38856983184814453,0.414949893951416,0.0027818679809570312,0.0033633268903940916,0.0004546408749235331,0.414949893951416,False
Grocery,42,12345,14557,14839,15023,128313,130591,0.2357022762298584,0.25819888710975647,2.1279635429382324,1.7900161743164062,16,0.0012337379157543182,0.4017097055912018,0.000888007885294648,0.0,-0.00024328753352165222,0.017313798889517784,0.017576023936271667,0.0005055125802755356,0.0143884913995862,0.00018671962251062867,0.017576023936271667,True
Grocery,42,12345,14557,15023,14839,130591,128313,0.25819888710975647,0.2357022762298584,1.7900161743164062,2.1279635429382324,16,-0.0064713601022958755,-0.08787127584218979,-0.013604912126106282,0.033587273210287094,0.0060554929077625275,-0.0031883306801319122,0.006108270958065987,0.0032411087304353714,0.2111182063817978,0.002670365240772635,0.006108270958065987,True
Grocery,42,12345,7983,6586,8080,45263,57320,0.04494665563106537,0.03688555583357811,0.49341121315956116,0.33676016330718994,9,-0.0007449882104992867,-0.04568297043442726,-0.0009400747981017886,0.007781394757330418,0.002885773777961731,0.0041524264961481094,0.006473309360444546,-0.0005648909136652946,-0.04180809482932091,-0.000691141654035111,0.006473309360444546,True
Grocery,42,12345,7983,8080,6586,57320,45263,0.03688555583357811,0.04494665563106537,0.33676016330718994,0.49341121315956116,9,-0.0003219041973352432,-0.030088607221841812,-0.00037882985042950136,0.005188313312828541,0.0016958527266979218,0.005132502876222134,0.006411376409232616,-0.00041697919368743896,-0.03149450942873955,-0.000506104276980289,0.006411376409232616,True
Grocery,42,12345,7983,6690,6586,46032,45263,0.18257418274879456,0.04494665563106537,1.0975902080535889,0.49341121315956116,9,-0.002097655087709427,-0.055731434375047684,-0.0033838861298867463,0.01777048408985138,0.005483692511916161,0.0059461649507284164,0.010199216194450855,-0.0012306412681937218,-0.05689752474427223,-0.0017972988852827468,0.010199216194450855,True
Grocery,42,12345,9964,8808,9082,64790,67905,0.031311213970184326,0.017831573262810707,0.21055246889591217,0.20133502781391144,12,-0.000391639769077301,-0.015123805962502956,-0.00042161850363822695,0.012751966714859009,0.006117530167102814,-0.00521465390920639,0.0013332366943359375,0.00043036043643951416,0.0339791402220726,0.0004298798683658717,0.006117530167102814,True
Grocery,42,12345,9964,9260,8808,70153,64790,0.10846523195505142,0.031311213970184326,0.8375474810600281,0.21055246889591217,12,-0.0009026527404785156,-0.011859881691634655,-0.0012041716170121198,0.03760354965925217,0.0336579829454422,0.007670439779758453,0.03947041928768158,-0.0018580034375190735,-0.022995419800281525,-0.002219807530215816,0.03947041928768158,True
Grocery,42,12345,9964,9082,8808,67905,64790,0.017831573262810707,0.031311213970184326,0.20133502781391144,0.21055246889591217,12,0.000196017324924469,0.020074252039194107,0.0001917705110765413,0.0032173097133636475,0.0036599040031433105,0.006059013307094574,0.009472452104091644,-0.00024646520614624023,-0.012842495925724506,-0.0002637039940127508,0.009472452104091644,True
Grocery,42,12345,13414,14591,14250,125969,122736,0.09449112415313721,0.09449112415313721,0.6668547987937927,0.8748267292976379,16,-0.0005273520946502686,-0.006152407731860876,-0.0009310732880841444,0.04259369522333145,0.027748599648475647,0.03479188680648804,0.06024399399757385,-0.0022964924573898315,-0.018703442066907883,-0.0036852691373080114,0.06024399399757385,True
Grocery,42,12345,13414,14250,14591,122736,125969,0.09449112415313721,0.09449112415313721,0.8748267292976379,0.6668547987937927,16,-0.002778187394142151,-0.020105119794607162,-0.0036389743473216607,0.06770244240760803,0.033128686249256134,0.017314285039901733,0.04974314570426941,-0.0006998255848884583,-0.0069852545857429504,-0.0007535545810004307,0.04974314570426941,True
Grocery,42,12345,8375,9322,9246,70844,70019,0.05976143106818199,0.08058229833841324,0.4673934280872345,0.6566370129585266,12,-1.3114768080413342e-06,-0.01655193231999874,-1.7586566903266888e-06,2.680561738088727e-05,3.227952402085066e-05,0.00015997863374650478,0.00018547277431935072,-6.785383448004723e-06,-0.01796306110918522,-8.345098540290557e-06,0.00018547277431935072,True
Grocery,42,12345,8375,9246,9322,70019,70844,0.08058229833841324,0.05976143106818199,0.6566370129585266,0.4673934280872345,12,-2.463720738887787e-05,-0.04126017913222313,-3.0105926699663618e-05,0.0002862355322577059,0.00010292971273884177,-4.574313061311841e-05,6.266194395720959e-05,5.475361831486225e-06,0.025907248258590698,5.294706170936658e-06,0.00010292971273884177,True
Grocery,42,12345,14567,13870,14250,118545,122747,0.06454972177743912,0.09449112415313721,0.5475158095359802,0.8748267292976379,16,0.0007765889167785645,0.0059099821373820305,0.0004633735048773513,0.06563380360603333,-0.0018415451049804688,0.130233496427536,0.13055413961410522,0.0021621882915496826,0.008232856169342995,0.002019697637490923,0.13055413961410522,True
Grocery,42,12345,14567,14881,14250,128808,122747,0.1178511381149292,0.09449112415313721,0.7725706696510315,0.8748267292976379,16,-0.003978699445724487,-0.020024877041578293,-0.006877944497753294,0.09735456109046936,0.033315807580947876,0.13979971408843994,0.16571149230003357,-0.007404029369354248,-0.02185194566845894,-0.009786223206340709,0.16571149230003357,True
Grocery,42,12345,14567,14250,14881,122747,128808,0.09449112415313721,0.1178511381149292,0.8748267292976379,0.7725706696510315,16,-0.011845320463180542,-0.0322856605052948,-0.014301486122280271,0.17752286791801453,0.03983393311500549,0.07401624321937561,0.10729801654815674,-0.006552159786224365,-0.029627911746501923,-0.00906498135137634,0.10729801654815674,True
Grocery,42,12345,17072,8630,9430,62656,72501,0.06189844384789467,0.28867512941360474,0.42210653424263,2.326098680496216,17,-0.001522064208984375,-0.0033058878034353256,-0.0019278798284377147,0.0,-0.11519026756286621,-0.3599965572357178,-0.4755125045776367,-0.0003256797790527344,-0.0003425686445552856,8.503695943785135e-05,0.0,False
Grocery,42,12345,17072,9430,8630,72501,62656,0.28867512941360474,0.06189844384789467,2.326098680496216,0.42210653424263,17,-0.14395856857299805,-0.0625479519367218,-0.17596865957961277,0.0,-0.9568307399749756,-0.06740117073059082,-1.073803186416626,-0.04957127571105957,-0.023627476766705513,-0.0671073710739693,0.0,False
Grocery,42,12345,15826,16085,15469,136518,133239,0.04123930633068085,0.07001400738954544,0.22115617990493774,0.6917020678520203,17,1.7199665307998657e-05,0.011343654245138168,1.729204622996476e-05,0.0007495135068893433,-0.00041821226477622986,0.010800208896398544,0.01049860194325447,0.00011660531163215637,0.005369302351027727,0.00013096148933888446,0.010800208896398544,True
Grocery,42,12345,15826,15469,15606,133239,134125,0.07001400738954544,0.10910893976688385,0.6917020678520203,0.6703236699104309,17,0.0007161684334278107,0.03391355276107788,0.0007894456106909316,0.01020064577460289,-0.0025920122861862183,0.009202323853969574,0.007247261703014374,0.0006369501352310181,0.03345043957233429,0.0006955224227645021,0.009202323853969574,True
Grocery,42,12345,15826,15606,15469,134125,133239,0.10910893976688385,0.07001400738954544,0.6703236699104309,0.6917020678520203,17,0.001832595095038414,0.10268962383270264,0.0018972801114853586,0.008006678894162178,-0.007568884640932083,0.008888693526387215,0.0033479295670986176,0.002028120681643486,0.10240180790424347,0.00210779126268694,0.008888693526387215,True
Grocery,42,12345,1078,134,350,629,1608,0.15075567364692688,0.22360679507255554,1.3279457092285156,1.8217389583587646,1,-1.5479890862479806e-06,-0.00670468807220459,-3.669194937402085e-06,0.00011466180149000138,5.135827814228833e-05,0.00032285036286339164,0.0003371539933141321,-3.705464769154787e-05,-0.052088942378759384,-8.614588080597518e-05,0.0003371539933141321,True
Grocery,42,12345,1078,350,1546,1608,6425,0.22360679507255554,0.25,1.8217389583587646,2.444251775741577,1,-8.32793302834034e-05,-0.0935371071100235,-0.00020993591053645249,0.0004035226593259722,0.00016131941811181605,0.0005082323332317173,0.0005426799179986119,-0.00012687183334492147,-0.10465885698795319,-0.00037583497888059824,0.0005426799179986119,True
Grocery,42,12345,1078,1546,350,6425,1608,0.25,0.22360679507255554,2.444251775741577,1.8217389583587646,1,-0.0002924230939242989,-0.16261184215545654,-0.0008703917166556443,0.0007529279682785273,0.0002969121851492673,0.00050356361316517,0.0005827079294249415,-0.00021776786888949573,-0.15743844211101532,-0.0005810589494339058,0.0005827079294249415,True
Grocery,42,12345,1496,315,290,1431,1298,0.40824827551841736,0.21320071816444397,1.6477240324020386,1.8349518775939941,1,0.03627421706914902,0.1944853961467743,0.0383767475282718,0.07511980086565018,0.2897750735282898,0.542605459690094,0.653999388217926,-0.17838114500045776,-0.12001047283411026,-0.23853524275561236,0.653999388217926,True
Grocery,42,12345,1496,290,315,1298,1431,0.21320071816444397,0.40824827551841736,1.8349518775939941,1.6477240324020386,1,-0.038454294204711914,-0.04357810690999031,-0.0617229881327786,0.4219840168952942,0.012663722038269043,-0.06095585972070694,-0.04165060073137283,0.0066415369510650635,0.057617124170064926,0.005889269526628163,0.012663722038269043,True
Grocery,42,12345,7240,5222,6036,33876,41192,0.15430335700511932,0.1259881556034088,0.7107870578765869,1.1965723037719727,9,0.018583297729492188,0.02543545514345169,0.01852066513011194,0.35601139068603516,0.3368349075317383,-0.6779460906982422,-0.30335140228271484,0.03775978088378906,0.028646424412727356,0.038391095886209876,0.3368349075317383,False
Grocery,42,12345,7240,6036,6363,41192,43619,0.1259881556034088,0.18898224830627441,1.1965723037719727,1.2958134412765503,9,0.033263206481933594,0.025321463122963905,0.0337000907913616,0.11605596542358398,0.10081338882446289,0.11284399032592773,0.2621631622314453,0.04850578308105469,0.10194133967161179,0.04859417788211053,0.2621631622314453,False
Grocery,42,12345,7240,6363,6036,43619,41192,0.18898224830627441,0.1259881556034088,1.2958134412765503,1.1965723037719727,9,0.025426387786865234,0.01832778938114643,0.02508972453064162,0.7063698768615723,0.548494815826416,-0.6621379852294922,-0.09169149398803711,0.021951675415039062,0.016855766996741295,0.021903622656397063,0.548494815826416,False
Grocery,42,12345,9315,10365,9979,83001,78448,0.020374247804284096,0.017954738810658455,0.13966739177703857,0.1631423532962799,12,-2.286769449710846e-05,-0.010874125175178051,-2.3998652702833306e-05,0.001040033996105194,0.00036980677396059036,0.00020287558436393738,0.0005679186433553696,-4.763714969158173e-06,-0.0041764588095247746,-4.9128794695627915e-06,0.0005679186433553696,True
Grocery,42,12345,9315,8566,9979,61797,78448,0.030772872269153595,0.017954738810658455,0.2402263730764389,0.1631423532962799,12,-2.7115456759929657e-05,-0.01219536829739809,-2.9119559479517595e-05,0.0010981485247612,0.000313430093228817,0.00020949263125658035,0.0005115419626235962,-1.1380761861801147e-05,-0.011001489125192165,-1.2310740188064345e-05,0.0005115419626235962,True
Grocery,42,12345,9315,9979,10365,78448,83001,0.017954738810658455,0.020374247804284096,0.1631423532962799,0.13966739177703857,12,-1.8542632460594177e-06,-0.0025300539564341307,-2.0730637224737006e-06,0.00036551523953676224,0.00017534475773572922,0.000661918893456459,0.0008274680003523827,-9.795650839805603e-06,-0.005884186830371618,-1.0250927176620253e-05,0.0008274680003523827,True
Grocery,42,12345,1558,1881,1574,7969,6536,0.3333333432674408,0.3333333432674408,1.544588565826416,1.9770265817642212,1,0.004051778465509415,0.11543481051921844,0.005864077959513757,0.015524176880717278,0.013466652482748032,-0.007668986916542053,0.011906968429684639,0.006109302863478661,0.18489159643650055,0.008084616546752715,0.013466652482748032,True
Grocery,42,12345,1558,1574,1881,6536,7969,0.3333333432674408,0.3333333432674408,1.9770265817642212,1.544588565826416,1,0.006907427683472633,0.19513456523418427,0.009589589009100138,0.014245418831706047,0.016552606597542763,-0.005587618798017502,0.015565227717161179,0.004600239917635918,0.12200459837913513,0.006953833531157678,0.016552606597542763,True
Grocery,42,12345,15559,15298,15371,132330,132778,0.5,0.21320071816444397,4.388751029968262,1.8916271924972534,17,0.6432214975357056,0.36079519987106323,0.7732503642958628,0.5697834491729736,-0.378370463848114,0.1841025948524475,0.04965426027774811,0.24392211437225342,0.39848265051841736,0.22490528221518738,0.1841025948524475,True
Grocery,42,12345,15559,15371,15298,132778,132330,0.21320071816444397,0.5,1.8916271924972534,4.388751029968262,17,0.18677446246147156,0.27907004952430725,0.19998337119676876,0.24124997854232788,-0.5976763367652893,0.7269394993782043,0.6153286695480347,0.4860655665397644,0.25055643916130066,0.5964434090604166,0.7269394993782043,True
Grocery,42,12345,16631,4928,16771,31429,140167,0.04583492502570152,0.03184648975729942,0.38002777099609375,0.22294525802135468,17,0.00039839744567871094,0.0010665886802598834,0.00039538123112306534,0.0,-0.03211379051208496,0.021309614181518555,-0.010354280471801758,0.00044989585876464844,0.007054125890135765,0.00044197224092462243,0.021309614181518555,False
Grocery,42,12345,16631,16771,4928,140167,31429,0.03184648975729942,0.04583492502570152,0.22294525802135468,0.38002777099609375,17,0.0017004013061523438,0.006735176779329777,0.0017127600129029467,0.12708306312561035,0.10076498985290527,-0.16076040267944336,-0.05373644828796387,0.006258964538574219,0.019853224977850914,0.006380539592122813,0.10076498985290527,False
Grocery,42,12345,7821,10768,10832,88102,89290,0.029695695266127586,0.041996050626039505,0.31697794795036316,0.49456262588500977,11,-0.0022399425506591797,-0.017860502004623413,-0.0023012546199704864,0.061586618423461914,0.05832338333129883,0.023659706115722656,0.07822370529174805,-0.0037593841552734375,-0.023465819656848907,-0.0039522683031036196,0.07822370529174805,True
Grocery,42,12345,7821,10832,8821,89290,65026,0.041996050626039505,0.06189844384789467,0.49456262588500977,0.49655115604400635,11,-0.006043672561645508,-0.02563830092549324,-0.006402644076453426,0.11484229564666748,0.0803217887878418,-0.12175107002258301,-0.032852768898010254,0.008576512336730957,0.03650734946131706,0.008594751015761447,0.0803217887878418,True
Grocery,42,12345,7821,8821,10832,65026,89290,0.06189844384789467,0.041996050626039505,0.49655115604400635,0.49456262588500977,11,-0.004583954811096191,-0.013917920179665089,-0.0042063928714621,0.0,-0.061373233795166016,0.01690685749053955,-0.0414729118347168,0.002993464469909668,0.024996986612677574,0.003414338278905221,0.01690685749053955,True
Grocery,42,12345,16405,16224,15890,137091,135443,0.7071067690849304,0.26726123690605164,5.270386219024658,2.284618377685547,17,0.7537320852279663,0.23216114938259125,0.6811119771657324,1.2464290857315063,-0.972392201423645,0.23502910137176514,-0.4719787836074829,0.265384316444397,0.15802328288555145,0.19504114823917962,0.23502910137176514,False
Grocery,42,12345,16405,15890,16224,135443,137091,0.26726123690605164,0.7071067690849304,2.284618377685547,5.270386219024658,17,-0.01253974437713623,-0.008981235325336456,-0.003988741230672721,0.6918381452560425,0.33434152603149414,2.155618906021118,2.334503173828125,-0.1554572582244873,-0.03222270309925079,-0.1055751712259399,2.334503173828125,False
Grocery,42,12345,11542,12143,10796,102665,88593,0.03309516981244087,0.05248638987541199,0.41249656677246094,0.14376425743103027,13,0.00015880540013313293,0.012989162467420101,0.00018055586748471925,0.006033588200807571,-0.0003998205065727234,-0.0007636118680238724,-0.0011767186224460602,-1.3286247849464417e-05,-0.005677492823451757,-1.2462831672060767e-05,0.0,True
Grocery,42,12345,11542,10796,12143,88593,102665,0.05248638987541199,0.03309516981244087,0.14376425743103027,0.41249656677246094,13,-7.085688412189484e-05,-0.014468174427747726,-6.4554615768342e-05,0.0,-0.002442987635731697,0.005527503788471222,0.0037494059652090073,0.0006648898124694824,0.056731659919023514,0.0007241771210683883,0.005527503788471222,True
Grocery,42,12345,11611,10833,17071,89381,142155,0.15811388194561005,0.04987546429038048,2.0622618198394775,0.5715787410736084,13,0.0017354264855384827,0.0403449609875679,0.0031311261986285803,0.02128886803984642,0.0004913359880447388,0.0016243048012256622,0.0022735390812158585,0.00015789829194545746,0.03597436100244522,0.00013547783166690066,0.0022735390812158585,True
Grocery,42,12345,11611,17071,10833,142155,89381,0.04987546429038048,0.15811388194561005,0.5715787410736084,2.0622618198394775,13,-0.00011990498751401901,-0.021878492087125778,-0.00014058839140824986,0.0026802904903888702,0.0022179968655109406,0.023814987391233444,0.02459317073225975,-0.0014398135244846344,-0.02844010666012764,-0.0025877161507688014,0.02459317073225975,True
Grocery,42,12345,6971,7335,2966,51295,13312,0.03128056228160858,0.26726123690605164,0.2493249773979187,1.835747241973877,9,4.575774073600769e-05,0.007487636059522629,4.824191555047796e-05,0.003032669425010681,-5.023367702960968e-05,0.006282307207584381,0.0060666389763355255,-0.0001654345542192459,-0.013342367485165596,-0.00035680814739692243,0.006282307207584381,True
Grocery,42,12345,6971,2966,7335,13312,51295,0.26726123690605164,0.03128056228160858,1.835747241973877,0.2493249773979187,9,-0.00158012006431818,-0.11438643932342529,-0.006840327458482184,0.007696992717683315,-0.006628850474953651,0.0018747365102171898,-0.0035504233092069626,0.001203690655529499,0.09985802322626114,0.0008845117691528493,0.0018747365102171898,True
Grocery,42,12345,11572,11524,11161,96615,92990,0.19245009124279022,0.03573708236217499,2.6458852291107178,0.2010350525379181,13,-2.138083800673485e-06,-0.0017939938697963953,-1.3983152458463488e-05,0.0005948264733888209,9.058625437319279e-06,-1.4541306882165372e-05,-4.0525192162021995e-06,1.4301622286438942e-06,0.05170048773288727,2.0332993420354314e-06,9.058625437319279e-06,True
Grocery,42,12345,11572,11161,11524,92990,96615,0.03573708236217499,0.19245009124279022,0.2010350525379181,2.6458852291107178,13,5.958718247711658e-07,0.022210683673620224,6.711949226391554e-07,5.3636758821085095e-06,2.048880560323596e-05,0.0005967288743704557,0.0006026884075254202,-1.4529272448271513e-05,-0.011910058557987213,-2.6965965993137013e-05,0.0006026884075254202,True
Grocery,42,12345,298,4034,653,21627,2783,0.15430335700511932,0.13363061845302582,0.9739866256713867,0.783877432346344,0,0.0005538435652852058,0.0915716290473938,0.000579379533805748,0.002747173421084881,-0.0017725992947816849,0.003298594616353512,0.0021082116290926933,0.0005822163075208664,0.08109522610902786,0.000618748727031362,0.003298594616353512,True
Grocery,42,12345,298,653,4034,2783,21627,0.13363061845302582,0.15430335700511932,0.783877432346344,0.9739866256713867,0,-0.00016637425869703293,-0.016544383019208908,-0.00022876539383601775,0.004944927059113979,0.0010282592847943306,0.003431534394621849,0.004329276271164417,-0.0001305174082517624,-0.014849950559437275,-0.00018313853155080948,0.004329276271164417,True
Grocery,42,12345,10806,11851,12017,99971,101318,0.11396057903766632,0.11952286213636398,1.3499802350997925,1.013981819152832,13,-2.9833870939910412e-05,-0.013137517496943474,-4.379012699426486e-05,0.0011205235496163368,3.988225944340229e-05,0.0004566576681099832,0.00048381363740190864,-1.272629015147686e-05,-0.012981194071471691,-1.6113482871113225e-05,0.00048381363740190864,True
Grocery,42,12345,10806,12097,12017,102142,101318,0.04583492502570152,0.11952286213636398,0.2211582511663437,1.013981819152832,13,-2.3812754079699516e-07,-0.0021589132957160473,-6.856987691138719e-08,5.5025797337293625e-05,1.78581103682518e-06,0.000444883422460407,0.0004457171889953315,-9.520445019006729e-07,-0.0010668403701856732,-9.126253631787689e-07,0.0004457171889953315,True
Grocery,42,12345,10806,12017,11851,101318,99971,0.11952286213636398,0.11396057903766632,1.013981819152832,1.3499802350997925,13,-2.2360938601195812e-05,-0.02140294387936592,-2.8583869199233524e-05,0.0005111945210956037,9.708304423838854e-05,0.0011157146655023098,0.0011606167536228895,-5.218095611780882e-05,-0.021985512226819992,-7.773431581265401e-05,0.0011606167536228895,True
Grocery,42,12345,8929,10687,8440,86399,60324,0.05103103443980217,0.046028729528188705,0.671630859375,0.43796834349632263,12,-0.0006141923367977142,-0.02107101120054722,-0.0008642423832939325,0.014267243444919586,0.002173580229282379,0.008395452052354813,0.010054878890514374,-0.000514153391122818,-0.02492995373904705,-0.0006624215510516434,0.010054878890514374,True
Grocery,42,12345,8929,8440,10687,60324,86399,0.046028729528188705,0.05103103443980217,0.43796834349632263,0.671630859375,12,-0.0005267895758152008,-0.024541279301047325,-0.0006262041418158299,0.010469324886798859,0.002803642302751541,0.012736029922962189,0.014797266572713852,-0.0007424056529998779,-0.02447199448943138,-0.0009369939081076036,0.014797266572713852,True
Grocery,42,12345,12057,10814,10804,88933,88760,0.0714285746216774,0.05698028951883316,1.0084394216537476,0.6110387444496155,13,0.003989681601524353,0.02960173971951008,0.00530119342938578,0.06539446115493774,-0.004257239401340485,0.026656046509742737,0.023793816566467285,0.001395009458065033,0.025499599054455757,0.001544765160197897,0.026656046509742737,True
Grocery,42,12345,12057,10804,10814,88760,88933,0.05698028951883316,0.0714285746216774,0.6110387444496155,1.0084394216537476,13,1.7344951629638672e-05,0.0003038875001948327,1.5567585567831388e-06,0.02854710817337036,0.0001891106367111206,0.06905985623598099,0.06957325339317322,0.0003242865204811096,0.002335983794182539,0.0004941247604290649,0.06957325339317322,True
Grocery,42,12345,5000,5661,5001,37406,32235,0.13608276844024658,0.10540925711393356,1.528579592704773,1.340043544769287,7,-0.00033978745341300964,-0.01908630132675171,-0.0005467741998841586,0.008731445297598839,0.0006973566487431526,0.007175038568675518,0.007487238850444555,-0.00038515636697411537,-0.025075864046812057,-0.0006424875923907364,0.007487238850444555,True
Grocery,42,12345,5000,5001,5661,32235,37406,0.10540925711393356,0.13608276844024658,1.340043544769287,1.528579592704773,7,-0.00012211501598358154,-0.008629310876131058,-0.00019298743166606958,0.00701453210785985,0.00017080549150705338,0.008147727698087692,0.008250262588262558,-6.827060133218765e-05,-0.004120430443435907,-8.635618962810168e-05,0.008250262588262558,True
Grocery,42,12345,5000,14129,5001,121338,32235,0.05504819005727768,0.10540925711393356,0.389090359210968,1.340043544769287,7,-3.580935299396515e-07,-0.00031363527523353696,1.212126270927526e-07,0.0005710497498512268,-7.037539035081863e-05,0.006724253762513399,0.006719506811350584,6.562843918800354e-05,0.004856277257204056,0.00011290701067212583,0.006724253762513399,True
Grocery,42,12345,4626,5456,3982,36168,21017,0.048911601305007935,0.07106690853834152,0.24972522258758545,0.7796396613121033,7,-4.7120265662670135e-06,-0.004602770321071148,-4.823240293684952e-06,0.0005095074884593487,0.00011177081614732742,0.004400009289383888,0.00446283770725131,-4.894239827990532e-05,-0.0054534184746444225,-6.460373162653163e-05,0.00446283770725131,True
Grocery,42,12345,4626,3982,5456,21017,36168,0.07106690853834152,0.048911601305007935,0.7796396613121033,0.24972522258758545,7,0.0002448461018502712,0.02895086444914341,0.00031245565854912376,0.004106220789253712,-0.0003382433205842972,0.0004169768653810024,0.00010384246706962585,2.510892227292061e-05,0.029227938503026962,2.5390528694619154e-05,0.0004169768653810024,True
Grocery,42,12345,13699,5083,14705,32798,127094,0.03823595866560936,0.07856741547584534,0.3348989188671112,0.7229618430137634,16,4.481896758079529e-05,0.013094542548060417,4.173741810700824e-05,0.00015166029334068298,0.00019591767340898514,0.0028553735464811325,0.0030518528074026108,5.615875124931335e-07,9.201595094054937e-05,-1.4551170470084599e-05,0.0030518528074026108,True
Grocery,42,12345,13699,14705,5083,127094,32798,0.07856741547584534,0.03823595866560936,0.7229618430137634,0.3348989188671112,16,0.0002889437600970268,0.053281791508197784,0.0003263284263092456,0.002566991373896599,-0.0007650330662727356,-0.0015339702367782593,-0.002453979104757309,-0.0001549758017063141,-0.03260594606399536,-0.0001312174146944913,0.0,True
Grocery,42,12345,6024,4803,4890,30093,30904,0.0635000616312027,0.125,0.5813300013542175,0.8724286556243896,7,-0.001518338918685913,-0.014203635044395924,-0.0017680235339178202,0.05268978327512741,0.003335811197757721,0.006820552051067352,0.011378251016139984,0.0012218877673149109,0.056740615516901016,0.0012734804685762282,0.011378251016139984,True
Grocery,42,12345,6024,4890,4803,30904,30093,0.125,0.0635000616312027,0.8724286556243896,0.5813300013542175,7,0.0036266371607780457,0.29110318422317505,0.004005985537658604,0.007536336779594421,0.0033641457557678223,0.04685746133327484,0.049977995455265045,-0.0002436116337776184,-0.002431263215839863,-0.0003574290512704779,0.049977995455265045,True
Grocery,42,12345,14236,3842,2905,18924,13080,0.3535533845424652,0.3535533845424652,5.396310329437256,3.9652044773101807,16,0.16004157066345215,0.04474992677569389,0.2578787342864133,0.4579010009765625,0.6164858341217041,0.0855710506439209,0.7035136222839355,0.0014567375183105469,0.001036403002217412,0.003795576012565076,0.7035136222839355,False
Grocery,42,12345,14236,2905,3842,13080,18924,0.3535533845424652,0.3535533845424652,3.9652044773101807,5.396310329437256,16,0.005073070526123047,0.0027826258447021246,0.010757307042646436,0.9140982627868652,0.624853253364563,-1.915446400642395,-1.0833028554916382,0.20729029178619385,0.05720558390021324,0.3312501108262775,0.624853253364563,False
Grocery,42,12345,5376,6059,4557,41421,27245,0.1154700443148613,0.03580574318766594,1.2838488817214966,0.24701571464538574,7,-0.005748160183429718,-0.04170212894678116,-0.008191065984956072,0.06604517251253128,0.007972165942192078,0.003579258918762207,0.011076852679252625,-0.00047457218170166016,-0.020972520112991333,-0.0005561374272052464,0.011076852679252625,True
Grocery,42,12345,5376,4557,6059,27245,41421,0.03580574318766594,0.1154700443148613,0.24701571464538574,1.2838488817214966,7,-0.00010535493493080139,-0.010627161711454391,-0.00011318468629733765,0.0049041882157325745,0.003016822040081024,0.05412209406495094,0.05581624060869217,-0.001322675496339798,-0.011709739454090595,-0.0017684118036472812,0.05581624060869217,True
Grocery,42,12345,6918,7527,7126,53031,49609,0.04029114916920662,0.029695695266127586,0.3204289674758911,0.3239002823829651,10,-1.1133961379528046e-05,-0.008793510496616364,-1.2479823975077324e-05,0.0006275062914937735,7.377401925623417e-05,0.0006871041841804981,0.0007483272347599268,-1.2550968676805496e-05,-0.008316220715641975,-1.4582798114787145e-05,0.0007483272347599268,True
Grocery,42,12345,6918,7126,7527,49609,53031,0.029695695266127586,0.04029114916920662,0.3239002823829651,0.3204289674758911,10,-1.254281960427761e-05,-0.008180791512131691,-1.3974097414431379e-05,0.000760325463488698,8.601974695920944e-05,0.0005679395981132984,0.0006411690264940262,-1.2790318578481674e-05,-0.009875638410449028,-1.4110115329233914e-05,0.0006411690264940262,True
Grocery,42,12345,6918,7004,7527,48403,53031,0.0476190485060215,0.04029114916920662,0.582101047039032,0.3204289674758911,10,-4.951027221977711e-05,-0.017089471220970154,-6.527590831169263e-05,0.0014238005969673395,0.0001053852029144764,0.0005722080823034048,0.0006605344824492931,-1.7058802768588066e-05,-0.012748165987432003,-1.9452193239624202e-05,0.0006605344824492931,True
Grocery,42,12345,14304,15034,16667,130795,139583,0.042562827467918396,0.0824786126613617,0.3714832365512848,0.718411922454834,15,-0.00027298927307128906,-0.0013232083292677999,-0.00028607393063267983,0.10329079627990723,-0.0064504146575927734,0.2286694049835205,0.2214832305908203,-0.0007357597351074219,-0.0016113772289827466,-0.0008067905028579014,0.2286694049835205,False
Grocery,42,12345,14304,16667,15034,139583,130795,0.0824786126613617,0.042562827467918396,0.718411922454834,0.3714832365512848,15,-0.004120349884033203,-0.0068397135473787785,-0.004448244266844592,0.2991476058959961,0.06873941421508789,0.10466337203979492,0.17175745964050293,-0.0016453266143798828,-0.004766848403960466,-0.001685517778014371,0.17175745964050293,False
Grocery,42,12345,14514,14992,3456,130166,16505,0.06933752447366714,0.03160697594285011,0.5708439350128174,0.2516285181045532,16,-0.000543711706995964,-0.025124693289399147,-0.0006538177730433525,0.010548405349254608,0.0024842415004968643,0.0014887582510709763,0.0038674715906381607,-0.00010552816092967987,-0.013459397479891777,-0.00011454615460570976,0.0038674715906381607,True
Grocery,42,12345,14514,3456,14992,16505,130166,0.03160697594285011,0.06933752447366714,0.2516285181045532,0.5708439350128174,16,-3.32854688167572e-05,-0.0077300104312598705,-3.5462703408995324e-05,0.0021363552659749985,0.000874759629368782,0.007780900225043297,0.008500739932060242,-0.00015491992235183716,-0.009029856882989407,-0.0001827517365786449,0.008500739932060242,True
Grocery,42,12345,2913,2985,3376,13479,15765,0.3333333432674408,0.20412413775920868,2.3530497550964355,1.8597623109817505,5,0.0644913911819458,0.056492920964956284,0.059345586668486904,0.5869468450546265,0.6036738157272339,0.23575520515441895,0.8387922644615173,-0.000636756420135498,-0.0003794234071392566,0.010691255739198088,0.8387922644615173,True
Grocery,42,12345,2913,3159,3376,14435,15765,0.17407765984535217,0.20412413775920868,0.9092425107955933,1.8597623109817505,5,-0.012691318988800049,-0.01882552169263363,-0.013799191243556247,0.3307318091392517,0.22253859043121338,0.2456268072128296,0.4576570391654968,-0.010508358478546143,-0.011350295506417751,-0.008214986807179163,0.4576570391654968,True
Grocery,42,12345,2913,3376,2985,15765,13479,0.20412413775920868,0.3333333432674408,1.8597623109817505,2.3530497550964355,5,0.019195139408111572,0.020202891901135445,0.030506051359859565,0.48465675115585327,0.2185261845588684,-0.0018074512481689453,0.26692622900009155,0.05020749568939209,0.10304049402475357,0.05632827989537593,0.26692622900009155,True
Grocery,42,12345,6708,9097,8341,68053,59122,0.08512565493583679,0.40824827551841736,0.550942063331604,2.6987216472625732,9,0.00034809112548828125,0.0008150377543643117,0.00029240791033838254,0.028279781341552734,-0.013505220413208008,-0.575735330581665,-0.547107458114624,0.04213309288024902,0.037077631801366806,0.03669197087310578,0.0,False
Grocery,42,12345,6708,8341,9097,59122,68053,0.40824827551841736,0.08512565493583679,2.6987216472625732,0.550942063331604,9,0.2611217498779297,0.1301187425851822,0.19468585927925508,0.8728370666503906,1.1234064102172852,-0.2239212989807129,0.9100377559661865,0.010552644729614258,0.004674761090427637,0.010682357758713795,1.1234064102172852,False
Grocery,42,12345,12865,12176,4019,103064,21228,0.1666666716337204,0.04402254521846771,1.6456024646759033,0.4233764708042145,14,-0.003998011350631714,-0.04082947224378586,-0.01573760424354139,0.04966628551483154,0.0391697883605957,-0.030182987451553345,0.015485286712646484,0.006498485803604126,0.07659869641065598,0.006616871218145971,0.0391697883605957,True
Grocery,42,12345,12865,4019,12176,21228,103064,0.04402254521846771,0.1666666716337204,0.4233764708042145,1.6456024646759033,14,0.0004672110080718994,0.009766886942088604,0.00042430808707657336,0.009267449378967285,0.004880189895629883,-0.055813342332839966,-0.04607892036437988,0.0048542320728302,0.045463334769010544,0.005680379682860953,0.004880189895629883,True
Grocery,42,12345,16545,13977,13490,119571,114520,0.025717224925756454,0.02865341305732727,0.12189429253339767,0.19834654033184052,17,3.981590270996094e-05,0.0004927256377413869,5.5367525431115894e-05,0.013190269470214844,-0.04049968719482422,0.01460576057434082,-0.02577805519104004,0.00011587142944335938,0.0014325716765597463,0.00015974492790883887,0.01460576057434082,True
Grocery,42,12345,16545,13490,13977,114520,119571,0.02865341305732727,0.025717224925756454,0.19834654033184052,0.12189429253339767,17,0.0009403228759765625,0.008856631815433502,0.000972554118305019,0.013781309127807617,-0.05324447154998779,0.01260077953338623,-0.04001450538635254,0.0006291866302490234,0.005943586118519306,0.0006356292063530705,0.01260077953338623,True
Grocery,42,12345,9986,10700,9738,86767,75895,0.032616402953863144,0.03162277862429619,0.27025890350341797,0.35326018929481506,12,5.990266799926758e-06,0.004794751759618521,6.541236405024778e-06,0.0006216689944267273,-0.0001413300633430481,0.0013359766453504562,0.0012041572481393814,9.510666131973267e-06,0.003546805353835225,1.0258444754179746e-05,0.0013359766453504562,True
Grocery,42,12345,9986,9738,10700,75895,86767,0.03162277862429619,0.032616402953863144,0.35326018929481506,0.27025890350341797,12,-0.00015719421207904816,-0.020157834514975548,-0.00017399300940869051,0.0038204826414585114,0.0023931264877319336,0.000702984631061554,0.0030207857489585876,-7.53253698348999e-05,-0.012314291670918465,-8.386938172018295e-05,0.0030207857489585876,True
Grocery,42,12345,1151,387,398,1745,1764,0.40824827551841736,0.40824827551841736,3.4549684524536133,3.737060070037842,1,-0.0004864970105700195,-0.22059465944766998,-0.0019364421451611314,0.0008594409446232021,0.0005648984806612134,0.0008201723685488105,0.0009223240194842219,-0.00046274682972580194,-0.20054858922958374,-0.0016689036688035247,0.0009223240194842219,True
Grocery,42,12345,1151,398,387,1764,1745,0.40824827551841736,0.40824827551841736,3.737060070037842,3.4549684524536133,1,-0.000650509842671454,-0.2221578061580658,-0.0025294879843753334,0.0011388115817680955,0.0007672834326513112,0.0009071995154954493,0.0010380756575614214,-0.0006364072905853391,-0.2346142679452896,-0.002691231239618804,0.0010380756575614214,True
Grocery,42,12345,6411,995,7351,4179,51416,0.07715167850255966,0.0306569654494524,0.40206679701805115,0.3350776135921478,9,-7.250532507896423e-05,-0.013987201265990734,-0.00010354027747973174,0.0025555877946317196,0.0011946270242333412,0.001943474169820547,0.0029108249582350254,-0.00022727623581886292,-0.03757292777299881,-0.0003067146537824847,0.0029108249582350254,True
Grocery,42,12345,6411,7351,995,51416,4179,0.0306569654494524,0.07715167850255966,0.3350776135921478,0.40206679701805115,9,-6.312737241387367e-05,-0.015115473419427872,-7.511310767456167e-05,0.0020566019229590893,0.00029648561030626297,0.0015349406749010086,0.00181221729144454,-1.9208993762731552e-05,-0.00527190463617444,-2.0460790106175578e-05,0.00181221729144454,True
Grocery,42,12345,14204,10768,13639,88196,116140,0.01328031811863184,0.05923488736152649,0.1417568475008011,0.30491402745246887,15,-2.0174775272607803e-06,-0.011607377789914608,-2.1168667422996615e-06,0.0,-6.1017926782369614e-05,0.000677621690556407,0.0006299857050180435,1.3381941244006157e-05,0.009777579456567764,1.4561786115798081e-05,0.000677621690556407,True
Grocery,42,12345,14204,13639,10768,116140,88196,0.05923488736152649,0.01328031811863184,0.30491402745246887,0.1417568475008011,15,-3.181793726980686e-05,-0.01774374581873417,-3.613278160287999e-05,0.0008806819096207619,0.0001564414706081152,-4.370906390249729e-05,0.00011415127664804459,1.4188699424266815e-06,0.004514211323112249,1.1490710566288853e-06,0.0001564414706081152,True
Grocery,42,12345,6399,7351,6516,51414,44535,0.022388681769371033,0.022733144462108612,0.24470607936382294,0.17585580050945282,9,-2.384122126386501e-07,-0.034432586282491684,-1.5888446444122184e-07,3.337808266223874e-06,1.0728672350523993e-06,1.0728672350523993e-06,2.0265279090381227e-06,-1.1920656106667593e-07,-0.02850288897752762,-7.015903721647093e-08,2.0265279090381227e-06,True
Grocery,42,12345,6399,7327,7351,51196,51414,0.05923488736152649,0.022388681769371033,0.46150776743888855,0.24470607936382294,9,-1.1920656106667593e-07,-0.03692203015089035,8.901255386281256e-10,1.549698026792612e-06,1.4304860087577254e-06,2.384145773248747e-06,3.576221388357226e-06,-2.3841039364924654e-07,-0.032213907688856125,-2.2586568022940947e-07,3.576221388357226e-06,True
Grocery,42,12345,6399,6516,7351,44535,51414,0.022733144462108612,0.022388681769371033,0.17585580050945282,0.24470607936382294,9,-1.1920656106667593e-07,-0.03217075765132904,-5.768716986128749e-08,1.7881129679153673e-06,9.536579455016181e-07,2.3841475922381505e-06,3.0993933251011185e-06,-2.384122126386501e-07,-0.03697919473052025,-1.295184015808393e-07,3.0993933251011185e-06,True
Grocery,42,12345,16433,15761,16424,134844,138252,0.7071067690849304,0.5,8.198861122131348,4.459335803985596,17,0.018458297476172447,0.5129036903381348,0.027925375622109568,0.008764766156673431,-0.00237587234005332,0.0015749800950288773,0.00120000378228724,0.0020008960273116827,0.38845816254615784,0.0010463970569292676,0.0015749800950288773,True
Grocery,42,12345,16433,16424,15761,138252,134844,0.5,0.7071067690849304,4.459335803985596,8.198861122131348,17,0.0015894377138465643,0.2857506275177002,0.0017129823452044415,0.0019864384084939957,-0.01472645252943039,0.012792457826435566,0.01249661110341549,0.014430605806410313,0.36062514781951904,0.03240291993160904,0.012792457826435566,True
Grocery,42,12345,12926,12470,12767,105614,107572,0.14907120168209076,0.28867512941360474,0.8421044945716858,2.319121837615967,14,2.727715764194727e-05,0.02109256386756897,2.3857994889366053e-05,0.0006602396024391055,9.268755093216896e-06,0.0013897030148655176,0.001461458276025951,6.24865060672164e-05,0.02184506691992283,5.0422796520892835e-05,0.001461458276025951,True
Grocery,42,12345,12926,12927,12767,108481,107572,0.3333333432674408,0.28867512941360474,2.9743809700012207,2.319121837615967,14,-0.0004955516196787357,-0.055031731724739075,-0.0012126638390195306,0.004254635889083147,0.00030332361347973347,0.0015184904914349318,0.0017555131344124675,-6.630097050219774e-05,-0.018533607944846153,-0.00016043666943724692,0.0017555131344124675,True
Grocery,42,12345,12926,12767,12927,107572,108481,0.28867512941360474,0.3333333432674408,2.319121837615967,2.9743809700012207,14,-3.3352873288095e-05,-0.009434713050723076,-0.00015812609466369677,0.0017508802702650428,0.000796204898506403,0.0040529281832277775,0.004318266175687313,-0.0005308669060468674,-0.057908061891794205,-0.001451097154594167,0.004318266175687313,True
Grocery,42,12345,11041,13129,10949,110132,90662,0.12309148907661438,0.07580980658531189,0.8432867527008057,0.6930997371673584,13,-0.0251767635345459,-0.023141024634242058,-0.025271661714954152,0.5313971042633057,0.07192087173461914,0.3417472839355469,0.4233126640319824,0.009644508361816406,0.011522973887622356,0.009754453241172035,0.4233126640319824,False
Grocery,42,12345,11041,10949,13129,90662,110132,0.07580980658531189,0.12309148907661438,0.6930997371673584,0.8432867527008057,13,0.008618593215942383,0.01139473170042038,0.008461095104328964,0.3824925422668457,0.04804825782775879,0.4329829216003418,0.472703218460083,-0.008327960968017578,-0.00873195007443428,-0.008497352421723189,0.472703218460083,False
Grocery,42,12345,15416,6001,16614,40855,139219,0.06593804806470871,0.10259783267974854,0.5469964742660522,0.617791473865509,18,-0.0015050768852233887,-0.012358378618955612,-0.0014287177288912663,0.0,-0.04487735033035278,0.020113706588745117,-0.024280965328216553,0.0004826784133911133,0.005406826734542847,0.0005256364307842296,0.020113706588745117,False
Grocery,42,12345,15416,16614,6001,139219,40855,0.10259783267974854,0.06593804806470871,0.617791473865509,0.5469964742660522,18,-0.00017154216766357422,-0.0021512543316930532,-0.0002667346338901394,0.020767927169799805,-0.03627091646194458,-0.01507103443145752,-0.0550270676612854,-0.0036851167678833008,-0.03464464098215103,-0.003887157101492559,0.0,False
Grocery,42,12345,8431,10705,8351,86923,59251,0.10101525485515594,0.06681530922651291,0.8463824391365051,0.6772721409797668,12,0.0004913359880447388,0.022786900401115417,0.00045603293339255106,0.00417676568031311,0.004726901650428772,0.0009945407509803772,0.005662642419338226,-5.879998207092285e-05,-0.005165099166333675,-6.781681901275047e-05,0.005662642419338226,True
Grocery,42,12345,8431,8351,10705,59251,86923,0.06681530922651291,0.10101525485515594,0.6772721409797668,0.8463824391365051,12,2.5004148483276367e-05,0.004983299877494574,2.4894081366619086e-05,0.000910736620426178,-0.0021418780088424683,-0.010181024670600891,-0.012677311897277832,-0.00035440921783447266,-0.014176242053508759,-0.00032744469328463725,0.0,True
Grocery,42,12345,13101,14698,3476,127039,16652,0.06681530922651291,0.125,0.602484405040741,0.9513639807701111,16,-8.217990398406982e-05,-0.003778079990297556,-8.96486874357224e-05,0.010834787040948868,0.001227833330631256,0.017275623977184296,0.01841055601835251,-9.290128946304321e-05,-0.0025166936684399843,-0.00010596707521749629,0.01841055601835251,True
Grocery,42,12345,13101,3476,14698,16652,127039,0.125,0.06681530922651291,0.9513639807701111,0.602484405040741,16,-0.0005095973610877991,-0.012887262739241123,-0.0006839710216305431,0.019516553729772568,0.002128005027770996,0.009921561926603317,0.011745795607566833,-0.00030377134680747986,-0.012765984050929546,-0.0003611788535372128,0.011745795607566833,True
Grocery,42,12345,4533,4557,12599,27188,106639,0.017200522124767303,0.07692307978868484,0.1186625063419342,0.7248059511184692,7,-1.8302351236343384e-05,-0.0049363705329597,-1.925319937832906e-05,0.0018446706235408783,0.0006254874169826508,-0.010657131671905518,-0.009852692484855652,0.00017895177006721497,0.008466953411698341,0.00015820496686762202,0.0006254874169826508,True
Grocery,42,12345,4533,12599,4557,106639,27188,0.07692307978868484,0.017200522124767303,0.7248059511184692,0.1186625063419342,7,-0.0004054456949234009,-0.01672842912375927,-0.0003418941715956393,0.0,-0.0022964365780353546,0.0009739398956298828,-0.0012745074927806854,4.798918962478638e-05,0.01055892463773489,4.733331906950511e-05,0.0009739398956298828,True
Grocery,42,12345,4985,5597,4877,37019,30841,0.026444293558597565,0.03440104424953461,0.18350641429424286,0.2003498375415802,7,-1.4263205230236053e-06,-0.006056441925466061,-1.6099230623544482e-06,0.0001170341856777668,2.6904628612101078e-05,0.0001419122563675046,0.0001662012655287981,-2.6156194508075714e-06,-0.007807163055986166,-2.8639586136229183e-06,0.0001662012655287981,True
Grocery,42,12345,4985,4877,5597,30841,37019,0.03440104424953461,0.026444293558597565,0.2003498375415802,0.18350641429424286,7,-2.9721995815634727e-06,-0.008623313158750534,-3.242427627193808e-06,0.0001708440249785781,2.988218329846859e-05,9.262585081160069e-05,0.00012120103929191828,-1.3069948181509972e-06,-0.005362710449844599,-1.636552481100429e-06,0.00012120103929191828,True
Grocery,42,12345,17007,16755,16387,140041,138029,0.08908708393573761,0.1666666716337204,0.6126453876495361,1.6719837188720703,19,0.0035672783851623535,0.019244341179728508,0.003836659404811024,0.09446746110916138,0.022203803062438965,0.5649784803390503,0.5908429622650146,0.0036606788635253906,0.003107470693066716,0.006675348590809443,0.5908429622650146,True
Grocery,42,12345,17007,16387,16755,138029,140041,0.1666666716337204,0.08908708393573761,1.6719837188720703,0.6126453876495361,19,0.013934850692749023,0.011675638146698475,0.019716992388398746,0.6037164330482483,0.039687514305114746,0.06284528970718384,0.1118575930595398,0.009324789047241211,0.04349443316459656,0.009376399067083166,0.1118575930595398,True
Grocery,42,12345,15608,16858,17048,140560,141963,0.18898224830627441,0.22360679507255554,1.8716360330581665,1.195955753326416,19,0.10332787036895752,0.1345231980085373,0.10136574704263285,0.3323882818222046,-0.4020136594772339,0.44878512620925903,0.14656376838684082,0.09979230165481567,0.10005619376897812,0.09578968660405827,0.44878512620925903,False
Grocery,42,12345,15608,17048,16858,141963,140560,0.22360679507255554,0.18898224830627441,1.195955753326416,1.8716360330581665,19,0.03468048572540283,0.0326412208378315,0.03228307744613712,0.5138972997665405,-0.15340781211853027,0.40144073963165283,0.28230834007263184,0.03427541255950928,0.040942639112472534,0.032516851995110035,0.40144073963165283,False
Grocery,42,12345,12082,5561,15607,36785,134141,0.030772872269153595,0.0555555559694767,0.2985672652721405,0.419668972492218,13,0.00015038996934890747,0.005583715625107288,0.00014553239829322856,0.0013909414410591125,0.0012980327010154724,-0.013602390885353088,-0.012061059474945068,0.0002432987093925476,0.009023933671414852,0.00022640694625809346,0.0012980327010154724,True
Grocery,42,12345,12082,15607,5561,134141,36785,0.0555555559694767,0.030772872269153595,0.419668972492218,0.2985672652721405,13,0.0002983883023262024,0.009130319580435753,0.0002731611959974102,0.0,-0.002274811267852783,-0.01313260942697525,-0.01566634327173233,-0.0002589225769042969,-0.00833251141011715,-0.00022038462179909755,0.0,True
Grocery,42,12345,11756,12130,11575,102425,97123,0.09449112415313721,0.03904344141483307,0.8302127718925476,0.22245077788829803,13,-5.942280404269695e-05,-0.0367104671895504,-7.760431805856343e-05,0.0007796277059242129,0.00011906097643077374,4.9646710976958275e-05,0.00016430788673460484,-4.399800673127174e-06,-0.013211599551141262,-5.02540169188934e-06,0.00016430788673460484,True
Grocery,42,12345,11756,11575,12130,97123,102425,0.03904344141483307,0.09449112415313721,0.22245077788829803,0.8302127718925476,13,-1.5459954738616943e-06,-0.008886724710464478,-1.717564475721879e-06,8.62054293975234e-05,6.009393837302923e-05,0.000626225140877068,0.0006656376644968987,-2.0681414753198624e-05,-0.015297280624508858,-2.602592443773235e-05,0.0006656376644968987,True
Grocery,42,12345,9495,9021,5818,67145,38875,0.04335549846291542,0.02167774923145771,0.47176027297973633,0.22461406886577606,12,1.2732925824820995e-11,6.672448762401473e-07,-1.4761567234813072e-07,9.53642484091688e-06,1.430471456842497e-06,-3.576169547159225e-07,9.536470315651968e-07,-1.192074705613777e-07,-0.04332083463668823,2.1593928832072957e-08,1.430471456842497e-06,True
Grocery,42,12345,9495,5818,8386,38875,59637,0.02167774923145771,0.022941572591662407,0.22461406886577606,0.17670883238315582,12,-1.192074705613777e-07,-0.06629684567451477,-4.9940013357854615e-09,0.0,-3.576169547159225e-07,2.3841166694182903e-06,1.788086592569016e-06,-2.3841312213335186e-07,-0.05251598358154297,5.827263864794915e-08,2.3841166694182903e-06,True
Grocery,42,12345,9495,8386,5818,59637,38875,0.022941572591662407,0.02167774923145771,0.17670883238315582,0.22461406886577606,12,-3.576169547159225e-07,-0.05651428923010826,-1.6180433958296243e-08,2.9801431082887575e-06,5.960300768492743e-07,-3.576169547159225e-07,1.1920565157197416e-07,-1.192074705613777e-07,-0.11008650809526443,9.77740675014527e-09,5.960300768492743e-07,True
Grocery,42,12345,12591,12815,12183,107930,103105,0.05241423845291138,0.043937478214502335,0.36317864060401917,0.35198813676834106,14,1.3855285942554474e-05,0.01362148392945528,1.3299039474803129e-05,8.225161582231522e-05,0.00010964740067720413,0.0021938132122159004,0.00228992011398077,-1.3540498912334442e-05,-0.0029478222131729126,-1.545532444471665e-05,0.00228992011398077,True
Grocery,42,12345,12591,12183,12815,103105,107930,0.043937478214502335,0.05241423845291138,0.35198813676834106,0.36317864060401917,14,-2.8060749173164368e-05,-0.005858420394361019,-3.164516723816501e-05,0.002380872145295143,0.00015047471970319748,-0.0005237134173512459,-0.0003511747345328331,2.20639631152153e-05,0.02151799015700817,2.132823136251957e-05,0.00015047471970319748,True
Grocery,42,12345,10052,16468,10432,138431,83690,0.05773502215743065,0.0471404530107975,0.49790146946907043,0.4744238257408142,12,-0.0005891323089599609,-0.0007706349133513868,-0.0007050761429370778,0.0,-0.1069173812866211,0.04668426513671875,-0.060153961181640625,7.915496826171875e-05,0.00037030590465292335,8.330881202516626e-05,0.04668426513671875,False
Grocery,42,12345,10052,10432,16468,83690,138431,0.0471404530107975,0.05773502215743065,0.4744238257408142,0.49790146946907043,12,-1.9550323486328125e-05,-4.365626591606997e-05,-7.392926326996174e-06,0.22390222549438477,0.1760549545288086,-0.27734804153442383,-0.10022687911987305,0.0010662078857421875,0.0019258495885878801,0.0011196024277219147,0.1760549545288086,False
Grocery,42,12345,13095,14257,13102,122809,109847,0.20851440727710724,0.14744195342063904,1.329954743385315,1.322671890258789,16,-3.121366898994893e-05,-0.06382089853286743,-4.4857800622736464e-05,0.00022892927518114448,6.101466715335846e-05,0.0001272770023206249,0.00016732254880480468,-2.0969120669178665e-05,-0.058964259922504425,-2.83294661840976e-05,0.00016732254880480468,True
Grocery,42,12345,13095,13102,14257,109847,122809,0.14744195342063904,0.20851440727710724,1.322671890258789,1.329954743385315,16,-7.148628355935216e-07,-0.0032775704748928547,-8.366598979687648e-07,0.00010869133984670043,2.7408532332628965e-06,0.00015874231758061796,0.00016041091294027865,-1.0722578736022115e-06,-0.003330985549837351,-1.2100329813669687e-06,0.00016041091294027865,True
Grocery,42,12345,14035,13298,13348,112624,113147,0.20412413775920868,0.14433756470680237,2.711751937866211,1.0254902839660645,15,0.0012308955192565918,0.0009820529958233237,0.018405628565559773,0.6273105144500732,0.059342265129089355,0.18815535306930542,0.2296137511730194,-0.017883867025375366,-0.03748363256454468,-0.020883115104319266,0.2296137511730194,True
Grocery,42,12345,14035,13348,13298,113147,112624,0.14433756470680237,0.20412413775920868,1.0254902839660645,2.711751937866211,15,-0.01292923092842102,-0.029972581192851067,-0.014990022237152428,0.20921969413757324,0.05406606197357178,0.6151299476623535,0.6411489248275757,-0.02804708480834961,-0.02140435203909874,-0.03435979614117271,0.6411489248275757,True
Grocery,42,12345,4318,4029,3788,21464,18421,0.03798685595393181,0.02997453138232231,0.49703627824783325,0.38616815209388733,8,2.168118953704834e-05,0.0015118262963369489,2.3657768268652533e-05,0.007159683853387833,-4.607066512107849e-05,0.005156420171260834,0.005127491429448128,1.7141923308372498e-05,0.001659432309679687,1.7594230036399768e-05,0.005156420171260834,True
Grocery,42,12345,4318,3788,4029,18421,21464,0.02997453138232231,0.03798685595393181,0.38616815209388733,0.49703627824783325,8,0.00013910047709941864,0.01362656895071268,0.00015348798631882425,0.005034461617469788,-0.0007161796092987061,0.007005268707871437,0.006465185433626175,0.0001760963350534439,0.012412825599312782,0.00019853110830564733,0.007005268707871437,True
Grocery,42,12345,10628,8587,9427,62040,72482,0.014287171885371208,0.021281413733959198,0.12431307137012482,0.1657312661409378,12,-2.2435560822486877e-06,-0.004921984393149614,-2.2102196265493088e-06,0.00022678496316075325,7.345620542764664e-05,0.0001183156855404377,0.0001890505664050579,-2.7213245630264282e-06,-0.0071457261219620705,-2.6536911978797672e-06,0.0001890505664050579,True
Grocery,42,12345,10628,9427,10011,72482,78778,0.021281413733959198,0.01835867017507553,0.1657312661409378,0.20921237766742706,12,-3.5455450415611267e-06,-0.007164745591580868,-3.7611173210851047e-06,0.0002456521615386009,0.00013607926666736603,0.00034325942397117615,0.00046977167949080467,-9.567011147737503e-06,-0.01007987093180418,-1.0246246369463574e-05,0.00046977167949080467,True
Grocery,42,12345,10628,10011,9427,78778,72482,0.01835867017507553,0.021281413733959198,0.20921237766742706,0.1657312661409378,12,-3.915745764970779e-06,-0.005775822792202234,-4.117936467691412e-06,0.0003376081585884094,-1.5427358448505402e-06,0.0001146453432738781,0.00011405162513256073,9.490177035331726e-07,0.0041216891258955,9.951447487321295e-07,0.0001146453432738781,True
Grocery,42,12345,10361,10308,9373,82272,71702,0.09090909361839294,0.08703882992267609,0.6577179431915283,0.7586064338684082,12,-1.3883458450436592e-05,-0.01548499520868063,-2.3591017034488672e-05,0.00044134072959423065,2.7952715754508972e-05,-1.7960788682103157e-05,6.375717930495739e-05,5.3765252232551575e-05,0.490198016166687,5.481070967637813e-05,6.375717930495739e-05,True
Grocery,42,12345,10361,9373,10308,71702,82272,0.08703882992267609,0.09090909361839294,0.7586064338684082,0.6577179431915283,12,5.1026465371251106e-05,0.10115838050842285,5.466166464375224e-05,0.0002624969929456711,0.0003150694537907839,0.0003830897621810436,0.0006608087569475174,-3.735045902431011e-05,-0.0274842269718647,-4.854023355499225e-05,0.0006608087569475174,True
Grocery,42,12345,4638,5407,4466,35696,26133,0.03809696435928345,0.014320828951895237,0.32978424429893494,0.19670270383358002,7,9.005703032016754e-05,0.026449263095855713,9.445005277047337e-05,0.0016574151813983917,-0.0006012013182044029,0.0014108577743172646,0.000887732021510601,7.807556539773941e-05,0.026924455538392067,8.12537221732849e-05,0.0014108577743172646,True
Grocery,42,12345,4638,4466,5407,26133,35696,0.014320828951895237,0.03809696435928345,0.19670270383358002,0.32978424429893494,7,-1.107528805732727e-05,-0.003498848294839263,-1.1629836413993167e-05,0.0015771621838212013,9.00905579328537e-05,0.0017604092136025429,0.001837562769651413,-1.2937001883983612e-05,-0.003507794812321663,-1.3819698994022302e-05,0.001837562769651413,True
Grocery,42,12345,13043,13083,13416,109617,113746,0.07161148637533188,0.1348399817943573,0.7948511838912964,1.6628732681274414,15,-6.021559238433838e-05,-0.006655755452811718,-6.860790829047846e-05,0.004493460059165955,0.0005377940833568573,0.014245937578380108,0.01458116713911295,-0.0002025645226240158,-0.006898183375597,-0.00027735656019667424,0.01458116713911295,True
Grocery,42,12345,13043,13416,13083,113746,109617,0.1348399817943573,0.07161148637533188,1.6628732681274414,0.7948511838912964,15,-0.0006488831713795662,-0.020904136821627617,-0.0010954888862345392,0.015196002088487148,0.0006902823224663734,0.004284551367163658,0.004788297228515148,-0.00018653646111488342,-0.019106192514300346,-0.00023938495697201155,0.004788297228515148,True
Grocery,42,12345,4204,4147,4158,21944,22062,0.13363061845302582,0.20412413775920868,1.4346644878387451,2.0604326725006104,7,-0.013555869460105896,-0.03279270604252815,-0.017729605717536123,0.19991238415241241,0.04163622856140137,0.21499067544937134,0.23904584348201752,-0.017581060528755188,-0.035469088703393936,-0.02442444089056443,0.23904584348201752,True
Grocery,42,12345,4204,4158,4147,22062,21944,0.20412413775920868,0.13363061845302582,2.0604326725006104,1.4346644878387451,7,-0.03189840912818909,-0.05448705330491066,-0.04571007718244702,0.276766300201416,0.07258528470993042,0.18742811679840088,0.2348865419626236,-0.025126859545707703,-0.050771597772836685,-0.03503564330967169,0.2348865419626236,True
Grocery,42,12345,7950,6608,7351,45462,51516,0.05063696950674057,0.038778338581323624,0.3808216452598572,0.4238434135913849,9,-0.0001852228306233883,-0.035591501742601395,-0.00021577327212128172,0.002509449142962694,0.0014805886894464493,0.0032775970175862312,0.004337327089160681,-0.00042085861787199974,-0.04627096652984619,-0.0005299830615529153,0.004337327089160681,True
Grocery,42,12345,7950,7351,6608,51516,45462,0.038778338581323624,0.05063696950674057,0.4238434135913849,0.3808216452598572,9,-0.00025818590074777603,-0.0331408865749836,-0.0003173828234619182,0.0037661795504391193,0.0007645450532436371,0.0013777860440313816,0.0020290412940084934,-0.00011328980326652527,-0.027158817276358604,-0.00012891149924207615,0.0020290412940084934,True
Grocery,42,12345,12449,12928,12455,108486,105535,0.18257418274879456,0.22360679507255554,1.2729060649871826,1.67250657081604,14,0.024648964405059814,0.056402787566185,0.027610786591723196,0.20618391036987305,-0.021109402179718018,0.21278083324432373,0.19383934140205383,0.00216791033744812,0.005068413447588682,-0.00635529184030078,0.21278083324432373,True
Grocery,42,12345,12449,12455,12928,105535,108486,0.22360679507255554,0.18257418274879456,1.67250657081604,1.2729060649871826,14,-0.02211269736289978,-0.04761521518230438,-0.05814773193590725,0.23706144094467163,-0.0668143630027771,0.17993438243865967,0.16401860117912292,0.050898581743240356,0.12391097098588943,0.04705922538614069,0.17993438243865967,True
Grocery,42,12345,16710,16429,8080,138285,57351,0.7071067690849304,0.05832118168473244,6.801370620727539,0.5324645638465881,17,1.8720791339874268,0.3176310360431671,1.5933659873759853,2.0109004974365234,-0.22048789262771606,-0.002463206648826599,-0.2295093536376953,-0.006558254361152649,-0.014494646340608597,-0.01210164039882983,0.0,True
Grocery,42,12345,16710,8080,16429,57351,138285,0.05832118168473244,0.7071067690849304,0.5324645638465881,6.801370620727539,17,-0.0013106167316436768,-0.01796603761613369,-0.0011096786076006592,0.0,-0.12598514556884766,3.7864136695861816,3.7569944858551025,0.09656596183776855,0.01259108167141676,0.022857162002284062,3.7864136695861816,True
Grocery,42,12345,7105,10350,6997,82822,48338,0.07647191733121872,0.10050378739833832,0.7038771510124207,0.6336489915847778,9,0.002480626106262207,0.009124541655182838,0.0024705529653623187,0.1346912384033203,0.1414167881011963,0.22613763809204102,0.36330950260162354,-0.0042449235916137695,-0.005808090325444937,-0.003606987064484358,0.36330950260162354,False
Grocery,42,12345,7105,6997,10350,48338,82822,0.10050378739833832,0.07647191733121872,0.6336489915847778,0.7038771510124207,9,-0.007918238639831543,-0.00768186105415225,-0.006269296434173566,0.5114263296127319,0.27719712257385254,-0.10343241691589355,0.1781829595565796,0.0044182538986206055,0.007906504906713963,0.004116457403952195,0.27719712257385254,False
Grocery,42,12345,3578,15289,2330,132186,10101,0.15430335700511932,0.1428571492433548,0.6161263585090637,0.9979082942008972,3,0.018497943878173828,0.05674181133508682,0.01863619487843879,0.12533724308013916,0.132554292678833,-0.1852492094039917,-0.04141354560852051,0.011281371116638184,0.03140544518828392,0.005420508608665046,0.132554292678833,False
Grocery,42,12345,3578,2330,15289,10101,132186,0.1428571492433548,0.15430335700511932,0.9979082942008972,0.6161263585090637,3,0.01503676176071167,0.04142673313617706,0.014284878993552075,0.07372176647186279,0.07758885622024536,-0.16492128372192383,-0.07616323232650757,0.011169195175170898,0.035049039870500565,0.011267754075269767,0.07758885622024536,False
Grocery,42,12345,3776,15426,16612,133016,139192,0.25,0.1666666716337204,2.6650590896606445,1.6063834428787231,5,-0.019472837448120117,-0.004024976398795843,-0.034378786175428555,0.0,-0.0664825439453125,-0.5008115768432617,-0.5721325874328613,-0.004838466644287109,-0.004246404394507408,-0.008314793924654701,0.0,False
Grocery,42,12345,3776,16612,15426,139192,133016,0.1666666716337204,0.25,1.6063834428787231,2.6650590896606445,5,0.0002503395080566406,0.00024748098803684115,0.0003078111204106726,0.05682182312011719,0.05437493324279785,-2.3795833587646484,-2.322512149810791,0.0026962757110595703,0.0005668647936545312,0.00678350355060648,0.05437493324279785,False
Grocery,42,12345,13288,14824,5268,128169,34370,0.0653720498085022,0.026324907317757607,0.5035337209701538,0.3157106935977936,16,-0.0001418590545654297,-0.0004666867898777127,-0.00013159453073766092,0.15191435813903809,0.07083725929260254,-0.1345827579498291,-0.06322145462036133,0.0005240440368652344,0.0019507190445438027,0.0005314036094784245,0.07083725929260254,False
Grocery,42,12345,13288,5268,14824,34370,128169,0.026324907317757607,0.0653720498085022,0.3157106935977936,0.5035337209701538,16,0.0001575946807861328,0.0005874370108358562,0.0001632332920575852,0.023702144622802734,0.02393341064453125,0.08048486709594727,0.10434460639953613,-7.367134094238281e-05,-0.0003528948000166565,-7.217066854335081e-05,0.10434460639953613,False
Grocery,42,12345,7378,8317,8274,58972,58725,0.12909944355487823,0.12126781791448593,1.1984386444091797,1.125737190246582,10,-0.00016588764265179634,-0.023839309811592102,-0.00024305419741853414,0.003396339248865843,0.00037375418469309807,0.0029112445190548897,0.003132401965558529,-0.00015259673818945885,-0.023778554052114487,-0.00021978616976028832,0.003132401965558529,True
Grocery,42,12345,7378,8274,8317,58725,58972,0.12126781791448593,0.12909944355487823,1.125737190246582,1.1984386444091797,10,-7.235980592668056e-05,-0.011844387277960777,-0.00010423351072755792,0.003018418326973915,0.00026550982147455215,0.0030873932410031557,0.0032748039811849594,-7.809908129274845e-05,-0.011783708818256855,-0.00011328354052539467,0.0032748039811849594,True
Grocery,42,12345,13584,13051,14540,109277,125648,0.18257418274879456,0.3162277638912201,1.5379059314727783,3.1947031021118164,16,-0.0003408050397410989,-0.09430339932441711,-0.0005960505128976416,0.0016365530900657177,0.0017835544422268867,0.0024918944109231234,0.003353640902787447,-0.0009218079503625631,-0.12082789093255997,-0.0019423571044006609,0.003353640902787447,True
Grocery,42,12345,13584,14540,13051,125648,109277,0.3162277638912201,0.18257418274879456,3.1947031021118164,1.5379059314727783,16,-0.001955979038029909,-0.1553291529417038,-0.004897788300246156,0.00531824491918087,0.0024774037301540375,0.0011192257516086102,0.002911405172199011,-0.0006852243095636368,-0.10528881847858429,-0.0014156873169198314,0.002911405172199011,True
Grocery,42,12345,1396,1040,1782,4362,7585,0.20412413775920868,0.20412413775920868,2.707622528076172,1.760399580001831,0,-0.006442349404096603,-0.12346669286489487,-0.012924738336795616,0.022868242114782333,0.006113219074904919,0.007574237883090973,0.01117690745741129,-0.0025105495005846024,-0.10096974670886993,-0.004116646631549433,0.01117690745741129,True
Grocery,42,12345,1396,1782,1040,7585,4362,0.20412413775920868,0.20412413775920868,1.760399580001831,2.707622528076172,0,-0.002116539515554905,-0.09378401935100555,-0.003370818174327642,0.010225840844213963,0.00854438729584217,0.018321994692087173,0.02136760950088501,-0.005498772487044334,-0.11400198936462402,-0.010813671650996295,0.02136760950088501,True
Grocery,42,12345,7705,3284,8206,15191,58233,0.22360679507255554,0.28867512941360474,1.0049587488174438,3.4143218994140625,9,-0.0036175791174173355,-0.1298307478427887,-0.0027419226413078627,0.0,-0.03886055946350098,0.07833534479141235,0.06777073442935944,0.02829594910144806,0.15297864377498627,0.03586618005077087,0.07833534479141235,True
Grocery,42,12345,7705,8206,3284,58233,15191,0.28867512941360474,0.22360679507255554,3.4143218994140625,1.0049587488174438,9,-0.003500521183013916,-0.015421031974256039,-0.02371301629795816,0.11174800992012024,0.0034976061433553696,-0.006912045180797577,-0.005296055227518082,-0.0018816161900758743,-0.11980454623699188,-0.0024145722490203185,0.0034976061433553696,True
Grocery,42,12345,6705,13207,13232,111148,111846,0.03726780042052269,0.07106690853834152,0.22772234678268433,1.0685490369796753,11,-0.00041675567626953125,-0.02489512972533703,-0.00037200965765719907,0.0003399848937988281,0.0009707212448120117,0.0037347078323364258,0.0036579370498657227,-0.0010474920272827148,-0.1252475082874298,-0.0006315545941366517,0.0037347078323364258,True
Grocery,42,12345,6705,13232,13207,111846,111148,0.07106690853834152,0.03726780042052269,1.0685490369796753,0.22772234678268433,11,-0.0005449056625366211,-0.014676084741950035,-0.0005820260402598747,0.018291950225830078,0.015296638011932373,-0.008342325687408447,0.006718039512634277,-0.00023627281188964844,-0.0077831377275288105,-0.00022766385850388662,0.015296638011932373,True
Grocery,42,12345,15675,16695,15348,139718,132654,0.09365858137607574,0.1666666716337204,1.0168079137802124,1.6702666282653809,17,0.011925220489501953,0.06928563863039017,0.012678519574848793,0.0,-0.04822969436645508,-0.04502063989639282,-0.0671088695526123,0.026141464710235596,0.16301816701889038,0.028766213021240314,0.0,True
Grocery,42,12345,15675,15348,16695,132654,139718,0.1666666716337204,0.09365858137607574,1.6702666282653809,1.0168079137802124,17,0.0392383337020874,0.2865508794784546,0.03993218008206692,0.0,-0.010943233966827393,-0.0662955641746521,-0.057025372982025146,0.020213425159454346,0.15054963529109955,0.01969857435220419,0.0,True
Grocery,42,12345,5396,4374,4722,25221,29283,0.019992005079984665,0.048112522810697556,0.053686220198869705,0.15894697606563568,7,3.893859684467316e-06,0.02048387937247753,3.929826270276323e-06,9.309500455856323e-05,8.094869554042816e-05,-0.0003451146185398102,-0.00024812575429677963,1.6040168702602386e-05,0.023791441693902016,1.5735980346743323e-05,8.094869554042816e-05,True
Grocery,42,12345,5396,4722,4374,29283,25221,0.048112522810697556,0.019992005079984665,0.15894697606563568,0.053686220198869705,7,2.4567358195781708e-05,0.03598419949412346,2.417486151488847e-05,1.6898848116397858e-05,3.497116267681122e-05,-5.824211984872818e-05,-1.6775913536548615e-05,6.495043635368347e-06,0.05904628336429596,6.487093958491218e-06,3.497116267681122e-05,True
Grocery,42,12345,5587,6233,4307,42642,23352,0.04233337566256523,0.03928370773792267,0.2537728250026703,0.26551827788352966,7,-0.0001842975616455078,-0.0011754597071558237,-0.00017437206867014499,0.07830166816711426,0.008678436279296875,0.07134437561035156,0.07965606451034546,-0.0003667473793029785,-0.002296780701726675,-0.0003593891315918279,0.07965606451034546,True
Grocery,42,12345,5587,4307,6233,23352,42642,0.03928370773792267,0.04233337566256523,0.26551827788352966,0.2537728250026703,7,-0.00033915042877197266,-0.0021454256493598223,-0.0003319416992133839,0.07887077331542969,0.007730007171630859,0.06998157501220703,0.07753568887710571,-0.00017589330673217773,-0.001132988021709025,-0.00016642500465814469,0.07753568887710571,True
Grocery,42,12345,12639,12640,12411,107014,105296,0.1414213627576828,0.18257418274879456,1.1316099166870117,1.5282176733016968,14,0.0003129076212644577,0.009784928523004055,0.00021555226588132644,0.01583280600607395,-0.002228550612926483,0.01998957060277462,0.018653035163879395,0.0008920151740312576,0.021825047209858894,0.0009849520181374684,0.01998957060277462,True
Grocery,42,12345,12639,12411,12640,105296,107014,0.18257418274879456,0.1414213627576828,1.5282176733016968,1.1316099166870117,14,-0.0029043108224868774,-0.052531998604536057,-0.004644177535054299,0.026191093027591705,0.0048752278089523315,0.01861574500799179,0.02102094143629074,-0.0024700313806533813,-0.05549145117402077,-0.0038335640987517574,0.02102094143629074,True
Grocery,42,12345,7187,7699,7736,54403,54733,0.13608276844024658,0.07784989476203918,1.2194465398788452,0.7369338274002075,10,-0.00018980493769049644,-0.022331388667225838,-0.000280428635446832,0.0041548265144228935,0.00035785185173153877,0.0019374345429241657,0.0022068358957767487,-8.845049887895584e-05,-0.019646357744932175,-0.00011640306268354992,0.0022068358957767487,True
Grocery,42,12345,7187,7736,7699,54733,54403,0.07784989476203918,0.13608276844024658,0.7369338274002075,1.2194465398788452,10,-5.308026447892189e-05,-0.01255731750279665,-6.549478012570355e-05,0.0020869742147624493,0.0002978462725877762,0.003808556590229273,0.00399346649646759,-0.0001129363663494587,-0.013942969031631947,-0.00015513787772337306,0.00399346649646759,True
Grocery,42,12345,3294,4557,9822,27142,76724,0.020672455430030823,0.04072314873337746,0.14261458814144135,0.3224250078201294,4,1.71661376953125e-05,0.0003363039577379823,1.638252988872199e-05,0.025513172149658203,-0.012348651885986328,0.017397403717041016,0.0056302547454833984,0.0005815029144287109,0.016437631100416183,0.000607263976543701,0.017397403717041016,False
Grocery,42,12345,3294,9822,4557,76724,27142,0.04072314873337746,0.020672455430030823,0.3224250078201294,0.14261458814144135,4,0.0015306472778320312,0.02564716711640358,0.0015785135777839077,0.016448259353637695,-0.02914714813232422,0.025458335876464844,-0.003616809844970703,7.200241088867188e-05,0.0012366808950901031,6.463732705292284e-05,0.025458335876464844,False
Grocery,42,12345,13937,13049,13791,109265,117700,0.1767766922712326,0.0857492983341217,1.1926932334899902,0.4437915086746216,16,-0.0011748820543289185,-0.004657142795622349,-0.001699167622332097,0.12555021047592163,0.0681302547454834,-0.01118101179599762,0.06474645435810089,0.007797211408615112,0.054125599563121796,0.009493034338666136,0.0681302547454834,True
Grocery,42,12345,13937,13791,13049,117700,109265,0.0857492983341217,0.1767766922712326,0.4437915086746216,1.1926932334899902,16,0.002648487687110901,0.048741891980171204,0.002725967411626378,0.02584424614906311,0.03028862178325653,0.05024375021457672,0.07873648405075073,-0.0017958879470825195,-0.011275825090706348,-0.002777063873942544,0.07873648405075073,True
Grocery,42,12345,4475,1707,947,7214,3951,0.05607721582055092,0.057166196405887604,0.3861806094646454,0.5116240382194519,8,-0.0009504556655883789,-0.013223509304225445,-0.0008711648394713117,0.0,-0.039070069789886475,0.07438693940639496,0.044492125511169434,0.00917525589466095,0.058089934289455414,0.009686975940756746,0.07438693940639496,True
Grocery,42,12345,4475,4657,947,28795,3951,0.08703882992267609,0.057166196405887604,0.7566837072372437,0.5116240382194519,8,0.01718677580356598,0.11174773424863815,0.017435471468417785,0.06830649077892303,-0.07493123412132263,0.06601528823375702,0.008630961179733276,0.01754690706729889,0.1173098012804985,0.017828073996075937,0.06601528823375702,True
Grocery,42,12345,4475,947,1707,3951,7214,0.057166196405887604,0.05607721582055092,0.5116240382194519,0.3861806094646454,8,0.008381739258766174,0.052800796926021576,0.008887390330664643,0.07518045604228973,-0.027774125337600708,-0.006724342703819275,-0.03524318337440491,-0.0007447153329849243,-0.010678199119865894,-0.0006750381538326786,0.0,True
Grocery,42,12345,15477,9420,4928,72351,31423,0.035828717052936554,0.029514066874980927,0.2723962962627411,0.24470782279968262,19,0.0009059906005859375,0.0025217935908585787,0.0008962885886414917,0.17917919158935547,-0.02705097198486328,0.05827617645263672,0.032441139221191406,0.0012159347534179688,0.010324805974960327,0.0011768656095939686,0.05827617645263672,False
Grocery,42,12345,15477,4928,9420,31423,72351,0.029514066874980927,0.035828717052936554,0.24470782279968262,0.2723962962627411,19,0.00018978118896484375,0.0015975594287738204,0.0001800150195616218,0.059302330017089844,-0.008376598358154297,0.1797471046447754,0.1717085838317871,0.0003380775451660156,0.0009395420202054083,0.000342492187820695,0.1797471046447754,False
Grocery,42,12345,15477,5125,4928,33295,31423,0.033296357840299606,0.029514066874980927,0.16359740495681763,0.24470782279968262,19,0.0002651214599609375,0.0021787856239825487,0.00026320702323884976,0.06070899963378906,-0.017493724822998047,0.05932474136352539,0.04199838638305664,0.00016736984252929688,0.0014086371520534158,0.00015816086471567213,0.05932474136352539,False
Grocery,42,12345,14661,3004,13080,13569,109579,0.19245009124279022,0.08084520697593689,1.5818003416061401,0.5928165316581726,16,0.025069892406463623,0.10972552746534348,0.022424814163507847,0.0768095850944519,0.08829709887504578,-0.04907125234603882,0.05280831456184387,0.013582468032836914,0.07142025977373123,0.013849552947697422,0.08829709887504578,True
Grocery,42,12345,14661,13080,3004,109579,13569,0.08084520697593689,0.19245009124279022,0.5928165316581726,1.5818003416061401,16,0.011175960302352905,0.08195046335458755,0.011325060987020706,0.0625993013381958,0.05459985136985779,-0.1208796501159668,-0.04710429906845093,0.01917549967765808,0.08614956587553024,0.016889935221561653,0.05459985136985779,True
Grocery,42,12345,4122,4067,4271,21702,22958,0.25,0.06681530922651291,2.738450050354004,0.8737968802452087,8,0.00022769375937059522,0.15016767382621765,0.00039454140220488245,0.0006442798767238855,-5.220384628046304e-05,4.231333150528371e-05,2.8605572879314423e-06,1.2751072063110769e-05,0.13093098998069763,1.1308100012390407e-05,4.231333150528371e-05,True
Grocery,42,12345,4122,4271,4067,22958,21702,0.06681530922651291,0.25,0.8737968802452087,2.738450050354004,8,4.885790986008942e-06,0.04641948640346527,5.254116781146996e-06,5.017861258238554e-05,-9.777472587302327e-05,0.0007889786502346396,0.0007741989102214575,8.299498585984111e-05,0.04996801167726517,0.00017439902243489335,0.0007889786502346396,True
Grocery,42,12345,11258,11044,10919,91772,90344,0.14907120168209076,0.11952286213636398,1.2423176765441895,1.1131795644760132,13,0.05424696207046509,0.06231444329023361,0.05225578917226731,0.408144474029541,-0.2031768560409546,0.49970686435699463,0.3607481122016907,0.06421810388565063,0.060376256704330444,0.06035875972544949,0.49970686435699463,True
Grocery,42,12345,11258,11030,10919,91596,90344,0.12909944355487823,0.11952286213636398,0.7438358068466187,1.1131795644760132,13,0.005240201950073242,0.02722798101603985,0.0051726372742244495,0.0528145432472229,-0.1361865997314453,0.5213465094566345,0.42773836851119995,0.04257845878601074,0.0392330028116703,0.03918935884496721,0.5213465094566345,True
Grocery,42,12345,11258,10919,11044,90344,91772,0.11952286213636398,0.14907120168209076,1.1131795644760132,1.2423176765441895,13,0.05912339687347412,0.0553213506937027,0.055619651243045465,0.5048015713691711,-0.1787179708480835,0.41138654947280884,0.2836734652519226,0.051004886627197266,0.058372821658849716,0.0498743821744788,0.41138654947280884,True
Grocery,42,12345,9628,9807,9963,76597,78263,0.3162277638912201,0.3535533845424652,2.0091981887817383,1.8592488765716553,12,0.02072286605834961,0.019712721928954124,0.013387845554399647,0.5359830856323242,0.06629753112792969,0.15071630477905273,0.24258017539978027,0.02556633949279785,0.05562809482216835,0.023182487411923025,0.24258017539978027,False
Grocery,42,12345,9628,9963,9807,78263,76597,0.3535533845424652,0.3162277638912201,1.8592488765716553,2.0091981887817383,12,0.0068361759185791016,0.010690021328628063,0.007620726192249683,0.3231637477874756,0.13260483741760254,0.4437296390533447,0.5974464416503906,0.02111196517944336,0.017986290156841278,0.01529196073005902,0.5974464416503906,False
Grocery,42,12345,14008,14965,5846,129841,39097,0.15075567364692688,0.5,1.4987784624099731,2.963939666748047,16,-0.007722973823547363,-0.007506829686462879,-0.004014329413869644,0.5105350017547607,0.11522185802459717,0.10975098609924316,0.21247482299804688,-0.012498021125793457,-0.028570322319865227,-0.01637711834776835,0.21247482299804688,True
Grocery,42,12345,14008,5846,14965,39097,129841,0.5,0.15075567364692688,2.963939666748047,1.4987784624099731,16,-0.004950881004333496,-0.008681858889758587,-0.005910967749982926,0.28265249729156494,0.20419132709503174,0.4238309860229492,0.604279637336731,-0.02374267578125,-0.019266929477453232,-0.021591968737361127,0.604279637336731,True
Grocery,42,12345,13398,13273,8994,112216,66984,0.06085805967450142,0.053452249616384506,0.5213384032249451,0.6963664293289185,16,-0.0025626420974731445,-0.026712924242019653,-0.0030105229253803226,0.04668501019477844,0.009127840399742126,-0.018038980662822723,-0.00760265439748764,0.0013084858655929565,0.03763316571712494,0.001232884011932117,0.009127840399742126,True
Grocery,42,12345,13398,13275,8994,112250,66984,0.08770579844713211,0.053452249616384506,0.7110159397125244,0.6963664293289185,16,-0.0013720020651817322,-0.015358643606305122,-0.00161250999428484,0.0439794659614563,0.004815399646759033,-0.01739823818206787,-0.011915095150470734,0.0006677433848381042,0.01956542581319809,0.0006058100109921885,0.004815399646759033,True
Grocery,42,12345,13398,8994,13273,66984,112216,0.053452249616384506,0.06085805967450142,0.6963664293289185,0.5213384032249451,16,-0.0003622695803642273,-0.010945119895040989,-0.000232614145364015,0.001507870852947235,0.0008916109800338745,0.03343205153942108,0.03457765281200409,0.0002539902925491333,0.00368629046715796,7.900616809205954e-05,0.03457765281200409,True
Grocery,42,12345,8731,4466,10514,26177,84628,0.019034674391150475,0.02264554053544998,0.26144939661026,0.29130324721336365,12,-6.448477506637573e-05,-0.004601781256496906,-5.894450301277207e-05,0.0,-0.0004156269133090973,0.0018586218357086182,0.0014519691467285156,8.974224328994751e-06,0.002408393891528249,9.70112056015065e-06,0.0018586218357086182,True
Grocery,42,12345,8731,10514,4466,84628,26177,0.02264554053544998,0.019034674391150475,0.29130324721336365,0.26144939661026,12,-4.798173904418945e-05,-0.004122657235711813,-5.06432361883464e-05,0.005795277655124664,0.0032597482204437256,-0.0073166340589523315,-0.0034369342029094696,0.0006199516355991364,0.04424014687538147,0.0005924029292028587,0.0032597482204437256,True
Grocery,42,12345,9679,16925,8392,141132,59664,0.09622504562139511,0.09622504562139511,1.0266541242599487,0.7026365995407104,12,-1.3628508895635605e-05,-0.009119058027863503,-1.0261222503911253e-05,0.0,-2.869497984647751e-05,-0.00013967184349894524,-0.0001610121689736843,7.354654371738434e-06,0.022328171879053116,7.734627589215647e-06,0.0,True
Grocery,42,12345,9679,8392,16925,59664,141132,0.09622504562139511,0.09622504562139511,0.7026365995407104,1.0266541242599487,12,-2.245185896754265e-05,-0.028459757566452026,-2.553839239763618e-05,0.0004056701436638832,0.00016952864825725555,-0.0009600413031876087,-0.0005768230184912682,0.000213689636439085,0.1252281218767166,0.00018150247307453657,0.00016952864825725555,True
Grocery,42,12345,6298,5834,14188,39043,122152,0.07216878235340118,0.08164965361356735,0.6906627416610718,1.2973153591156006,8,0.00995074212551117,0.09349508583545685,0.010220654762193249,0.048239946365356445,-0.03925800323486328,0.03713548183441162,0.006283119320869446,0.008405640721321106,0.10166890919208527,0.008526219108994015,0.03713548183441162,True
Grocery,42,12345,6298,14188,5834,122152,39043,0.08164965361356735,0.07216878235340118,1.2973153591156006,0.6906627416610718,8,0.0014264732599258423,0.01591048762202263,0.001579501129273457,0.044114843010902405,-0.006972804665565491,0.05650542676448822,0.05121779441833496,0.0016851723194122314,0.014692507684230804,0.0018463051288079106,0.05650542676448822,True
Grocery,42,12345,11240,12143,11207,102651,93449,0.049088068306446075,0.07559289038181305,0.6118312478065491,0.9369152188301086,13,-0.00014743581414222717,-0.0067106327041983604,-0.00020250731502962846,0.010911516845226288,0.0006927996873855591,0.017714375630021095,0.018231656402349472,-0.0001755189150571823,-0.00479051424190402,-0.00024429441570426554,0.018231656402349472,True
Grocery,42,12345,11240,11207,11026,93449,91558,0.07559289038181305,0.10540925711393356,0.9369152188301086,1.2707961797714233,13,-0.00011787191033363342,-0.0031689282041043043,-0.00023379075748472186,0.018539130687713623,0.0010184459388256073,0.028255365788936615,0.02913776785135269,-0.00013604387640953064,-0.0023290561512112617,-0.0002581910966212434,0.02913776785135269,True
Grocery,42,12345,11240,11026,11207,91558,93449,0.10540925711393356,0.07559289038181305,1.2707961797714233,0.9369152188301086,13,-0.0004537217319011688,-0.0075960042886435986,-0.0006551974289711604,0.029638949781656265,0.001362428069114685,0.017835378646850586,0.018901284784078598,-0.000296521931886673,-0.007782910950481892,-0.0004249651009435374,0.018901284784078598,True
Grocery,42,12345,8834,9736,9686,75786,75003,0.025197632610797882,0.02300218679010868,0.30396029353141785,0.26385384798049927,12,-0.00012001395225524902,-0.0018166305962949991,-0.00012773686714165344,0.03297200798988342,0.0025574564933776855,0.06288394331932068,0.0653025209903717,-0.00013887882232666016,-0.001062219962477684,-0.00014315972606610954,0.0653025209903717,True
Grocery,42,12345,8834,9686,9736,75003,75786,0.02300218679010868,0.025197632610797882,0.26385384798049927,0.30396029353141785,12,-0.0009088516235351562,-0.0062896315939724445,-0.0009321827734703053,0.07179555296897888,0.008600562810897827,0.030892491340637207,0.039034128189086914,-0.0004589259624481201,-0.005844166502356529,-0.00046727768209106575,0.039034128189086914,True
Grocery,42,12345,13177,13234,14133,111955,121429,0.18257418274879456,0.031008683145046234,1.303717017173767,0.18974073231220245,15,-0.0032708998769521713,-0.06430388242006302,-0.005104575968043885,0.023797687143087387,0.004131503403186798,0.0022138990461826324,0.00596003420650959,-0.0003853682428598404,-0.031316883862018585,-0.0004598331165257889,0.00596003420650959,True
Grocery,42,12345,13177,14133,13234,121429,111955,0.031008683145046234,0.18257418274879456,0.18974073231220245,1.303717017173767,15,-3.52710485458374e-05,-0.007882218807935715,-3.775823626837567e-05,0.0022197403013706207,0.0006208643317222595,0.017045577988028526,0.017401516437530518,-0.00026492588222026825,-0.007554639596492052,-0.000351042675016569,0.017401516437530518,True
Grocery,42,12345,6867,3788,13207,18509,111158,0.02997453138232231,0.03042902983725071,0.38616815209388733,0.18593449890613556,11,5.028583109378815e-05,0.0236811563372612,4.832179478599856e-05,9.65343788266182e-05,0.00014376360923051834,1.832190901041031e-05,0.00016514211893081665,3.0566006898880005e-06,0.009340614080429077,3.1276689668644153e-06,0.00016514211893081665,True
Grocery,42,12345,6867,13207,3788,111158,18509,0.03042902983725071,0.02997453138232231,0.18593449890613556,0.38616815209388733,11,-4.647299647331238e-07,-0.001008346094749868,-4.484080740391796e-07,0.00023020431399345398,0.00017177965492010117,-0.001073160208761692,-0.0008647991344332695,3.658141940832138e-05,0.017339227721095085,3.4263394715275276e-05,0.00017177965492010117,True
Grocery,42,12345,10092,12465,12543,105574,106213,0.11396057903766632,0.18898224830627441,0.7405584454536438,0.6797298192977905,12,-0.0043125152587890625,-0.005320336204022169,-0.0035841928439754034,0.4031296968460083,0.266359806060791,0.2509068250656128,0.5074977874755859,-0.009768843650817871,-0.00953277014195919,-0.0077484179687538944,0.5074977874755859,False
Grocery,42,12345,10092,12543,12465,106213,105574,0.18898224830627441,0.11396057903766632,0.6797298192977905,0.7405584454536438,12,0.0007330179214477539,0.0014396789483726025,0.0006136285937200503,0.2549433708190918,0.013672709465026855,0.14136052131652832,0.15589964389801025,0.0008664131164550781,0.0027864957228302956,0.0007332548763863626,0.15589964389801025,False
Grocery,42,12345,5510,5914,10593,40013,85526,0.0357142873108387,0.04029114916920662,0.4407929480075836,0.20455972850322723,7,1.0359566658735275e-05,0.002882477128878236,1.1945489090583756e-05,0.0017918054945766926,-3.210548311471939e-05,0.0005170279182493687,0.000487632118165493,2.7096830308437347e-06,0.0026135677471756935,3.06665573101441e-06,0.0005170279182493687,True
Grocery,42,12345,5510,10593,5914,85526,40013,0.04029114916920662,0.0357142873108387,0.20455972850322723,0.4407929480075836,7,6.920658051967621e-05,0.044190432876348495,6.716958135524569e-05,0.0004505310207605362,-0.0009876028634607792,0.0015630032867193222,0.0008145621977746487,0.00023916177451610565,0.07106956839561462,0.0002542202703874904,0.0015630032867193222,True
Grocery,42,12345,5851,5874,5873,39492,39432,0.07715167850255966,0.06851886957883835,0.9279792308807373,0.7523424625396729,8,0.0012075956910848618,0.0478271059691906,0.0014765080712217469,0.012020792812108994,-0.0023029297590255737,0.007899228483438492,0.006339035928249359,0.000742737203836441,0.044902246445417404,0.0008402265618862449,0.007899228483438492,True
Grocery,42,12345,5851,5314,5874,34720,39492,0.1178511381149292,0.07715167850255966,0.9253956079483032,0.9279792308807373,8,0.0016722101718187332,0.06674244999885559,0.002176826299536635,0.011691225692629814,-0.0024611391127109528,0.012159990146756172,0.010767249390482903,0.001068398356437683,0.04208216443657875,0.0012641578888497355,0.012159990146756172,True
Grocery,42,12345,5851,5873,5874,39432,39492,0.06851886957883835,0.07715167850255966,0.7523424625396729,0.9279792308807373,8,0.0009695468470454216,0.059428926557302475,0.0010937879113034725,0.007672418840229511,-0.003563426434993744,0.011685761623084545,0.009664962068200111,0.0015426268801093102,0.061917681246995926,0.0018737246080034486,0.011685761623084545,True
Grocery,42,12345,1018,1235,2626,5183,11501,0.10910893976688385,0.07372097671031952,1.1329014301300049,0.5814489126205444,1,-0.0007985569536685944,-0.00826865155249834,-0.001243355141171694,0.04788893833756447,0.003732878714799881,-0.006394743919372559,-0.0021482743322849274,0.0005135908722877502,0.04183730483055115,0.0005058135225359313,0.003732878714799881,True
Grocery,42,12345,1018,2626,1235,11501,5183,0.07372097671031952,0.10910893976688385,0.5814489126205444,1.1329014301300049,1,-0.00042037293314933777,-0.02390151284635067,-0.0002811531909287842,0.0,-0.009995587170124054,0.036391694098711014,0.03284832462668419,0.006452217698097229,0.08143077790737152,0.007956775305645461,0.036391694098711014,True
Grocery,42,12345,16415,13207,15690,111330,134549,0.03042902983725071,0.25819888710975647,0.18593449890613556,2.866532325744629,17,-1.3705343008041382e-05,-0.00803444068878889,-1.3607181912381352e-05,1.1235475540161133e-05,-0.003239274024963379,0.21099412441253662,0.210134357213974,0.002379506826400757,0.0056071812286973,0.0037216524459659094,0.21099412441253662,True
Grocery,42,12345,16415,15690,13207,134549,111330,0.25819888710975647,0.03042902983725071,2.866532325744629,0.18593449890613556,17,-0.006353616714477539,-0.014066673815250397,-0.02108006557474218,0.2226625382900238,0.0028731636703014374,-6.459653377532959e-05,0.002870693802833557,6.212666630744934e-05,0.010695885866880417,6.059641324271097e-05,0.0028731636703014374,True
Grocery,42,12345,13767,14618,14699,126180,127065,0.03200921788811684,0.035511042922735214,0.1888672262430191,0.19736534357070923,16,8.411705493927002e-06,0.00289770751260221,9.692654094913596e-06,0.0,-0.0009378343820571899,0.004140572622418404,0.0034094471484422684,0.0002067089080810547,0.02435346506536007,0.00021620733756892098,0.004140572622418404,True
Grocery,42,12345,13767,14699,14618,127065,126180,0.035511042922735214,0.03200921788811684,0.19736534357070923,0.1888672262430191,16,-4.945322871208191e-06,-0.0005226107896305621,-5.117316682908858e-06,0.004728885367512703,0.0003547780215740204,-0.0007296893745660782,-0.00035303086042404175,2.1880492568016052e-05,0.0152211245149374,2.1939795243428527e-05,0.0003547780215740204,True
Grocery,42,12345,11374,11116,11115,92679,92656,0.08908708393573761,0.08451542258262634,0.9599052667617798,0.7328267097473145,13,-0.0001296931877732277,-0.013608968816697598,-0.00016484232359345813,0.00470013776794076,0.0003054994158446789,0.0007046014070510864,0.001072087325155735,6.198650225996971e-05,0.029769742861390114,7.046080544049942e-05,0.001072087325155735,True
Grocery,42,12345,11374,11115,11116,92656,92679,0.08451542258262634,0.08908708393573761,0.7328267097473145,0.9599052667617798,13,5.117896944284439e-05,0.025181984528899193,5.832056188480154e-05,0.0010417667217552662,0.0004486767575144768,0.004325277637690306,0.00465163541957736,-0.00012231897562742233,-0.012977314181625843,-0.0001546793668149536,0.00465163541957736,True
Grocery,42,12345,7623,6576,6613,45064,45493,0.025923792272806168,0.046373892575502396,0.2759381830692291,0.39381495118141174,10,0.0,0.0,-2.3657765048010126e-08,2.145737198588904e-06,2.3841312213335186e-07,3.6954324968974106e-06,3.933847438020166e-06,1.8189894035458565e-12,2.3090382228474482e-07,-6.256333185145302e-08,3.933847438020166e-06,True
Grocery,42,12345,7623,6613,6576,45493,45064,0.046373892575502396,0.025923792272806168,0.39381495118141174,0.2759381830692291,10,-1.1920383258257061e-07,-0.012332532554864883,-2.548164215318637e-07,4.76829973194981e-06,1.0728672350523993e-06,2.0265279090381227e-06,2.980189492518548e-06,-1.1920565157197416e-07,-0.01957533322274685,-1.0346171290846813e-07,2.980189492518548e-06,True
Grocery,42,12345,10954,10763,10856,87742,89689,0.07905694097280502,0.06681530922651291,0.8677114248275757,1.0037364959716797,13,-1.5340745449066162e-05,-0.006537350360304117,-1.7408336025408026e-05,0.001165639841929078,0.00011563021689653397,0.001430172473192215,0.001522308448329568,-2.3494241759181023e-05,-0.007657533977180719,-2.7389843465960072e-05,0.001522308448329568,True
Grocery,42,12345,10954,10856,10763,89689,87742,0.06681530922651291,0.07905694097280502,1.0037364959716797,0.8677114248275757,13,0.00012851739302277565,0.04786764085292816,0.00015307967213086505,0.0012781608384102583,-0.00033687474206089973,0.0009610012639313936,0.0007212883792817593,9.716185741126537e-05,0.048119597136974335,0.00011088037743276172,0.0009610012639313936,True
Grocery,42,12345,3489,3417,2079,15965,8961,0.021398024633526802,0.08908708393573761,0.12096479535102844,0.2782992720603943,5,0.00038933753967285156,0.002997330855578184,0.00039611729856059083,0.06514203548431396,0.05490303039550781,0.04616391658782959,0.10257673263549805,0.0015097856521606445,0.007413859013468027,0.0015440681385813916,0.10257673263549805,False
Grocery,42,12345,3489,2079,3417,8961,15965,0.08908708393573761,0.021398024633526802,0.2782992720603943,0.12096479535102844,5,0.0021857023239135742,0.004895363003015518,0.0022608558131475137,0.2243349552154541,0.17821598052978516,0.008487582206726074,0.18733477592468262,0.0006312131881713867,0.0016875627916306257,0.0006520978500597212,0.18733477592468262,False
Grocery,42,12345,8932,9136,4773,68505,29788,0.10910893976688385,0.0629940778017044,0.8245575428009033,0.33652597665786743,12,-0.00023628771305084229,-0.01369923260062933,-0.00028527223937469415,0.00850597396492958,0.0022638700902462006,-0.00284774973988533,-0.0002549402415752411,0.00032893940806388855,0.06129416450858116,0.00036459754378630275,0.0022638700902462006,True
Grocery,42,12345,8932,4773,9136,29788,68505,0.0629940778017044,0.10910893976688385,0.33652597665786743,0.8245575428009033,12,-3.6621466279029846e-05,-0.00584788853302598,-3.4559640625260284e-05,0.0,-0.0008366778492927551,0.005507485941052437,0.004840198904275894,0.00016939081251621246,0.015145311132073402,0.0001985923979197599,0.005507485941052437,True
Grocery,42,12345,15476,15587,16032,134001,136214,0.7071067690849304,0.25,4.244213104248047,2.465728759765625,17,0.004085996188223362,0.17753681540489197,0.00653590455494131,0.012738848105072975,0.016246963292360306,0.024798573926091194,0.028072962537407875,-0.012972574681043625,-0.1876859813928604,-0.05328167906601719,0.028072962537407875,True
Grocery,42,12345,15476,16032,15587,136214,134001,0.25,0.7071067690849304,2.465728759765625,4.244213104248047,17,-0.0032909875735640526,-0.09308900684118271,-0.009552187161295453,0.016031065955758095,-0.0008480018004775047,0.011788373813033104,0.012702453881502151,0.0017620818689465523,0.06954075396060944,0.004695149286665828,0.012702453881502151,True
Grocery,42,12345,11011,12067,11070,101771,92012,0.048795003443956375,0.04123930633068085,0.5260765552520752,0.2415446639060974,13,1.1667434591799974e-05,0.02250516787171364,1.3499378105038423e-05,0.00025337806437164545,-2.4063512682914734e-05,0.0001018592738546431,8.196313865482807e-05,4.167377483099699e-06,0.02004549838602543,4.156216359107611e-06,0.0001018592738546431,True
Grocery,42,12345,11011,11070,12067,92012,101771,0.04123930633068085,0.048795003443956375,0.2415446639060974,0.5260765552520752,13,5.834212061017752e-06,0.028289956972002983,5.871733565529716e-06,0.00010019243927672505,-4.502298543229699e-05,0.000249688106123358,0.00022002251353114843,1.5357392840087414e-05,0.029835032299160957,1.7776816218848088e-05,0.000249688106123358,True
Grocery,42,12345,10309,8492,9100,60971,68166,0.02153652533888817,0.027076518163084984,0.17473524808883667,0.27490270137786865,12,-5.462439730763435e-06,-0.012939902022480965,-5.766920033287685e-06,0.00020833336748182774,9.660283103585243e-05,0.00015287939459085464,0.00024247635155916214,-7.005874067544937e-06,-0.014240490272641182,-7.456568417529162e-06,0.00024247635155916214,True
Grocery,42,12345,10309,9100,8492,68166,60971,0.027076518163084984,0.02153652533888817,0.27490270137786865,0.17473524808883667,12,-7.955357432365417e-06,-0.01515196543186903,-8.67144306157194e-06,0.0002585363108664751,0.00011088186874985695,0.00011944840662181377,0.00022415583953261375,-6.174435839056969e-06,-0.013585233129560947,-6.733728688839558e-06,0.00022415583953261375,True
Grocery,42,12345,9304,10051,8890,79147,65911,0.14907120168209076,0.1154700443148613,1.1608917713165283,0.5548564195632935,12,0.003527820110321045,0.008576557040214539,-0.00010882872260718074,0.20390254259109497,0.2108864188194275,0.04972350597381592,0.25715380907058716,-0.00345611572265625,-0.006675082724541426,-0.0035714693107195493,0.25715380907058716,True
Grocery,42,12345,9304,10695,8890,86664,65911,0.09759000688791275,0.1154700443148613,0.6008569002151489,0.5548564195632935,12,0.01704573631286621,0.043708860874176025,0.016753957203906378,0.18646889925003052,0.20638412237167358,0.04913675785064697,0.252651572227478,-0.0028693079948425293,-0.005646327510476112,-0.002977285598971211,0.252651572227478,True
Grocery,42,12345,9304,8890,10695,65911,86664,0.1154700443148613,0.09759000688791275,0.5548564195632935,0.6008569002151489,12,-0.00551915168762207,-0.0062722391448915005,-0.00535696240410817,0.43720704317092896,0.35803884267807007,-0.12273836135864258,0.26268237829208374,0.02738189697265625,0.03683037683367729,0.026059355330946124,0.35803884267807007,True
Grocery,42,12345,16578,6054,3171,41368,14497,0.028513295575976372,0.048795003443956375,0.27759426832199097,0.3064993619918823,17,1.1919473763555288e-07,0.0031144744716584682,4.489885971629127e-08,0.0,-7.151538738980889e-07,4.052548320032656e-06,3.4565746318548918e-06,1.1918018572032452e-07,0.014473667368292809,2.267704106509687e-07,4.052548320032656e-06,True
Grocery,42,12345,16578,3171,6054,14497,41368,0.048795003443956375,0.028513295575976372,0.3064993619918823,0.27759426832199097,17,-1.1919473763555288e-07,-0.0098929638043046,4.068836832066088e-08,5.959620466455817e-06,1.3111421139910817e-06,-1.8713399185799062e-05,-1.704470196273178e-05,3.575551090762019e-07,0.009642998687922955,2.9288034052893753e-07,1.3111421139910817e-06,True
Grocery,42,12345,4551,4572,3887,27727,19270,0.05634361505508423,0.07784989476203918,0.6549559831619263,0.7422276735305786,7,0.00021210312843322754,0.0007025536615401506,0.0003880798358052162,0.15105760097503662,0.0020463168621063232,0.1598016321659088,0.1612538993358612,-0.0005940496921539307,-0.0018385833827778697,-0.0006955631653385552,0.1612538993358612,True
Grocery,42,12345,4551,3887,4572,19270,27727,0.07784989476203918,0.05634361505508423,0.7422276735305786,0.6549559831619263,7,-0.0014715492725372314,-0.004472134169191122,-0.0016912921267133452,0.16378849744796753,0.003834247589111328,0.15054231882095337,0.15365168452262878,-0.0007248818874359131,-0.002353296848013997,-0.0006873454613014742,0.15365168452262878,True
Grocery,42,12345,10976,10966,11943,90847,100797,0.12909944355487823,0.12909944355487823,1.6905453205108643,1.2705109119415283,13,-0.0003611808642745018,-0.051531221717596054,-0.0006232337557210031,0.0033238905016332865,0.00040301145054399967,0.0011671828106045723,0.0015055877156555653,-6.46065454930067e-05,-0.021004848182201385,-8.787735849915634e-05,0.0015055877156555653,True
Grocery,42,12345,10976,11943,10966,100797,90847,0.12909944355487823,0.12909944355487823,1.2705109119415283,1.6905453205108643,13,-0.00010581826791167259,-0.031054165214300156,-0.00013937300663013105,0.001650855178013444,0.0009087258949875832,0.003090569982305169,0.003533030627295375,-0.0004662652499973774,-0.06190181151032448,-0.0007872078688028724,0.003533030627295375,True
Grocery,42,12345,141,999,1251,4199,5258,0.15811388194561005,0.25,0.6738771200180054,3.123035430908203,1,-1.1920926112907182e-07,-0.3242661952972412,-1.7241349840257e-08,1.1920926112907182e-07,1.1920917586394353e-07,5.960461066933931e-07,5.960461066933931e-07,-1.1920917586394353e-07,-0.09022103250026703,-2.1973999755158947e-07,5.960461066933931e-07,True
Grocery,42,12345,141,1251,999,5258,4199,0.25,0.15811388194561005,3.123035430908203,0.6738771200180054,1,-2.842170943040401e-14,-2.9493074649167283e-08,1.9923640417635656e-07,4.768369876728684e-07,0.0,1.1920926823449918e-07,0.0,-1.1920926823449918e-07,-0.9226061701774597,1.7303341043901326e-08,1.1920926823449918e-07,True
Grocery,42,12345,14594,13129,5398,110137,35614,0.10050378739833832,0.05923488736152649,0.6885408163070679,0.4751621186733246,15,-0.007185578346252441,-0.018354307860136032,-0.0064344260898901995,0.0,-0.06453359127044678,0.018633723258972168,-0.04173898696899414,0.004160881042480469,0.03331201523542404,0.004152372876837469,0.018633723258972168,False
Grocery,42,12345,14594,14589,13129,125952,110137,0.18257418274879456,0.10050378739833832,1.0019786357879639,0.6885408163070679,15,0.01812589168548584,0.039410267025232315,0.017390015072147907,0.2319324016571045,0.017143726348876953,-0.1400390863418579,-0.12900829315185547,-0.006112933158874512,-0.02135961875319481,-0.005705647971101335,0.017143726348876953,False
Grocery,42,12345,14594,5398,13129,35614,110137,0.05923488736152649,0.10050378739833832,0.4751621186733246,0.6885408163070679,15,0.0019409656524658203,0.012251665815711021,0.001963103135905895,0.020853638648986816,-0.07762289047241211,-0.14553308486938477,-0.22377467155456543,-0.0006186962127685547,-0.0013843226479366422,-0.0005378081010215264,0.0,False
Grocery,42,12345,9164,15609,8744,134162,64136,0.14907120168209076,0.3162277638912201,1.255015254020691,1.653801441192627,12,0.01582890748977661,0.10351105779409409,0.014388585096957979,0.06854552030563354,0.038503944873809814,-0.20729713141918182,-0.12292279303073883,0.04587039351463318,0.12440310418605804,0.03576534182105334,0.038503944873809814,True
Grocery,42,12345,9164,8744,15609,64136,134162,0.3162277638912201,0.14907120168209076,1.653801441192627,1.255015254020691,12,0.15489988029003143,0.3242260217666626,0.15174468703138377,0.14350388944149017,0.24561449885368347,-0.07451361417770386,0.22389015555381775,0.052789270877838135,0.09703584015369415,0.05835872492065974,0.24561449885368347,True
Grocery,42,12345,705,528,1487,2278,6182,0.09128709137439728,0.28867512941360474,0.9618933200836182,3.044419765472412,1,-0.00016651302576065063,-0.01811782829463482,-0.0002030819783372939,0.004512019455432892,-0.00026875734329223633,0.0938495472073555,0.09391020238399506,0.0003294125199317932,0.0017519283574074507,0.0005664533536999446,0.09391020238399506,True
Grocery,42,12345,705,1487,528,6182,2278,0.28867512941360474,0.09128709137439728,3.044419765472412,0.9618933200836182,1,-0.008753344416618347,-0.03751131519675255,-0.018184291955999535,0.1122993677854538,0.014227963984012604,0.009145751595497131,0.018512926995754242,-0.004860788583755493,-0.1160462349653244,-0.007157124006930349,0.018512926995754242,True
Grocery,42,12345,11365,10887,11727,90006,98703,0.12309148907661438,0.19245009124279022,1.2136189937591553,1.9235635995864868,13,0.013172954320907593,0.042225249111652374,0.016077768328255748,0.1493978500366211,-0.042356252670288086,0.33465778827667236,0.3205656409263611,0.028264105319976807,0.04051738604903221,0.038131104073934725,0.33465778827667236,True
Grocery,42,12345,11365,11727,10887,98703,90006,0.19245009124279022,0.12309148907661438,1.9235635995864868,1.2136189937591553,13,0.0017285943031311035,0.002309168456122279,-0.007394697602861933,0.37515366077423096,0.011051982641220093,0.1596621721982956,0.17362260818481445,0.002908453345298767,0.008446537889540195,-0.0001408636838600699,0.17362260818481445,True
Grocery,42,12345,4445,6197,6234,42285,42709,0.15811388194561005,0.0625,0.7273629903793335,0.3187583386898041,8,2.6055669877678156e-05,0.0427556112408638,2.936526735186542e-05,0.0002916718367487192,-8.955353405326605e-05,0.00019390159286558628,0.00012267293641343713,1.8324877601116896e-05,0.04511982202529907,1.9386188949095225e-05,0.00019390159286558628,True
Grocery,42,12345,4445,6234,6197,42709,42285,0.0625,0.15811388194561005,0.3187583386898041,0.7273629903793335,8,7.258495315909386e-06,0.017397932708263397,7.831461098090807e-06,0.0002049679751507938,-3.6197714507579803e-05,0.00030856748344376683,0.00028152979211881757,9.160023182630539e-06,0.01462549902498722,1.0220740710964854e-05,0.00030856748344376683,True
Grocery,42,12345,2310,3845,8610,18932,62305,0.05661385506391525,0.10206206887960434,0.3613693118095398,0.7489075064659119,5,-1.734308898448944e-05,-0.007691422011703253,-2.039059066661871e-05,0.0011187540367245674,0.001028907485306263,0.0029883217066526413,0.0038436194881796837,-0.00017360970377922058,-0.022085335105657578,-0.00021524159981321648,0.0038436194881796837,True
Grocery,42,12345,2310,10694,8610,86650,62305,0.1178511381149292,0.10206206887960434,0.8771393895149231,0.7489075064659119,5,4.545040428638458e-05,0.019292861223220825,3.084944678025483e-05,0.0012006275355815887,0.0003875661641359329,0.0028120866045355797,0.0032022781670093536,2.625398337841034e-06,0.00041009412962011993,-1.127585856299872e-05,0.0032022781670093536,True
Grocery,42,12345,2310,8610,10694,62305,86650,0.10206206887960434,0.1178511381149292,0.7489075064659119,0.8771393895149231,5,2.6532448828220367e-05,0.004117171745747328,1.4634908759981243e-05,0.003235430456697941,0.00039445143193006516,0.000803086906671524,0.0012503378093242645,5.2799470722675323e-05,0.02156941406428814,3.565440841024372e-05,0.0012503378093242645,True
Grocery,42,12345,11048,10970,11957,90910,100942,0.09128709137439728,0.11952286213636398,1.1528321504592896,0.8519404530525208,13,8.286046795547009e-05,0.015830008313059807,0.00012666447530555736,0.0025815838016569614,-3.6545563489198685e-05,0.0014617254491895437,0.0014675483107566833,4.236842505633831e-05,0.014285523444414139,5.287610758207628e-05,0.0014675483107566833,True
Grocery,42,12345,11048,11957,10970,100942,90910,0.11952286213636398,0.09128709137439728,0.8519404530525208,1.1528321504592896,13,-6.493576802313328e-05,-0.015972284600138664,-9.783205994714724e-05,0.0020002913661301136,0.0005045095458626747,0.0027318692300468683,0.0031631309539079666,-7.324782200157642e-05,-0.011445831507444382,-0.00010480910869456613,0.0031631309539079666,True
Grocery,42,12345,13272,14513,13274,125252,112233,0.05163978040218353,0.11180339753627777,0.4067873954772949,0.7559655904769897,16,-0.0009892433881759644,-0.012518338859081268,-0.0010662427262234445,0.03901714086532593,0.0070487260818481445,0.020268067717552185,0.02662964165210724,-0.0006871521472930908,-0.012737671844661236,-0.0007435230921315262,0.02662964165210724,True
Grocery,42,12345,13272,13274,14513,112233,125252,0.11180339753627777,0.05163978040218353,0.7559655904769897,0.4067873954772949,16,-0.0029970407485961914,-0.027823319658637047,-0.0033497950948773968,0.05235990881919861,0.03441278636455536,0.0362972617149353,0.06607921421527863,-0.004630833864212036,-0.03385377675294876,-0.005172241176532795,0.06607921421527863,True
Grocery,42,12345,5397,4722,5410,29284,35730,0.040824826806783676,0.05000000074505806,0.1348709762096405,0.334591269493103,7,1.687556505203247e-05,0.009852544404566288,1.6700002878495185e-05,9.797327220439911e-05,-0.0009745005518198013,0.002524692565202713,0.0016768444329500198,0.00012665241956710815,0.02446894533932209,0.00013090578107663616,0.002524692565202713,True
Grocery,42,12345,5397,5410,4722,35730,29284,0.05000000074505806,0.040824826806783676,0.334591269493103,0.1348709762096405,7,-1.1218711733818054e-05,-0.0020090581383556128,-1.3055135338729904e-05,0.0027864184230566025,0.00011214427649974823,0.00010302290320396423,0.00022710859775543213,1.1941418051719666e-05,0.026999326422810555,1.2051417469242522e-05,0.00022710859775543213,True
Grocery,42,12345,11565,11568,11681,97044,98118,0.19245009124279022,0.15430335700511932,1.8899891376495361,1.8838224411010742,13,-0.018714066594839096,-0.11609833687543869,-0.03820360242908118,0.07123871147632599,0.03309360891580582,0.0644872784614563,0.0754193514585495,-0.022161535918712616,-0.1281011700630188,-0.047651266435791484,0.0754193514585495,True
Grocery,42,12345,11565,11681,11568,98118,97044,0.15430335700511932,0.19245009124279022,1.8838224411010742,1.8899891376495361,13,0.0008438266813755035,0.010068611241877079,0.001443685600312914,0.04148191213607788,-0.00042803213000297546,0.041324954479932785,0.04116453602910042,0.0002676136791706085,0.003227467881515622,0.00019331375750976658,0.041324954479932785,True
Grocery,42,12345,15743,11114,8343,92646,59210,0.028005601838231087,0.02942449413239956,0.3297463357448578,0.20757006108760834,17,0.0006306171417236328,0.0048130895011126995,0.0006893590116894346,0.06519532203674316,0.06554460525512695,-0.024805545806884766,0.04102039337158203,0.00028133392333984375,0.0021415294613689184,0.0002881634290157501,0.06554460525512695,False
Grocery,42,12345,15743,8343,11114,59210,92646,0.02942449413239956,0.028005601838231087,0.20757006108760834,0.3297463357448578,17,-0.0002732276916503906,-0.0020950024481862783,-0.0002609800714945161,0.0,-0.0421295166015625,-0.06049633026123047,-0.10159134864807129,0.0010344982147216797,0.0050656758248806,0.001073629719863131,0.0,False
Grocery,42,12345,10939,11088,10756,92232,87659,0.20412413775920868,0.07001400738954544,2.345641851425171,1.0702944993972778,13,0.00039675273001194,0.20031937956809998,0.0006053689989877037,0.0007919190684333444,-0.0002106491883751005,0.00023894038167782128,0.00015253390301950276,0.00012424270971678197,0.20633749663829803,0.00013857862108078493,0.00023894038167782128,True
Grocery,42,12345,10939,10756,11088,87659,92232,0.07001400738954544,0.20412413775920868,1.0702944993972778,2.345641851425171,13,4.6452361857518554e-05,0.06831995397806168,6.40370958035209e-05,0.0003167307295370847,-0.00018249673303216696,0.0010395449353381991,0.0010061750654131174,0.00014912686310708523,0.0669262483716011,0.0002851987319727032,0.0010395449353381991,True
Grocery,42,12345,5521,4645,4912,28669,31045,0.06622661650180817,0.05270462855696678,0.557795524597168,0.520932674407959,7,-0.0010627135634422302,-0.02674233727157116,-0.0012847238359017348,0.019338134676218033,0.0072886645793914795,0.009431768208742142,0.015875976532697678,-0.0008444562554359436,-0.025906410068273544,-0.0009904001069485828,0.015875976532697678,True
Grocery,42,12345,5521,4912,4645,31045,28669,0.05270462855696678,0.06622661650180817,0.520932674407959,0.557795524597168,7,-0.000497281551361084,-0.019428972154855728,-0.0005646341883090364,0.01254877820611,0.004104405641555786,0.012471433728933334,0.015935618430376053,-0.0006402209401130676,-0.019692156463861465,-0.0007528592432049044,0.015935618430376053,True
Grocery,42,12345,13279,13943,13418,119191,113762,0.07856741547584534,0.1666666716337204,0.991291880607605,0.9843676686286926,16,-0.013524889945983887,-0.03992312774062157,-0.015670163701864984,0.16262421011924744,0.03417852520942688,-0.00636175274848938,0.028909772634506226,0.0010930001735687256,0.015737930312752724,0.000929984272235413,0.03417852520942688,True
Grocery,42,12345,13279,13418,13943,113762,119191,0.1666666716337204,0.07856741547584534,0.9843676686286926,0.991291880607605,16,0.0017081797122955322,0.015346396714448929,0.0014717437637049276,0.05480000376701355,0.0776548683643341,0.13497421145439148,0.19148248434066772,-0.02114659547805786,-0.05232860893011093,-0.024699360915706837,0.19148248434066772,True
Grocery,42,12345,7772,10653,8763,86130,64385,0.10101525485515594,0.13363061845302582,0.8242047429084778,1.0701390504837036,9,-0.0006432533264160156,-0.0019389677327126265,-0.0007017917395449325,0.0,-0.09247469902038574,-0.35956358909606934,-0.4556705951690674,-0.0036323070526123047,-0.0040016211569309235,-0.004422123599594835,0.0,False
Grocery,42,12345,7772,8763,10653,64385,86130,0.13363061845302582,0.10101525485515594,1.0701390504837036,0.8242047429084778,9,-0.0038771629333496094,-0.0042124600149691105,-0.004726795309390186,0.0,-0.1021573543548584,-0.07006978988647461,-0.17289137840270996,-0.0006642341613769531,-0.0019246551673859358,-0.0007187380293235193,0.0,False
Grocery,42,12345,12336,12903,12339,108346,104599,0.18257418274879456,0.16903084516525269,1.386324405670166,1.2667251825332642,14,0.05465596914291382,0.10772498697042465,0.054388329940887825,0.1947169303894043,-0.2304821014404297,0.026303529739379883,-0.20005136728286743,0.004127204418182373,0.009034303948283195,0.0037825609946596297,0.026303529739379883,False
Grocery,42,12345,12336,12339,12903,104599,108346,0.16903084516525269,0.18257418274879456,1.2667251825332642,1.386324405670166,14,0.0038277506828308105,0.0072326455265283585,0.003450029509897451,0.02660304307937622,-0.322426438331604,0.1896488070487976,-0.07305353879928589,0.05972409248352051,0.10206999629735947,0.05966014779830396,0.1896488070487976,False
Grocery,42,12345,9424,10105,14525,79757,125504,0.09449112415313721,0.0613139308989048,0.8520203232765198,0.6332607269287109,12,-0.009655237197875977,-0.015069952234625816,-0.00868943781473791,0.31551969051361084,0.11149019002914429,-0.2452681064605713,-0.11790966987609863,0.01586824655532837,0.033430203795433044,0.01628165476586907,0.11149019002914429,False
Grocery,42,12345,9424,14525,10105,125504,79757,0.0613139308989048,0.09449112415313721,0.6332607269287109,0.8520203232765198,12,-0.0001684427261352539,-0.00036672389251179993,-0.00017537911139284268,0.0,-0.0006144046783447266,0.17840373516082764,0.17789161205291748,0.00010228157043457031,0.0002865754358936101,0.00010086002936562904,0.17840373516082764,False
Grocery,42,12345,6850,7035,6431,48636,43996,0.05025189369916916,0.0833333358168602,0.42381760478019714,0.638980507850647,9,1.1920838005607948e-07,0.024340420961380005,-8.143479410757444e-10,2.5033782549144235e-06,1.1920838005607948e-07,2.0265447346901055e-06,2.145753114746185e-06,0.0,0.0,-4.6942432922800074e-08,2.145753114746185e-06,True
Grocery,42,12345,6850,6431,7035,43996,48636,0.0833333358168602,0.05025189369916916,0.638980507850647,0.42381760478019714,9,-1.1920792530872859e-07,-0.023210426792502403,-1.9541893764871018e-07,2.5033782549144235e-06,4.768335202243179e-07,2.622586180223152e-06,2.9802117751387414e-06,-1.1920792530872859e-07,-0.019575556740164757,-1.914953490031087e-07,2.9802117751387414e-06,True
Grocery,42,12345,3772,7263,10813,50805,88874,0.24253563582897186,0.040996003895998,2.014686346054077,0.3045009672641754,3,0.019446149468421936,0.06848955154418945,0.018999281479564617,0.04728822410106659,0.05625733733177185,-0.0711066722869873,-0.004372298717498779,0.010477036237716675,0.07953035086393356,0.011629800989350042,0.05625733733177185,True
Grocery,42,12345,3772,10813,7263,88874,50805,0.040996003895998,0.24253563582897186,0.3045009672641754,2.014686346054077,3,0.0028162002563476562,0.02269747667014599,0.0026937751954309447,0.01413145661354065,0.010790258646011353,-0.13839855790138245,-0.12145090103149414,0.006157398223876953,0.022751273587346077,0.005212676055230294,0.010790258646011353,True
Grocery,42,12345,10017,10489,10107,84298,79789,0.04564354568719864,0.08770579844713211,0.4420351982116699,0.5360976457595825,12,-3.6263372749090195e-05,-0.02299148589372635,-4.218915199721818e-05,0.000770489452406764,0.00020283437334001064,0.00021460605785250664,0.00039988220669329166,-1.7558224499225616e-05,-0.021482348442077637,-2.207445686557443e-05,0.00039988220669329166,True
Grocery,42,12345,10017,10107,10489,79789,84298,0.08770579844713211,0.04564354568719864,0.5360976457595825,0.4420351982116699,12,-5.527166649699211e-05,-0.07813479751348495,-7.779087474484448e-05,0.00032605347223579884,7.167295552790165e-05,0.0005468889139592648,0.0006206228863447905,2.061016857624054e-06,0.0016631904290989041,-2.690637035208275e-06,0.0006206228863447905,True
Grocery,42,12345,14587,14055,14731,120468,127318,0.05330017954111099,0.033407654613256454,0.2342870980501175,0.34135371446609497,15,-0.00021768361330032349,-0.016096532344818115,-0.00023883691617995664,0.006652969866991043,0.0019915588200092316,0.009747106581926346,0.01133992150425911,-0.0003987438976764679,-0.01727764867246151,-0.000458925449452567,0.01133992150425911,True
Grocery,42,12345,14587,14731,14055,127318,120468,0.033407654613256454,0.05330017954111099,0.34135371446609497,0.2342870980501175,15,-5.216151475906372e-05,-0.002743789926171303,-6.228341882337854e-05,0.00947929173707962,9.525567293167114e-05,0.004858959466218948,0.004937727004289627,-1.648813486099243e-05,-0.0016668231692165136,-1.8695830020855764e-05,0.004937727004289627,True
Grocery,42,12345,12163,11838,11864,99610,100127,0.25,0.13363061845302582,2.606311321258545,0.7571151256561279,13,0.00023004412651062012,0.001312187989242375,0.0004293324039427726,0.0877717137336731,0.0008632801473140717,-0.009630687534809113,-0.008801020681858063,-3.361329436302185e-05,-0.0017420729855075479,-7.080154528159858e-05,0.0008632801473140717,True
Grocery,42,12345,12163,11864,11838,100127,99610,0.13363061845302582,0.25,0.7571151256561279,2.606311321258545,13,0.0007350333034992218,0.036635491997003555,0.0006929689127794011,0.004104141145944595,0.00966326892375946,0.09199607372283936,0.09683535993099213,-0.0048239827156066895,-0.024302827194333076,-0.006337965201925404,0.09683535993099213,True
Grocery,42,12345,13528,15020,14714,130532,127189,0.03892494738101959,0.07453560084104538,0.23286530375480652,0.6559028029441833,15,4.75544948130846e-06,0.024210331961512566,4.496918918860349e-06,5.892664194107056e-05,9.96636226773262e-05,0.0008732851129025221,0.0009369672043249011,-3.5981531254947186e-05,-0.01883922889828682,-4.6152673124370893e-05,0.0009369672043249011,True
Grocery,42,12345,13528,14714,15020,127189,130532,0.07453560084104538,0.03892494738101959,0.6559028029441833,0.23286530375480652,15,-4.999409429728985e-05,-0.02502620406448841,-6.487737458378941e-05,0.0009738329099491239,8.035358041524887e-05,-0.0001020100899040699,-1.547485589981079e-05,6.181653589010239e-06,0.031244374811649323,5.948803476000847e-06,8.035358041524887e-05,True
Grocery,42,12345,10786,10784,11905,88329,100424,0.21320071816444397,0.15430335700511932,3.0003855228424072,0.6156893372535706,13,0.02115406095981598,0.0692652016878128,0.0383699595548599,0.14212635159492493,-0.0008758213371038437,-0.00034261681139469147,-0.0019312631338834763,-0.0007128249853849411,-0.22631439566612244,-0.0005362038765192339,0.0,True
Grocery,42,12345,10786,11905,10784,100424,88329,0.15430335700511932,0.21320071816444397,0.6156893372535706,3.0003855228424072,13,-0.00022690743207931519,-0.012648471631109715,-0.00035381855827716906,0.009083205834031105,0.05590027570724487,0.21032458543777466,0.2191808819770813,-0.04704397916793823,-0.0969168171286583,-0.1100283303867309,0.2191808819770813,True
Grocery,42,12345,11566,10939,11350,90541,95143,0.14433756470680237,0.1666666716337204,2.1845409870147705,1.1381068229675293,13,0.003169231116771698,0.09894847124814987,0.0057306125031924265,0.014429932460188866,-0.0012580472975969315,0.00451012933626771,0.003968199249356985,0.0007161172106862068,0.07355061918497086,0.000828231295002155,0.00451012933626771,True
Grocery,42,12345,11566,11350,10939,95143,90541,0.1666666716337204,0.14433756470680237,1.1381068229675293,2.1845409870147705,13,0.0005622813478112221,0.056852247565984726,0.0005576324544908241,0.0046639651991426945,-0.003241918981075287,0.01473306119441986,0.014357244595885277,0.002866102382540703,0.08864534646272659,0.005021274317643032,0.01473306119441986,True
Grocery,42,12345,7385,7335,8080,51305,57282,0.05852057412266731,0.04123930633068085,0.46644431352615356,0.37650930881500244,9,-7.653981447219849e-05,-0.0020624971948564053,-0.00013224974616990806,0.01851685717701912,0.0008468553423881531,0.012784969061613083,0.013296384364366531,-0.0003354400396347046,-0.012456823140382767,-0.0004453910635364259,0.013296384364366531,True
Grocery,42,12345,7385,8080,7335,57282,51305,0.04123930633068085,0.05852057412266731,0.37650930881500244,0.46644431352615356,9,-0.00018442422151565552,-0.006961703300476074,-0.0002246207679682602,0.013153407722711563,0.0005778297781944275,0.01798727735877037,0.0185067318379879,-5.837529897689819e-05,-0.0015746529679745436,-7.39867504906464e-05,0.0185067318379879,True
Grocery,42,12345,1081,1747,480,7442,2089,0.25,0.0883883461356163,2.290093421936035,0.8040057420730591,1,-6.527628283947706e-05,-0.06267564743757248,-0.00013563918994002956,0.00048810357111506164,5.291677371133119e-05,0.00010333332465961576,0.00013623060658574104,-2.00194917852059e-05,-0.0684448853135109,-3.198961418340239e-05,0.00013623060658574104,True
Grocery,42,12345,1081,480,1747,2089,7442,0.0883883461356163,0.25,0.8040057420730591,2.290093421936035,1,-6.911737727932632e-06,-0.033060040324926376,-9.515190442288085e-06,0.00010107224807143211,3.75310773961246e-05,0.00041661440627649426,0.0004274610837455839,-2.6684399927034974e-05,-0.03026757761836052,-5.080129326317349e-05,0.0004274610837455839,True
Grocery,42,12345,7607,6735,6845,46288,46977,0.12909944355487823,0.054554469883441925,0.8442763090133667,0.4176744520664215,9,0.00039827078580856323,0.02729165367782116,0.0004966841775409106,0.0074956975877285,0.004603786394000053,0.005751844495534897,0.009899687021970749,-0.00045594386756420135,-0.022509824484586716,-0.0006096882808963341,0.009899687021970749,True
Grocery,42,12345,7607,6845,6735,46977,46288,0.054554469883441925,0.12909944355487823,0.4176744520664215,0.8442763090133667,9,0.0002862457185983658,0.02777583710849285,0.00031624726630917217,0.00500965490937233,-0.0006758812814950943,0.003356756642460823,0.0030702445656061172,0.0003893692046403885,0.05481840297579765,0.00041509904155753274,0.003356756642460823,True
Grocery,42,12345,13075,8221,7993,58319,56704,0.07412493228912354,0.042796049267053604,0.7333809733390808,0.30334731936454773,16,-0.0045278072357177734,-0.0036842841655015945,-0.005371906424607609,0.0,-0.19861054420471191,0.22953414916992188,0.03241086006164551,0.0014872550964355469,0.003229263238608837,0.0013794062242402855,0.22953414916992188,False
Grocery,42,12345,13075,7993,8221,56704,58319,0.042796049267053604,0.07412493228912354,0.30334731936454773,0.7333809733390808,16,0.0009403228759765625,0.0020392925944179296,0.0008605321467245741,0.23008108139038086,-0.14072489738464355,-0.4179697036743164,-0.5648689270019531,-0.006174325942993164,-0.005495306570082903,-0.007304261065098959,0.0,False
Grocery,42,12345,11476,11352,11559,95159,96972,0.0653720498085022,0.09245003014802933,0.46473783254623413,0.9786860346794128,13,-0.00010086223483085632,-0.07366110384464264,-0.00010007905855251981,0.0007350631058216095,0.00022037699818611145,0.006169125437736511,0.006803326308727264,0.0004138238728046417,0.031367309391498566,0.0004620277176401949,0.006803326308727264,True
Grocery,42,12345,11476,11559,11352,96972,95159,0.09245003014802933,0.0653720498085022,0.9786860346794128,0.46473783254623413,13,0.00028616562485694885,0.019149579107761383,0.0003200794537078057,0.007614929229021072,0.0013933591544628143,-0.0004613324999809265,0.0008569285273551941,-7.509812712669373e-05,-0.0276948269456625,-7.487338239656403e-05,0.0013933591544628143,True
Grocery,42,12345,3948,5989,4562,40702,27621,0.039621442556381226,0.020837856456637383,0.2505651116371155,0.26614296436309814,7,-4.767425707541406e-07,-0.018509848043322563,-4.46113407175085e-07,1.2634707672987133e-05,4.886940587311983e-06,1.5733683540020138e-05,2.014393248828128e-05,-4.7669163905084133e-07,-0.011690909042954445,-4.7200348422938545e-07,2.014393248828128e-05,True
Grocery,42,12345,3948,5390,4562,35323,27621,0.011121413670480251,0.020837856456637383,0.13009122014045715,0.26614296436309814,7,1.4551915228366852e-11,7.440369813593861e-07,-5.8694930872810696e-08,9.774033969733864e-06,1.1919328244403005e-06,1.525696279713884e-05,1.6448924725409597e-05,2.9103830456733704e-11,8.84404641965375e-07,-7.934633969516166e-08,1.6448924725409597e-05,True
Grocery,42,12345,3948,4562,5989,27621,40702,0.020837856456637383,0.039621442556381226,0.26614296436309814,0.2505651116371155,7,2.3838947527110577e-07,0.007871381938457489,2.1452299129117212e-07,1.5018602425698191e-05,0.0,7.866910891607404e-06,7.747716153971851e-06,-1.1919473763555288e-07,-0.0076286448165774345,-5.368685709776266e-08,7.866910891607404e-06,True
Grocery,42,12345,6088,4669,5239,28904,34000,0.10050378739833832,0.08084520697593689,0.74448561668396,0.9333497881889343,8,0.00030164187774062157,0.07509879767894745,0.00033600242679228203,0.001857474446296692,-0.001124085858464241,0.002326088957488537,0.0016502230428159237,0.0004482199437916279,0.0878792405128479,0.0005426017377377934,0.002326088957488537,True
Grocery,42,12345,6088,5239,4669,34000,28904,0.08084520697593689,0.10050378739833832,0.9333497881889343,0.74448561668396,8,0.0003249663859605789,0.06221046298742294,0.0004068340541399963,0.002449342515319586,-0.0006192326545715332,0.0019468874670565128,0.0015398836694657803,0.00021222885698080063,0.0516873262822628,0.0002445162932374349,0.0019468874670565128,True
Grocery,42,12345,3072,2363,14367,10278,124085,0.1428571492433548,0.0629940778017044,0.5523055791854858,0.5836021900177002,4,0.03513967990875244,0.10375374555587769,0.03478732097230172,0.1468033790588379,-0.15872979164123535,0.25053179264068604,0.09875988960266113,0.006957888603210449,0.013696052134037018,0.00548204825575726,0.25053179264068604,False
Grocery,42,12345,3072,14367,2363,124085,10278,0.0629940778017044,0.1428571492433548,0.5836021900177002,0.5523055791854858,4,0.001973390579223633,0.0038467240519821644,0.0019955046911114827,0.25551605224609375,-0.0501248836517334,0.17356419563293457,0.13181817531585693,0.008378863334655762,0.023568755015730858,0.00835274590414614,0.17356419563293457,False
Grocery,42,12345,10328,9359,10339,71494,82697,0.05832118168473244,0.20412413775920868,0.3552601933479309,1.4155240058898926,12,-0.0001232251524925232,-0.02208830416202545,-0.00014446670638652652,0.002727758139371872,0.0024034641683101654,0.010132159106433392,0.011497734114527702,-0.0010378891602158546,-0.043185342103242874,-0.0017279873939567592,0.011497734114527702,True
Grocery,42,12345,10328,10339,9359,82697,71494,0.20412413775920868,0.05832118168473244,1.4155240058898926,0.3552601933479309,12,-0.0025479691103100777,-0.07420967519283295,-0.0044978295237730285,0.015893375501036644,0.004577369429171085,0.001565190963447094,0.005816327407956123,-0.00032623298466205597,-0.02727951854467392,-0.00041566717691911173,0.005816327407956123,True
Grocery,42,12345,12483,12333,12600,104568,106648,0.05407380685210228,0.07856741547584534,0.34333786368370056,0.5113055109977722,14,-2.5538261979818344e-05,-0.012836487032473087,-2.9170418633440325e-05,0.0009819786064326763,0.00011986587196588516,0.0005978099070489407,0.0007013590075075626,-1.6316771507263184e-05,-0.011498418636620045,-1.820502169429141e-05,0.0007013590075075626,True
Grocery,42,12345,12483,12600,12333,106648,104568,0.07856741547584534,0.05407380685210228,0.5113055109977722,0.34333786368370056,14,5.9516169130802155e-06,0.004933296702802181,6.616176605707901e-06,0.00060617970302701,3.690086305141449e-05,0.0008591539226472378,0.0008897921070456505,-6.262678653001785e-06,-0.003506819950416684,-7.938792669295239e-06,0.0008897921070456505,True
Grocery,42,12345,1671,1842,45,7831,179,0.15811388194561005,0.22360679507255554,1.6633260250091553,2.972867250442505,1,-6.076626596041024e-05,-0.10482623428106308,-0.00011624075906943772,0.0002594547113403678,0.00028102711075916886,0.0006130243418738246,0.000691332679707557,-0.0002027187729254365,-0.1278664767742157,-0.0005303285973598986,0.000691332679707557,True
Grocery,42,12345,1671,45,1842,179,7831,0.22360679507255554,0.15811388194561005,2.972867250442505,1.6633260250091553,1,-0.00020557362586259842,-0.1279563158750534,-0.0005603475679850786,0.0007005043444223702,0.00014741606719326228,0.0001831710251281038,0.00026779616018757224,-6.279093213379383e-05,-0.10493255406618118,-0.0001260384433241957,0.00026779616018757224,True
Grocery,42,12345,8368,9389,8440,71934,60299,0.025197632610797882,0.030685821548104286,0.14036674797534943,0.2919789254665375,12,1.9017606973648071e-06,0.0059717511758208275,1.992752086314427e-06,0.00016017560847103596,-7.126946002244949e-07,0.00041547510772943497,0.00041975313797593117,4.9907248467206955e-06,0.005970116704702377,4.947295427105797e-06,0.00041975313797593117,True
Grocery,42,12345,8368,8440,9389,60299,71934,0.030685821548104286,0.025197632610797882,0.2919789254665375,0.14036674797534943,12,-8.515315130352974e-06,-0.008189845830202103,-9.618741302723716e-06,0.0005156076513230801,8.993921801447868e-05,0.00016111205331981182,0.00024773855693638325,-3.312714397907257e-06,-0.006641370244324207,-3.4654877408317856e-06,0.00024773855693638325,True
Grocery,42,12345,2568,5198,14871,33776,128688,0.14433756470680237,0.0589255690574646,0.7791340351104736,0.3784027397632599,4,-0.0074520111083984375,-0.012616921216249466,-0.004119596676903314,0.299044132232666,-0.05492568016052246,0.03099668025970459,-0.017967581748962402,0.005961418151855469,0.057382047176361084,0.005734063279198646,0.03099668025970459,True
Grocery,42,12345,2568,14871,5198,128688,33776,0.0589255690574646,0.14433756470680237,0.3784027397632599,0.7791340351104736,4,-0.000102996826171875,-0.0013914878945797682,-7.416739724649957e-05,0.037061095237731934,-0.01265096664428711,0.29039132595062256,0.27894139289855957,0.001201033592224121,0.0020636895205825567,0.0010528100953037807,0.29039132595062256,True
Grocery,42,12345,5898,4803,5896,30087,39699,0.03279129043221474,0.031311213970184326,0.3001975119113922,0.2976475954055786,7,-3.4528784453868866e-06,-0.014382454566657543,-3.991961814288732e-06,0.00011830643052235246,2.382777165621519e-05,6.254907930269837e-05,8.411455200985074e-05,-2.2622989490628242e-06,-0.013268506154417992,-2.44354709378404e-06,8.411455200985074e-05,True
Grocery,42,12345,5898,5896,4803,39699,30087,0.031311213970184326,0.03279129043221474,0.2976475954055786,0.3001975119113922,7,-1.785927452147007e-06,-0.010964899323880672,-2.0151492438141117e-06,8.05404270067811e-05,2.144434256479144e-05,9.62647027336061e-05,0.00011473242193460464,-2.9766233637928963e-06,-0.012805354781448841,-3.3311315297653393e-06,0.00011473242193460464,True
Grocery,42,12345,3477,2542,2813,11055,12425,0.22360679507255554,0.3162277638912201,1.1937849521636963,1.6031478643417358,5,-0.0010043242946267128,-0.049014270305633545,-0.0017783663010906767,0.009743057191371918,0.0006598895415663719,-9.889248758554459e-05,0.0009036478586494923,0.00034265080466866493,0.20611320436000824,0.0003361111386795907,0.0009036478586494923,True
Grocery,42,12345,3477,2813,2542,12425,11055,0.3162277638912201,0.22360679507255554,1.6031478643417358,1.1937849521636963,5,0.000579348299652338,0.1957932710647583,0.0006456015953579361,0.0014335690066218376,0.003775547258555889,0.009742580354213715,0.01151173934340477,-0.002006388269364834,-0.0801597312092781,-0.004044251838030262,0.01151173934340477,True
Grocery,42,12345,7891,8196,6330,58181,43301,0.08451542258262634,0.022587696090340614,0.47659268975257874,0.1466187983751297,9,0.0003390312194824219,0.0004296859260648489,0.0002853254117509141,0.39434099197387695,-0.07122802734375,0.008810997009277344,-0.06240987777709961,7.152557373046875e-06,5.021138349547982e-05,9.45595056960048e-06,0.008810997009277344,False
Grocery,42,12345,7891,6330,8196,43301,58181,0.022587696090340614,0.08451542258262634,0.1466187983751297,0.47659268975257874,9,-3.337860107421875e-06,-9.004255116451532e-05,-1.1466312988157867e-06,0.01853322982788086,0.009755611419677734,0.39472198486328125,0.4044356346130371,-4.1961669921875e-05,-5.1874128985218704e-05,-3.5941570557293774e-05,0.4044356346130371,False
Grocery,42,12345,2714,12194,12343,103172,104612,0.18898224830627441,0.28867512941360474,1.6447044610977173,1.660666584968567,4,0.003427267074584961,0.024665871635079384,0.003151319580404755,0.028533935546875,-0.07265210151672363,0.031047582626342773,-0.036712646484375,0.004891872406005859,0.03483933210372925,0.005647223199154885,0.031047582626342773,False
Grocery,42,12345,2714,12343,12194,104612,103172,0.28867512941360474,0.18898224830627441,1.660666584968567,1.6447044610977173,4,-3.5762786865234375e-05,-0.00011645365884760395,-0.002119121339405769,0.03597521781921387,-0.15434885025024414,0.03117966651916504,-0.12238764762878418,0.0007815361022949219,0.0025381457526236773,-0.0007887489198863684,0.03117966651916504,False
Grocery,42,12345,9596,9459,8746,72828,64150,0.05872202292084694,0.10000000149011612,0.525634765625,0.5994768738746643,12,1.2847594916820526e-06,0.003951485268771648,1.5610990678198867e-07,0.0001153377816081047,0.00012641632929444313,0.00034575723111629486,0.0004623797722160816,-9.793788194656372e-06,-0.010479534044861794,-1.1415279481676312e-05,0.0004623797722160816,True
Grocery,42,12345,9596,8746,9459,64150,72828,0.10000000149011612,0.05872202292084694,0.5994768738746643,0.525634765625,12,-3.4771859645843506e-05,-0.019866276532411575,-4.092049739897786e-05,0.0008577569387853146,0.00047797709703445435,-0.000170963816344738,0.00031605781987309456,9.04453918337822e-06,0.00937249418348074,6.448444044111122e-06,0.00047797709703445435,True
Grocery,42,12345,15972,16188,17028,136943,141811,0.5,0.15075567364692688,5.359606742858887,1.340212106704712,17,-0.057999663054943085,-0.14330309629440308,-0.23159449078070343,0.17336726188659668,0.010076581500470638,0.005988293327391148,0.012926753610372543,-0.0031381212174892426,-0.10824228823184967,-0.007464860107774287,0.012926753610372543,True
Grocery,42,12345,15972,17028,16188,141811,136943,0.15075567364692688,0.5,1.340212106704712,5.359606742858887,17,-0.00042803678661584854,-0.049647409468889236,-0.0007129827195587147,0.004096743185073137,0.00794355571269989,0.11555416136980057,0.11637269705533981,-0.0071250200271606445,-0.029703618958592415,-0.0236023627471001,0.11637269705533981,True
Grocery,42,12345,15215,6832,89,46871,356,0.25,0.3162277638912201,2.1393015384674072,2.2591426372528076,17,-0.10098433494567871,-0.07772218436002731,-0.11541686246133526,0.5991572141647339,0.1474398374557495,0.005438685417175293,0.11189150810241699,-0.04098701477050781,-0.1548023223876953,-0.05476348538197631,0.1474398374557495,False
Grocery,42,12345,15215,89,6832,356,46871,0.3162277638912201,0.25,2.2591426372528076,2.1393015384674072,17,-0.0897376537322998,-0.09358793497085571,-0.06024347688661036,0.05418956279754639,-0.5847413539886475,0.33127713203430176,-0.19302153587341309,0.06044268608093262,0.05450000613927841,0.09390569490227019,0.33127713203430176,False
Grocery,42,12345,11388,11650,11332,97896,94963,0.18257418274879456,0.1154700443148613,1.588843822479248,1.041155457496643,13,0.0009404863230884075,0.07550495117902756,0.0013653106511297124,0.005757729522883892,-0.0009636161848902702,0.003254515817388892,0.0028212196193635464,0.0005303199868649244,0.07533637434244156,0.0006651324552839318,0.003254515817388892,True
Grocery,42,12345,11388,11332,11650,94963,97896,0.1154700443148613,0.18257418274879456,1.041155457496643,1.588843822479248,13,0.0007121141534298658,0.103843554854393,0.0009117927316252784,0.0030727216508239508,-0.0018740668892860413,0.005441587418317795,0.004824148956686258,0.0012566284276545048,0.10351299494504929,0.0018613414214487837,0.005441587418317795,True
Grocery,42,12345,15008,13750,13751,117269,117289,0.06917145103216171,0.05263157933950424,0.3032808005809784,0.34739750623703003,16,0.0010123252868652344,0.012709490954875946,0.0009638196512632979,0.04033172130584717,0.006377577781677246,0.06913542747497559,0.07571747899055481,0.00020447373390197754,0.0013520667562261224,-0.00011835335608266842,0.07571747899055481,True
Grocery,42,12345,15008,13751,13750,117289,117269,0.05263157933950424,0.06917145103216171,0.34739750623703003,0.3032808005809784,16,0.0009045004844665527,0.006565026007592678,0.0007205324157209814,0.06887349486351013,-0.0007200241088867188,0.033604174852371216,0.03404197096824646,0.0011578202247619629,0.016935570165514946,0.0011245010161839385,0.03404197096824646,True
Grocery,42,12345,16925,9679,6392,74916,43804,0.09622504562139511,0.25819888710975647,0.8435441851615906,1.3416558504104614,19,-0.0025033950805664062,-0.0024955684784799814,-0.0025195214551048672,0.5003163814544678,0.026380538940429688,0.5115387439727783,0.5418891906738281,0.003969907760620117,0.003676492488011718,0.003616184402155385,0.5418891906738281,False
Grocery,42,12345,16925,6392,9679,43804,74916,0.25819888710975647,0.09622504562139511,1.3416558504104614,0.8435441851615906,19,-0.007702350616455078,-0.006297234911471605,-0.004848084538129349,0.6077148914337158,0.09147882461547852,0.47443699836730957,0.558941125869751,-0.006974697113037109,-0.006200519390404224,-0.00405949772412569,0.558941125869751,False
Grocery,42,12345,9975,9219,9364,69775,71569,0.20412413775920868,0.19245009124279022,1.5777024030685425,1.2441720962524414,12,0.02093064785003662,0.03189774602651596,0.020023696595131417,0.31762444972991943,0.2881340980529785,-0.20892775058746338,0.12962734699249268,0.05042099952697754,0.08045615255832672,0.04893952206389926,0.2881340980529785,True
Grocery,42,12345,9975,9682,9219,74945,69775,0.3333333432674408,0.20412413775920868,2.675905704498291,1.5777024030685425,12,0.18545258045196533,0.19621051847934723,0.17761513571282833,0.3331925868988037,0.5028883814811707,-0.04104435443878174,0.4776008129119873,0.01575678586959839,0.015424639917910099,0.012602277175108714,0.5028883814811707,True
Grocery,42,12345,9975,9364,9219,71569,69775,0.19245009124279022,0.20412413775920868,1.2441720962524414,1.5777024030685425,12,0.04734945297241211,0.07647281885147095,0.04548258803783142,0.2859088182449341,0.31665509939193726,-0.041890740394592285,0.2913675308227539,0.016603171825408936,0.02554674632847309,0.015154821250913705,0.31665509939193726,True
Grocery,42,12345,12776,7657,12165,54110,102900,0.018633900210261345,0.025515517219901085,0.07085700333118439,0.12174272537231445,14,-3.4924596548080444e-10,-7.562220162071753e-06,-1.400541786506697e-07,1.8683611415326595e-05,-2.4275039322674274e-05,7.02105462551117e-05,4.712387453764677e-05,1.1883676052093506e-06,0.008391273207962513,8.491095901096534e-07,7.02105462551117e-05,True
Grocery,42,12345,12776,12165,7657,102900,54110,0.025515517219901085,0.018633900210261345,0.12174272537231445,0.07085700333118439,14,1.5445984899997711e-06,0.010934187099337578,1.2255998267868891e-06,6.985431537032127e-05,-3.379664849489927e-05,1.8802820704877377e-05,-1.5113386325538158e-05,-1.1955853551626205e-07,-0.001765409018844366,-1.570180629940294e-07,1.8802820704877377e-05,True
Grocery,42,12345,14723,13856,13726,118382,117022,0.18257418274879456,0.1178511381149292,1.015285611152649,0.7999380230903625,16,0.010203659534454346,0.029447630047798157,0.008130857528998559,0.17835277318954468,0.04309380054473877,0.09608855843544006,0.1261211335659027,-0.013061225414276123,-0.049231261014938354,-0.01959058312473819,0.1261211335659027,True
Grocery,42,12345,14723,13726,13856,117022,118382,0.1178511381149292,0.18257418274879456,0.7999380230903625,1.015285611152649,16,-0.012055516242980957,-0.03434852138161659,-0.014914975938426403,0.16946038603782654,0.08831661939620972,0.17246270179748535,0.24684038758277893,-0.013938933610916138,-0.0274593997746706,-0.01677972788652537,0.24684038758277893,True
Grocery,42,12345,15331,15607,15593,134145,134046,0.07856741547584534,0.0833333358168602,0.5935015082359314,0.6680099964141846,17,0.0003825873136520386,0.024081014096736908,0.0004060751319792718,0.007752455770969391,-0.0026986971497535706,0.01233568787574768,0.010017380118370056,0.00038038939237594604,0.01518412958830595,0.00042314321585837996,0.01233568787574768,True
Grocery,42,12345,15331,15593,15607,134046,134145,0.0833333358168602,0.07856741547584534,0.6680099964141846,0.5935015082359314,17,0.0002353265881538391,0.00933952908962965,0.00024161629548382843,0.012558728456497192,-0.00016880035400390625,0.007888264954090118,0.007966242730617523,0.00024677813053131104,0.015401188284158707,0.00025193795971693834,0.007966242730617523,True
Grocery,42,12345,8887,9348,9367,71160,71606,0.40824827551841736,0.40824827551841736,2.1952693462371826,2.5036134719848633,12,-0.00015910365618765354,-0.027045540511608124,-0.0003681353035430248,0.0028618460055440664,0.0014761616475880146,0.0036319089122116566,0.004260835237801075,-0.0008472353219985962,-0.09043045341968536,-0.001939088179195548,0.004260835237801075,True
Grocery,42,12345,8887,9367,9348,71606,71160,0.40824827551841736,0.40824827551841736,2.5036134719848633,2.1952693462371826,12,-0.0016201832331717014,-0.13263578712940216,-0.0037839343489150454,0.005297543480992317,0.0017320169135928154,0.002913146046921611,0.0038058327045291662,-0.00083933025598526,-0.09931719303131104,-0.001744351786176215,0.0038058327045291662,True
Grocery,42,12345,15470,15095,15628,131214,134226,0.5773502588272095,0.5773502588272095,6.957646369934082,2.596994400024414,17,-0.0815572738647461,-0.05476886034011841,0.014809582753943396,0.022695541381835938,-0.15251827239990234,-0.2744121551513672,-0.33327388763427734,0.09365653991699219,0.12319917231798172,0.1425676234446318,0.0,False
Grocery,42,12345,15470,15628,15095,134226,131214,0.5773502588272095,0.5773502588272095,2.596994400024414,6.957646369934082,17,0.10274648666381836,0.11199422925710678,0.1476691634641135,0.0,-0.16821050643920898,-0.8297090530395508,-0.9535479545593262,0.044371604919433594,0.02273755706846714,0.19302577932742673,0.0,False
Grocery,42,12345,10791,11537,10988,96741,91070,0.03513642027974129,0.02784230373799801,0.3263986110687256,0.12470497190952301,13,4.768007784150541e-07,0.021728530526161194,4.858237652532199e-07,1.0728366760304198e-05,-1.1920492397621274e-06,-3.576169547159225e-07,-1.668868208071217e-06,-1.1920201359316707e-07,-0.03692140057682991,-6.92286074223822e-09,0.0,True
Grocery,42,12345,10791,10988,11537,91070,96741,0.02784230373799801,0.03513642027974129,0.12470497190952301,0.3263986110687256,13,-1.1920201359316707e-07,-0.09021853655576706,3.7617680246814644e-09,0.0,-4.7681533033028245e-07,1.1085965525126085e-05,1.072835220838897e-05,1.1920201359316707e-07,0.005345109850168228,1.6790108606906843e-07,1.1085965525126085e-05,True
Grocery,42,12345,15290,16771,15714,140141,134614,0.09284766763448715,0.3535533845424652,0.649991512298584,1.8508949279785156,17,0.00788050889968872,0.04098973050713539,0.007214384294398378,0.09218758344650269,0.09923940896987915,0.09160417318344116,0.19167226552963257,0.0008286833763122559,0.0021664027590304613,-0.00382450822863118,0.19167226552963257,True
Grocery,42,12345,15290,15714,16771,134614,140141,0.3535533845424652,0.09284766763448715,1.8508949279785156,0.649991512298584,17,0.008814334869384766,0.010860743932425976,0.0053648695940277935,0.41019588708877563,0.30203336477279663,-0.03321397304534912,0.29336339235305786,0.02454400062561035,0.039044830948114395,0.023445330701093427,0.30203336477279663,True
Grocery,42,12345,16630,16628,16412,139320,138177,0.15811388194561005,0.22360679507255554,1.3509387969970703,1.9529426097869873,17,-0.0004454245790839195,-0.05316363275051117,-0.000821265690589728,0.003966467455029488,0.0005651796236634254,0.006460280157625675,0.006814255379140377,-0.0002112044021487236,-0.015260736458003521,-0.0007305909274380798,0.006814255379140377,True
Grocery,42,12345,16630,16412,16628,138177,139320,0.22360679507255554,0.15811388194561005,1.9529426097869873,1.3509387969970703,17,0.0007619466632604599,0.06492269039154053,0.000898915117209932,0.005487129092216492,-0.0006691226735711098,0.0029004011303186417,0.0024979452136904,0.00026666675694286823,0.04395017772912979,0.0002727975476550289,0.0029004011303186417,True
Grocery,42,12345,1836,831,11043,3502,91757,0.0707106813788414,0.10660035908222198,0.615594744682312,0.5804922580718994,0,-0.0032722949981689453,-0.013638706877827644,-0.0044047410856068725,0.11832737922668457,0.03521466255187988,-0.1522533893585205,-0.1166079044342041,0.00043082237243652344,0.0014168248744681478,-0.001387972749143728,0.03521466255187988,False
Grocery,42,12345,1836,11043,831,91757,3502,0.10660035908222198,0.0707106813788414,0.5804922580718994,0.615594744682312,0,0.0006232261657714844,0.0014045502757653594,-0.003338814184950134,0.0,-0.0647726058959961,0.0837392807006836,0.014636993408203125,-0.004329681396484375,-0.026538221165537834,-0.005856433952672353,0.0837392807006836,False
Grocery,42,12345,7280,8276,8064,58741,57123,0.40824827551841736,0.3333333432674408,2.3392887115478516,1.5706064701080322,9,-0.0764991044998169,-0.13682116568088531,-0.1902729875135405,0.24130919575691223,0.05631484091281891,0.12819990515708923,0.1518743336200714,-0.03264041244983673,-0.09703172743320465,-0.07997001809521018,0.1518743336200714,True
Grocery,42,12345,7280,8064,8276,57123,58741,0.3333333432674408,0.40824827551841736,1.5706064701080322,2.3392887115478516,9,-0.037292927503585815,-0.10523448884487152,-0.07619192981544241,0.158543199300766,0.08288341760635376,0.19832833111286163,0.22401908040046692,-0.057192668318748474,-0.1132010743021965,-0.1271966857141044,0.22401908040046692,True
Grocery,42,12345,560,5648,3859,37328,19020,0.26726123690605164,0.5,2.4391963481903076,1.8632493019104004,1,0.2805294990539551,0.22733299434185028,0.3312474069027187,0.0,0.2516155242919922,-0.669849157333374,-0.41496729850769043,0.0032663345336914062,0.0024440709967166185,0.02569521740001135,0.2516155242919922,False
Grocery,42,12345,560,3859,5648,19020,37328,0.5,0.26726123690605164,1.8632493019104004,2.4391963481903076,1,0.04039716720581055,0.02941051870584488,0.041789346735835786,0.64432692527771,0.33184289932250977,-0.8039705753326416,-0.1192469596862793,0.35288071632385254,0.28116631507873535,0.37776127918078106,0.33184289932250977,False
Grocery,42,12345,9149,8976,9688,66693,75101,0.061084724962711334,0.01801290176808834,0.6576354503631592,0.218204066157341,12,-1.1920838005607948e-07,-0.03438319265842438,-1.381517123786942e-07,1.6689227777533233e-06,4.7683533921372145e-07,-2.3841766960686073e-07,3.576265044102911e-07,1.1920883480343036e-07,0.11008504033088684,4.0394424316343486e-08,4.7683533921372145e-07,True
Grocery,42,12345,9149,9688,8976,75101,66693,0.01801290176808834,0.061084724962711334,0.218204066157341,0.6576354503631592,12,1.1920883480343036e-07,0.3242661654949188,2.8707425078319234e-09,0.0,0.0,8.344613888766617e-07,9.53670223680092e-07,1.1920883480343036e-07,0.06629594415426254,-1.1374996514269926e-09,9.53670223680092e-07,True
Grocery,42,12345,9056,9198,9447,69300,72668,0.2182178795337677,0.3333333432674408,1.6887603998184204,1.722176194190979,12,-0.00017935782670974731,-0.0028135008178651333,-0.0005622847076369002,0.03178481012582779,0.0007637497037649155,0.008867299184203148,0.009289436042308807,-0.000341612845659256,-0.018055176362395287,-0.0007848096612619928,0.009289436042308807,True
Grocery,42,12345,9056,10247,9198,81422,69300,0.15430335700511932,0.2182178795337677,1.0981532335281372,1.6887603998184204,12,0.0009200181812047958,0.027684111148118973,0.0011713484164668827,0.01615634188055992,-0.0019690394401550293,0.029812555760145187,0.029214272275567055,0.0013707559555768967,0.0224729273468256,0.0018372611417345004,0.029812555760145187,True
Grocery,42,12345,9056,9447,9198,72668,69300,0.3333333432674408,0.2182178795337677,1.722176194190979,1.6887603998184204,12,-0.0017895326018333435,-0.061663977801799774,-0.003427968079045398,0.01361558586359024,0.007943712174892426,0.035826656967401505,0.03912702202796936,-0.00464334711432457,-0.05601317808032036,-0.008887056692674419,0.03912702202796936,True
Grocery,42,12345,1371,8158,7779,57959,54971,0.20412413775920868,0.14907120168209076,1.95297110080719,1.725019931793213,1,0.002613544464111328,0.004051677417010069,0.0027365253311446014,0.0629117488861084,0.06514286994934082,-0.046776771545410156,0.018747568130493164,0.0003814697265625,0.0029193987138569355,0.00013311718733530643,0.06514286994934082,False
Grocery,42,12345,1371,7779,8158,54971,57959,0.14907120168209076,0.20412413775920868,1.725019931793213,1.95297110080719,1,0.0003478527069091797,0.0028955477755516768,0.00028796446220438754,0.059892892837524414,0.057947635650634766,-0.32351016998291016,-0.2632710933685303,0.002291440963745117,0.0035541155375540257,0.0025669614624204964,0.057947635650634766,False
Grocery,42,12345,16484,16016,15362,136128,132718,0.10910893976688385,0.2182178795337677,0.9564557075500488,1.1763657331466675,17,0.007739216089248657,0.04992349073290825,0.008437161108316382,0.07364115118980408,-0.025277242064476013,0.049232855439186096,0.030386433005332947,0.006430819630622864,0.06130630895495415,0.007045344498671064,0.049232855439186096,True
Grocery,42,12345,16484,15362,16016,132718,136128,0.2182178795337677,0.10910893976688385,1.1763657331466675,0.9564557075500488,17,-0.005285322666168213,-0.027828477323055267,-0.006260760847138107,0.09231981635093689,0.043457865715026855,0.09346741437911987,0.12483823299407959,-0.012087047100067139,-0.04617544636130333,-0.014706911476166295,0.12483823299407959,True
Grocery,42,12345,1047,467,235,1998,1076,0.125,0.14433756470680237,1.7189865112304688,0.9009693264961243,1,-2.384180106673739e-07,-0.08304300159215927,-2.848146123810709e-07,1.3113003660691902e-06,1.1920917586394353e-07,2.3841835172788706e-07,3.576275275918306e-07,0.0,0.0,-5.611235186846575e-08,3.576275275918306e-07,True
Grocery,42,12345,1047,235,467,1076,1998,0.14433756470680237,0.125,0.9009693264961243,1.7189865112304688,1,0.0,0.0,-6.416036782392893e-08,3.576275275918306e-07,3.576271865313174e-07,1.1920911902052467e-06,1.3113003660691902e-06,-2.384180106673739e-07,-0.08304300159215927,-3.284494092521139e-07,1.3113003660691902e-06,True
Grocery,42,12345,12453,12452,12405,105517,105266,0.3333333432674408,0.07273929566144943,2.1212611198425293,0.5023607015609741,14,-0.0016282694414258003,-0.07852135598659515,-0.003413854849008916,0.00955418311059475,0.0010493681766092777,0.00046034250408411026,0.0014094598591327667,-0.00010025082156062126,-0.03434211015701294,-0.00014170696198828627,0.0014094598591327667,True
Grocery,42,12345,12453,12405,12452,105266,105517,0.07273929566144943,0.3333333432674408,0.5023607015609741,2.1212611198425293,14,-2.3434171453118324e-05,-0.019731150940060616,-2.9775755936855544e-05,0.0005821147933602333,0.0005001397803425789,0.007278347387909889,0.0074769360944628716,-0.00030155107378959656,-0.019766798242926598,-0.000555281683301788,0.0074769360944628716,True
Grocery,42,12345,1666,1268,638,5313,2743,0.12909944355487823,0.22360679507255554,1.5831695795059204,2.315412759780884,1,-3.694169572554529e-05,-0.08273924887180328,-6.935555866577108e-05,0.00020476581994444132,6.125922664068639e-05,0.0001669819321250543,0.00019272894132882357,-3.5512217436917126e-05,-0.08435604721307755,-6.462441461746373e-05,0.00019272894132882357,True
Grocery,42,12345,1666,638,1268,2743,5313,0.22360679507255554,0.12909944355487823,2.315412759780884,1.5831695795059204,1,-4.1827515815384686e-05,-0.09242405742406845,-7.873451872787268e-05,0.00020536169176921248,8.032664482016116e-05,0.0001903392985695973,0.00022240375983528793,-4.826218355447054e-05,-0.0978790670633316,-9.628336784132191e-05,0.00022240375983528793,True
Grocery,42,12345,1412,306,4026,1382,21287,0.3162277638912201,0.046126559376716614,2.994460344314575,0.4584713876247406,1,-0.18148159980773926,-0.19621708989143372,-0.3768488050958254,0.37171024084091187,0.05293875187635422,-0.029494591057300568,0.04317576438188553,0.01973160356283188,0.15708735585212708,0.027107173395375862,0.05293875187635422,True
Grocery,42,12345,1412,4026,306,21287,1382,0.046126559376716614,0.3162277638912201,0.4584713876247406,2.994460344314575,1,0.0011645536869764328,0.056284349411726,0.0010414633815394748,0.0030422788113355637,0.016245052218437195,0.1295963078737259,0.13380314409732819,-0.0120382159948349,-0.04304828494787216,-0.021960989805564504,0.13380314409732819,True
Grocery,42,12345,14030,1998,13977,8684,119539,0.07905694097280502,0.04303314909338951,0.49559229612350464,0.20396816730499268,16,0.0012147389352321625,0.058994654566049576,0.0011929195139913674,0.005473379045724869,0.007393479347229004,0.009715594351291656,0.016403712332248688,-0.0007053613662719727,-0.021047523245215416,-0.0008243937860091125,0.016403712332248688,True
Grocery,42,12345,14030,13977,1998,119539,8684,0.04303314909338951,0.07905694097280502,0.20396816730499268,0.49559229612350464,16,-0.0005308687686920166,-0.01834988407790661,-0.0005826297910099254,0.014199741184711456,0.003920506685972214,-0.01042608916759491,-0.005767449736595154,0.0007381327450275421,0.03669736161828041,0.0006959798843325542,0.003920506685972214,True
Grocery,42,12345,2977,6759,2833,46496,12493,0.25,0.05735393241047859,1.060362458229065,0.46108296513557434,3,0.0008700219914317131,0.03521708771586418,0.0010702493716828318,0.011917254887521267,0.013851994648575783,0.0023796167224645615,0.015166893601417542,-0.0010647177696228027,-0.033909812569618225,-0.0014593488499705575,0.015166893601417542,True
Grocery,42,12345,2977,2833,6759,12493,46496,0.05735393241047859,0.25,0.46108296513557434,1.060362458229065,3,-0.00023792684078216553,-0.026299472898244858,-0.0002683937906767706,0.004404446110129356,0.002651386894285679,-0.0013151038438081741,0.001536516472697258,0.00020023342221975327,0.036386117339134216,0.00020749387579602858,0.002651386894285679,True
Grocery,42,12345,10773,10833,10768,89369,88121,0.0707106813788414,0.01626500114798546,0.9222714900970459,0.173615962266922,13,5.7530589401721954e-05,0.027776019647717476,7.556749880317391e-05,0.0010068458504974842,-2.8923037461936474e-05,0.00014998461119830608,0.00012462842278182507,3.5668490454554558e-06,0.01175060123205185,2.8527869949305217e-06,0.00014998461119830608,True
Grocery,42,12345,10773,10768,10833,88121,89369,0.01626500114798546,0.0707106813788414,0.173615962266922,0.9222714900970459,13,-4.634261131286621e-06,-0.011108041740953922,-5.236202041118606e-06,0.0002062772400677204,7.075187750160694e-05,0.0010870367987081409,0.001135128317400813,-2.266035880893469e-05,-0.009882721118628979,-2.8681742545280938e-05,0.001135128317400813,True
Grocery,42,12345,11273,11044,10916,91773,90326,0.10050378739833832,0.09090909361839294,0.8375704288482666,1.1700636148452759,13,0.000859403982758522,0.09375689923763275,0.001046993683163109,0.0041534435003995895,-0.002631661482155323,0.00747714564204216,0.006393571384251118,0.0015480872243642807,0.09380989521741867,0.002107751794819114,0.00747714564204216,True
Grocery,42,12345,11273,10916,11044,90326,91773,0.09090909361839294,0.10050378739833832,1.1700636148452759,0.8375704288482666,13,0.0012852963991463184,0.07666464149951935,0.0017858113388112577,0.007739936467260122,-0.001628291793167591,0.004267493728548288,0.0033845556899905205,0.0007453537546098232,0.0803152546286583,0.0009317468988712182,0.004267493728548288,True
Grocery,42,12345,8542,10174,10292,80677,81994,0.051847584545612335,0.05205791816115379,0.5716263651847839,0.5641223788261414,12,-0.00074797123670578,-0.01842523366212845,-0.0008609316098267972,0.019923478364944458,0.011051744222640991,0.0006262287497520447,0.011693738400936127,1.576542854309082e-05,0.0006745514692738652,-4.466340095166631e-05,0.011693738400936127,True
Grocery,42,12345,8542,10292,10174,81994,80677,0.05205791816115379,0.051847584545612335,0.5641223788261414,0.5716263651847839,12,-3.0681490898132324e-05,-0.0013655878137797117,-9.914339176797364e-05,0.011218458414077759,0.0112801194190979,0.008842334151268005,0.019388116896152496,-0.0007343366742134094,-0.018585823476314545,-0.0008492420467638936,0.019388116896152496,True
Grocery,42,12345,16644,16990,15767,141496,134867,0.28867512941360474,0.2357022762298584,2.4799113273620605,2.138369560241699,19,0.03684818744659424,0.025725215673446655,0.0270056395298095,0.6977640390396118,-0.07659423351287842,0.7106267213821411,0.7068966627120972,0.07286417484283447,0.04876736178994179,0.08047630685378643,0.7106267213821411,True
Grocery,42,12345,16644,15767,16990,134867,141496,0.2357022762298584,0.28867512941360474,2.138369560241699,2.4799113273620605,19,0.0373724102973938,0.024432647973299026,0.050238503557592185,0.7772271633148193,0.02814197540283203,0.7316455245018005,0.7627542018890381,0.0029667019844055176,0.001948519260622561,-0.0007123695877709335,0.7627542018890381,True
Grocery,42,12345,6156,2644,3788,11598,18460,0.28867512941360474,0.02997453138232231,2.251249313354492,0.38616815209388733,8,0.00031090155243873596,0.05506034940481186,0.00031997104953208227,0.0,-0.00019724201411008835,0.002301751635968685,0.002150101587176323,4.5591965317726135e-05,0.009806611575186253,1.9114125593571588e-05,0.002301751635968685,True
Grocery,42,12345,6156,3788,2644,18460,11598,0.02997453138232231,0.28867512941360474,0.38616815209388733,2.251249313354492,8,8.223392069339752e-05,0.01782863587141037,9.341891540189757e-05,0.0022651096805930138,-0.00018698861822485924,-0.0021466026082634926,-0.002392261289060116,-5.867006257176399e-05,-0.012414678931236267,1.2494193238813913e-06,0.0,True
Grocery,42,12345,14866,14943,14128,129581,121328,0.05241423845291138,0.09166985005140305,0.4969826340675354,0.81792813539505,16,-9.918212890625e-05,-0.00014483751147054136,-6.914623028070332e-05,0.34234142303466797,0.06164073944091797,0.09171199798583984,0.15352869033813477,0.00017595291137695312,0.0005733579746447504,0.0001780878556397627,0.15352869033813477,False
Grocery,42,12345,14866,14128,14943,121328,129581,0.09166985005140305,0.05241423845291138,0.81792813539505,0.4969826340675354,16,0.0012903213500976562,0.003930454608052969,0.0010466427889015556,0.16478919982910156,0.07384920120239258,0.28008317947387695,0.3542747497558594,0.00034236907958984375,0.0004834307183045894,0.00033389976389103275,0.3542747497558594,False
Grocery,42,12345,1452,291,4026,1306,21288,0.25,0.051571059972047806,1.7211922407150269,0.5125865936279297,1,-5.7062337873503566e-05,-0.0823710560798645,-0.00010868621970082856,0.0003178375191055238,6.936797581147403e-05,-1.2037591659463942e-05,6.972554547246546e-05,1.2395161320455372e-05,0.08201052248477936,1.2653722624138481e-05,6.972554547246546e-05,True
Grocery,42,12345,1452,4026,291,21288,1306,0.051571059972047806,0.25,0.5125865936279297,1.7211922407150269,1,1.191918272525072e-06,0.043843336403369904,7.457014024719991e-07,1.3349534128792584e-05,2.6336609153077006e-05,0.00019116477051284164,0.00020534865325316787,-1.215272641275078e-05,-0.028739359229803085,-2.0512113562225232e-05,0.00020534865325316787,True
Grocery,42,12345,5584,5583,5190,36943,33749,0.1386750489473343,0.22360679507255554,1.3910595178604126,1.5516875982284546,7,0.005613565444946289,0.03507532179355621,0.00946116548308057,0.07730042934417725,-0.0018209069967269897,0.05009010434150696,0.050175741314888,0.0019065439701080322,0.018675722181797028,0.0023708830163411184,0.050175741314888,True
Grocery,42,12345,5584,5190,5583,33749,36943,0.22360679507255554,0.1386750489473343,1.5516875982284546,1.3910595178604126,7,0.0022497177124023438,0.022111641243100166,0.0019321014306833764,0.05050007253885269,-0.007122717797756195,0.0749526172876358,0.07570575922727585,0.00787585973739624,0.04991636797785759,0.01227922431185025,0.07570575922727585,True
Grocery,42,12345,6703,6990,6946,48227,47832,0.07254762202501297,0.07453560084104538,0.5430057644844055,0.537906289100647,10,-4.444480873644352e-05,-0.019487600773572922,-5.413883351588675e-05,0.0011181081645190716,0.00015541422180831432,0.0009747089352458715,0.0010873370338231325,-4.278612323105335e-05,-0.019295016303658485,-5.183783254967422e-05,0.0010873370338231325,True
Grocery,42,12345,6703,6946,6990,47832,48227,0.07453560084104538,0.07254762202501297,0.537906289100647,0.5430057644844055,10,-7.241405546665192e-05,-0.029510799795389175,-8.99255232785915e-05,0.0011906956788152456,0.0002616161946207285,0.00103629264049232,0.0012226514518260956,-7.525738328695297e-05,-0.02985728345811367,-9.394854029197367e-05,0.0012226514518260956,True
Grocery,42,12345,4630,4173,5393,22317,35472,0.05163978040218353,0.06666667014360428,0.3183608055114746,0.4601023495197296,7,0.0001675393432378769,0.03707234188914299,0.00016053971919171791,0.0,-0.002291874960064888,0.0023216363042593002,0.0004932396113872528,0.0004634782671928406,0.09075777977705002,0.00047235084011838845,0.0023216363042593002,True
Grocery,42,12345,4630,5393,4173,35472,22317,0.06666667014360428,0.05163978040218353,0.4601023495197296,0.3183608055114746,7,-0.00010142102837562561,-0.01279099378734827,-0.00011457553096605845,0.003913832828402519,0.001011192798614502,-0.00019602105021476746,0.0008312761783599854,1.6104429960250854e-05,0.007900137454271317,1.3186509811664312e-05,0.001011192798614502,True
Grocery,42,12345,14855,14071,14254,120822,122783,0.04667600244283676,0.0990147590637207,0.6270395517349243,0.7592250108718872,15,-0.0007925443351268768,-0.01389297191053629,-0.0009489945847346269,0.028126932680606842,0.003426864743232727,0.03972521051764488,0.04188143461942673,-0.001270640641450882,-0.01494282204657793,-0.0016166110204718716,0.04188143461942673,True
Grocery,42,12345,14855,14254,14071,122783,120822,0.0990147590637207,0.04667600244283676,0.7592250108718872,0.6270395517349243,15,-0.002977430820465088,-0.03154817968606949,-0.003938681432186557,0.04569990932941437,0.006212294101715088,0.02712254971265793,0.03139045834541321,-0.0019443854689598083,-0.030040573328733444,-0.002422103128348674,0.03139045834541321,True
Grocery,42,12345,8621,17023,9997,141722,78698,0.04225771129131317,0.125,0.25773903727531433,0.6584002375602722,12,5.665421485900879e-05,0.008961598388850689,5.3906725678179706e-05,0.001450374722480774,0.001353248953819275,-0.0024278536438941956,-0.0009208247065544128,0.0001537799835205078,0.03270566463470459,0.00015332918468644765,0.001353248953819275,True
Grocery,42,12345,8621,9997,17023,78698,141722,0.125,0.04225771129131317,0.6584002375602722,0.25773903727531433,12,0.002931073307991028,0.06423784047365189,0.0031590870228905086,0.021348685026168823,0.023723505437374115,-0.0036889687180519104,0.02059078961610794,0.0005562528967857361,0.011587811633944511,0.0005543816232122074,0.023723505437374115,True
Grocery,42,12345,7087,6743,2774,46335,12184,0.15811388194561005,0.15811388194561005,1.456262469291687,0.9649549722671509,9,0.00282248854637146,0.01042122021317482,-0.009916915625194977,0.1340090036392212,-0.010786280035972595,0.012209467589855194,0.008831784129142761,0.007408596575260162,0.23277312517166138,0.007634916315209539,0.012209467589855194,True
Grocery,42,12345,7087,2774,6743,12184,46335,0.15811388194561005,0.15811388194561005,0.9649549722671509,1.456262469291687,9,0.006843343377113342,0.21126127243041992,0.007249702711447998,0.01612292230129242,0.018816694617271423,0.15229998528957367,0.15564818680286407,-0.015468493103981018,-0.047338295727968216,-0.041873207245433024,0.15564818680286407,True
Grocery,42,12345,6115,4800,5654,30009,37372,0.20412413775920868,0.07001400738954544,2.21700119972229,0.786587119102478,7,-0.0017187036573886871,-0.015464541502296925,-0.0020171356731500042,0.054709818214178085,0.00659513846039772,0.022013913840055466,0.026523925364017487,-0.0020851269364356995,-0.03781995177268982,-0.0029007563776765636,0.026523925364017487,True
Grocery,42,12345,6115,5654,4800,37372,30009,0.07001400738954544,0.20412413775920868,0.786587119102478,2.21700119972229,7,-0.0009293891489505768,-0.01981312409043312,-0.0012389659539170789,0.022989176213741302,0.0021622851490974426,0.04851238802075386,0.05064338818192482,-3.1284987926483154e-05,-0.000308779941406101,0.0006731976760261773,0.05064338818192482,True
Grocery,42,12345,10913,10923,10924,90364,90369,0.25819888710975647,0.40824827551841736,2.0162620544433594,5.8756842613220215,13,-0.0011865301057696342,-0.09240889549255371,-0.0020307573088213194,0.005826729349792004,0.00883524864912033,0.04154490679502487,0.042871009558439255,-0.007509145885705948,-0.08052601665258408,-0.019564361250118213,0.042871009558439255,True
Grocery,42,12345,10913,10924,10923,90369,90364,0.40824827551841736,0.25819888710975647,5.8756842613220215,2.0162620544433594,13,-0.011842947453260422,-0.11009549349546432,-0.0357081871998252,0.04786340892314911,0.0037939702160656452,0.00512336939573288,0.007108067162334919,-0.0018092724494636059,-0.11290019750595093,-0.0033788559154873743,0.007108067162334919,True
Grocery,42,12345,375,3040,5971,13727,40535,0.28867512941360474,0.10660035908222198,2.221259117126465,0.7437440156936646,0,-0.011319875717163086,-0.004752940498292446,-6.081314768746626e-05,1.185168743133545,0.8437590599060059,0.14014887809753418,0.9560494422912598,-0.027858495712280273,-0.014360364526510239,-0.020709570071930947,0.9560494422912598,False
Grocery,42,12345,375,5971,3040,40535,13727,0.10660035908222198,0.28867512941360474,0.7437440156936646,2.221259117126465,0,-0.0013375282287597656,-0.0059204064309597015,-0.001230839178087445,0.11362791061401367,-0.041860103607177734,0.35629117488861084,0.3160879611968994,0.0016568899154663086,0.002319796709343791,0.0016008574297724566,0.35629117488861084,False
Grocery,42,12345,5831,15166,5986,131627,40674,0.10000000149011612,0.1714985966682434,1.1857223510742188,0.6409690380096436,8,0.02076566219329834,0.027927810326218605,0.019594017477729875,0.3613910675048828,-0.1027078628540039,0.17404353618621826,0.08246934413909912,0.011133670806884766,0.030993953347206116,0.010963454704671614,0.17404353618621826,False
Grocery,42,12345,5831,5986,15166,40674,131627,0.1714985966682434,0.10000000149011612,0.6409690380096436,1.1857223510742188,8,0.03612488508224487,0.06294158101081848,0.0366718325574763,0.1490526795387268,-0.33894193172454834,0.31212353706359863,0.04321444034576416,0.07003283500671387,0.10087118297815323,0.07009255392168975,0.31212353706359863,False
Grocery,42,12345,9110,9359,15267,71453,132123,0.04123930633068085,0.18257418274879456,0.2512069046497345,1.332404613494873,12,1.4228280633687973e-05,0.016887975856661797,1.5020125421517412e-05,0.00041413563303649426,0.00026438303757458925,-0.001144773792475462,-0.0007164098788052797,0.00016398087609559298,0.07714653015136719,0.00013324637156429626,0.00026438303757458925,True
Grocery,42,12345,9110,15267,9359,132123,71453,0.18257418274879456,0.04123930633068085,1.332404613494873,0.2512069046497345,12,0.0009102228796109557,0.24706774950027466,0.0009344490361584708,0.001386934774927795,0.00221287296153605,-0.00016096746549010277,0.002136190189048648,8.42846930027008e-05,0.01868823543190956,0.00011243811581234666,0.00221287296153605,True
Grocery,42,12345,1397,1466,1419,6121,5935,0.5,0.7071067690849304,5.665683746337891,9.270895004272461,1,-2.4198783648898825e-05,-0.23907966911792755,-0.00010728262781184718,3.8503811083501205e-05,3.111284604528919e-05,3.611960346461274e-05,3.933824336854741e-05,-2.7894206141354516e-05,-0.26171913743019104,-0.00015806473260350815,3.933824336854741e-05,True
Grocery,42,12345,1397,1419,1466,5935,6121,0.7071067690849304,0.5,9.270895004272461,5.665683746337891,1,-8.642137981951237e-05,-0.29530367255210876,-0.0007107774867658308,0.00010311059304513037,5.6979715736815706e-05,5.960229100310244e-05,6.806610326748341e-05,-4.851590347243473e-05,-0.26273366808891296,-0.00026130228693285257,6.806610326748341e-05,True
Grocery,42,12345,253,13296,4307,112531,23222,0.047781847417354584,0.02777777798473835,0.34639009833335876,0.18774980306625366,1,-6.40377402305603e-06,-0.004563238006085157,-5.043155526495585e-06,0.0,-0.00016095861792564392,-0.0006296336650848389,-0.0007968628779053688,-6.270594894886017e-06,-0.003950067795813084,-4.938373500819763e-06,0.0,True
Grocery,42,12345,253,4307,13296,23222,112531,0.02777777798473835,0.047781847417354584,0.18774980306625366,0.34639009833335876,1,-3.473833203315735e-07,-0.000268721574684605,-5.299316018479456e-07,0.0,-9.563751518726349e-06,-0.0005426304414868355,-0.0005536051467061043,-1.41095370054245e-06,-0.00127594661898911,-1.130585828907297e-06,0.0,True
Grocery,42,12345,6123,4026,15384,21300,132821,0.07293249666690826,0.2357022762298584,0.7249069809913635,2.0547640323638916,8,0.00013613328337669373,0.004388889763504267,9.280452123400403e-05,0.01544078066945076,-0.003102250397205353,0.03428974002599716,0.033522918820381165,0.0023354291915893555,0.0329328328371048,0.003658560617935353,0.03428974002599716,True
Grocery,42,12345,6123,15384,4026,132821,21300,0.2357022762298584,0.07293249666690826,2.0547640323638916,0.7249069809913635,8,0.011126335710287094,0.17909878492355347,0.013579775070467186,0.025498833507299423,-0.020221397280693054,0.01006004586815834,-0.004644483327865601,0.005516868084669113,0.15795905888080597,0.005112769261449378,0.01006004586815834,True
Grocery,42,12345,8539,10117,9272,79950,70313,0.05270462855696678,0.05822225287556648,0.35961583256721497,0.2762194275856018,12,-0.0016056597232818604,-0.01381017081439495,-0.0017984773775785237,0.05733039975166321,0.020944535732269287,0.02644062042236328,0.04631096124649048,-0.0010741949081420898,-0.01146466750651598,-0.0011896639336215506,0.04631096124649048,True
Grocery,42,12345,8539,9272,10117,70313,79950,0.05822225287556648,0.05270462855696678,0.2762194275856018,0.35961583256721497,12,-0.0010335147380828857,-0.011055593378841877,-0.0011393645991884874,0.04622495174407959,0.021315693855285645,0.03734508156776428,0.057170093059539795,-0.0014906823635101318,-0.012869473546743393,-0.0016660210662319528,0.057170093059539795,True
Grocery,42,12345,4095,13207,3788,111051,18384,0.03726780042052269,0.03671115264296532,0.22772234678268433,0.47295746207237244,8,-2.8312206268310547e-06,-0.0034537496976554394,-2.4610269983505384e-06,0.00041128695011138916,-0.00044821202754974365,0.005855383351445198,0.005493922159075737,8.675083518028259e-05,0.007353306282311678,9.484646095788514e-05,0.005855383351445198,True
Grocery,42,12345,4095,3788,13207,18384,111051,0.03671115264296532,0.03726780042052269,0.47295746207237244,0.22772234678268433,8,0.0002248268574476242,0.01928279921412468,0.0002494265033693736,0.0057173073291778564,-0.0008044708520174026,0.00037900544703006744,-0.00039601512253284454,2.945028245449066e-05,0.018645303323864937,3.0434283566455765e-05,0.00037900544703006744,True
Grocery,42,12345,6690,16175,7796,136854,55254,0.05407380685210228,0.28867512941360474,0.354360431432724,2.787614583969116,9,3.7614256143569946e-05,0.006119120866060257,3.3586833251211465e-05,1.7726793885231018e-05,0.0006417036056518555,0.11269804835319519,0.11275338381528854,-0.0005863681435585022,-0.002593480283394456,-0.0013462192528485885,0.11275338381528854,True
Grocery,42,12345,6690,7796,16175,55254,136854,0.28867512941360474,0.05407380685210228,2.787614583969116,0.354360431432724,9,0.005070582032203674,0.023137200623750687,-0.009666622095886703,0.10704109817743301,-0.002540815621614456,-0.0028730183839797974,-0.005595505237579346,-0.00018167123198509216,-0.016501540318131447,-0.00018354701850600594,0.0,True
Grocery,42,12345,12720,10768,3788,88180,18616,0.036369647830724716,0.03671115264296532,0.38821709156036377,0.47295746207237244,14,0.00013180077075958252,0.009562702849507332,0.00013782043938611504,0.0024118050932884216,-0.006121620535850525,-0.011683866381645203,-0.01850946992635727,-0.0007039830088615417,-0.019385477527976036,-0.0006140409423942573,0.0,True
Grocery,42,12345,12720,3788,10768,18616,88180,0.03671115264296532,0.036369647830724716,0.47295746207237244,0.38821709156036377,14,5.409121513366699e-06,0.00021827789896633476,-7.3256129601972225e-06,0.00021377205848693848,0.00020812451839447021,0.002532549202442169,0.0027517303824424744,1.1056661605834961e-05,0.0020130786579102278,6.4619302721296245e-06,0.0027517303824424744,True
Grocery,42,12345,16395,13130,15163,110276,131609,0.02380952425301075,0.08058229833841324,0.2128295749425888,0.545951247215271,17,-0.00028699636459350586,-0.0034913336858153343,-0.00028447689193970144,0.0,-0.005209743976593018,-0.05577099323272705,-0.06144505739212036,-0.00046432018280029297,-0.00379266613163054,-0.0004557512545599413,0.0,True
Grocery,42,12345,16395,15163,13130,131609,110276,0.08058229833841324,0.02380952425301075,0.545951247215271,0.2128295749425888,17,-0.00034177303314208984,-0.0028531961143016815,-0.0003343906875997657,0.0,-0.003978252410888672,-0.03566557168960571,-0.03983664512634277,-0.00019282102584838867,-0.002426017541438341,-0.00018952353723592134,0.0,True
Grocery,42,12345,2942,4339,2520,23897,10928,0.023782575502991676,0.04428074508905411,0.17498323321342468,0.24395416676998138,4,0.00016319751739501953,0.027740582823753357,0.00016551181285309052,0.0028598904609680176,-0.00250399112701416,0.03077685832977295,0.02861011028289795,0.00033724308013916016,0.005448986776173115,0.00035275329507508646,0.03077685832977295,True
Grocery,42,12345,2942,2520,4339,10928,23897,0.04428074508905411,0.023782575502991676,0.24395416676998138,0.17498323321342468,4,0.0002721548080444336,0.004392706789076328,0.0002865055126228949,0.030841946601867676,-0.0012936592102050781,0.0030065178871154785,0.001729428768157959,1.6570091247558594e-05,0.0027481173165142536,1.6197583162160367e-05,0.0030065178871154785,True
Grocery,42,12345,14250,3207,11840,14703,99725,0.035093121230602264,0.017180204391479492,0.24362137913703918,0.21577638387680054,16,3.4533441066741943e-06,0.04581242799758911,3.423131494117438e-06,0.0,-6.905640475451946e-06,3.0004186555743217e-05,2.107431646436453e-05,-2.0242296159267426e-06,-0.034904032945632935,-2.1759261513943716e-06,3.0004186555743217e-05,True
Grocery,42,12345,14250,11840,3207,99725,14703,0.017180204391479492,0.035093121230602264,0.21577638387680054,0.24362137913703918,16,-1.3101380318403244e-06,-0.022872500121593475,-1.386566688635965e-06,2.92900949716568e-05,-1.9170227460563183e-05,-2.6671448722481728e-05,-4.2745377868413925e-05,3.0962983146309853e-06,0.03494809567928314,2.972416541839865e-06,0.0,True
Grocery,42,12345,13614,14199,14186,122379,122122,0.0657951682806015,0.07559289038181305,0.8228988647460938,1.0383058786392212,15,-0.0005385167896747589,-0.007661527022719383,-0.0007005292537684595,0.03487496078014374,0.001617327332496643,0.040941838175058365,0.042147330939769745,-0.00041183456778526306,-0.004861900117248297,-0.000534833530502256,0.042147330939769745,True
Grocery,42,12345,13614,14186,14199,122122,122379,0.07559289038181305,0.0657951682806015,1.0383058786392212,0.8228988647460938,15,-0.0005023330450057983,-0.0058839148841798306,-0.0006607338333208881,0.04243580251932144,0.0020408406853675842,0.03376832604408264,0.03517179191112518,-0.0006373748183250427,-0.00897951703518629,-0.0008355169328376506,0.03517179191112518,True
Grocery,42,12345,15335,15291,16318,132262,137670,0.03823595866560936,0.1666666716337204,0.35715997219085693,1.239815354347229,17,-0.0006122589111328125,-0.001959629124030471,-0.0007246954139389361,0.1565241813659668,-0.03417062759399414,0.690082311630249,0.6542901992797852,-0.0016214847564697266,-0.0011762307258322835,-0.0028972122754190657,0.690082311630249,False
Grocery,42,12345,15335,16318,15291,137670,132262,0.1666666716337204,0.03823595866560936,1.239815354347229,0.35715997219085693,17,-0.0012725591659545898,-0.0009233525488525629,-0.005323715193475076,0.6897333860397339,-0.13554048538208008,0.15660583972930908,0.020371675491333008,-0.0006936788558959961,-0.0022196443751454353,-0.0010820621436965234,0.15660583972930908,False
Grocery,42,12345,412,161,288,752,1291,0.08084520697593689,0.3333333432674408,0.45605382323265076,1.6974557638168335,1,0.0030889809131622314,0.05332447960972786,0.0034424078195869345,0.02741950750350952,-0.023084178566932678,0.1544412076473236,0.1473802924156189,0.016023263335227966,0.049316659569740295,0.02386060911332291,0.1544412076473236,True
Grocery,42,12345,412,288,161,1291,752,0.3333333432674408,0.08084520697593689,1.6974557638168335,0.45605382323265076,1,0.09261831641197205,0.37299370765686035,0.10489793629042901,0.07784616947174072,-0.05667226389050484,0.013311060145497322,-0.026163775473833084,0.01719742827117443,0.17886577546596527,0.013290066770802795,0.013311060145497322,True
Grocery,42,12345,15783,15615,9834,134183,76938,0.40824827551841736,0.22360679507255554,2.5595285892486572,1.5577021837234497,19,0.21441829204559326,0.12002131342887878,0.22912686186197206,0.5863677263259888,-0.6503431797027588,0.09696900844573975,-0.689072847366333,-0.13569867610931396,-0.09447235614061356,-0.17207535648196637,0.09696900844573975,False
Grocery,42,12345,15783,9834,15615,76938,134183,0.22360679507255554,0.40824827551841736,1.5577021837234497,2.5595285892486572,19,-0.06038999557495117,-0.07633880525827408,-0.08625986928589355,0.021660327911376953,-0.5021941661834717,0.7243261337280273,0.29859185218811035,0.07645988464355469,0.05013394355773926,0.06027772199086796,0.7243261337280273,False
Grocery,42,12345,8670,13810,8581,117839,61937,0.03934447467327118,0.05263157933950424,0.28848469257354736,0.39530354738235474,12,7.0035457611083984e-06,0.0025067345704883337,7.387451268232393e-06,0.0013934392482042313,-7.197726517915726e-05,0.002685912884771824,0.0026419255882501602,2.798996865749359e-05,0.005183495115488768,3.226499387519809e-05,0.002685912884771824,True
Grocery,42,12345,8670,8581,13810,61937,117839,0.05263157933950424,0.03934447467327118,0.39530354738235474,0.28848469257354736,12,1.950189471244812e-05,0.003605910576879978,1.8895312082618104e-05,0.0026944009587168694,-3.0382536351680756e-05,0.0013774903491139412,0.001370060257613659,2.2952444851398468e-05,0.008262388408184052,2.319965321678774e-05,0.0013774903491139412,True
Grocery,42,12345,9218,15125,9641,131372,74467,0.1178511381149292,0.14907120168209076,1.3485808372497559,1.3520631790161133,12,0.00023419223725795746,0.09679520130157471,0.0001687470134401328,0.0005076471716165543,0.0003795567899942398,-0.0005433401092886925,0.00019849929958581924,0.0003622826188802719,0.3230610191822052,0.00030528556766012407,0.0003795567899942398,True
Grocery,42,12345,9218,9641,15125,74467,131372,0.14907120168209076,0.1178511381149292,1.3520631790161133,1.3485808372497559,12,0.0010237675160169601,0.3777386248111725,0.0008968693401109752,0.0008432380855083466,0.0011129416525363922,-0.0018466934561729431,2.0312145352363586e-05,0.0007540639489889145,0.2530452311038971,0.0006188569877322504,0.0011129416525363922,True
Grocery,42,12345,5988,5306,3861,34677,19116,0.14433756470680237,0.0353553406894207,0.8768290281295776,0.3413396179676056,7,-0.0011249855160713196,-0.013520454056560993,-0.0014226073685359372,0.04104059934616089,0.0024756714701652527,0.011403247714042664,0.013571873307228088,-0.0003070458769798279,-0.011185315437614918,-0.0003435969223002394,0.013571873307228088,True
Grocery,42,12345,5988,3861,5306,19116,34677,0.0353553406894207,0.14433756470680237,0.3413396179676056,0.8768290281295776,7,-0.00031913071870803833,-0.01121057290583849,-0.00034940722775293753,0.014073900878429413,0.003701329231262207,0.03878963738679886,0.0414482057094574,-0.0010427609086036682,-0.012422814965248108,-0.0012600722099343584,0.0414482057094574,True
Grocery,42,12345,9963,8649,9628,62761,74320,0.28867512941360474,0.3535533845424652,1.9392974376678467,2.3250339031219482,12,-0.009549006819725037,-0.04603567719459534,-0.014120943417483434,0.09893859922885895,0.051125384867191315,-0.04005192220211029,0.020407482981681824,0.0093340203166008,0.08364956825971603,0.009901995434827497,0.051125384867191315,True
Grocery,42,12345,9963,9628,8649,74320,62761,0.3535533845424652,0.28867512941360474,2.3250339031219482,1.9392974376678467,12,-0.005315601825714111,-0.07154253870248795,-0.003030903913157773,0.0,-0.015221670269966125,0.028114058077335358,0.013708516955375671,0.0008161291480064392,0.014306946657598019,-0.007913460780014106,0.028114058077335358,True
Grocery,42,12345,13636,13639,17071,116133,142200,0.05129891633987427,0.015772007405757904,0.26406329870224,0.1807490736246109,15,-8.876435458660126e-05,-0.015376671217381954,-9.810956299747577e-05,0.002841944806277752,0.0005563851445913315,0.0005378145724534988,0.0010707434266805649,-2.3456290364265442e-05,-0.010834548622369766,-2.5326937202295074e-05,0.0010707434266805649,True
Grocery,42,12345,13636,17071,13639,142200,116133,0.015772007405757904,0.05129891633987427,0.1807490736246109,0.26406329870224,15,-1.1179596185684204e-05,-0.007653870619833469,-1.2189258561214663e-05,0.0007247282192111015,0.00022795982658863068,0.0022490210831165314,0.0024482114240527153,-2.8769485652446747e-05,-0.005841280333697796,-3.124221730546214e-05,0.0024482114240527153,True
Grocery,42,12345,7021,3731,14510,17947,125213,0.06454972177743912,0.054554469883441925,0.4661642611026764,0.2737000584602356,11,0.00366973876953125,0.006075706332921982,0.0036856464484210094,0.0,-0.09392738342285156,-0.11138534545898438,-0.2028369903564453,0.002475738525390625,0.006065760739147663,0.00242166506073877,0.0,False
Grocery,42,12345,7021,14510,3731,125213,17947,0.054554469883441925,0.06454972177743912,0.2737000584602356,0.4661642611026764,11,0.0014925003051757812,0.006805442273616791,0.0015444889764661823,0.00229644775390625,0.0011301040649414062,-0.2077007293701172,-0.20391082763671875,0.0026597976684570312,0.006444219034165144,0.0026331452551062963,0.0011301040649414062,False
Grocery,42,12345,1223,13207,4029,111001,21400,0.02635231427848339,0.03289758414030075,0.16102400422096252,0.4304460883140564,2,-0.00021016597747802734,-0.0029031229205429554,-0.00021327168458341178,0.03609144687652588,0.018280029296875,0.06320738792419434,0.0806584358215332,-0.0008289813995361328,-0.005112565588206053,-0.0008688321444745787,0.0806584358215332,False
Grocery,42,12345,1223,4029,13207,21400,111001,0.03289758414030075,0.02635231427848339,0.4304460883140564,0.16102400422096252,2,0.0006837844848632812,0.004368448164314032,0.0007253524880522152,0.07860589027404785,0.016546964645385742,0.018065929412841797,0.03497719764709473,0.0003643035888671875,0.005234991665929556,0.0003677991053495343,0.03497719764709473,False
Grocery,42,12345,14849,13629,13975,116030,119462,0.02635231427848339,0.0416666679084301,0.2877355217933655,0.30727189779281616,16,7.1487738750875e-07,0.004558338318020105,8.159914078967209e-07,7.805181667208672e-05,-1.6682315617799759e-06,6.291858153417706e-05,6.19652564637363e-05,7.149064913392067e-07,0.005648663267493248,6.732055977609247e-07,6.291858153417706e-05,True
Grocery,42,12345,14849,13975,13629,119462,116030,0.0416666679084301,0.02635231427848339,0.30727189779281616,0.2877355217933655,16,1.7870625015348196e-06,0.014240686781704426,1.86857124387992e-06,6.184642552398145e-05,-7.74531508795917e-06,7.662226562388241e-05,7.10213789716363e-05,2.1444284357130527e-06,0.013799503445625305,2.3036232222760608e-06,7.662226562388241e-05,True
Grocery,42,12345,15591,16204,15428,137026,133022,0.2357022762298584,0.3535533845424652,1.4373304843902588,2.892082452774048,17,-0.009283900260925293,-0.03540012612938881,-0.012588968686958912,0.12648612260818481,0.05080455541610718,0.20551356673240662,0.22672772407531738,-0.02959039807319641,-0.06125795096158981,-0.0499833439605415,0.22672772407531738,True
Grocery,42,12345,15591,15428,16204,133022,137026,0.3535533845424652,0.2357022762298584,2.892082452774048,1.4373304843902588,17,-0.0724577009677887,-0.1069871336221695,-0.12420765237326639,0.30239924788475037,0.08499598503112793,0.12696567177772522,0.18098405003547668,-0.030977606773376465,-0.07883431762456894,-0.04263133028717844,0.18098405003547668,True
Grocery,42,12345,3500,2302,3501,9973,16772,0.3535533845424652,0.1767766922712326,1.4958417415618896,0.9062321186065674,5,0.031072109937667847,0.10826097428798676,0.02701456871145541,0.1590416431427002,0.14446935057640076,0.13452008366584778,0.21621301770210266,-0.06277641654014587,-0.12676919996738434,-0.11307345152649537,0.21621301770210266,True
Grocery,42,12345,3500,3501,2302,16772,9973,0.1767766922712326,0.3535533845424652,0.9062321186065674,1.4958417415618896,5,-0.04920297861099243,-0.10940396040678024,-0.08919490149946849,0.20026686787605286,0.06292745471000671,0.09202781319618225,0.1713482141494751,0.016392946243286133,0.05023834481835365,0.010795465713237477,0.1713482141494751,True
Grocery,42,12345,5263,4393,5381,25396,35216,0.03035883605480194,0.046373892575502396,0.2585495412349701,0.5202093124389648,7,2.7769245207309723e-05,0.006310167256742716,3.112137517527003e-05,0.002186467871069908,-6.405357271432877e-05,0.0017796065658330917,0.0017226338386535645,7.080845534801483e-06,0.001985485665500164,6.274543535907829e-06,0.0017796065658330917,True
Grocery,42,12345,5263,5381,4393,35216,25396,0.046373892575502396,0.03035883605480194,0.5202093124389648,0.2585495412349701,7,9.163282811641693e-06,0.0025709071196615696,8.17676909750458e-06,0.0017775241285562515,-0.00011134333908557892,0.0021809814497828484,0.002102893777191639,3.325566649436951e-05,0.0075663113966584206,3.688294122916513e-05,0.0021809814497828484,True
Grocery,42,12345,16715,6305,14040,43144,120300,0.3162277638912201,0.10259783267974854,3.21583890914917,0.6173306107521057,17,-0.01346731185913086,-0.02954043820500374,-0.057238591486622636,0.0,-0.19992703199386597,0.2683103680610657,0.11331325769424438,0.04492992162704468,0.07725882530212402,0.03984666458960894,0.2683103680610657,True
Grocery,42,12345,16715,14040,6305,120300,43144,0.10259783267974854,0.3162277638912201,0.6173306107521057,3.21583890914917,17,0.022067129611968994,0.03650999814271927,0.021381870191711227,0.2911731004714966,-0.09648317098617554,-0.09649831056594849,-0.1896345019340515,0.0033469796180725098,0.008747621439397335,0.02825239583965119,0.0,True
Grocery,42,12345,3243,15300,2540,132334,11042,0.1666666716337204,0.2182178795337677,1.6174260377883911,1.8240097761154175,3,-0.011301279067993164,-0.006846275180578232,-0.010620523065712373,0.2540919780731201,0.2501709461212158,-0.22351741790771484,0.01927328109741211,-0.007380247116088867,-0.014971240423619747,-0.012805670620239178,0.2501709461212158,False
Grocery,42,12345,3243,2540,15300,11042,132334,0.2182178795337677,0.1666666716337204,1.8240097761154175,1.6174260377883911,3,-0.006944179534912109,-0.008103705942630768,-0.008052998016654406,0.4319291114807129,0.3691997528076172,-0.8867955207824707,-0.4618105888366699,0.055785179138183594,0.03247467055916786,0.053354755548912405,0.3691997528076172,False
Grocery,42,12345,1140,1114,995,4708,4175,0.3535533845424652,0.10910893976688385,2.092862367630005,0.568608283996582,1,-7.280363934114575e-05,-0.11493256688117981,-0.0001606600539810693,0.00028031645342707634,5.197009159019217e-05,-2.5149682187475264e-05,3.802372521022335e-05,1.1203315807506442e-05,0.0972902774810791,1.3171507626488776e-05,5.197009159019217e-05,True
Grocery,42,12345,1140,995,1114,4175,4708,0.10910893976688385,0.3535533845424652,0.568608283996582,2.092862367630005,1,2.0262086763978004e-06,0.06770064681768417,2.266134124344235e-06,1.0489595297258347e-05,1.6208578017540276e-05,0.00014803219528403133,0.00016054799198172987,-3.6927813198417425e-06,-0.011369443498551846,-4.266144806217081e-06,0.00016054799198172987,True
Grocery,42,12345,9506,8979,10026,66718,78858,0.14907120168209076,0.12909944355487823,1.5085982084274292,0.6668760180473328,12,0.02882516384124756,0.05517721548676491,0.029504347118335772,0.11052519083023071,0.13258981704711914,-0.06107687950134277,0.0782734751701355,0.006760537624359131,0.024860385805368423,0.006740184681583782,0.13258981704711914,False
Grocery,42,12345,9506,10026,8979,78858,66718,0.12909944355487823,0.14907120168209076,0.6668760180473328,1.5085982084274292,12,0.007432401180267334,0.017653871327638626,0.0070172123946138434,0.20678722858428955,0.17805945873260498,-0.2829529047012329,-0.06873327493667603,0.036160171031951904,0.06825949996709824,0.035472450372829596,0.17805945873260498,False
Grocery,42,12345,9064,9124,10478,68328,84145,0.25819888710975647,0.10540925711393356,2.697854518890381,0.8043672442436218,12,0.012636035680770874,0.18564185500144958,0.012314554008185706,0.04035138338804245,0.024920381605625153,0.003354504704475403,0.03222743421792984,0.003952547907829285,0.06532885134220123,0.0032805684359505406,0.03222743421792984,True
Grocery,42,12345,9064,10478,9124,84145,68328,0.10540925711393356,0.25819888710975647,0.8043672442436218,2.697854518890381,12,0.0001680329442024231,0.003893115557730198,7.273807174328593e-05,0.02166479080915451,0.01411215215921402,0.02370087057352066,0.038226641714572906,0.0004136189818382263,0.005439515691250563,6.600697181496917e-05,0.038226641714572906,True
Grocery,42,12345,16358,15691,6618,134558,45509,0.10540925711393356,0.19245009124279022,0.894763171672821,1.6539390087127686,19,0.00011155568063259125,0.02781888283789158,0.0001120901753852504,0.00206080824136734,0.0006666742265224457,0.011897308751940727,0.012574862688779831,1.087971031665802e-05,0.0004327846399974078,8.709237521276492e-05,0.012574862688779831,True
Grocery,42,12345,16358,6618,15691,45509,134558,0.19245009124279022,0.10540925711393356,1.6539390087127686,0.894763171672821,19,-0.00027520954608917236,-0.008553653955459595,-0.00037921075208488704,0.015949640423059464,0.0036483444273471832,0.0013770274817943573,0.005143154412508011,0.00011778250336647034,0.011583033949136734,3.684854204102678e-05,0.005143154412508011,True
Grocery,42,12345,8922,10660,9676,86183,74855,0.09365858137607574,0.05006261542439461,0.9644649028778076,0.46079882979393005,12,-0.0013069696724414825,-0.029735755175352097,-0.0018974704452614892,0.021322909742593765,0.006060466170310974,0.009763415902853012,0.01470651850104332,-0.0011173635721206665,-0.03659838065505028,-0.001441832848599632,0.01470651850104332,True
Grocery,42,12345,8922,9676,10660,74855,86183,0.05006261542439461,0.09365858137607574,0.46079882979393005,0.9644649028778076,12,-0.0006269067525863647,-0.025651177391409874,-0.0007423628483327442,0.01190638542175293,0.003413096070289612,0.015852507203817368,0.01848616451025009,-0.0007794387638568878,-0.020646411925554276,-0.0009839553989837437,0.01848616451025009,True
Grocery,42,12345,16326,8620,8521,62440,61321,0.04335549846291542,0.03171807527542114,0.4350082278251648,0.30238258838653564,18,-0.00020170211791992188,-0.0006972354021854699,-7.312857728973554e-06,0.021535396575927734,-0.13377320766448975,-0.039763569831848145,-0.18450886011123657,-0.010972082614898682,-0.03064436838030815,-0.010053954503035933,0.0,True
Grocery,42,12345,16326,8521,8620,61321,62440,0.03171807527542114,0.04335549846291542,0.30238258838653564,0.4350082278251648,18,-0.005688905715942383,-0.02450604736804962,-0.005429540000809953,0.0,-0.07339727878570557,0.02180582284927368,-0.052063822746276855,-0.0004723668098449707,-0.003207555040717125,-0.00047380427069165613,0.02180582284927368,True
Grocery,42,12345,16210,16486,16047,138496,136321,0.7071067690849304,0.3162277638912201,7.276000499725342,0.9985824823379517,17,0.0586661696434021,0.12853024899959564,-0.1896402206642982,0.1988862156867981,-0.11615604162216187,0.25516390800476074,0.15674489736557007,0.01773703098297119,0.03358873724937439,-0.028482841980694326,0.25516390800476074,True
Grocery,42,12345,16210,16047,16486,136321,138496,0.3162277638912201,0.7071067690849304,0.9985824823379517,7.276000499725342,17,-0.00688093900680542,-0.011963489465415478,-0.013705310482396649,0.28414028882980347,-0.040551066398620605,0.21264392137527466,0.21700137853622437,0.04490852355957031,0.09551014751195908,-0.0042182931241343535,0.21700137853622437,True
Grocery,42,12345,11039,11620,11070,97353,92015,0.12309148907661438,0.05698028951883316,1.4966446161270142,0.3337419033050537,13,0.0558658242225647,0.05419428274035454,0.0586167562475719,0.4874888062477112,-0.05992531776428223,0.06517744064331055,0.014418303966522217,0.009166181087493896,0.06569746136665344,0.009089258546697324,0.06517744064331055,True
Grocery,42,12345,11039,11070,11620,92015,97353,0.05698028951883316,0.12309148907661438,0.3337419033050537,1.4966446161270142,13,0.006193667650222778,0.04346625134348869,0.006297056985948277,0.06815001368522644,-0.072079598903656,0.5062044858932495,0.4712750315666199,0.03715014457702637,0.03539595380425453,0.03874483606279348,0.5062044858932495,True
Grocery,42,12345,9150,12323,10726,104517,87228,0.11952286213636398,0.11180339753627777,0.9637787938117981,0.6801052093505859,12,-0.0013468563556671143,-0.010631957091391087,-0.0010594254165668324,0.0,-0.0046377480030059814,-0.0575355589389801,-0.06151220202445984,0.0006611049175262451,0.005345046985894442,0.0006001357377865579,0.0,True
Grocery,42,12345,9150,10726,12323,87228,104517,0.11180339753627777,0.11952286213636398,0.6801052093505859,0.9637787938117981,12,0.022339731454849243,0.06315696984529495,0.022579383518442547,0.16568893194198608,0.16739186644554138,-0.08202028274536133,0.106008380651474,0.020636796951293945,0.05806304141879082,0.019307068742350057,0.16739186644554138,True
Grocery,42,12345,10839,11363,11740,95305,98790,0.07106690853834152,0.08703882992267609,0.7325577735900879,1.1846342086791992,13,4.547473508864641e-12,2.684867581592698e-07,-3.064677682984033e-08,8.463713129458483e-06,7.152393664000556e-07,1.1086254744441248e-05,1.1443878065620083e-05,-3.576160452212207e-07,-0.01537778228521347,-3.7468751870077717e-07,1.1443878065620083e-05,True
Grocery,42,12345,10839,11740,11363,98790,95305,0.08703882992267609,0.07106690853834152,1.1846342086791992,0.7325577735900879,13,-1.668863660597708e-06,-0.05424492433667183,-2.2265340199868633e-06,1.454323955840664e-05,3.337783709866926e-06,9.29814086703118e-06,1.1443878065620083e-05,-1.192046511278022e-06,-0.049483444541692734,-1.57063099527075e-06,1.1443878065620083e-05,True
Grocery,42,12345,10839,10970,11363,90901,95305,0.04351941496133804,0.07106690853834152,0.5495911836624146,0.7325577735900879,13,3.5762059269472957e-07,0.05077498033642769,8.144496945893319e-08,3.337811904202681e-06,-3.5762059269472957e-07,7.748473763058428e-06,7.748473763058428e-06,3.5762059269472957e-07,0.022542092949151993,2.114945127284994e-07,7.748473763058428e-06,True
Grocery,42,12345,1775,15737,932,134699,3869,0.12909944355487823,0.12909944355487823,1.2252787351608276,0.5107172727584839,0,-0.01865863800048828,-0.019704042002558708,-0.02624186147583968,0.0,-0.2298727035522461,0.3723180294036865,0.150407075881958,0.007961750030517578,0.010579023510217667,0.007735477227353186,0.3723180294036865,False
Grocery,42,12345,1775,932,15737,3869,134699,0.12909944355487823,0.12909944355487823,0.5107172727584839,1.2252787351608276,0,0.008615970611572266,0.011458267457783222,0.008490752609711327,0.37166380882263184,-0.1426229476928711,-0.2585160732269287,-0.42217087745666504,-0.021031856536865234,-0.02554549276828766,-0.029813962084335472,0.0,False
Grocery,42,12345,15418,2626,15654,11530,134408,0.06019292771816254,0.15430335700511932,0.4747510850429535,1.5650825500488281,17,-6.411038339138031e-05,-0.010253923945128918,-8.649472995735314e-05,0.0030940789729356766,0.0014192406088113785,-0.0036638155579566956,-0.0015287604182958603,0.0007158145308494568,0.10826275497674942,0.0005779046946945103,0.0014192406088113785,True
Grocery,42,12345,15418,15654,2626,134408,11530,0.15430335700511932,0.06019292771816254,1.5650825500488281,0.4747510850429535,17,0.0016687773168087006,0.18172404170036316,0.0015858542855485811,0.003757121041417122,0.005665984004735947,0.0011349990963935852,0.006560897454619408,-0.0002400856465101242,-0.017967939376831055,-0.0003353346977155259,0.006560897454619408,True
Grocery,42,12345,8042,7736,8131,54761,57784,0.09534625709056854,0.1270001232624054,0.9025558829307556,1.2755975723266602,10,-0.00024323351681232452,-0.024675797671079636,-0.0003346984427985422,0.004806962795555592,0.0008684173226356506,0.005275387316942215,0.0058464715257287025,-0.00029733311384916306,-0.0247978325933218,-0.0004465498339251779,0.0058464715257287025,True
Grocery,42,12345,8042,8131,7736,57784,54761,0.1270001232624054,0.09534625709056854,1.2755975723266602,0.9025558829307556,10,-0.0006129657849669456,-0.04257562756538391,-0.0008828985134532183,0.006892064586281776,0.0018232613801956177,0.004514861851930618,0.005815906450152397,-0.0005222167819738388,-0.04296651855111122,-0.0007065751269892422,0.005815906450152397,True
Grocery,42,12345,8769,10174,9082,80689,67810,0.027076518163084984,0.02216755598783493,0.29852214455604553,0.2502923011779785,12,-1.5681609511375427e-05,-0.01138430554419756,-1.716312131448054e-05,0.0006808922626078129,0.00017434358596801758,8.693104609847069e-05,0.00025939149782061577,-1.8831342458724976e-06,-0.0036167092621326447,-2.232477349743325e-06,0.00025939149782061577,True
Grocery,42,12345,8769,9082,10174,67810,80689,0.02216755598783493,0.027076518163084984,0.2502923011779785,0.29852214455604553,12,-2.359040081501007e-06,-0.00492805615067482,-2.579043557741971e-06,0.00023816339671611786,0.00016502616927027702,0.0005070199258625507,0.0006577763706445694,-1.4269724488258362e-05,-0.010730467736721039,-1.553817991323621e-05,0.0006577763706445694,True
Grocery,42,12345,16661,7601,15348,53689,132658,0.1961161345243454,0.0800640806555748,1.6986079216003418,0.8023701310157776,19,0.01714867167174816,0.227720245718956,0.020613666212122062,0.029078597202897072,-0.01575583592057228,0.011252118274569511,0.0021257102489471436,0.006629427894949913,0.22755207121372223,0.006100831097109416,0.011252118274569511,True
Grocery,42,12345,16661,15348,7601,132658,53689,0.0800640806555748,0.1961161345243454,0.8023701310157776,1.6986079216003418,19,0.0020417310297489166,0.06054709106683731,0.0024130452412155813,0.015839815139770508,-0.007638469338417053,0.041400209069252014,0.03858879953622818,0.004827059805393219,0.05508613958954811,0.007376194731928116,0.041400209069252014,True
Grocery,42,12345,11453,11693,12137,98276,102535,0.0800640806555748,0.05360562726855278,0.7781358957290649,0.8687224388122559,13,0.00012118369340896606,0.013096473179757595,0.00014047155138168042,0.004565980285406113,-0.0004560314118862152,0.007415784522891045,0.007156078703701496,0.00019632559269666672,0.013064069673418999,0.0002478345023202881,0.007415784522891045,True
Grocery,42,12345,11453,12137,11693,102535,98276,0.05360562726855278,0.0800640806555748,0.8687224388122559,0.7781358957290649,13,-0.0001834239810705185,-0.01125632505863905,-0.0002410870082435821,0.00805587973445654,0.00037018023431301117,0.004796998575329781,0.00505734421312809,-0.00010983459651470184,-0.01074226014316082,-0.00013336574305974338,0.00505734421312809,True
Grocery,42,12345,5774,15236,301,131973,1371,0.15430335700511932,0.16903084516525269,0.8505398035049438,1.265170693397522,8,0.0035762786865234375,0.0052979569882154465,0.0038390514071768855,0.33341360092163086,-0.33600378036499023,-0.16893291473388672,-0.5046596527099609,0.0002770423889160156,0.00027440907433629036,-0.0006230124577803962,0.0,False
Grocery,42,12345,5774,301,16200,1371,136977,0.16903084516525269,0.18898224830627441,1.265170693397522,1.7001214027404785,8,0.005721569061279297,0.012029060162603855,0.0064864187145497465,0.0,-0.08290815353393555,-0.015436172485351562,-0.07602071762084961,0.0223236083984375,0.1280279904603958,0.031485596702912656,0.0,False
Grocery,42,12345,5774,16200,301,136977,1371,0.18898224830627441,0.16903084516525269,1.7001214027404785,1.265170693397522,8,0.016321182250976562,0.01948949694633484,0.0234240809661269,0.0,-0.40243101119995117,-0.16996383666992188,-0.5710868835449219,0.0013079643249511719,0.0011438436340540648,0.00025288161676807796,0.0,False
Grocery,42,12345,10823,11774,143,99108,683,0.07106690853834152,0.15430335700511932,0.4422397017478943,1.1624157428741455,13,0.004487872123718262,0.10013269633054733,0.004622811952939624,0.020165681838989258,-0.009589284658432007,-0.06669226288795471,-0.08099785447120667,-0.004716306924819946,-0.029986802488565445,-0.0035053513532574787,0.0,True
Grocery,42,12345,10823,143,11774,683,99108,0.15430335700511932,0.07106690853834152,1.1624157428741455,0.4422397017478943,13,-0.011955797672271729,-0.0670025646686554,-0.005176827936210222,0.0,-0.05224037170410156,0.008157610893249512,-0.02758672833442688,0.01649603247642517,0.18748746812343597,0.014689241070365611,0.008157610893249512,True
Grocery,42,12345,14779,13799,13505,117779,114582,0.2182178795337677,0.2182178795337677,1.7830051183700562,1.7849817276000977,16,-0.0026525724679231644,-0.05971554294228554,-0.004212967496434466,0.020883776247501373,0.008032113313674927,0.020908182486891747,0.025561388581991196,-0.0033789072185754776,-0.06199637055397034,-0.005206387452827832,0.025561388581991196,True
Grocery,42,12345,14779,13505,13799,114582,117779,0.2182178795337677,0.2182178795337677,1.7849817276000977,1.7830051183700562,16,-0.003923183307051659,-0.06706346571445465,-0.006454365781576484,0.027288183569908142,0.008355595171451569,0.016097867861390114,0.02193359285593033,-0.002519870176911354,-0.05432268977165222,-0.004145734880364361,0.02193359285593033,True
Grocery,42,12345,7163,6430,6368,43984,43646,0.09166985005140305,0.06482037156820297,0.6089515686035156,0.3852340281009674,10,-0.0001804158091545105,-0.022004082798957825,-0.0002140520528735629,0.004009385593235493,0.0009323274716734886,0.0016527166590094566,0.0025069275870919228,-7.811654359102249e-05,-0.015341089107096195,-8.85481441352288e-05,0.0025069275870919228,True
Grocery,42,12345,7163,6368,6430,43646,43984,0.06482037156820297,0.09166985005140305,0.3852340281009674,0.6089515686035156,10,-6.677210330963135e-05,-0.0150532778352499,-7.452930364998693e-05,0.0021844683215022087,0.0006656423211097717,0.0030973050743341446,0.003640401177108288,-0.0001225462183356285,-0.016552787274122238,-0.00014128731687997802,0.003640401177108288,True
Grocery,42,12345,1738,1033,4741,4341,29517,0.15811388194561005,0.12909944355487823,1.8012754917144775,1.608039379119873,1,-0.005808910354971886,-0.12920993566513062,-0.014085375880850008,0.019574113190174103,0.004936094395816326,0.006854712031781673,0.009416279383003712,-0.002374527044594288,-0.1119685173034668,-0.0052124465877373925,0.009416279383003712,True
Grocery,42,12345,1738,4741,1033,29517,4341,0.12909944355487823,0.15811388194561005,1.608039379119873,1.8012754917144775,1,-0.0011601625010371208,-0.07912423461675644,-0.002391573134443727,0.006751185283064842,0.003907976672053337,0.014000775292515755,0.015111376531422138,-0.0027973754331469536,-0.08471725136041641,-0.006389385958883149,0.015111376531422138,True
Grocery,42,12345,15155,11286,15541,94465,133723,0.07955572754144669,0.07412493228912354,0.6859939098358154,0.5428881049156189,17,0.005478978157043457,0.20742762088775635,0.00557991639187428,0.01143115758895874,-0.007786393165588379,0.07053741812705994,0.07150077819824219,0.00874975323677063,0.058399975299835205,0.009210124310072206,0.07150077819824219,True
Grocery,42,12345,15155,15541,11286,133723,94465,0.07412493228912354,0.07955572754144669,0.5428881049156189,0.6859939098358154,17,0.0006411075592041016,0.0029733600094914436,0.0006215165856581634,0.10812914371490479,0.027706503868103027,0.014169454574584961,0.04365295171737671,0.0017769932746887207,0.020776519551873207,0.001635183207671996,0.04365295171737671,True
Grocery,42,12345,11384,17071,16418,142154,138217,0.015038018114864826,0.06741999089717865,0.17233747243881226,0.7297545075416565,13,-1.1920383258257061e-07,-0.030225494876503944,-2.0294515857501373e-08,1.9073067960562184e-06,3.576169547159225e-07,1.0370935342507437e-05,1.0609350283630192e-05,-1.1920201359316707e-07,-0.0055837808176875114,-1.8133253541215578e-07,1.0609350283630192e-05,True
Grocery,42,12345,11384,16418,17071,138217,142154,0.06741999089717865,0.015038018114864826,0.7297545075416565,0.17233747243881226,13,-1.1919837561435997e-07,-0.005344848148524761,-3.70717174522114e-07,1.1086172889918089e-05,8.344450179720297e-07,1.668891854933463e-06,2.384133040322922e-06,-1.1920383258257061e-07,-0.024339880794286728,-5.3248428920140876e-08,2.384133040322922e-06,True
Grocery,42,12345,11528,10858,11784,89716,99173,0.3162277638912201,0.16903084516525269,2.106361150741577,2.02026629447937,13,2.240104367956519e-05,0.021722622215747833,-0.00010232336984883048,0.0005132302176207304,-4.5869615860283375e-05,0.000393611699109897,0.00040243190596811473,5.468982271850109e-05,0.06495820730924606,1.9265054485516873e-06,0.00040243190596811473,True
Grocery,42,12345,11528,11784,10858,99173,89716,0.16903084516525269,0.3162277638912201,2.02026629447937,2.106361150741577,13,9.654235327616334e-06,0.010884649120271206,9.113692532991476e-06,0.0004475866735447198,-3.0973460525274277e-06,0.000514774292241782,0.0005237136501818895,1.2036703992635012e-05,0.01155602652579546,1.3313585652012017e-05,0.0005237136501818895,True
Grocery,42,12345,12566,12810,8291,107829,58808,0.21320071816444397,0.7071067690849304,1.7948288917541504,4.106682777404785,14,-0.029038310050964355,-0.016237247735261917,-0.030376715920138464,0.8796690702438354,0.02898004651069641,-1.2208738327026367,-1.0577893257141113,0.13410449028015137,0.058113183826208115,0.08011253632425898,0.02898004651069641,False
Grocery,42,12345,12566,8291,12810,58808,107829,0.7071067690849304,0.21320071816444397,4.106682777404785,1.7948288917541504,14,0.4021308422088623,0.1561267077922821,0.2852806236250387,0.11719763278961182,0.6086525917053223,0.7768703699111938,1.296198844909668,-0.08932411670684814,-0.033308494836091995,-0.11534815116772609,1.296198844909668,False
Grocery,42,12345,16217,8821,13232,65066,111906,0.07580980658531189,0.07106690853834152,0.6081485152244568,1.0685490369796753,19,-0.0006662607192993164,-0.006805918179452419,-0.0008460951236735417,0.04133617877960205,0.021992921829223633,-0.13404273986816406,-0.09337282180786133,0.0186769962310791,0.07488516718149185,0.01950382328242799,0.021992921829223633,False
Grocery,42,12345,16217,13232,8821,111906,65066,0.07106690853834152,0.07580980658531189,1.0685490369796753,0.6081485152244568,19,-0.001870274543762207,-0.007277276366949081,-0.0020903704164648568,0.0,-0.01784217357635498,-0.051181793212890625,-0.0671224594116211,0.0019015073776245117,0.013966633006930351,0.002058662810411304,0.0,False
Grocery,42,12345,13747,13541,13744,115017,117213,0.08304548263549805,0.14907120168209076,0.8283839821815491,1.442245602607727,15,-3.266276326030493e-05,-0.010489285923540592,-4.001656908939359e-05,0.0015406220918521285,0.00019592884927988052,0.003243332263082266,0.0033331620506942272,-0.00010609906166791916,-0.015666313469409943,-0.00016721470441302363,0.0033331620506942272,True
Grocery,42,12345,13747,13744,13541,117213,115017,0.14907120168209076,0.08304548263549805,1.442245602607727,0.8283839821815491,15,-0.00046899844892323017,-0.05666758492588997,-0.0007939819809251146,0.003903650213032961,0.000494273379445076,0.0016149845905601978,0.00191240303684026,-0.0001968549331650138,-0.04894854500889778,-0.00027655053066316453,0.00191240303684026,True
Grocery,42,12345,198,791,8821,3367,64982,0.3333333432674408,0.03573708236217499,3.3376591205596924,0.28668394684791565,0,0.026421383023262024,0.06678396463394165,0.025868867268853582,0.19216154515743256,0.19660744071006775,-0.022804826498031616,0.18821819126605988,0.014415577054023743,0.03536432981491089,0.020219281278783766,0.19660744071006775,True
Grocery,42,12345,198,8821,791,64982,3367,0.03573708236217499,0.3333333432674408,0.28668394684791565,3.3376591205596924,0,-0.0002012401819229126,-0.009506234899163246,-0.0001905344178145911,0.0,-0.002692893147468567,0.007364258170127869,0.004867121577262878,0.00019575655460357666,0.013116647489368916,0.001257878424340669,0.007364258170127869,True
Grocery,42,12345,1215,1824,800,7748,3395,0.08770579844713211,0.1961161345243454,0.9588828086853027,1.8863329887390137,1,-5.960246198810637e-07,-0.04270372912287712,-2.486828712286473e-07,6.675589247606695e-06,5.721740308217704e-06,3.826476677204482e-05,4.005287337349728e-05,-3.933633706765249e-06,-0.04680146276950836,-6.740876819792588e-06,4.005287337349728e-05,True
Grocery,42,12345,1215,800,1824,3395,7748,0.1961161345243454,0.08770579844713211,1.8863329887390137,0.9588828086853027,1,-1.2277585483388975e-05,-0.10476888716220856,-2.4507539150747557e-05,5.2449868235271424e-05,6.43714884063229e-06,4.887460818281397e-06,1.0728605047916062e-05,-5.960046109976247e-07,-0.027013497427105904,-6.280749044188116e-07,1.0728605047916062e-05,True
Grocery,42,12345,6580,7881,8075,55883,57169,0.09245003014802933,0.1386750489473343,0.8357183337211609,1.0119460821151733,10,-2.502638380974531e-06,-0.014234340749680996,-3.5819246285661275e-06,8.665215864311904e-05,5.721056368201971e-06,6.519818271044642e-05,6.865487375762314e-05,-2.2643653210252523e-06,-0.016222229227423668,-2.8454161225554746e-06,6.865487375762314e-05,True
Grocery,42,12345,6580,8075,7881,57169,55883,0.1386750489473343,0.09245003014802933,1.0119460821151733,0.8357183337211609,10,-6.554626452270895e-06,-0.03919406980276108,-8.86262722961529e-06,8.033527410589159e-05,1.8235441530123353e-05,8.808144048089162e-05,9.892827074509114e-05,-7.388611265923828e-06,-0.03599720075726509,-1.0470287857416905e-05,9.892827074509114e-05,True
Grocery,42,12345,433,494,12,2134,31,0.5773502588272095,0.2182178795337677,4.951607704162598,2.3415894508361816,1,-0.00045239878818392754,-0.13392233848571777,-0.0013758843386090997,0.001462829764932394,0.0017203044844791293,0.0022588197607547045,0.0026900076773017645,-0.0012891165679320693,-0.19329571723937988,-0.0037117847767741538,0.0026900076773017645,True
Grocery,42,12345,433,12,494,31,2134,0.2182178795337677,0.5773502588272095,2.3415894508361816,4.951607704162598,1,-4.4272514060139656e-05,-0.021057050675153732,-9.047763897785055e-05,0.0010291102807968855,-7.622584234923124e-06,0.0005564858438447118,0.0005716205341741443,2.2757274564355612e-05,0.020037414506077766,5.675139248627463e-05,0.0005716205341741443,True
Grocery,42,12345,1456,1776,1687,7569,7097,0.2357022762298584,0.1666666716337204,0.9970539808273315,1.5163650512695312,1,1.3946306353318505e-05,0.20273664593696594,1.7496482073029878e-05,2.741697790042963e-05,7.056485628709197e-05,5.7810364523902535e-05,9.917364513967186e-05,-2.9201575671322644e-05,-0.12832537293434143,-5.80273352818657e-05,9.917364513967186e-05,True
Grocery,42,12345,1456,1687,1776,7097,7569,0.1666666716337204,0.2357022762298584,1.5163650512695312,0.9970539808273315,1,-1.8355640349909663e-05,-0.1112581416964531,-3.290406733285017e-05,7.330840162467211e-05,1.7642314560362138e-05,-1.59731789608486e-05,1.0370782547397539e-05,8.701646947884e-06,0.19778144359588623,9.67015135124379e-06,1.7642314560362138e-05,True
Grocery,42,12345,7253,6907,8248,47510,58461,0.2357022762298584,0.3333333432674408,2.417185068130493,2.458239793777466,9,-8.2358717918396e-05,-0.0031255767680704594,-0.00039293657792588063,0.013133779168128967,0.021919041872024536,0.06874053180217743,0.08104554563760757,-0.009614028036594391,-0.05599149689078331,-0.013052927214262978,0.08104554563760757,True
Grocery,42,12345,7253,8248,6907,58461,47510,0.3333333432674408,0.2357022762298584,2.458239793777466,2.417185068130493,9,-0.017406098544597626,-0.08068377524614334,-0.024628410223836286,0.09916310757398605,0.02259242534637451,0.0007084310054779053,0.023338831961154938,3.797560930252075e-05,0.0008142335573211312,6.318346438719674e-06,0.023338831961154938,True
Grocery,42,12345,4597,5627,4723,37214,29300,0.03128056228160858,0.026851078495383263,0.38524314761161804,0.09942851960659027,7,9.094947017729282e-13,2.716667779623094e-07,-4.549084219711055e-08,1.668916411290411e-06,2.3841676011215895e-07,0.0,3.5762514016823843e-07,1.1920838005607948e-07,0.19669990241527557,2.746106364274834e-09,3.5762514016823843e-07,True
Grocery,42,12345,4597,4723,5627,29300,37214,0.026851078495383263,0.03128056228160858,0.09942851960659027,0.38524314761161804,7,1.1920838005607948e-07,0.32426610589027405,7.1919312150303684e-09,2.3841676011215895e-07,1.1920838005607948e-07,1.1920838005607948e-06,1.4305005606729537e-06,1.1920838005607948e-07,0.04332026094198227,-1.2165890647266686e-08,1.4305005606729537e-06,True
Grocery,42,12345,5485,8832,8821,65188,65018,0.06851886957883835,0.06189844384789467,0.4360363781452179,0.49655115604400635,8,0.001988925039768219,0.04499867558479309,0.00197263705809605,0.007401220500469208,-0.021523892879486084,0.002376541495323181,-0.01872880756855011,0.00041854381561279297,0.00981822982430458,0.0006555526178062883,0.002376541495323181,True
Grocery,42,12345,5485,3669,8821,17661,65018,0.0990147590637207,0.06189844384789467,0.8643710613250732,0.49655115604400635,8,0.019654691219329834,0.14391571283340454,0.020876581655792883,0.05845807492733002,-0.0269075408577919,0.004275806248188019,-0.024112455546855927,-0.0014807209372520447,-0.026778174564242363,-0.0009629000252396114,0.004275806248188019,True
Grocery,42,12345,5485,8821,8832,65018,65188,0.06189844384789467,0.06851886957883835,0.49655115604400635,0.4360363781452179,8,-0.0009021162986755371,-0.03407147899270058,-0.0007369054879972875,0.0036972016096115112,-0.014964774250984192,0.008115008473396301,-0.005574628710746765,0.0012751370668411255,0.04450053721666336,0.001316600158804854,0.008115008473396301,True
Grocery,42,12345,11465,11245,11384,93959,95464,0.1666666716337204,0.12309148907661438,2.8164007663726807,1.5178282260894775,13,-0.0002297242172062397,-0.01971563883125782,-0.0005648193005009658,0.005711072124540806,0.00023933383636176586,0.0017951522022485733,0.001892813597805798,-0.0001416724408045411,-0.03607366234064102,-0.0002820067850998069,0.001892813597805798,True
Grocery,42,12345,11465,11384,11245,95464,93959,0.12309148907661438,0.1666666716337204,1.5178282260894775,2.8164007663726807,13,-0.00015675928443670273,-0.039342474192380905,-0.00030980541440221764,0.0019138552015647292,0.00035675521939992905,0.005636825226247311,0.005740441381931305,-0.00025313906371593475,-0.02157306671142578,-0.0006097726064847643,0.005740441381931305,True
