receiver_i,label_i,indegree,correct_joint,CE_joint,CE_text_all,CE_visual_all,CE_null_all,CE_exact_os,CE_first_os,CE_second_os,dCE_text_all,dCE_visual_all,dCE_null_all,dCE_exact_os,dCE_first_os,dCE_second_os,G_local_exact,G_local_first,G_global_exact,G_global_first,G_global_second
4398,8,2,True,0.08446939,1.39711344,0.01367616,0.51145685,0.01367616,0.01367616,0.33748865,1.31264400,-0.07079323,0.42698747,-0.07079323,-0.07079323,0.25301927,0.09373015,0.09373015,0.07079323,0.07079323,-0.25301927
8566,12,32,True,0.00646594,0.02011262,0.01874541,0.07345361,0.00542312,0.00542312,0.00542312,0.01364668,0.01227947,0.06698766,-0.00104282,-0.00104282,-0.00104282,0.00151655,0.00151655,0.00104282,0.00104282,0.00104282
15801,17,7,True,0.02542200,2.18887496,0.01010682,0.59095442,0.00952804,0.00952804,0.01399983,2.16345286,-0.01531519,0.56553245,-0.01589396,-0.01589396,-0.01142217,0.03946546,0.03946546,0.01589396,0.01589396,0.01142217
8991,12,2,False,8.00481033,4.98363209,7.08570766,4.45015621,4.45015621,4.45015621,4.45015621,-3.02117825,-0.91910267,-3.55465412,-3.55465412,-3.55465412,-3.55465412,4.24990368,4.24990368,3.55465412,3.55465412,3.55465412
3582,5,7,False,3.44129443,3.02230549,4.23241234,3.69659519,2.83910656,2.83910656,2.83910656,-0.41898894,0.79111791,0.25530076,-0.60218787,-0.60218787,-0.60218787,0.75755453,0.75755453,0.60218787,0.60218787,0.60218787
16694,17,1,True,0.70939124,2.43544507,0.47152650,2.06244612,0.47152650,0.47152650,0.47152650,1.72605383,-0.23786473,1.35305488,-0.23786473,-0.23786473,-0.23786473,0.23786509,0.23786509,0.23786473,0.23786473,0.23786473
65,1,1,True,0.53992581,0.48095012,0.58839941,0.52688497,0.48095012,0.48095012,0.48095012,-0.05897570,0.04847360,-0.01304084,-0.05897570,-0.05897570,-0.05897570,0.05897659,0.05897659,0.05897570,0.05897570,0.05897570
745,1,1,True,0.01441858,0.10051529,0.01688322,0.11430498,0.01441858,0.01441858,0.01688322,0.08609671,0.00246464,0.09988640,0.00000000,0.00000000,0.00246464,0.00000000,0.00000000,0.00000000,0.00000000,-0.00246464
13911,15,15,True,0.39993674,1.23001099,0.26404935,0.87866747,0.14236549,0.14236549,0.14236549,0.83007425,-0.13588738,0.47873074,-0.25757125,-0.25757125,-0.25757125,0.34906915,0.34906915,0.25757125,0.25757125,0.25757125
424,1,1,True,0.00692728,0.02695744,0.01298237,0.03881964,0.00692728,0.00692728,0.02695744,0.02003016,0.00605509,0.03189236,0.00000000,0.00000000,0.02003016,0.00000000,0.00000000,0.00000000,0.00000000,-0.02003016
13874,16,1,False,3.36728978,2.53602076,2.84597492,1.87676406,1.87676406,1.87676406,1.87676406,-0.83126903,-0.52131486,-1.49052572,-1.49052572,-1.49052572,-1.49052572,1.49052560,1.49052560,1.49052572,1.49052572,1.49052572
15826,17,12,True,0.03164531,0.69780421,0.02455779,0.41149163,0.02040840,0.02040840,0.02047615,0.66615891,-0.00708752,0.37984633,-0.01123690,-0.01123690,-0.01116916,0.02529916,0.02529916,0.01123690,0.01123690,0.01116916
316,1,2,True,0.00101943,0.01891960,0.00377122,0.04990824,0.00101943,0.00101943,0.00745692,0.01790017,0.00275178,0.04888881,0.00000000,0.00000000,0.00643749,0.00000000,0.00000000,0.00000000,0.00000000,-0.00643749
9580,12,4,False,1.85881209,3.24165297,3.27102566,3.38751483,1.03832614,1.03410077,1.03832614,1.38284087,1.41221356,1.52870274,-0.82048595,-0.82471132,-0.82048595,0.89415872,0.83481359,0.82048595,0.82471132,0.82048595
8682,12,3,True,0.10767777,0.04770393,0.67498803,0.34395748,0.04770393,0.04770393,0.04770393,-0.05997384,0.56731027,0.23627971,-0.05997384,-0.05997384,-0.05997384,0.08233372,0.08233372,0.05997384,0.05997384,0.05997384
4258,8,2,True,0.03254762,0.04445149,0.03134000,0.04278966,0.03123949,0.03123949,0.03123949,0.01190388,-0.00120761,0.01024204,-0.00130813,-0.00130813,-0.00130813,0.00129907,0.00129907,0.00130813,0.00130813,0.00130813
13937,16,8,True,0.13767286,0.61178178,0.46791315,1.13078594,0.13215686,0.13215686,0.13215686,0.47410893,0.33024031,0.99311310,-0.00551599,-0.00551599,-0.00551599,0.00739995,0.00739995,0.00551599,0.00551599,0.00551599
15712,17,3,True,0.62222797,1.27855325,0.78232229,1.71249485,0.62222797,0.62222797,0.62222797,0.65632528,0.16009432,1.09026694,0.00000000,0.00000000,0.00000000,0.00000000,0.00000000,0.00000000,0.00000000,0.00000000
2662,3,4,True,0.06622940,0.07458323,0.60490423,0.43018162,0.05206652,0.05206652,0.05005611,0.00835384,0.53867483,0.36395222,-0.01416288,-0.01416288,-0.01617328,0.01777035,0.01777035,0.01416288,0.01416288,0.01617328
12993,14,3,True,0.18422435,0.36637878,0.22899123,0.39459750,0.17783624,0.17783624,0.17783624,0.18215443,0.04476687,0.21037315,-0.00638811,-0.00638811,-0.00638811,0.00638781,0.00638781,0.00638811,0.00638811,0.00638811
14982,16,2,True,0.68139333,1.51549745,0.89360875,1.95128810,0.63217944,0.63217944,1.22644889,0.83410412,0.21221542,1.26989484,-0.04921389,-0.04921389,0.54505557,0.04921371,0.04921371,0.04921389,0.04921389,-0.54505557
8929,12,4,True,0.03180040,0.07867534,0.04286710,0.10436894,0.03180040,0.03180040,0.03180040,0.04687494,0.01106669,0.07256854,0.00000000,0.00000000,0.00000000,0.00000000,0.00000000,0.00000000,0.00000000,0.00000000
8542,12,3,True,0.09211756,0.13916984,0.13851412,0.19943464,0.09211756,0.09211756,0.09211756,0.04705228,0.04639655,0.10731708,0.00000000,0.00000000,0.00000000,0.00000000,0.00000000,0.00000000,0.00000000,0.00000000
7680,11,3,False,1.31010771,1.08484650,1.37244010,1.12628651,1.08484650,1.08484650,1.08484650,-0.22526121,0.06233239,-0.18382120,-0.22526121,-0.22526121,-0.22526121,0.24790120,0.24790120,0.22526121,0.22526121,0.22526121
15163,17,11,True,0.40475309,0.71301627,0.62378561,1.02421129,0.30597284,0.28685609,0.30597284,0.30826318,0.21903253,0.61945820,-0.09878024,-0.11789700,-0.09878024,0.16436249,0.14921537,0.09878024,0.11789700,0.09878024
2776,3,1,False,2.20681477,2.08157587,2.57846761,2.44810390,2.08157587,2.08157587,2.08157587,-0.12523890,0.37165284,0.24128914,-0.12523890,-0.12523890,-0.12523890,0.12523961,0.12523961,0.12523890,0.12523890,0.12523890
3055,5,3,False,1.46930707,1.08249640,3.60127306,1.53127527,0.87114763,0.87114775,0.87114775,-0.38681066,2.13196611,0.06196821,-0.59815943,-0.59815931,-0.59815931,0.64500242,0.64500242,0.59815943,0.59815931,0.59815931
2079,5,18,True,0.58510500,0.98669267,1.62497854,1.39145935,0.29581705,0.29581714,0.29581714,0.40158767,1.03987360,0.80635434,-0.28928795,-0.28928787,-0.28928787,0.42340273,0.42340273,0.28928795,0.28928787,0.28928787
8085,11,1,False,1.34331203,1.00622821,1.40527165,1.06426120,1.00622821,1.00622821,1.00622821,-0.33708382,0.06195962,-0.27905083,-0.33708382,-0.33708382,-0.33708382,0.33708322,0.33708322,0.33708382,0.33708382,0.33708382
10467,12,1,True,0.50147259,0.57070726,0.77738166,0.87530267,0.50147259,0.50147259,0.50147259,0.06923467,0.27590907,0.37383008,0.00000000,0.00000000,0.00000000,0.00000000,0.00000000,0.00000000,0.00000000,0.00000000
6840,11,4,True,1.04140115,0.80372143,1.03138387,0.77694130,0.72511584,0.72511584,0.72511584,-0.23767972,-0.01001728,-0.26445985,-0.31628531,-0.31628531,-0.31628531,0.32386649,0.32386649,0.31628531,0.31628531,0.31628531
12750,14,26,True,0.24636848,0.77408260,0.54061198,1.27725387,0.09427970,0.09427970,0.09427970,0.52771413,0.29424351,1.03088534,-0.15208879,-0.15208879,-0.15208879,0.23597826,0.23597826,0.15208879,0.15208879,0.15208879
6690,9,6,True,0.02499249,1.05894256,0.12022876,1.11520362,0.01922474,0.01922474,0.01922474,1.03395009,0.09523627,1.09021115,-0.00576774,-0.00576774,-0.00576774,0.00713924,0.00713924,0.00576774,0.00576774,0.00576774
6684,10,1,True,0.00015889,0.00274686,0.00049412,0.00716497,0.00015889,0.00015889,0.00274686,0.00258797,0.00033523,0.00700608,0.00000000,0.00000000,0.00258797,0.00000000,0.00000000,0.00000000,0.00000000,-0.00258797
2437,4,3,False,3.77621627,5.06990242,2.76619720,3.89765501,2.76619720,2.76619720,2.76619720,1.29368615,-1.01001906,0.12143874,-1.01001906,-1.01001906,-1.01001906,1.16685820,1.16685820,1.01001906,1.01001906,1.01001906
10281,12,57,True,0.01405002,0.43412876,0.05882381,1.07127559,0.01143626,0.01143626,0.01143626,0.42007872,0.04477379,1.05722558,-0.00261376,-0.00261376,-0.00261376,0.00287727,0.00287727,0.00261376,0.00261376,0.00261376
375,0,2,False,2.03750348,2.51509714,2.81667185,3.33161616,1.99730015,1.99730015,1.99730015,0.47759366,0.77916837,1.29411268,-0.04020333,-0.04020333,-0.04020333,0.04020309,0.04020309,0.04020333,0.04020333,0.04020333
11640,13,1,True,0.01547285,0.32294738,0.01152064,0.24914923,0.01152064,0.01547285,0.24914923,0.30747452,-0.00395220,0.23367639,-0.00395220,0.00000000,0.23367639,0.00395197,0.00000000,0.00395220,0.00000000,-0.23367639
16769,19,1,True,0.63751727,0.63786417,0.63016713,0.63120943,0.63016713,0.63016713,0.63016713,0.00034690,-0.00735015,-0.00630784,-0.00735015,-0.00735015,-0.00735015,0.00735074,0.00735074,0.00735015,0.00735015,0.00735015
12365,14,25,True,0.05383514,0.87127775,0.04033020,0.52246803,0.01877361,0.01841426,0.01877349,0.81744260,-0.01350494,0.46863288,-0.03506153,-0.03542088,-0.03506165,0.05905889,0.05801662,0.03506153,0.03542088,0.03506165
68,1,1,True,0.01406472,0.02325500,0.02290273,0.03927122,0.01406472,0.01406472,0.02290273,0.00919028,0.00883802,0.02520651,0.00000000,0.00000000,0.00883802,0.00000000,0.00000000,0.00000000,0.00000000,-0.00883802
7542,9,1,True,0.06224713,0.15510495,0.10182625,0.19219744,0.06224713,0.06224713,0.15510495,0.09285782,0.03957912,0.12995031,0.00000000,0.00000000,0.09285782,0.00000000,0.00000000,0.00000000,0.00000000,-0.09285782
3215,4,3,False,1.59877968,2.86268950,1.10332668,2.49419498,1.10332668,1.10332668,1.10332668,1.26390982,-0.49545300,0.89541531,-0.49545300,-0.49545300,-0.49545300,0.51778078,0.51778078,0.49545300,0.49545300,0.49545300
9843,12,1,True,0.00593495,0.17992431,0.17902839,1.84776831,0.00593495,0.00593495,0.17992431,0.17398936,0.17309344,1.84183335,0.00000000,0.00000000,0.17398936,0.00000000,0.00000000,0.00000000,0.00000000,-0.17398936
16876,19,2,False,2.59190226,3.41772532,2.36081839,2.91795206,2.11898589,2.36081839,2.11898589,0.82582307,-0.23108387,0.32604980,-0.47291636,-0.23108387,-0.47291636,0.50036311,0.35121441,0.47291636,0.23108387,0.47291636
3051,4,3,True,0.75636280,1.32544291,0.75988173,1.35318875,0.73289990,0.75049502,0.73289990,0.56908011,0.00351894,0.59682596,-0.02346289,-0.00586778,-0.02346289,0.01456237,0.00586700,0.02346289,0.00586778,0.02346289
3209,5,1,True,0.05141257,0.34021723,0.48458761,0.62533724,0.05141257,0.05141257,0.05141257,0.28880465,0.43317503,0.57392466,0.00000000,0.00000000,0.00000000,0.00000000,0.00000000,0.00000000,0.00000000,0.00000000
8716,12,3,True,0.54581201,0.62801385,0.56651044,0.60521698,0.52550870,0.52550870,0.51054126,0.08220184,0.02069843,0.05940497,-0.02030331,-0.02030331,-0.03527075,0.02196681,0.02196681,0.02030331,0.02030331,0.03527075
9668,12,3,True,0.05628633,0.14512643,0.05910308,0.15771158,0.04304034,0.04304034,0.04304034,0.08884010,0.00281676,0.10142525,-0.01324599,-0.01324599,-0.01324599,0.01471589,0.01471589,0.01324599,0.01324599,0.01324599
7333,11,1,True,0.36175811,0.31401521,0.38080510,0.33524880,0.31401521,0.31401521,0.31401521,-0.04774290,0.01904699,-0.02650931,-0.04774290,-0.04774290,-0.04774290,0.04774272,0.04774272,0.04774290,0.04774290,0.04774290
10431,12,11,True,0.00197180,0.01352634,0.00448839,0.02873798,0.00159399,0.00159399,0.00159399,0.01155453,0.00251659,0.02676617,-0.00037782,-0.00037782,-0.00037782,0.00040647,0.00040647,0.00037782,0.00037782,0.00037782
6981,11,1,True,0.41880035,0.41519704,0.43271056,0.42622536,0.41519704,0.41880035,0.41519704,-0.00360331,0.01391020,0.00742501,-0.00360331,0.00000000,-0.00360331,0.00360289,0.00000000,0.00360331,0.00000000,0.00360331
1078,1,4,True,0.00009560,0.00409681,0.00044574,0.01379962,0.00009560,0.00009560,0.00063828,0.00400121,0.00035014,0.01370402,0.00000000,0.00000000,0.00054268,0.00000000,0.00000000,0.00000000,0.00000000,-0.00054268
15417,17,4,False,1.83253157,4.58737898,1.36730969,3.15745068,1.36730969,1.36730969,1.36730969,2.75484753,-0.46522188,1.32491910,-0.46522188,-0.46522188,-0.46522188,0.80543983,0.80543983,0.46522188,0.46522188,0.46522188
3408,4,3,False,4.84527874,4.68123484,3.41711712,3.41206479,3.27015972,3.18480420,3.27015972,-0.16404390,-1.42816162,-1.43321395,-1.57511902,-1.66047454,-1.57511902,1.74917507,1.72998381,1.57511902,1.66047454,1.57511902
16010,19,14,False,6.07999468,9.36546135,2.50396824,5.87609482,1.42912161,1.42912197,1.42912197,3.28546667,-3.57602644,-0.20389986,-4.65087318,-4.65087271,-4.65087271,4.99898291,4.99898291,4.65087318,4.65087271,4.65087271
10224,12,7,True,0.00606873,0.01679038,0.01439343,0.02976951,0.00413717,0.00413717,0.00413717,0.01072165,0.00832470,0.02370078,-0.00193156,-0.00193156,-0.00193156,0.00193156,0.00193156,0.00193156,0.00193156,0.00193156
9765,12,10,True,0.02203436,0.15755416,0.15503727,0.34697819,0.02088881,0.02088881,0.02088881,0.13551980,0.13300291,0.32494384,-0.00114555,-0.00114555,-0.00114555,0.00114555,0.00114555,0.00114555,0.00114555,0.00114555
13429,15,12,True,0.07927801,1.37311220,0.10651807,1.36544049,0.06393344,0.06393344,0.06393344,1.29383421,0.02724006,1.28616250,-0.01534457,-0.01534457,-0.01534457,0.01680449,0.01680449,0.01534457,0.01534457,0.01534457
889,1,1,True,0.16691725,0.42544496,0.20898801,0.70745552,0.16691725,0.16691725,0.42544496,0.25852770,0.04207076,0.54053825,0.00000000,0.00000000,0.25852770,0.00000000,0.00000000,0.00000000,0.00000000,-0.25852770
2913,5,3,True,0.86038572,1.49552178,2.19271755,2.68554688,0.86038572,0.86038572,0.86038572,0.63513607,1.33233190,1.82516122,0.00000000,0.00000000,0.00000000,0.00000000,0.00000000,0.00000000,0.00000000,0.00000000
15722,19,2,True,0.47313410,2.99686241,0.19497593,1.44053972,0.19497593,0.19497593,0.19497593,2.52372837,-0.27815819,0.96740562,-0.27815819,-0.27815819,-0.27815819,0.45436773,0.45436773,0.27815819,0.27815819,0.27815819
3523,5,1,True,0.53310114,0.80423605,0.54776204,0.82546866,0.53310114,0.53310114,0.53310114,0.27113491,0.01466089,0.29236752,0.00000000,0.00000000,0.00000000,0.00000000,0.00000000,0.00000000,0.00000000,0.00000000
6349,9,5,False,3.20767856,0.98012054,3.93015838,0.57691336,0.75366688,0.98012054,0.75366688,-2.22755814,0.72247982,-2.63076520,-2.45401168,-2.22755814,-2.45401168,4.09084892,4.07923126,2.45401168,2.22755814,2.45401168
5523,8,1,True,0.01549679,0.02533158,0.01315569,0.01886217,0.01315569,0.01315569,0.01315569,0.00983479,-0.00234111,0.00336537,-0.00234111,-0.00234111,-0.00234111,0.00234122,0.00234122,0.00234111,0.00234111,0.00234111
4880,7,3,True,0.08489710,0.42776036,0.22555543,0.58199388,0.05858842,0.04480537,0.05858842,0.34286326,0.14065833,0.49709678,-0.02630868,-0.04009173,-0.02630868,0.04395292,0.04009162,0.02630868,0.04009173,0.02630868
14707,16,1,False,3.35670996,5.94657993,2.75020432,5.38800192,2.75020432,2.75020432,2.75020432,2.58986998,-0.60650563,2.03129196,-0.60650563,-0.60650563,-0.60650563,0.60650611,0.60650611,0.60650563,0.60650563,0.60650563
6088,8,9,True,0.00744260,0.40179372,0.00411165,0.10156082,0.00327919,0.00327919,0.00428817,0.39435112,-0.00333096,0.09411822,-0.00416341,-0.00416341,-0.00315444,0.00599373,0.00599373,0.00416341,0.00416341,0.00315444
7747,10,3,True,0.02014884,0.05438308,0.02650618,0.06847222,0.02014884,0.02014884,0.02014884,0.03423424,0.00635734,0.04832338,0.00000000,0.00000000,0.00000000,0.00000000,0.00000000,0.00000000,0.00000000,0.00000000
8856,12,7,True,0.17679282,0.28312567,0.25458619,0.39428201,0.13970356,0.13970356,0.13970356,0.10633285,0.07779337,0.21748920,-0.03708926,-0.03708926,-0.03708926,0.04087770,0.04087770,0.03708926,0.03708926,0.03708926
13528,15,15,True,0.00145711,0.27112758,0.00321835,0.41691044,0.00125211,0.00125496,0.00125211,0.26967049,0.00176125,0.41545334,-0.00020500,-0.00020214,-0.00020500,0.00021249,0.00020928,0.00020500,0.00020214,0.00020500
2557,4,23,False,3.05441952,5.07352448,2.68799448,4.31982231,2.23388720,2.23388720,2.23388696,2.01910496,-0.36642504,1.26540279,-0.82053232,-0.82053232,-0.82053256,0.82699943,0.82699943,0.82053232,0.82053232,0.82053256
7089,9,5,True,0.59471577,1.39839137,0.16274957,0.48401546,0.13715199,0.13715199,0.13715199,0.80367559,-0.43196619,-0.11070031,-0.45756379,-0.45756379,-0.45756379,0.71611130,0.71611130,0.45756379,0.45756379,0.45756379
1553,1,13,True,0.14035375,0.29458928,0.39137897,0.67594135,0.03775941,0.03775941,0.03775941,0.15423553,0.25102520,0.53558761,-0.10259435,-0.10259435,-0.10259435,0.16263184,0.16263184,0.10259435,0.10259435,0.10259435
5749,7,4,False,2.38250780,4.39078045,2.26220798,4.20108032,1.65289330,1.65289330,1.65515578,2.00827265,-0.12029982,1.81857252,-0.72961450,-0.72961450,-0.72735202,0.75158834,0.75158834,0.72961450,0.72961450,0.72735202
13303,16,1,True,0.00114399,0.02804494,0.00253832,0.03084113,0.00114399,0.00114399,0.02804494,0.02690095,0.00139432,0.02969714,0.00000000,0.00000000,0.02690095,0.00000000,0.00000000,0.00000000,0.00000000,-0.02690095
11688,13,2,True,0.04977668,0.51172853,0.04832373,0.45505017,0.04832373,0.04832373,0.04977668,0.46195185,-0.00145295,0.40527350,-0.00145295,-0.00145295,0.00000000,0.00373531,0.00373531,0.00145295,0.00145295,0.00000000
14810,15,2,True,0.08739980,0.49671793,0.12105144,0.65416062,0.08739980,0.08739980,0.10338870,0.40931812,0.03365164,0.56676084,0.00000000,0.00000000,0.01598889,0.00000000,0.00000000,0.00000000,0.00000000,-0.01598889
5352,8,1,False,3.83387280,3.83459616,3.78182101,3.78567481,3.78182101,3.78182101,3.78182101,0.00072336,-0.05205178,-0.04819798,-0.05205178,-0.05205178,-0.05205178,0.05205131,0.05205131,0.05205178,0.05205178,0.05205178
1458,1,3,True,0.00403436,0.00141925,0.01713918,0.00310344,0.00072119,0.00072119,0.00072119,-0.00261511,0.01310482,-0.00093091,-0.00331316,-0.00331316,-0.00331316,0.00351913,0.00351913,0.00331316,0.00331316,0.00331316
7896,10,4,True,0.00197680,0.01624150,0.00252631,0.01973669,0.00197680,0.00197680,0.00197680,0.01426470,0.00054951,0.01775989,0.00000000,0.00000000,0.00000000,0.00000000,0.00000000,0.00000000,0.00000000,0.00000000
10095,12,2,True,0.01276501,0.02078198,0.01959888,0.03322946,0.01276501,0.01276501,0.01703406,0.00801698,0.00683387,0.02046446,0.00000000,0.00000000,0.00426905,0.00000000,0.00000000,0.00000000,0.00000000,-0.00426905
9216,12,24,True,0.00624799,0.13854390,0.00616269,0.12223672,0.00248790,0.00248790,0.00248790,0.13229592,-0.00008530,0.11598873,-0.00376009,-0.00376009,-0.00376009,0.00582574,0.00582574,0.00376009,0.00376009,0.00376009
808,1,1,True,0.04712093,0.09305210,0.08447289,0.17794001,0.04712093,0.04712093,0.08447289,0.04593117,0.03735196,0.13081908,0.00000000,0.00000000,0.03735196,0.00000000,0.00000000,0.00000000,0.00000000,-0.03735196
16853,19,4,True,0.68935847,1.54557633,0.37054065,0.92073810,0.37054065,0.37054065,0.37054065,0.85621786,-0.31881782,0.23137963,-0.31881782,-0.31881782,-0.31881782,0.52325845,0.52325845,0.31881782,0.31881782,0.31881782
8201,9,2,True,0.02076213,1.08145928,0.06279440,1.18057394,0.02076213,0.02076213,0.06279440,1.06069720,0.04203227,1.15981185,0.00000000,0.00000000,0.04203227,0.00000000,0.00000000,0.00000000,0.00000000,-0.04203227
10230,12,1,True,0.04822502,0.05471923,0.09486859,0.08929919,0.04822502,0.04822502,0.04822502,0.00649421,0.04664357,0.04107418,0.00000000,0.00000000,0.00000000,0.00000000,0.00000000,0.00000000,0.00000000,0.00000000
5986,8,17,True,0.28760645,5.86299419,0.00114923,0.55889767,0.00107100,0.00107100,0.00107100,5.57538795,-0.28645721,0.27129123,-0.28653544,-0.28653544,-0.28653544,1.24361634,1.24361646,0.28653544,0.28653544,0.28653544
16616,17,2,True,0.28779608,0.81779933,0.13350275,0.29641485,0.13350275,0.13350275,0.15752351,0.53000325,-0.15429333,0.00861877,-0.15429333,-0.15429333,-0.13027257,0.16506392,0.16506392,0.15429333,0.15429333,0.13027257
10064,12,49,True,0.00018023,0.01015543,0.01941090,0.08341449,0.00011920,0.00011920,0.00011920,0.00997521,0.01923067,0.08323426,-0.00006103,-0.00006103,-0.00006103,0.00013349,0.00013349,0.00006103,0.00006103,0.00006103
15099,19,10,False,1.30952477,5.25309992,1.70258403,5.11233521,1.28792405,1.29048669,1.28792405,3.94357514,0.39305925,3.80281043,-0.02160072,-0.01903808,-0.02160072,0.02148390,0.01874113,0.02160072,0.01903808,0.02160072
8165,11,1,True,0.21714233,0.18771505,0.20201060,0.17241417,0.17241417,0.17241417,0.17241417,-0.02942728,-0.01513173,-0.04472816,-0.04472816,-0.04472816,-0.04472816,0.04472806,0.04472806,0.04472816,0.04472816,0.04472816
1013,1,9,True,0.42442206,0.45010975,2.53760839,2.38067865,0.11849899,0.11849899,0.11849899,0.02568769,2.11318636,1.95625663,-0.30592307,-0.30592307,-0.30592307,0.42047796,0.42047796,0.30592307,0.30592307,0.30592307
14174,15,67,True,0.00025579,4.82706213,0.00056263,0.26708731,0.00001240,0.00001657,0.00001240,4.82680655,0.00030684,0.26683152,-0.00024339,-0.00023922,-0.00024339,0.00084404,0.00084023,0.00024339,0.00023922,0.00024339
6234,8,32,True,0.01378045,0.24258491,0.01464498,0.11402997,0.00545454,0.00545454,0.00492479,0.22880445,0.00086453,0.10024951,-0.00832592,-0.00832592,-0.00885567,0.01877926,0.01877926,0.00832592,0.00832592,0.00885567
6343,11,2,False,1.26047516,1.13093174,1.32620144,1.19310987,1.13093174,1.13093174,1.13093174,-0.12954342,0.06572628,-0.06736529,-0.12954342,-0.12954342,-0.12954342,0.12837338,0.12837338,0.12954342,0.12954342,0.12954342
12553,14,1,True,0.18377003,0.28311902,0.18461128,0.28305227,0.18377003,0.18377003,0.18461128,0.09934899,0.00084125,0.09928223,0.00000000,0.00000000,0.00084125,0.00000000,0.00000000,0.00000000,0.00000000,-0.00084125
601,1,4,True,0.00047529,0.01838360,0.00073942,0.02448613,0.00047529,0.00047529,0.00064197,0.01790830,0.00026413,0.02401084,0.00000000,0.00000000,0.00016668,0.00000000,0.00000000,0.00000000,0.00000000,-0.00016668
6750,9,3,True,0.01547660,0.05211721,0.01779355,0.05835680,0.01779355,0.01217034,0.01779355,0.03664061,0.00231695,0.04288019,0.00231695,-0.00330626,0.00231695,0.00977930,0.00670066,-0.00231695,0.00330626,-0.00231695
5835,8,5,True,0.13143295,0.77961767,0.16128668,0.31670803,0.08472133,0.08472133,0.08132861,0.64818472,0.02985373,0.18527508,-0.04671162,-0.04671162,-0.05010434,0.06001150,0.06001150,0.04671162,0.04671162,0.05010434
3489,5,7,False,1.61138141,1.37654257,2.48527884,2.07403469,1.17731524,1.17731524,1.17731524,-0.23483884,0.87389743,0.46265328,-0.43406618,-0.43406618,-0.43406618,0.48318899,0.48318899,0.43406618,0.43406618,0.43406618
14227,16,1,True,0.55995739,0.16448119,0.48844230,0.17242350,0.16448119,0.16448119,0.17242350,-0.39547619,-0.07151508,-0.38753390,-0.39547619,-0.39547619,-0.38753390,0.39547789,0.39547789,0.39547619,0.39547619,0.38753390
6911,9,3,True,0.02427533,0.07133283,0.03880473,0.10289042,0.02427533,0.02427533,0.02427533,0.04705751,0.01452941,0.07861509,0.00000000,0.00000000,0.00000000,0.00000000,0.00000000,0.00000000,0.00000000,0.00000000
7379,10,1,True,0.00122270,0.00742166,0.00149163,0.00833994,0.00122270,0.00122270,0.00742166,0.00619896,0.00026893,0.00711724,0.00000000,0.00000000,0.00619896,0.00000000,0.00000000,0.00000000,0.00000000,-0.00619896
16115,17,5,True,0.05402422,0.66204774,0.13028888,1.08337712,0.04850511,0.04850511,0.43169004,0.60802352,0.07626466,1.02935290,-0.00551910,-0.00551910,0.37766582,0.00551910,0.00551910,0.00551910,0.00551910,-0.37766582
7000,10,26,True,0.00005126,0.01529230,0.00012516,0.02462490,0.00004971,0.00004947,0.00004947,0.01524104,0.00007390,0.02457364,-0.00000155,-0.00000179,-0.00000179,0.00000191,0.00000191,0.00000155,0.00000179,0.00000179
16878,17,4,True,0.42086858,0.97372198,0.21502756,0.49263608,0.21502756,0.21502756,0.21502756,0.55285341,-0.20584102,0.07176751,-0.20584102,-0.20584102,-0.20584102,0.26660338,0.26660338,0.20584102,0.20584102,0.20584102
14647,16,2,True,0.22179787,0.55520129,0.31884691,0.73055506,0.22179787,0.22179787,0.22179787,0.33340341,0.09704904,0.50875717,0.00000000,0.00000000,0.00000000,0.00000000,0.00000000,0.00000000,0.00000000,0.00000000
8,1,4,True,0.00072000,0.01254701,0.00394056,0.04523762,0.00072000,0.00072000,0.00272998,0.01182700,0.00322055,0.04451762,0.00000000,0.00000000,0.00200997,0.00000000,0.00000000,0.00000000,0.00000000,-0.00200997
791,0,1,True,0.66606659,1.40893471,1.22713923,2.03509951,0.66606659,0.66606659,0.66606659,0.74286813,0.56107265,1.36903286,0.00000000,0.00000000,0.00000000,0.00000000,0.00000000,0.00000000,0.00000000,0.00000000
710,0,5,True,0.03701930,0.71868968,0.49817175,2.16015935,0.03701942,0.03701942,0.22702518,0.68167037,0.46115243,2.12314010,0.00000012,0.00000012,0.19000588,0.00000000,0.00000000,-0.00000012,-0.00000012,-0.19000588
11951,13,10,True,0.42047018,2.23671603,0.69699514,2.73579788,0.26028562,0.26297110,0.26028562,1.81624579,0.27652496,2.31532764,-0.16018456,-0.15749907,-0.16018456,0.17136660,0.16958660,0.16018456,0.15749907,0.16018456
9655,12,30,True,0.00334751,0.06092549,0.01534478,0.11168065,0.00324188,0.00324188,0.00324188,0.05757798,0.01199727,0.10833314,-0.00010563,-0.00010563,-0.00010563,0.00010563,0.00010563,0.00010563,0.00010563,0.00010563
9310,12,7,True,0.01454183,0.03159125,0.03368438,0.07008761,0.01296601,0.01296601,0.01296601,0.01704942,0.01914255,0.05554578,-0.00157582,-0.00157582,-0.00157582,0.00157582,0.00157582,0.00157582,0.00157582,0.00157582
12986,14,9,True,1.14369452,2.15328383,1.40746760,1.89894700,0.60790318,0.61267126,0.60790318,1.00958931,0.26377308,0.75525248,-0.53579134,-0.53102326,-0.53579134,0.64492887,0.64447373,0.53579134,0.53102326,0.53579134
15183,17,8,False,3.75362611,5.64243126,2.29040194,4.36388111,2.14729548,2.14729548,2.14729548,1.88880515,-1.46322417,0.61025500,-1.60633063,-1.60633063,-1.60633063,1.84751558,1.84751558,1.60633063,1.60633063,1.60633063
3591,3,7,True,0.01806075,0.01817958,1.68751156,1.62578845,0.01675756,0.01109962,0.01270263,0.00011883,1.66945076,1.60772765,-0.00130320,-0.00696114,-0.00535813,0.00936965,0.00832995,0.00130320,0.00696114,0.00535813
15783,19,2,False,2.10427237,2.84672618,1.16997230,1.77673209,1.16997230,1.16997230,1.16997230,0.74245381,-0.93430007,-0.32754028,-0.93430007,-0.93430007,-0.93430007,1.21177542,1.21177542,0.93430007,0.93430007,0.93430007
10645,12,4,False,2.79619622,2.37492824,2.96957684,2.60053110,2.09734583,2.09734583,2.09734583,-0.42126799,0.17338061,-0.19566512,-0.69885039,-0.69885039,-0.69885039,0.74503136,0.74503136,0.69885039,0.69885039,0.69885039
3870,8,2,True,0.00589217,0.00994926,0.00556835,0.00935445,0.00549449,0.00549449,0.00549449,0.00405709,-0.00032382,0.00346228,-0.00039768,-0.00039768,-0.00039768,0.00039768,0.00039768,0.00039768,0.00039768,0.00039768
3587,5,1,False,4.09513998,3.99591660,4.35182619,4.22882795,3.99591660,3.99591660,3.99591660,-0.09922338,0.25668621,0.13368797,-0.09922338,-0.09922338,-0.09922338,0.09922242,0.09922242,0.09922338,0.09922338,0.09922338
12800,14,2,True,0.69645905,0.55811107,0.68156016,0.53810954,0.53138816,0.53138816,0.53138816,-0.13834798,-0.01489890,-0.15834951,-0.16507089,-0.16507089,-0.16507089,0.16798013,0.16798013,0.16507089,0.16507089,0.16507089
10768,13,378,True,0.12350932,18.95871162,17.71403694,0.08867636,0.00048590,0.00016902,0.00048590,18.83520317,17.59052849,-0.03483296,-0.12302342,-0.12334029,-0.12302342,2.06360054,2.06248879,0.12302342,0.12334029,0.12302342
16082,19,4,True,0.01635186,0.52603495,0.02220856,0.32575867,0.01603740,0.01603740,0.11019294,0.50968307,0.00585669,0.30940682,-0.00031447,-0.00031447,0.09384108,0.00031447,0.00031447,0.00031447,0.00031447,-0.09384108
11388,13,5,True,0.00330604,0.87519097,0.00101038,0.30193195,0.00101038,0.00101038,0.00268861,0.87188494,-0.00229566,0.29862592,-0.00229566,-0.00229566,-0.00061744,0.00350753,0.00350753,0.00229566,0.00229566,0.00061744
10641,12,1,True,0.14207213,0.07966733,0.16906677,0.09907500,0.07966733,0.07966733,0.07966733,-0.06240480,0.02699465,-0.04299713,-0.06240480,-0.06240480,-0.06240480,0.06240498,0.06240498,0.06240480,0.06240480,0.06240480
10606,12,10,True,0.00546865,0.02912814,0.05790824,0.25803399,0.00520351,0.00520351,0.00520351,0.02365949,0.05243959,0.25256535,-0.00026513,-0.00026513,-0.00026513,0.00026513,0.00026513,0.00026513,0.00026513,0.00026513
5549,8,1,True,0.68939936,0.84572220,0.63285106,0.78065473,0.63285106,0.63285106,0.63285106,0.15632284,-0.05654830,0.09125537,-0.05654830,-0.05654830,-0.05654830,0.05654669,0.05654669,0.05654830,0.05654830,0.05654830
1409,1,2,True,0.00810619,0.05298497,0.06272980,0.30775720,0.00810619,0.00810619,0.05174407,0.04487878,0.05462361,0.29965100,0.00000000,0.00000000,0.04363788,0.00000000,0.00000000,0.00000000,0.00000000,-0.04363788
16627,19,3,True,0.47950399,2.71645284,0.26221052,1.79744399,0.26221052,0.26221052,0.26221052,2.23694897,-0.21729347,1.31794000,-0.21729347,-0.21729347,-0.21729347,0.40208724,0.40208724,0.21729347,0.21729347,0.21729347
6555,11,2,False,1.59950733,1.33941972,1.19143844,0.83523357,0.72821927,0.72821927,0.72821927,-0.26008761,-0.40806890,-0.76427376,-0.87128806,-0.87128806,-0.87128806,0.92869794,0.92869794,0.87128806,0.87128806,0.87128806
5209,8,3,True,0.29527372,0.44233313,0.28495836,0.42707059,0.28090027,0.28090027,0.28090027,0.14705941,-0.01031536,0.13179687,-0.01437345,-0.01437345,-0.01437345,0.01446417,0.01446417,0.01437345,0.01437345,0.01437345
718,1,1,True,0.00972533,0.01850519,0.05806393,0.11377712,0.00972533,0.00972533,0.05806393,0.00877986,0.04833860,0.10405178,0.00000000,0.00000000,0.04833860,0.00000000,0.00000000,0.00000000,0.00000000,-0.04833860
1050,1,2,True,0.00004780,0.00035065,0.00017904,0.00144687,0.00004780,0.00004780,0.00035065,0.00030285,0.00013123,0.00139907,0.00000000,0.00000000,0.00030285,0.00000000,0.00000000,0.00000000,0.00000000,-0.00030285
2607,3,2,True,0.01430565,0.09993532,0.15637405,0.73144805,0.01430565,0.01430565,0.13083509,0.08562967,0.14206840,0.71714240,0.00000000,0.00000000,0.11652943,0.00000000,0.00000000,0.00000000,0.00000000,-0.11652943
10752,13,3,True,0.00489940,0.28181925,0.03030581,0.49232310,0.00172383,0.00172383,0.25088337,0.27691984,0.02540641,0.48742369,-0.00317557,-0.00317557,0.24598397,0.00324540,0.00324540,0.00317557,0.00317557,-0.24598397
7783,9,110,True,0.15515365,0.14330755,2.08490849,1.89456856,0.05475140,0.05475140,0.05475151,-0.01184610,1.92975485,1.73941493,-0.10040225,-0.10040225,-0.10040213,0.15566018,0.15566018,0.10040225,0.10040225,0.10040213
57,1,1,True,0.04974776,0.03208987,0.18257450,0.10352866,0.03208987,0.03208987,0.03208987,-0.01765789,0.13282673,0.05378089,-0.01765789,-0.01765789,-0.01765789,0.01765789,0.01765789,0.01765789,0.01765789,0.01765789
5486,8,1,True,0.06040716,0.37386128,0.03557886,0.19825535,0.03557886,0.03557886,0.06040716,0.31345412,-0.02482830,0.13784818,-0.02482830,-0.02482830,0.00000000,0.02482842,0.02482842,0.02482830,0.02482830,0.00000000
3908,7,33,True,0.12018277,0.77287591,0.21566382,1.05982995,0.07993182,0.07993182,0.07993182,0.65269315,0.09548105,0.93964720,-0.04025096,-0.04025096,-0.04025096,0.05093033,0.05093033,0.04025096,0.04025096,0.04025096
5389,8,5,True,0.27906170,2.10171986,0.06585634,0.92581308,0.06585634,0.06585634,0.06585634,1.82265818,-0.21320537,0.64675140,-0.21320537,-0.21320537,-0.21320537,0.34275404,0.34275404,0.21320537,0.21320537,0.21320537
11123,13,1,True,0.00038402,0.02428929,0.00151793,0.04955072,0.00038402,0.00038402,0.02428929,0.02390527,0.00113391,0.04916671,0.00000000,0.00000000,0.02390527,0.00000000,0.00000000,0.00000000,0.00000000,-0.02390527
11153,13,24,True,0.10599519,0.97520292,0.12536581,0.34702200,0.01909938,0.01909938,0.01909938,0.86920774,0.01937062,0.24102682,-0.08689581,-0.08689581,-0.08689581,0.22299393,0.22299390,0.08689581,0.08689581,0.08689581
11188,13,10,True,0.01043908,0.29605195,0.02368386,0.26493016,0.00693391,0.00693391,0.00693391,0.28561288,0.01324478,0.25449109,-0.00350517,-0.00350517,-0.00350517,0.00350517,0.00350517,0.00350517,0.00350517,0.00350517
13553,15,6,True,0.01176184,0.32970521,0.01340284,0.31209150,0.00758529,0.00758529,0.01041395,0.31794336,0.00164100,0.30032966,-0.00417655,-0.00417655,-0.00134789,0.00482309,0.00482309,0.00417655,0.00417655,0.00134789
4860,7,61,True,0.00011980,0.07165425,0.00082173,0.13541743,0.00074013,0.00054643,0.00072119,0.07153445,0.00070193,0.13529763,0.00062034,0.00042663,0.00060140,0.00026152,0.00025901,-0.00062034,-0.00042663,-0.00060140
1469,1,1,True,0.00020264,0.00202510,0.00148746,0.01230459,0.00020264,0.00020264,0.01230459,0.00182247,0.00128482,0.01210195,0.00000000,0.00000000,0.01210195,0.00000000,0.00000000,0.00000000,0.00000000,-0.01210195
9415,12,8,True,0.03734860,0.01508260,0.33258203,0.08736026,0.01005182,0.01005182,0.01005182,-0.02226600,0.29523343,0.05001166,-0.02729678,-0.02729678,-0.02729678,0.06176224,0.06176224,0.02729678,0.02729678,0.02729678
393,1,1,True,0.00065544,0.01088184,0.00261917,0.03841328,0.00065544,0.00065544,0.01088184,0.01022641,0.00196374,0.03775785,0.00000000,0.00000000,0.01022641,0.00000000,0.00000000,0.00000000,0.00000000,-0.01022641
5466,7,6,True,0.01068608,0.17459218,0.01530756,0.20861496,0.01068608,0.01068608,0.01068608,0.16390610,0.00462148,0.19792888,0.00000000,0.00000000,0.00000000,0.00000000,0.00000000,0.00000000,0.00000000,0.00000000
13663,15,1,True,0.02936513,2.52713776,0.11486616,2.08684158,0.02936513,0.11486616,0.02936513,2.49777269,0.08550103,2.05747652,0.00000000,0.08550103,0.00000000,0.00000000,-0.08550119,0.00000000,-0.08550103,0.00000000
17025,19,1,True,0.78343737,2.09254169,0.85694158,2.18095279,0.78343737,0.78343737,0.78343737,1.30910432,0.07350421,1.39751542,0.00000000,0.00000000,0.00000000,0.00000000,0.00000000,0.00000000,0.00000000,0.00000000
16433,17,2,True,0.00065472,0.17559859,0.00027188,0.12742773,0.00027188,0.00027188,0.00904451,0.17494386,-0.00038284,0.12677300,-0.00038284,-0.00038284,0.00838979,0.00067082,0.00067082,0.00038284,0.00038284,-0.00838979
16997,17,1,True,0.33048671,0.70279670,0.32092285,0.66367006,0.32092285,0.33048671,0.32092285,0.37230998,-0.00956386,0.33318335,-0.00956386,0.00000000,-0.00956386,0.00956410,0.00000000,0.00956386,0.00000000,0.00956386
6746,11,2,False,1.90421271,1.55679834,1.96506512,1.60941613,1.55679834,1.55679834,1.55679834,-0.34741437,0.06085241,-0.29479659,-0.34741437,-0.34741437,-0.34741437,0.35607564,0.35607564,0.34741437,0.34741437,0.34741437
4732,7,10,True,0.13068803,0.48769599,0.20829327,0.71471673,0.13068803,0.13068803,0.13068803,0.35700798,0.07760525,0.58402872,0.00000000,0.00000000,0.00000000,0.00000000,0.00000000,0.00000000,0.00000000,0.00000000
15955,17,6,True,0.00055953,0.15419529,0.00257458,0.20079474,0.00046660,0.00046660,0.00075240,0.15363577,0.00201505,0.20023522,-0.00009294,-0.00009294,0.00019287,0.00009294,0.00009294,0.00009294,0.00009294,-0.00019287
14164,15,9,True,0.22514255,0.56428838,0.19590943,0.49619105,0.08749133,0.08749123,0.08749133,0.33914584,-0.02923313,0.27104849,-0.13765122,-0.13765132,-0.13765122,0.17571917,0.17571917,0.13765122,0.13765132,0.13765122
1251,1,2,True,0.00117781,0.03263265,0.00259765,0.06997158,0.00117781,0.00117781,0.00913264,0.03145484,0.00141984,0.06879377,0.00000000,0.00000000,0.00795483,0.00000000,0.00000000,0.00000000,0.00000000,-0.00795483
12908,14,1,False,4.16208172,3.57706404,1.58017755,1.35657167,1.35657167,1.58017755,1.35657167,-0.58501768,-2.58190417,-2.80551004,-2.80551004,-2.58190417,-2.80551004,2.80550838,2.58190513,2.80551004,2.58190417,2.80551004
7765,9,5,True,0.00423321,0.04296794,0.00247720,0.02123712,0.00247720,0.00247720,0.00247720,0.03873473,-0.00175601,0.01700391,-0.00175601,-0.00175601,-0.00175601,0.00282858,0.00282858,0.00175601,0.00175601,0.00175601
14723,16,3,True,0.37049392,0.74818701,0.51439142,0.94434536,0.37049392,0.37049392,0.37049392,0.37769309,0.14389750,0.57385147,0.00000000,0.00000000,0.00000000,0.00000000,0.00000000,0.00000000,0.00000000,0.00000000
6533,9,9,True,0.56445014,0.64753205,0.12492634,0.15561228,0.09611140,0.09611140,0.09611140,0.08308190,-0.43952382,-0.40883785,-0.46833873,-0.46833873,-0.46833873,0.80954552,0.80954552,0.46833873,0.46833873,0.46833873
9164,12,5,True,0.28272879,0.17292693,1.63362658,0.54851568,0.09999616,0.09999616,0.17292693,-0.10980186,1.35089779,0.26578689,-0.18273264,-0.18273264,-0.10980186,0.31928930,0.31928930,0.18273264,0.18273264,0.10980186
11280,13,1,True,0.01476915,0.03629244,0.03618253,0.04569942,0.01476915,0.01476915,0.04569942,0.02152329,0.02141339,0.03093027,0.00000000,0.00000000,0.03093027,0.00000000,0.00000000,0.00000000,0.00000000,-0.03093027
11292,13,9,True,0.00117650,0.21744488,0.00322299,0.11976503,0.00130140,0.00130140,0.00119365,0.21626838,0.00204649,0.11858853,0.00012490,0.00012490,0.00001715,0.00029316,0.00029316,-0.00012490,-0.00012490,-0.00001715
13052,15,3,True,0.44817466,2.08007860,0.58761376,2.39829516,0.44817466,0.44817466,0.44817466,1.63190389,0.13943911,1.95012045,0.00000000,0.00000000,0.00000000,0.00000000,0.00000000,0.00000000,0.00000000,0.00000000
1452,1,4,True,0.00013565,0.00638066,0.00196716,0.03045418,0.00011050,0.00011050,0.00233318,0.00624501,0.00183151,0.03031853,-0.00002515,-0.00002515,0.00219753,0.00002515,0.00002515,0.00002515,0.00002515,-0.00219753
12390,14,21,True,0.00875338,0.23985991,0.00220877,0.12817183,0.00203831,0.00203831,0.00262571,0.23110652,-0.00654461,0.11941845,-0.00671507,-0.00671507,-0.00612767,0.01424189,0.01424189,0.00671507,0.00671507,0.00612767
9714,12,12,True,0.00909519,0.07031043,0.04390002,0.24939033,0.00822088,0.00822088,0.00822088,0.06121524,0.03480484,0.24029514,-0.00087431,-0.00087431,-0.00087431,0.00108935,0.00108935,0.00087431,0.00087431,0.00087431
15402,19,1,True,0.30384088,1.15014362,0.47810978,1.04198813,0.30384088,0.30384088,0.30384088,0.84630275,0.17426890,0.73814726,0.00000000,0.00000000,0.00000000,0.00000000,0.00000000,0.00000000,0.00000000,0.00000000
1536,1,1,True,0.00053856,0.03005887,0.00504423,0.12157707,0.00053856,0.00053856,0.12157707,0.02952030,0.00450567,0.12103850,0.00000000,0.00000000,0.12103850,0.00000000,0.00000000,0.00000000,0.00000000,-0.12103850
13600,15,1,True,0.10051248,0.30237356,0.11927728,0.35436368,0.10051248,0.10051248,0.10051248,0.20186108,0.01876480,0.25385121,0.00000000,0.00000000,0.00000000,0.00000000,0.00000000,0.00000000,0.00000000,0.00000000
92,1,5,True,0.03519420,0.01152394,0.05023956,0.01638552,0.01151145,0.01151145,0.01151145,-0.02367025,0.01504536,-0.01880867,-0.02368274,-0.02368274,-0.02368274,0.03414736,0.03414736,0.02368274,0.02368274,0.02368274
2304,5,2,False,2.59299946,2.24942827,3.17334223,2.82042241,2.24942827,2.24942827,2.24942827,-0.34357119,0.58034277,0.22742295,-0.34357119,-0.34357119,-0.34357119,0.37095189,0.37095189,0.34357119,0.34357119,0.34357119
15972,17,2,True,0.00462213,0.17914650,0.01666084,0.31786218,0.00462213,0.00462213,0.11305127,0.17452437,0.01203871,0.31324005,0.00000000,0.00000000,0.10842914,0.00000000,0.00000000,0.00000000,0.00000000,-0.10842914
7892,9,1,True,0.14646396,0.31685272,0.15241884,0.33172992,0.14646396,0.14646396,0.15241884,0.17038876,0.00595488,0.18526596,0.00000000,0.00000000,0.00595488,0.00000000,0.00000000,0.00000000,0.00000000,-0.00595488
6946,10,18,True,0.00009465,0.03134312,0.00033456,0.06781767,0.00009465,0.00009465,0.00009465,0.03124847,0.00023992,0.06772302,0.00000000,0.00000000,0.00000000,0.00000000,0.00000000,0.00000000,0.00000000,0.00000000
5165,8,2,False,2.23821449,2.74991369,1.91793728,2.38458180,1.91793728,1.91793728,1.91793728,0.51169920,-0.32027721,0.14636731,-0.32027721,-0.32027721,-0.32027721,0.32185245,0.32185245,0.32027721,0.32027721,0.32027721
10773,13,10,True,0.00141044,0.07776354,0.00369842,0.07808256,0.00129997,0.00129997,0.00129997,0.07635310,0.00228797,0.07667212,-0.00011048,-0.00011048,-0.00011048,0.00013404,0.00013404,0.00011048,0.00011048,0.00011048
12765,14,9,False,10.79383373,9.40955162,7.94972658,6.97676086,6.73830605,6.73830605,6.73830605,-1.38428211,-2.84410715,-3.81707287,-4.05552769,-4.05552769,-4.05552769,4.75623512,4.75623512,4.05552769,4.05552769,4.05552769
8747,12,5,True,0.00157875,0.01153856,0.00321919,0.02037173,0.00157875,0.00157875,0.00202582,0.00995980,0.00164043,0.01879298,0.00000000,0.00000000,0.00044706,0.00000000,0.00000000,0.00000000,0.00000000,-0.00044706
9168,12,1,True,0.01892627,0.04801076,0.02418539,0.06321414,0.01892627,0.01892627,0.02418539,0.02908449,0.00525912,0.04428787,0.00000000,0.00000000,0.00525912,0.00000000,0.00000000,0.00000000,0.00000000,-0.00525912
10017,12,5,True,0.00234424,0.00753726,0.00457894,0.01406918,0.00234424,0.00234424,0.00234424,0.00519302,0.00223470,0.01172494,0.00000000,0.00000000,0.00000000,0.00000000,0.00000000,0.00000000,0.00000000,0.00000000
13278,15,1,True,0.69561714,1.52898967,0.86966556,1.79011524,0.69561714,0.69561714,0.69561714,0.83337253,0.17404842,1.09449816,0.00000000,0.00000000,0.00000000,0.00000000,0.00000000,0.00000000,0.00000000,0.00000000
9586,12,1,True,0.09064312,0.08281618,0.17398241,0.14580877,0.08281618,0.08281618,0.08281618,-0.00782695,0.08333929,0.05516565,-0.00782695,-0.00782695,-0.00782695,0.00782695,0.00782695,0.00782695,0.00782695,0.00782695
11655,13,7,True,0.00007820,0.01397808,0.00025579,0.01934811,0.00007820,0.00007820,0.00009214,0.01389988,0.00017759,0.01926991,0.00000000,0.00000000,0.00001395,0.00000000,0.00000000,0.00000000,0.00000000,-0.00001395
346,0,33,False,0.89962572,0.57545501,2.55219555,1.09545004,0.34823135,0.34823135,0.34823135,-0.32417071,1.65256977,0.19582433,-0.55139434,-0.55139434,-0.55139434,1.63407278,1.63407278,0.55139434,0.55139434,0.55139434
1336,0,19,True,0.04936931,0.37098876,0.08705894,0.37847614,0.00987077,0.00987077,0.00987077,0.32161945,0.03768963,0.32910684,-0.03949854,-0.03949854,-0.03949854,0.06650227,0.06650227,0.03949854,0.03949854,0.03949854
17,1,8,True,0.00004864,0.00308597,0.00027164,0.00744367,0.00004756,0.00004756,0.00007653,0.00303734,0.00022300,0.00739503,-0.00000107,-0.00000107,0.00002789,0.00000107,0.00000107,0.00000107,0.00000107,-0.00002789
10262,12,4,True,0.07866994,0.11928998,0.09186900,0.13882834,0.07228367,0.07228367,0.07228367,0.04062004,0.01319905,0.06015839,-0.00638627,-0.00638627,-0.00638627,0.00657252,0.00657252,0.00638627,0.00638627,0.00638627
6271,8,5,True,0.00906046,0.05130431,0.00734037,0.03868627,0.00734037,0.00734037,0.00792218,0.04224385,-0.00172009,0.02962581,-0.00172009,-0.00172009,-0.00113828,0.00202544,0.00202544,0.00172009,0.00172009,0.00113828
16630,17,4,True,0.00373583,0.12560491,0.00379081,0.14156067,0.00280428,0.00280428,0.00379081,0.12186909,0.00005499,0.13782485,-0.00093155,-0.00093155,0.00005499,0.00103769,0.00103769,0.00093155,0.00093155,-0.00005499
13057,15,1,True,0.18878199,0.21871251,0.20249575,0.23427483,0.18878199,0.18878199,0.18878199,0.02993052,0.01371376,0.04549284,0.00000000,0.00000000,0.00000000,0.00000000,0.00000000,0.00000000,0.00000000,0.00000000
3865,7,1,True,0.01969321,0.04873948,0.02155403,0.05288921,0.01969321,0.01969321,0.01969321,0.02904627,0.00186082,0.03319599,0.00000000,0.00000000,0.00000000,0.00000000,0.00000000,0.00000000,0.00000000,0.00000000
16824,17,1,False,6.80488157,6.32270050,5.65713835,5.13772774,5.13772774,5.13772774,5.13772774,-0.48218107,-1.14774323,-1.66715384,-1.66715384,-1.66715384,-1.66715384,1.66715002,1.66715002,1.66715384,1.66715384,1.66715384
3504,4,1,False,3.02259350,2.87670422,2.80973601,2.68655038,2.68655038,2.68655038,2.68655038,-0.14588928,-0.21285748,-0.33604312,-0.33604312,-0.33604312,-0.33604312,0.33604193,0.33604193,0.33604312,0.33604312,0.33604312
135,2,27,False,2.35072899,4.48747587,1.29386044,2.64738369,1.01444805,1.01444805,1.01444805,2.13674688,-1.05686855,0.29665470,-1.33628094,-1.33628094,-1.33628094,2.65228152,2.65228152,1.33628094,1.33628094,1.33628094
5397,7,25,True,0.01905283,2.14978337,0.00704140,0.87445837,0.00567219,0.00567219,0.00631077,2.13073063,-0.01201143,0.85540557,-0.01338064,-0.01338064,-0.01274205,0.02771640,0.02771640,0.01338064,0.01338064,0.01274205
9587,12,1,True,1.18078744,1.09017277,1.32206571,1.19724405,1.09017277,1.18078744,1.09017277,-0.09061468,0.14127827,0.01645660,-0.09061468,0.00000000,-0.09061468,0.09061468,0.00000000,0.09061468,0.00000000,0.09061468
4535,7,16,True,0.01434972,0.37622947,0.01322933,0.29805660,0.01167171,0.01167171,0.01167171,0.36187974,-0.00112039,0.28370687,-0.00267801,-0.00267801,-0.00267801,0.00364385,0.00364385,0.00267801,0.00267801,0.00267801
4676,7,6,True,1.00356972,1.85719776,1.36322713,2.22995710,1.00356972,1.00356984,1.00356948,0.85362804,0.35965741,1.22638738,0.00000000,0.00000012,-0.00000024,0.00000000,0.00000000,0.00000000,-0.00000012,0.00000024
15429,17,2,True,0.01284363,0.45233059,0.02379352,0.62684894,0.00966123,0.00966123,0.48101422,0.43948695,0.01094990,0.61400533,-0.00318240,-0.00318240,0.46817058,0.00318240,0.00318240,0.00318240,0.00318240,-0.46817058
13842,15,7,True,0.25667584,0.66925538,0.20949028,0.54050571,0.17501076,0.17501076,0.17501065,0.41257954,-0.04718556,0.28382987,-0.08166508,-0.08166508,-0.08166519,0.09127168,0.09127168,0.08166508,0.08166508,0.08166519
766,1,2,False,3.60442734,5.22333670,3.63640141,5.65620136,3.51073241,3.60442734,3.60442734,1.61890936,0.03197408,2.05177402,-0.09369493,0.00000000,0.00000000,0.09369349,0.00000000,0.09369493,0.00000000,0.00000000
10463,12,1,False,1.64256275,1.44863331,1.95226824,1.71093166,1.44863331,1.44863331,1.44863331,-0.19392943,0.30970550,0.06836891,-0.19392943,-0.19392943,-0.19392943,0.19392967,0.19392967,0.19392943,0.19392943,0.19392943
15917,17,1,True,0.23068833,0.06529746,0.33728534,0.07693934,0.06529746,0.06529746,0.06529746,-0.16539088,0.10659701,-0.15374899,-0.16539088,-0.16539088,-0.16539088,0.16539086,0.16539086,0.16539088,0.16539088,0.16539088
3028,5,1,True,0.02906480,0.09664943,0.09716165,0.22951673,0.02906480,0.02906480,0.09664943,0.06758463,0.06809685,0.20045193,0.00000000,0.00000000,0.06758463,0.00000000,0.00000000,0.00000000,0.00000000,-0.06758463
11939,13,2,True,0.01589239,0.04529243,0.01358949,0.03594405,0.01358949,0.01358949,0.01358949,0.02940004,-0.00230290,0.02005166,-0.00230290,-0.00230290,-0.00230290,0.00342672,0.00342672,0.00230290,0.00230290,0.00230290
351,0,6,False,1.89856398,2.75890064,2.94795036,2.95894814,1.64948106,1.55981278,1.64948106,0.86033666,1.04938638,1.06038415,-0.24908292,-0.33875120,-0.24908292,0.38414419,0.36751330,0.24908292,0.33875120,0.24908292
2668,5,1,False,4.43582821,4.03053188,5.84175014,5.09026575,4.03053188,4.03053188,4.03053188,-0.40529633,1.40592194,0.65443754,-0.40529633,-0.40529633,-0.40529633,0.40529728,0.40529728,0.40529633,0.40529633,0.40529633
10532,12,8,True,0.03149781,0.06299186,0.10562381,0.13213962,0.02568310,0.02568310,0.02568310,0.03149406,0.07412601,0.10064182,-0.00581470,-0.00581470,-0.00581470,0.00910154,0.00910154,0.00581470,0.00581470,0.00581470
6824,9,1,False,1.64929771,3.14368749,2.83165932,3.45994902,1.64929771,1.64929771,1.64929771,1.49438977,1.18236160,1.81065130,0.00000000,0.00000000,0.00000000,0.00000000,0.00000000,0.00000000,0.00000000,0.00000000
3195,3,1,False,1.66675568,0.76507539,2.50109196,1.38050842,0.76507539,0.76507539,0.76507539,-0.90168029,0.83433628,-0.28624725,-0.90168029,-0.90168029,-0.90168029,0.90167940,0.90167940,0.90168029,0.90168029,0.90168029
14541,16,1,True,0.12995668,0.23581046,0.14239360,0.25429493,0.12995668,0.12995668,0.12995668,0.10585378,0.01243693,0.12433825,0.00000000,0.00000000,0.00000000,0.00000000,0.00000000,0.00000000,0.00000000,0.00000000
12047,13,6,True,0.00024113,0.03092019,0.00069320,0.03965845,0.00024113,0.00024113,0.00027343,0.03067906,0.00045207,0.03941732,0.00000000,0.00000000,0.00003230,0.00000000,0.00000000,0.00000000,0.00000000,-0.00003230
16781,19,3,True,0.25898537,0.65449202,0.27072874,0.67764276,0.24284601,0.23756561,0.24284601,0.39550665,0.01174337,0.41865739,-0.01613936,-0.02141976,-0.01613936,0.02324679,0.02198893,0.01613936,0.02141976,0.01613936
13795,15,3,True,0.47090292,0.91549039,0.56320673,1.03256953,0.47090292,0.47090292,0.47090292,0.44458747,0.09230381,0.56166661,0.00000000,0.00000000,0.00000000,0.00000000,0.00000000,0.00000000,0.00000000,0.00000000
6464,11,1,False,1.31463981,1.12885511,1.34953523,1.15728891,1.12885511,1.12885511,1.12885511,-0.18578470,0.03489542,-0.15735090,-0.18578470,-0.18578470,-0.18578470,0.18578804,0.18578804,0.18578470,0.18578470,0.18578470
7191,9,18,False,0.99994278,0.60372674,2.62861872,0.87024552,0.07641732,0.07641732,0.07641732,-0.39621603,1.62867594,-0.12969726,-0.92352545,-0.92352545,-0.92352545,1.79235029,1.79235029,0.92352545,0.92352545,0.92352545
5607,7,3,True,0.16712041,0.33386606,0.17631981,0.31920624,0.14163962,0.14189556,0.14163962,0.16674565,0.00919940,0.15208583,-0.02548079,-0.02522485,-0.02548079,0.02155522,0.02151668,0.02548079,0.02522485,0.02548079
12835,14,1,False,2.13256025,1.45911789,2.51153946,1.78410316,1.45911789,1.45911789,1.45911789,-0.67344236,0.37897921,-0.34845710,-0.67344236,-0.67344236,-0.67344236,0.67344272,0.67344272,0.67344236,0.67344236,0.67344236
331,0,2,True,0.09656739,0.76232558,0.59418249,1.76825750,0.07863721,0.07863721,0.07863721,0.66575819,0.49761510,1.67169011,-0.01793018,-0.01793018,-0.01793018,0.01793029,0.01793029,0.01793018,0.01793018,0.01793018
6175,8,27,False,2.05184913,2.28694916,0.60593218,0.43497488,0.24275896,0.24275896,0.24275896,0.23510003,-1.44591689,-1.61687422,-1.80909014,-1.80909014,-1.80909014,3.33295798,3.33295798,1.80909014,1.80909014,1.80909014
9465,12,7,True,0.81684637,1.07112885,1.05440068,1.37714124,0.55773830,0.55773830,0.55773830,0.25428247,0.23755431,0.56029487,-0.25910807,-0.25910807,-0.25910807,0.31666541,0.31666541,0.25910807,0.25910807,0.25910807
6466,9,9,True,0.12883480,0.65316737,0.31285921,0.78587383,0.09485830,0.09916050,0.12358191,0.52433258,0.18402441,0.65703905,-0.03397650,-0.02967430,-0.00525289,0.03829502,0.03744084,0.03397650,0.02967430,0.00525289
7926,9,2,False,2.08557177,2.95632219,2.73586559,3.64838290,1.73495293,1.73495293,1.73495293,0.87075043,0.65029383,1.56281114,-0.35061884,-0.35061884,-0.35061884,0.35061848,0.35061848,0.35061884,0.35061884,0.35061884
8554,12,1,True,0.01104963,0.01300932,0.28201312,0.24162482,0.01104963,0.01104963,0.24162482,0.00195969,0.27096349,0.23057519,0.00000000,0.00000000,0.23057519,0.00000000,0.00000000,0.00000000,0.00000000,-0.23057519
15513,17,3,True,0.31082523,0.61494726,0.11363305,0.30197904,0.10792843,0.10792843,0.10792843,0.30412203,-0.19719218,-0.00884619,-0.20289680,-0.20289680,-0.20289680,0.26162001,0.26162001,0.20289680,0.20289680,0.20289680
803,0,2,False,1.17984641,1.43266404,2.98335266,2.50221872,1.14506149,1.14506149,1.14506149,0.25281763,1.80350626,1.32237232,-0.03478491,-0.03478491,-0.03478491,0.03478348,0.03478348,0.03478491,0.03478491,0.03478491
10619,12,23,True,0.00152222,0.01933244,0.00431357,0.03042388,0.00119972,0.00119972,0.00119972,0.01781022,0.00279135,0.02890167,-0.00032250,-0.00032250,-0.00032250,0.00036139,0.00036139,0.00032250,0.00032250,0.00032250
8373,12,4,True,0.04416354,0.07636872,0.08237703,0.14250681,0.04000280,0.04000280,0.04000280,0.03220518,0.03821350,0.09834327,-0.00416074,-0.00416074,-0.00416074,0.00416062,0.00416062,0.00416074,0.00416074,0.00416074
8731,12,30,True,0.05071786,0.21085368,0.29834583,0.42132416,0.03628991,0.03628991,0.03628991,0.16013582,0.24762797,0.37060630,-0.01442795,-0.01442795,-0.01442795,0.04334791,0.04334791,0.01442795,0.01442795,0.01442795
8932,12,12,True,0.02979809,0.15454794,0.06960104,0.23742235,0.01698097,0.01644721,0.01698097,0.12474985,0.03980295,0.20762426,-0.01281712,-0.01335089,-0.01281712,0.01723411,0.01709860,0.01281712,0.01335089,0.01281712
13544,15,2,True,0.87192279,1.78748965,0.99680591,1.96212935,0.85218191,0.85218191,0.85218191,0.91556686,0.12488312,1.09020662,-0.01974088,-0.01974088,-0.01974088,0.01974106,0.01974106,0.01974088,0.01974088,0.01974088
9319,12,2,True,1.09666073,1.30829442,1.27080441,1.48294604,1.09666073,1.09666073,1.09666073,0.21163368,0.17414367,0.38628531,0.00000000,0.00000000,0.00000000,0.00000000,0.00000000,0.00000000,0.00000000,0.00000000
12297,14,4,True,0.10547149,0.12396405,0.10642762,0.12767023,0.10507374,0.10422051,0.10507374,0.01849256,0.00095613,0.02219874,-0.00039775,-0.00125098,-0.00039775,0.00220726,0.00177892,0.00039775,0.00125098,0.00039775
10996,13,6,False,3.90486765,4.92388725,4.53889465,5.56894302,3.80504847,3.80504870,3.80504847,1.01901960,0.63402700,1.66407537,-0.09981918,-0.09981894,-0.09981918,0.09977317,0.09977317,0.09981918,0.09981894,0.09981918
8900,12,4,True,0.04750774,0.15451649,0.32163689,0.84272778,0.04487911,0.04487911,0.07139344,0.10700875,0.27412915,0.79522002,-0.00262863,-0.00262863,0.02388570,0.00262863,0.00262863,0.00262863,0.00262863,-0.02388570
1343,2,2,False,6.66819143,6.07943487,7.00204611,6.43250370,6.07943487,6.07943487,6.07943487,-0.58875656,0.33385468,-0.23568773,-0.58875656,-0.58875656,-0.58875656,0.65150309,0.65150309,0.58875656,0.58875656,0.58875656
1323,0,2,False,0.96376705,1.19144988,1.26578271,1.27588594,0.71893626,0.71893626,0.71893626,0.22768283,0.30201566,0.31211889,-0.24483079,-0.24483079,-0.24483079,0.24483138,0.24483138,0.24483079,0.24483079,0.24483079
9992,12,23,True,0.00156221,0.00667272,0.00872029,0.01882719,0.00155435,0.00155757,0.00155757,0.00511051,0.00715808,0.01726498,-0.00000786,-0.00000464,-0.00000464,0.00000786,0.00000774,0.00000786,0.00000464,0.00000464
10608,12,12,True,0.00144818,0.00508586,0.00295857,0.01080118,0.00139235,0.00139235,0.00139235,0.00363769,0.00151039,0.00935301,-0.00005583,-0.00005583,-0.00005583,0.00005821,0.00005821,0.00005583,0.00005583,0.00005583
14269,15,12,True,0.00082340,0.04494693,0.00161386,0.07979117,0.00082340,0.00082340,0.00082340,0.04412353,0.00079047,0.07896777,0.00000000,0.00000000,0.00000000,0.00000000,0.00000000,0.00000000,0.00000000,0.00000000
6933,9,7,False,2.61169362,5.19100332,1.59452224,2.14620161,1.55305541,1.55305541,1.55305541,2.57930970,-1.01717138,-0.46549201,-1.05863822,-1.05863822,-1.05863822,2.90966988,2.90966988,1.05863822,1.05863822,1.05863822
16994,18,5,True,0.40533993,4.14644575,0.40722245,4.15084982,0.27012482,0.28883675,0.27012482,3.74110579,0.00188252,3.74550986,-0.13521510,-0.11650318,-0.13521510,0.16167495,0.11858854,0.13521510,0.11650318,0.13521510
15559,17,2,True,0.21931849,2.54757333,0.05485838,0.93563259,0.05485838,0.05485838,0.05485838,2.32825494,-0.16446011,0.71631408,-0.16446011,-0.16446011,-0.16446011,0.24605936,0.24605936,0.16446011,0.16446011,0.16446011
6817,9,29,False,1.50600648,1.43895102,2.76891851,2.67430305,1.26743603,1.26743603,1.26743603,-0.06705546,1.26291203,1.16829658,-0.23857045,-0.23857045,-0.23857045,0.27369666,0.27369666,0.23857045,0.23857045,0.23857045
1047,1,8,True,0.00000072,0.00932705,0.00000513,0.04964840,0.00000107,0.00000072,0.00000465,0.00932634,0.00000441,0.04964768,0.00000036,0.00000000,0.00000393,0.00000000,0.00000000,-0.00000036,0.00000000,-0.00000393
12867,14,8,True,0.60378051,0.53848296,0.50540668,0.44436538,0.31832117,0.31832117,0.31832117,-0.06529754,-0.09837383,-0.15941513,-0.28545934,-0.28545934,-0.28545934,0.36413875,0.36413875,0.28545934,0.28545934,0.28545934
3654,5,6,True,0.24790138,0.93702269,0.59708077,1.61922765,0.10848153,0.10848153,0.10848153,0.68912131,0.34917939,1.37132621,-0.13941985,-0.13941985,-0.13941985,0.14379993,0.14379993,0.13941985,0.13941985,0.13941985
8530,12,9,True,0.12004693,0.39400569,0.26058733,0.64031821,0.06736799,0.06736799,0.07266552,0.27395874,0.14054041,0.52027130,-0.05267894,-0.05267894,-0.04738141,0.06694126,0.06694126,0.05267894,0.05267894,0.04738141
6513,9,12,True,0.01165238,0.01941721,0.11216903,0.10877540,0.00571676,0.00571676,0.00571676,0.00776482,0.10051664,0.09712301,-0.00593562,-0.00593562,-0.00593562,0.00829019,0.00829019,0.00593562,0.00593562,0.00593562
14045,16,10,True,0.15879463,2.16456199,0.51508766,2.03048611,0.13854223,0.12913825,0.13854223,2.00576735,0.35629302,1.87169147,-0.02025239,-0.02965638,-0.02025239,0.03577250,0.03519814,0.02025239,0.02965638,0.02025239
6035,7,5,True,0.07955196,1.14668560,0.08627068,1.01959729,0.07401016,0.08336350,0.07401016,1.06713367,0.00671872,0.94004536,-0.00554179,0.00381154,-0.00554179,0.00365240,-0.00171857,0.00554179,-0.00381154,0.00554179
7705,9,4,True,0.03953607,0.38664860,0.05235809,0.59566504,0.03269277,0.03269277,0.05663300,0.34711254,0.01282202,0.55612898,-0.00684331,-0.00684331,0.01709693,0.01895706,0.01895706,0.00684331,0.00684331,-0.01709693
15324,18,3,True,0.14319330,1.18880963,0.17306961,1.34389544,0.14319330,0.14319330,0.14319330,1.04561639,0.02987631,1.20070219,0.00000000,0.00000000,0.00000000,0.00000000,0.00000000,0.00000000,0.00000000,0.00000000
4318,8,3,True,0.02176845,0.04093925,0.02004018,0.03758537,0.02004018,0.02004018,0.02004018,0.01917081,-0.00172827,0.01581692,-0.00172827,-0.00172827,-0.00172827,0.00180467,0.00180467,0.00172827,0.00172827,0.00172827
11470,13,12,True,0.00010061,0.01641625,0.00051330,0.03422147,0.00010061,0.00010061,0.00010061,0.01631564,0.00041270,0.03412086,0.00000000,0.00000000,0.00000000,0.00000000,0.00000000,0.00000000,0.00000000,0.00000000
8017,9,5,True,0.50741851,1.14311349,0.18687682,0.53178442,0.18162309,0.18162309,0.18162309,0.63569498,-0.32054168,0.02436590,-0.32579541,-0.32579541,-0.32579541,0.68554240,0.68554235,0.32579541,0.32579541,0.32579541
3361,3,8,True,0.00193123,0.00253594,0.07665230,0.06997636,0.00084686,0.00084686,0.00084686,0.00060471,0.07472107,0.06804512,-0.00108437,-0.00108437,-0.00108437,0.00170443,0.00170443,0.00108437,0.00108437,0.00108437
13598,15,16,True,0.00094274,0.14622597,0.00113768,0.14357328,0.00079636,0.00079636,0.00079636,0.14528324,0.00019494,0.14263055,-0.00014638,-0.00014638,-0.00014638,0.00015816,0.00015816,0.00014638,0.00014638,0.00014638
14152,15,28,True,0.02540863,0.53092331,0.06401473,0.85205430,0.02459745,0.02459745,0.02459745,0.50551468,0.03860610,0.82664567,-0.00081119,-0.00081119,-0.00081119,0.00080675,0.00080675,0.00081119,0.00081119,0.00081119
15765,18,2,False,1.46018934,2.93173361,1.33357131,2.73599410,1.33357131,1.33357131,1.33357131,1.47154427,-0.12661803,1.27580476,-0.12661803,-0.12661803,-0.12661803,0.13021040,0.13021040,0.12661803,0.12661803,0.12661803
9964,12,17,True,0.08003801,0.19856621,0.60165602,0.94145513,0.05498081,0.05498081,0.05498081,0.11852820,0.52161801,0.86141711,-0.02505720,-0.02505720,-0.02505720,0.03461111,0.03461111,0.02505720,0.02505720,0.02505720
16128,18,1,False,2.14487886,2.16934872,1.86832440,1.87731874,1.86832440,1.86832440,1.87731874,0.02446985,-0.27655447,-0.26756012,-0.27655447,-0.27655447,-0.26756012,0.27655566,0.27655566,0.27655447,0.27655447,0.26756012
9495,12,76,True,0.00002861,0.04278098,0.01072134,0.06920911,0.00000870,0.00000894,0.00000894,0.04275237,0.01069273,0.06918050,-0.00001991,-0.00001967,-0.00001967,0.00005543,0.00005531,0.00001991,0.00001967,0.00001967
6179,8,1,True,0.01170423,0.03195190,0.01244458,0.03408287,0.01170423,0.01170423,0.01244458,0.02024767,0.00074036,0.02237865,0.00000000,0.00000000,0.00074036,0.00000000,0.00000000,0.00000000,0.00000000,-0.00074036
2969,5,18,False,0.76835835,0.55623585,2.02466059,1.46295118,0.16623253,0.16623253,0.16623253,-0.21212250,1.25630224,0.69459283,-0.60212582,-0.60212582,-0.60212582,0.96841270,0.96841270,0.60212582,0.60212582,0.60212582
7362,11,2,True,0.06067735,0.02460745,0.06305309,0.02065786,0.01984795,0.01956556,0.01984795,-0.03606990,0.00237574,-0.04001949,-0.04082940,-0.04111179,-0.04082940,0.04143279,0.04120595,0.04082940,0.04111179,0.04082940
7733,11,1,True,0.23036988,0.55296630,0.16268149,0.30030230,0.16268149,0.16268149,0.16268149,0.32259643,-0.06768839,0.06993242,-0.06768839,-0.06768839,-0.06768839,0.06768820,0.06768820,0.06768839,0.06768839,0.06768839
13644,16,1,False,8.66809654,4.91193581,7.33018827,3.56621838,3.56621838,3.56621838,3.56621838,-3.75616074,-1.33790827,-5.10187817,-5.10187817,-5.10187817,-5.10187817,5.10188198,5.10188198,5.10187817,5.10187817,5.10187817
7201,11,5,True,0.11132973,0.08036566,0.12101226,0.08710320,0.08036566,0.08024839,0.08036566,-0.03096407,0.00968253,-0.02422653,-0.03096407,-0.03108134,-0.03096407,0.03440844,0.03436076,0.03096407,0.03108134,0.03096407
10743,13,29,True,0.00005197,0.03807917,0.00005984,0.01393353,0.00005996,0.00005996,0.00005996,0.03802719,0.00000787,0.01388155,0.00000799,0.00000799,0.00000799,0.00005603,0.00005603,-0.00000799,-0.00000799,-0.00000799
11770,13,13,True,0.00055167,0.46760511,0.00130604,0.38253352,0.00050043,0.00050043,0.00051580,0.46705344,0.00075437,0.38198185,-0.00005123,-0.00005123,-0.00003586,0.00007518,0.00007518,0.00005123,0.00005123,0.00003586
16395,17,14,True,0.54757988,0.46969408,0.50021935,0.39917961,0.18924972,0.18924972,0.18924972,-0.07788581,-0.04736054,-0.14840028,-0.35833016,-0.35833016,-0.35833016,0.62814438,0.62814432,0.35833016,0.35833016,0.35833016
35,1,3,True,0.00001740,0.00592014,0.00010144,0.01035225,0.00001740,0.00001740,0.00258184,0.00590273,0.00008404,0.01033484,0.00000000,0.00000000,0.00256443,0.00000000,0.00000000,0.00000000,0.00000000,-0.00256443
3198,3,1,True,0.80848145,0.90260148,1.41186309,1.57222593,0.80848145,0.80848145,0.80848145,0.09412003,0.60338163,0.76374447,0.00000000,0.00000000,0.00000000,0.00000000,0.00000000,0.00000000,0.00000000,0.00000000
16353,18,13,True,0.00089188,0.47532904,0.00112446,0.44963425,0.00079112,0.00079112,0.00079112,0.47443715,0.00023258,0.44874236,-0.00010077,-0.00010077,-0.00010077,0.00010291,0.00010291,0.00010077,0.00010077,0.00010077
12883,14,2,True,0.17208423,0.15632185,0.14764914,0.13439964,0.13508087,0.13508087,0.13508087,-0.01576237,-0.02443509,-0.03768459,-0.03700335,-0.03700335,-0.03700335,0.03894746,0.03894746,0.03700335,0.03700335,0.03700335
5247,8,14,False,7.43418121,6.32834768,7.29584599,5.76539087,4.59545803,4.59545803,4.59545803,-1.10583353,-0.13833523,-1.66879034,-2.83872318,-2.83872318,-2.83872318,2.97434425,2.97434425,2.83872318,2.83872318,2.83872318
8593,12,2,True,0.00178238,0.00479785,0.00530585,0.01683856,0.00178238,0.00178238,0.00312519,0.00301547,0.00352347,0.01505618,0.00000000,0.00000000,0.00134281,0.00000000,0.00000000,0.00000000,0.00000000,-0.00134281
16985,17,3,True,0.01498842,0.11380584,0.04169865,0.12061578,0.01498842,0.01498842,0.02540143,0.09881742,0.02671022,0.10562736,0.00000000,0.00000000,0.01041301,0.00000000,0.00000000,0.00000000,0.00000000,-0.01041301
610,2,2,False,3.11789012,3.06193542,3.18145633,3.12795734,3.05416107,3.05416107,3.05416107,-0.05595469,0.06356621,0.01006722,-0.06372905,-0.06372905,-0.06372905,0.06372952,0.06372952,0.06372905,0.06372905,0.06372905
6825,11,2,True,0.02037407,0.02065728,0.01839682,0.01845897,0.01699609,0.01699609,0.01699609,0.00028321,-0.00197724,-0.00191510,-0.00337798,-0.00337798,-0.00337798,0.00345135,0.00345135,0.00337798,0.00337798,0.00337798
4812,8,3,True,0.00941858,0.14757663,0.00737196,0.08036742,0.00706555,0.00737196,0.00706555,0.13815805,-0.00204662,0.07094884,-0.00235303,-0.00204662,-0.00235303,0.00266343,0.00256955,0.00235303,0.00204662,0.00235303
2670,5,2,False,3.11035800,3.38193130,2.54295444,2.70757890,2.54295444,2.54295468,2.54295468,0.27157331,-0.56740355,-0.40277910,-0.56740355,-0.56740332,-0.56740332,0.64682031,0.64682031,0.56740355,0.56740332,0.56740332
5717,7,2,True,0.51980257,0.56439734,0.31729087,0.32750875,0.24865785,0.24865785,0.24865785,0.04459476,-0.20251170,-0.19229382,-0.27114472,-0.27114472,-0.27114472,0.27509364,0.27509364,0.27114472,0.27114472,0.27114472
11760,13,2,True,0.03822593,0.23122780,0.03490068,0.21508120,0.03370225,0.03370225,0.03490068,0.19300187,-0.00332525,0.17685527,-0.00452368,-0.00452368,-0.00332525,0.00452356,0.00452356,0.00452368,0.00452368,0.00332525
10151,12,5,True,0.00992317,0.12330933,0.07522441,0.20097095,0.00992317,0.00992317,0.00992317,0.11338615,0.06530124,0.19104777,0.00000000,0.00000000,0.00000000,0.00000000,0.00000000,0.00000000,0.00000000,0.00000000
12645,14,2,False,2.73082590,3.07283115,2.32056832,2.76056910,2.32056832,2.32056832,2.32056832,0.34200525,-0.41025758,0.02974319,-0.41025758,-0.41025758,-0.41025758,0.41336751,0.41336751,0.41025758,0.41025758,0.41025758
8414,12,10,True,0.00045694,0.00760754,0.00509440,0.03108881,0.00042656,0.00044026,0.00042656,0.00715059,0.00463746,0.03063186,-0.00003038,-0.00001668,-0.00003038,0.00003038,0.00001668,0.00003038,0.00001668,0.00003038
2932,5,15,True,0.04740679,0.07614461,0.51688588,0.40076855,0.01545360,0.01545360,0.01545360,0.02873782,0.46947908,0.35336176,-0.03195319,-0.03195319,-0.03195319,0.04882057,0.04882057,0.03195319,0.03195319,0.03195319
2379,3,1,True,1.49160457,1.07629180,2.89869475,2.20393991,1.07629180,1.07629180,1.07629180,-0.41531277,1.40709019,0.71233535,-0.41531277,-0.41531277,-0.41531277,0.41531301,0.41531301,0.41531277,0.41531277,0.41531277
12844,14,2,True,0.08073235,0.12884130,0.08834673,0.14193715,0.08073235,0.08073235,0.08073235,0.04810895,0.00761439,0.06120481,0.00000000,0.00000000,0.00000000,0.00000000,0.00000000,0.00000000,0.00000000,0.00000000
354,2,2,True,0.73826438,1.36991274,0.70553499,1.24907637,0.64398068,0.64398068,0.64398068,0.63164836,-0.03272939,0.51081198,-0.09428370,-0.09428370,-0.09428370,0.09428376,0.09428376,0.09428370,0.09428370,0.09428370
11058,13,3,False,1.25205541,0.77852893,1.46924090,1.02965438,0.70908827,0.70908827,0.70908827,-0.47352648,0.21718550,-0.22240102,-0.54296714,-0.54296714,-0.54296714,0.64992315,0.64992315,0.54296714,0.54296714,0.54296714
12846,14,2,True,0.06099783,0.08769502,0.06984441,0.10095839,0.06099783,0.06099783,0.06099783,0.02669718,0.00884658,0.03996056,0.00000000,0.00000000,0.00000000,0.00000000,0.00000000,0.00000000,0.00000000,0.00000000
9391,12,1,True,0.25154924,0.34279573,0.43478543,0.56978703,0.25154924,0.25154924,0.25154924,0.09124649,0.18323618,0.31823778,0.00000000,0.00000000,0.00000000,0.00000000,0.00000000,0.00000000,0.00000000,0.00000000
13029,14,1,True,0.22339319,0.17256345,0.25039989,0.19526026,0.17256345,0.17256345,0.17256345,-0.05082974,0.02700670,-0.02813293,-0.05082974,-0.05082974,-0.05082974,0.05082993,0.05082993,0.05082974,0.05082974,0.05082974
13897,16,31,True,0.00369212,0.44244269,0.06213858,0.27541527,0.00155781,0.00144294,0.00155781,0.43875057,0.05844646,0.27172315,-0.00213432,-0.00224918,-0.00213432,0.00463766,0.00462602,0.00213432,0.00224918,0.00213432
8920,12,15,True,0.44253260,0.78593618,1.32848406,2.03809786,0.25943750,0.25943786,0.25943768,0.34340358,0.88595146,1.59556532,-0.18309510,-0.18309474,-0.18309492,0.26600212,0.26600212,0.18309510,0.18309474,0.18309492
60,0,3,True,0.05392065,0.26710355,0.10334301,0.43308836,0.05392065,0.05392065,0.06835578,0.21318291,0.04942236,0.37916771,0.00000000,0.00000000,0.01443513,0.00000000,0.00000000,0.00000000,0.00000000,-0.01443513
15326,17,7,True,0.13686717,1.00263333,0.06581025,0.41621387,0.07117675,0.07117675,0.07117675,0.86576617,-0.07105692,0.27934670,-0.06569041,-0.06569041,-0.06569041,0.14844246,0.14844246,0.06569041,0.06569041,0.06569041
7644,9,4,True,0.01947555,0.09294674,0.01195445,0.04473640,0.01195445,0.01157403,0.01195445,0.07347119,-0.00752110,0.02526086,-0.00752110,-0.00790152,-0.00752110,0.01068475,0.00914925,0.00752110,0.00790152,0.00752110
10808,13,14,True,0.00092940,1.74231029,0.00078993,0.90981090,0.00034529,0.00034529,0.00044002,1.74138093,-0.00013947,0.90888149,-0.00058411,-0.00058411,-0.00048938,0.00088224,0.00088224,0.00058411,0.00058411,0.00048938
5090,8,1,True,0.00251882,0.00352642,0.00240989,0.00337103,0.00240989,0.00240989,0.00240989,0.00100761,-0.00010893,0.00085222,-0.00010893,-0.00010893,-0.00010893,0.00010893,0.00010893,0.00010893,0.00010893,0.00010893
12792,14,3,True,0.08727702,0.53541577,0.09139911,0.69208384,0.07453278,0.07453278,0.37452921,0.44813874,0.00412209,0.60480684,-0.01274424,-0.01274424,0.28725219,0.01507228,0.01507228,0.01274424,0.01274424,-0.28725219
3740,5,20,True,0.76132101,0.49713928,1.54113460,1.02851248,0.41724187,0.41724181,0.41724202,-0.26418173,0.77981359,0.26719147,-0.34407914,-0.34407920,-0.34407899,0.45299494,0.45299494,0.34407914,0.34407920,0.34407899
13351,15,28,True,0.00343400,1.60807490,0.00412174,1.29731798,0.00168206,0.00168206,0.00166837,1.60464096,0.00068774,1.29388404,-0.00175194,-0.00175194,-0.00176563,0.00245777,0.00245777,0.00175194,0.00175194,0.00176563
11233,13,7,True,0.00067855,0.11925422,0.00189482,0.19354413,0.00067855,0.00067855,0.00099776,0.11857567,0.00121628,0.19286558,0.00000000,0.00000000,0.00031921,0.00000000,0.00000000,0.00000000,0.00000000,-0.00031921
16468,17,4,True,0.05054051,0.15946230,0.04935127,0.12918352,0.04935127,0.04935127,0.04935127,0.10892180,-0.00118924,0.07864301,-0.00118924,-0.00118924,-0.00118924,0.00696125,0.00696125,0.00118924,0.00118924,0.00118924
8013,9,12,False,5.23485374,4.91305733,6.10915852,6.14994097,4.23899078,4.23899078,4.23899078,-0.32179642,0.87430477,0.91508722,-0.99586296,-0.99586296,-0.99586296,1.00161123,1.00161123,0.99586296,0.99586296,0.99586296
6136,8,5,True,0.02607632,0.24488072,0.01772282,0.16609614,0.01772282,0.01772282,0.01772282,0.21880440,-0.00835350,0.14001982,-0.00835350,-0.00835350,-0.00835350,0.01088881,0.01088881,0.00835350,0.00835350,0.00835350
13885,16,2,True,0.13897857,0.37819958,0.14028849,0.37898695,0.12855537,0.12855537,0.12855537,0.23922101,0.00130992,0.24000838,-0.01042320,-0.01042320,-0.01042320,0.01042309,0.01042309,0.01042320,0.01042320,0.01042320
3906,7,32,True,0.07662227,0.76202542,0.12037726,0.88521516,0.04558313,0.04558313,0.04558313,0.68540317,0.04375499,0.80859292,-0.03103914,-0.03103914,-0.03103914,0.03841068,0.03841068,0.03103914,0.03103914,0.03103914
9986,12,20,True,0.01995453,0.05777266,0.16925038,0.24789292,0.01811543,0.01728307,0.01811543,0.03781813,0.14929585,0.22793838,-0.00183910,-0.00267146,-0.00183910,0.00479591,0.00478551,0.00183910,0.00267146,0.00183910
12656,14,2,True,0.05171634,0.05372748,0.05465795,0.05678303,0.04740247,0.04740247,0.04740247,0.00201114,0.00294161,0.00506669,-0.00431387,-0.00431387,-0.00431387,0.00431387,0.00431387,0.00431387,0.00431387,0.00431387
3629,3,1,True,0.03856573,0.08746381,0.08941410,0.20303836,0.03856573,0.03856573,0.08746381,0.04889808,0.05084838,0.16447264,0.00000000,0.00000000,0.04889808,0.00000000,0.00000000,0.00000000,0.00000000,-0.04889808
16607,17,2,True,0.68836468,0.61181384,0.97642016,0.83393306,0.61181384,0.61181384,0.61181384,-0.07655084,0.28805548,0.14556837,-0.07655084,-0.07655084,-0.07655084,0.11037445,0.11037445,0.07655084,0.07655084,0.07655084
6625,9,2,True,0.04207350,0.02692414,0.08688223,0.05425741,0.02481993,0.02481993,0.02481993,-0.01514936,0.04480873,0.01218391,-0.01725357,-0.01725357,-0.01725357,0.01725357,0.01725357,0.01725357,0.01725357,0.01725357
13690,15,1,True,0.43176970,0.85210860,0.52265769,1.01586866,0.43176970,0.43176970,0.43176970,0.42033890,0.09088799,0.58409894,0.00000000,0.00000000,0.00000000,0.00000000,0.00000000,0.00000000,0.00000000,0.00000000
6519,9,1,True,0.06892775,1.72496104,0.12106823,2.19197297,0.06892775,0.06892775,0.06892775,1.65603328,0.05214048,2.12304521,0.00000000,0.00000000,0.00000000,0.00000000,0.00000000,0.00000000,0.00000000,0.00000000
9304,12,5,True,0.87178379,0.53603089,2.18832040,1.59241390,0.49677885,0.49677885,0.49677879,-0.33575290,1.31653666,0.72063011,-0.37500495,-0.37500495,-0.37500501,0.52225369,0.52225369,0.37500495,0.37500495,0.37500501
3783,5,1,True,0.04383875,0.27440774,0.16886573,0.76094669,0.04383875,0.04383875,0.16886573,0.23056899,0.12502697,0.71710795,0.00000000,0.00000000,0.12502697,0.00000000,0.00000000,0.00000000,0.00000000,-0.12502697
10909,13,40,False,4.91084671,3.60249090,2.52296519,1.13347709,0.30362445,0.30362445,0.30362445,-1.30835581,-2.38788152,-3.77736950,-4.60722208,-4.60722208,-4.60722208,6.43865442,6.43865442,4.60722208,4.60722208,4.60722208
7410,11,1,True,0.13530499,0.08978707,0.11387446,0.07927526,0.07927526,0.07927526,0.07927526,-0.04551791,-0.02143053,-0.05602973,-0.05602973,-0.05602973,-0.05602973,0.05602995,0.05602995,0.05602973,0.05602973,0.05602973
11692,13,6,True,0.09656436,1.04883814,0.12933289,1.07557678,0.08683404,0.08683404,0.08683404,0.95227379,0.03276853,0.97901243,-0.00973032,-0.00973032,-0.00973032,0.01702421,0.01702421,0.00973032,0.00973032,0.00973032
7111,9,3,False,2.32878566,2.34951949,2.66152525,2.68669677,2.31484056,2.31484056,2.31484056,0.02073383,0.33273959,0.35791111,-0.01394510,-0.01394510,-0.01394510,0.01684880,0.01684880,0.01394510,0.01394510,0.01394510
4222,7,1,True,0.06791569,0.07203756,0.10430107,0.10733218,0.06791569,0.06791569,0.06791569,0.00412187,0.03638538,0.03941650,0.00000000,0.00000000,0.00000000,0.00000000,0.00000000,0.00000000,0.00000000,0.00000000
2022,5,8,True,0.08514554,0.09730323,0.41577944,0.34764379,0.05322033,0.05322033,0.05322033,0.01215769,0.33063391,0.26249826,-0.03192521,-0.03192521,-0.03192521,0.03898510,0.03898510,0.03192521,0.03192521,0.03192521
10373,12,17,True,0.00611897,0.41032305,0.23000036,0.97111225,0.00404231,0.00404231,0.00404231,0.40420407,0.22388139,0.96499330,-0.00207666,-0.00207666,-0.00207666,0.00315323,0.00315323,0.00207666,0.00207666,0.00207666
15628,19,1,False,3.37010694,4.08066940,3.25554657,3.82514596,3.25554657,3.25554657,3.25554657,0.71056247,-0.11456037,0.45503902,-0.11456037,-0.11456037,-0.11456037,0.11456013,0.11456013,0.11456037,0.11456037,0.11456037
3117,3,19,False,0.90331125,0.04009774,4.92663145,1.55865717,0.03632210,0.03632210,0.03632210,-0.86321354,4.02332020,0.65534592,-0.86698914,-0.86698914,-0.86698914,2.02768326,2.02768373,0.86698914,0.86698914,0.86698914
11649,13,1,True,0.00303546,0.04098342,0.00250823,0.03113711,0.00250823,0.00250823,0.03113711,0.03794796,-0.00052723,0.02810165,-0.00052723,-0.00052723,0.02810165,0.00052735,0.00052735,0.00052723,0.00052723,-0.02810165
2372,3,7,True,0.03465568,0.00396039,1.08551764,0.28081456,0.00396039,0.00396039,0.00396039,-0.03069529,1.05086195,0.24615888,-0.03069529,-0.03069529,-0.03069529,0.07308155,0.07308155,0.03069529,0.03069529,0.03069529
6741,10,1,True,0.00115340,0.01727053,0.00141913,0.02077953,0.00115340,0.00115340,0.01727053,0.01611713,0.00026573,0.01962613,0.00000000,0.00000000,0.01611713,0.00000000,0.00000000,0.00000000,0.00000000,-0.01611713
15612,17,1,False,1.93195868,2.74381185,1.90648341,2.25327444,1.90648341,1.90648341,1.90648341,0.81185317,-0.02547526,0.32131577,-0.02547526,-0.02547526,-0.02547526,0.02547681,0.02547681,0.02547526,0.02547526,0.02547526
5809,8,4,True,0.55552775,1.16541111,0.30030680,0.70051509,0.30030680,0.30030680,0.30030680,0.60988337,-0.25522095,0.14498734,-0.25522095,-0.25522095,-0.25522095,0.31547430,0.31547430,0.25522095,0.25522095,0.25522095
7107,10,37,True,-0.00000000,0.00264652,0.00000167,0.00799066,0.00000012,-0.00000000,-0.00000000,0.00264652,0.00000167,0.00799066,0.00000012,0.00000000,0.00000000,0.00000000,0.00000000,-0.00000012,0.00000000,0.00000000
3425,5,2,True,0.51086473,2.18538594,0.91736382,2.64578223,0.18926738,0.18926738,0.18926738,1.67452121,0.40649909,2.13491750,-0.32159734,-0.32159734,-0.32159734,0.32159656,0.32159656,0.32159734,0.32159734,0.32159734
7702,9,1,True,0.32130152,0.22194779,0.41994017,0.32222056,0.22194779,0.32130152,0.22194779,-0.09935373,0.09863865,0.00091904,-0.09935373,0.00000000,-0.09935373,0.09935412,0.00000000,0.09935373,0.00000000,0.09935373
7982,11,1,False,0.77293926,0.33449173,0.65237844,0.28544012,0.28544012,0.28544012,0.28544012,-0.43844754,-0.12056082,-0.48749915,-0.48749915,-0.48749915,-0.48749915,0.48749879,0.48749879,0.48749915,0.48749915,0.48749915
2624,5,4,True,0.04417346,0.18503974,0.25394416,0.68432301,0.03568228,0.03568228,0.05063990,0.14086628,0.20977071,0.64014953,-0.00849118,-0.00849118,0.00646644,0.01294254,0.01294254,0.00849118,0.00849118,-0.00646644
13928,15,1,True,0.18488400,0.25801584,0.20755717,0.28877637,0.18488400,0.18488400,0.18488400,0.07313184,0.02267317,0.10389237,0.00000000,0.00000000,0.00000000,0.00000000,0.00000000,0.00000000,0.00000000,0.00000000
10092,12,7,False,1.67912245,2.18511701,3.85450339,4.34676552,1.32601941,1.32601941,1.32601941,0.50599456,2.17538095,2.66764307,-0.35310304,-0.35310304,-0.35310304,0.38358545,0.38358545,0.35310304,0.35310304,0.35310304
17004,17,7,True,0.09913772,0.26090938,0.19264245,0.27901474,0.09337074,0.09685158,0.09337074,0.16177166,0.09350473,0.17987701,-0.00576699,-0.00228614,-0.00576699,0.00830533,0.00598629,0.00576699,0.00228614,0.00576699
1263,1,1,True,0.01953517,0.02183785,0.10209474,0.07968979,0.01953517,0.01953517,0.07968979,0.00230267,0.08255957,0.06015462,0.00000000,0.00000000,0.06015462,0.00000000,0.00000000,0.00000000,0.00000000,-0.06015462
7313,11,3,True,0.00556124,0.00533099,0.00574402,0.00507223,0.00475787,0.00475787,0.00475787,-0.00023025,0.00018278,-0.00048901,-0.00080337,-0.00080337,-0.00080337,0.00080285,0.00080285,0.00080337,0.00080337,0.00080337
1605,1,10,True,0.00074943,0.03212658,0.10553350,0.48179695,0.00051997,0.00051997,0.00088426,0.03137715,0.10478407,0.48104751,-0.00022945,-0.00022945,0.00013483,0.00022945,0.00022945,0.00022945,0.00022945,-0.00013483
3460,5,4,True,0.01184949,0.12219632,0.10785619,0.25967300,0.01182039,0.01262247,0.03786122,0.11034682,0.09600670,0.24782351,-0.00002910,0.00077297,0.02601173,0.00002898,-0.00077297,0.00002910,-0.00077297,-0.02601173
7099,9,7,False,4.95020437,4.59466219,2.67271924,2.51938081,1.99204385,1.99204385,1.99204385,-0.35554218,-2.27748513,-2.43082356,-2.95816040,-2.95816040,-2.95816040,3.25998116,3.25998116,2.95816040,2.95816040,2.95816040
2859,5,1,True,0.01223429,0.25589395,0.03203468,0.41122380,0.01223429,0.01223429,0.41122380,0.24365966,0.01980039,0.39898950,0.00000000,0.00000000,0.39898950,0.00000000,0.00000000,0.00000000,0.00000000,-0.39898950
1750,1,3,True,0.00006020,0.00065579,0.00027700,0.00139163,0.00002849,0.00002849,0.00040487,0.00059559,0.00021681,0.00133144,-0.00003171,-0.00003171,0.00034467,0.00003588,0.00003588,0.00003171,0.00003171,-0.00034467
16426,19,11,True,0.01435912,0.40410081,0.02635038,0.37785134,0.01027272,0.01027272,0.01027272,0.38974169,0.01199125,0.36349222,-0.00408640,-0.00408640,-0.00408640,0.00488837,0.00488837,0.00408640,0.00408640,0.00408640
9441,12,41,True,0.00215180,0.14175674,0.01295636,0.38963512,0.00196835,0.00196835,0.00196835,0.13960494,0.01080457,0.38748333,-0.00018344,-0.00018344,-0.00018344,0.00019259,0.00019259,0.00018344,0.00018344,0.00018344
9360,12,21,True,0.00325875,0.12572098,0.02787500,0.09111293,0.00166123,0.00166123,0.00269300,0.12246222,0.02461625,0.08785418,-0.00159752,-0.00159752,-0.00056575,0.00296605,0.00296605,0.00159752,0.00159752,0.00056575
2695,6,1,False,2.92171121,2.55553007,3.07719803,1.80195677,1.80195677,2.55553007,1.80195677,-0.36618114,0.15548682,-1.11975443,-1.11975443,-0.36618114,-1.11975443,1.11975443,0.36618137,1.11975443,0.36618114,1.11975443
5264,7,19,True,0.00183224,0.11913433,0.00230297,0.05842505,0.00057216,0.00058872,0.00055822,0.11730209,0.00047074,0.05659281,-0.00126008,-0.00124352,-0.00127402,0.00166841,0.00166806,0.00126008,0.00124352,0.00127402
15390,17,18,True,0.00232046,0.29585758,0.01263694,0.53447020,0.00272130,0.00272130,0.00272130,0.29353711,0.01031649,0.53214973,0.00040084,0.00040084,0.00040084,0.00105393,0.00105393,-0.00040084,-0.00040084,-0.00040084
3106,5,45,True,0.01564139,0.02382774,1.16079795,0.40640429,0.00702459,0.00645694,0.00702459,0.00818636,1.14515662,0.39076290,-0.00861680,-0.00918445,-0.00861680,0.02455743,0.02430942,0.00861680,0.00918445,0.00861680
5494,8,1,True,0.24894479,2.02350426,0.17479168,1.73526406,0.17479168,0.17479168,0.17479168,1.77455950,-0.07415311,1.48631930,-0.07415311,-0.07415311,-0.07415311,0.07415295,0.07415295,0.07415311,0.07415311,0.07415311
10150,12,9,True,0.48952287,0.90205038,1.14232862,1.72877693,0.29105428,0.29105428,0.29105440,0.41252750,0.65280575,1.23925400,-0.19846860,-0.19846860,-0.19846848,0.21953732,0.21953732,0.19846860,0.19846860,0.19846848
9032,12,1,True,0.06783683,0.07201249,0.09625605,0.10235283,0.06783683,0.06783683,0.06783683,0.00417566,0.02841923,0.03451600,0.00000000,0.00000000,0.00000000,0.00000000,0.00000000,0.00000000,0.00000000,0.00000000
857,0,3,True,0.06247259,0.60030901,0.11076784,0.73003781,0.06022927,0.06022927,0.06022927,0.53783643,0.04829525,0.66756523,-0.00224332,-0.00224332,-0.00224332,0.00224310,0.00224310,0.00224332,0.00224332,0.00224332
8425,12,1,False,5.22268629,3.17402411,5.73801756,3.69577456,3.17402411,3.17402411,3.17402411,-2.04866219,0.51533127,-1.52691174,-2.04866219,-2.04866219,-2.04866219,2.04866266,2.04866266,2.04866219,2.04866219,2.04866219
11073,13,4,True,0.00055071,0.00898993,0.00054488,0.00815609,0.00052248,0.00054488,0.00052248,0.00843922,-0.00000584,0.00760537,-0.00002824,-0.00000584,-0.00002824,0.00004027,0.00003682,0.00002824,0.00000584,0.00002824
9075,12,14,True,0.28800160,0.66387868,1.49274170,1.97428751,0.18190865,0.18190865,0.18190865,0.37587708,1.20474005,1.68628597,-0.10609294,-0.10609294,-0.10609294,0.13638003,0.13638003,0.10609294,0.10609294,0.10609294
4242,8,1,True,0.08627309,0.09693782,0.07516968,0.08470742,0.07516968,0.07516968,0.07516968,0.01066473,-0.01110341,-0.00156567,-0.01110341,-0.01110341,-0.01110341,0.01110352,0.01110352,0.01110341,0.01110341,0.01110341
11986,13,1,True,0.11329687,0.39938271,0.11815638,0.43622714,0.11329687,0.11329687,0.11815638,0.28608584,0.00485951,0.32293028,0.00000000,0.00000000,0.00485951,0.00000000,0.00000000,0.00000000,0.00000000,-0.00485951
6600,11,1,True,0.62248504,0.52758914,0.63847274,0.54032278,0.52758914,0.52758914,0.52758914,-0.09489590,0.01598769,-0.08216226,-0.09489590,-0.09489590,-0.09489590,0.09489584,0.09489584,0.09489590,0.09489590,0.09489590
16241,17,9,True,0.33905062,1.35536075,1.08540678,2.01464891,0.21469465,0.21469474,0.21469465,1.01631010,0.74635613,1.67559826,-0.12435597,-0.12435588,-0.12435597,0.12435581,0.12435581,0.12435597,0.12435588,0.12435597
1915,1,1,True,0.01090755,0.03188077,0.02746591,0.05255639,0.01090755,0.01090755,0.03188077,0.02097322,0.01655836,0.04164884,0.00000000,0.00000000,0.02097322,0.00000000,0.00000000,0.00000000,0.00000000,-0.02097322
9599,12,11,True,0.08517291,0.07138789,0.45715541,0.39754072,0.04619071,0.04619071,0.04619071,-0.01378503,0.37198249,0.31236780,-0.03898221,-0.03898221,-0.03898221,0.05523349,0.05523349,0.03898221,0.03898221,0.03898221
9754,12,1,False,0.88083041,0.07806084,2.83135414,0.40707409,0.07806084,0.07806084,0.07806084,-0.80276954,1.95052373,-0.47375631,-0.80276954,-0.80276954,-0.80276954,0.80276883,0.80276883,0.80276954,0.80276954,0.80276954
1551,1,6,True,0.00002491,0.04839676,0.00020383,0.23078005,0.00002182,0.00002182,0.00032157,0.04837185,0.00017891,0.23075514,-0.00000310,-0.00000310,0.00029666,0.00000310,0.00000310,0.00000310,0.00000310,-0.00029666
16306,18,1,False,7.50495529,3.85025668,7.36238956,3.78641748,3.78641748,3.78641748,3.78641748,-3.65469861,-0.14256573,-3.71853781,-3.71853781,-3.71853781,-3.71853781,3.71853161,3.71853161,3.71853781,3.71853781,3.71853781
11270,13,2,True,0.63034809,1.08242357,0.42030245,0.58696705,0.23881619,0.23298995,0.23881619,0.45207548,-0.21004564,-0.04338104,-0.39153188,-0.39735812,-0.39153188,0.39153242,0.37213057,0.39153188,0.39735812,0.39153188
10190,12,4,True,0.02699446,0.11474468,0.09739917,0.13689908,0.02699446,0.02699446,0.02699446,0.08775022,0.07040471,0.10990462,0.00000000,0.00000000,0.00000000,0.00000000,0.00000000,0.00000000,0.00000000,0.00000000
13295,15,43,False,7.54832697,7.97464418,5.65930510,5.53773403,2.85162473,2.85162473,2.85162473,0.42631721,-1.88902187,-2.01059294,-4.69670200,-4.69670200,-4.69670200,5.02860641,5.02860641,4.69670200,4.69670200,4.69670200
14375,15,4,True,0.00318793,0.08336492,0.00697428,0.16500409,0.00318793,0.00318793,0.00421801,0.08017699,0.00378635,0.16181615,0.00000000,0.00000000,0.00103008,0.00000000,0.00000000,0.00000000,0.00000000,-0.00103008
12400,14,19,True,0.88717937,0.47406927,1.07773590,0.43052098,0.23749878,0.23749878,0.23749878,-0.41311011,0.19055653,-0.45665839,-0.64968061,-0.64968061,-0.64968061,1.00578964,1.00578964,0.64968061,0.64968061,0.64968061
6648,10,5,True,0.00095977,0.02709656,0.00139913,0.03738340,0.00095977,0.00095977,0.00095977,0.02613679,0.00043936,0.03642363,0.00000000,0.00000000,0.00000000,0.00000000,0.00000000,0.00000000,0.00000000,0.00000000
6593,9,3,False,3.58266854,3.77741194,3.68100953,3.87193823,2.10453939,2.10453939,2.10453939,0.19474339,0.09834099,0.28926969,-1.47812915,-1.47812915,-1.47812915,1.49946547,1.49946547,1.47812915,1.47812915,1.47812915
3967,8,5,True,0.61014348,1.05012047,0.47507304,0.68726760,0.40525892,0.40525892,0.40525892,0.43997699,-0.13507044,0.07712412,-0.20488456,-0.20488456,-0.20488456,0.23814833,0.23814833,0.20488456,0.20488456,0.20488456
1882,2,9,False,1.90898275,1.50947642,2.60155249,1.94518948,1.08945465,1.08945489,1.08945489,-0.39950633,0.69256973,0.03620672,-0.81952810,-0.81952786,-0.81952786,0.99705613,0.99705613,0.81952810,0.81952786,0.81952786
14696,16,3,False,8.71898365,7.56540775,7.79113245,6.53133535,6.53133535,6.53133535,6.53133535,-1.15357590,-0.92785120,-2.18764830,-2.18764830,-2.18764830,-2.18764830,2.27444315,2.27444315,2.18764830,2.18764830,2.18764830
17000,17,3,True,0.20924227,1.50543690,0.56503713,2.08246183,0.20924227,0.20924227,0.20924227,1.29619467,0.35579485,1.87321961,0.00000000,0.00000000,0.00000000,0.00000000,0.00000000,0.00000000,0.00000000,0.00000000
100,1,6,True,0.02932588,1.50324726,0.09515121,1.58562541,0.02754860,0.02754860,0.06235242,1.47392142,0.06582533,1.55629957,-0.00177728,-0.00177728,0.03302654,0.00518316,0.00518316,0.00177728,0.00177728,-0.03302654
16782,17,2,True,0.00121865,0.06756733,0.00120115,0.06309562,0.00102348,0.00121865,0.01621828,0.06634869,-0.00001750,0.06187697,-0.00019517,0.00000000,0.01499963,0.00019517,0.00000000,0.00019517,0.00000000,-0.01499963
11251,13,31,True,0.00014388,0.67630059,0.00023791,0.13538025,0.00014900,0.00014900,0.00014900,0.67615670,0.00009404,0.13523638,0.00000513,0.00000513,0.00000513,0.00027128,0.00027128,-0.00000513,-0.00000513,-0.00000513
6297,8,2,True,0.48844463,0.96918023,0.41139817,0.81044668,0.41139817,0.41139817,0.41139817,0.48073560,-0.07704645,0.32200205,-0.07704645,-0.07704645,-0.07704645,0.08184657,0.08184657,0.07704645,0.07704645,0.07704645
2937,3,4,True,0.21974126,0.20626502,0.50778508,0.52107537,0.18403238,0.18403238,0.18403238,-0.01347624,0.28804383,0.30133411,-0.03570887,-0.03570887,-0.03570887,0.03800364,0.03800364,0.03570887,0.03570887,0.03570887
12104,13,35,True,0.00105814,2.97946644,0.00055751,1.36933756,0.00053677,0.00053677,0.00053677,2.97840834,-0.00050063,1.36827946,-0.00052136,-0.00052136,-0.00052136,0.00196816,0.00196816,0.00052136,0.00052136,0.00052136
11187,13,2,True,0.10456782,0.82615423,0.17324527,0.71600074,0.10209507,0.10209507,0.10456782,0.72158641,0.06867745,0.61143291,-0.00247275,-0.00247275,0.00000000,0.00247297,0.00247297,0.00247275,0.00247275,0.00000000
4152,7,17,True,0.00132461,0.21995118,0.00214918,0.19753559,0.00129663,0.00131175,0.00137616,0.21862657,0.00082457,0.19621098,-0.00002798,-0.00001286,0.00005155,0.00003131,0.00002857,0.00002798,0.00001286,-0.00005155
14116,15,3,True,0.05770796,1.36535037,0.11091360,1.85525513,0.05770796,0.05770796,0.09695946,1.30764246,0.05320564,1.79754722,0.00000000,0.00000000,0.03925150,0.00000000,0.00000000,0.00000000,0.00000000,-0.03925150
8850,12,14,True,0.21038657,0.37851492,0.68848014,0.84597784,0.16662061,0.16662061,0.16662061,0.16812834,0.47809356,0.63559127,-0.04376596,-0.04376596,-0.04376596,0.08123547,0.08123547,0.04376596,0.04376596,0.04376596
11665,13,8,True,0.00051640,0.09768863,0.00098549,0.06389318,0.00050508,0.00050508,0.00056859,0.09717223,0.00046909,0.06337678,-0.00001132,-0.00001132,0.00005219,0.00003408,0.00003408,0.00001132,0.00001132,-0.00005219
384,1,8,True,0.00266506,0.42906290,0.03407078,1.39367652,0.00266506,0.00266506,0.00389258,0.42639783,0.03140571,1.39101148,0.00000000,0.00000000,0.00122752,0.00000000,0.00000000,0.00000000,0.00000000,-0.00122752
14614,16,4,True,0.16527857,0.61780328,0.19470114,0.66277361,0.15488893,0.15488882,0.15488882,0.45252472,0.02942257,0.49749506,-0.01038964,-0.01038975,-0.01038975,0.01038955,0.01038955,0.01038964,0.01038975,0.01038975
3160,3,1,True,0.20732699,0.19548215,0.69861323,0.64557010,0.19548215,0.19548215,0.19548215,-0.01184484,0.49128622,0.43824309,-0.01184484,-0.01184484,-0.01184484,0.01184484,0.01184484,0.01184484,0.01184484,0.01184484
6411,9,8,True,0.00630461,0.05901790,0.01368074,0.09413411,0.00630461,0.00630461,0.00630461,0.05271329,0.00737613,0.08782949,0.00000000,0.00000000,0.00000000,0.00000000,0.00000000,0.00000000,0.00000000,0.00000000
8368,12,9,True,0.00315133,0.03068380,0.00457075,0.03275195,0.00308431,0.00308431,0.00329060,0.02753247,0.00141942,0.02960062,-0.00006702,-0.00006702,0.00013926,0.00007225,0.00007225,0.00006702,0.00006702,-0.00013926
2693,5,4,False,1.86790609,0.21310446,4.71108818,0.92978942,0.21310446,0.21310455,0.21310455,-1.65480161,2.84318209,-0.93811667,-1.65480161,-1.65480161,-1.65480161,4.27213526,4.27213526,1.65480161,1.65480161,1.65480161
9298,12,12,True,0.36979559,0.67439097,0.45740366,0.72485197,0.31986305,0.32195011,0.31986305,0.30459538,0.08760807,0.35505638,-0.04993254,-0.04784548,-0.04993254,0.06195077,0.04897922,0.04993254,0.04784548,0.04993254
9870,12,8,True,0.22243673,0.34917286,0.63228244,0.91808146,0.17538154,0.17538145,0.17538154,0.12673613,0.40984571,0.69564474,-0.04705518,-0.04705527,-0.04705518,0.04705557,0.04705557,0.04705518,0.04705527,0.04705518
10936,13,2,True,0.05292968,0.30044875,0.04601824,0.25426924,0.04121555,0.04121555,0.05292968,0.24751906,-0.00691144,0.20133956,-0.01171413,-0.01171413,0.00000000,0.01171447,0.01171447,0.01171413,0.01171413,0.00000000
2935,5,11,True,0.05414652,0.11403188,0.26515213,0.30453098,0.04021535,0.04226836,0.04021535,0.05988536,0.21100560,0.25038445,-0.01393117,-0.01187817,-0.01393117,0.01915821,0.01276938,0.01393117,0.01187817,0.01393117
5761,7,53,True,0.01626613,0.89629328,0.00869749,0.48510337,0.00449385,0.00449385,0.00449385,0.88002717,-0.00756865,0.46883723,-0.01177228,-0.01177228,-0.01177228,0.02465153,0.02465153,0.01177228,0.01177228,0.01177228
2061,3,2,False,5.63800526,5.96404839,6.22106409,6.48230600,5.63800526,5.63800526,5.63800526,0.32604313,0.58305883,0.84430075,0.00000000,0.00000000,0.00000000,0.00000000,0.00000000,0.00000000,0.00000000,0.00000000
11383,13,11,True,0.00232521,0.05068896,0.00292980,0.03128085,0.00174204,0.00174204,0.00174204,0.04836375,0.00060459,0.02895563,-0.00058318,-0.00058318,-0.00058318,0.00209551,0.00209551,0.00058318,0.00058318,0.00058318
2220,5,1,False,2.94982982,2.34942627,3.40263510,2.69112325,2.34942627,2.34942627,2.34942627,-0.60040355,0.45280528,-0.25870657,-0.60040355,-0.60040355,-0.60040355,0.60040402,0.60040402,0.60040355,0.60040355,0.60040355
183,1,1,True,0.00000370,0.00032753,0.00023434,0.00456778,0.00000370,0.00000370,0.00456778,0.00032384,0.00023064,0.00456409,0.00000000,0.00000000,0.00456409,0.00000000,0.00000000,0.00000000,0.00000000,-0.00456409
6456,11,2,True,0.17011568,0.20070618,0.18176214,0.21591640,0.17011568,0.17011568,0.17011568,0.03059050,0.01164646,0.04580072,0.00000000,0.00000000,0.00000000,0.00000000,0.00000000,0.00000000,0.00000000,0.00000000
14302,15,8,True,0.54664922,1.98259628,0.63393104,2.21732974,0.43191639,0.43297935,0.43191624,1.43594706,0.08728182,1.67068052,-0.11473283,-0.11366987,-0.11473298,0.12081352,0.11538002,0.11473283,0.11366987,0.11473298
5984,8,1,True,0.14932649,0.15399736,0.13617684,0.13895948,0.13617684,0.13617684,0.13617684,0.00467087,-0.01314965,-0.01036701,-0.01314965,-0.01314965,-0.01314965,0.01314943,0.01314943,0.01314965,0.01314965,0.01314965
15073,17,5,True,0.46563035,0.48951900,0.52816468,0.54850668,0.37049228,0.37049228,0.37049228,0.02388865,0.06253433,0.08287632,-0.09513807,-0.09513807,-0.09513807,0.10134247,0.10134247,0.09513807,0.09513807,0.09513807
13543,16,1,True,0.70441312,1.31424057,0.89049399,1.49446499,0.70441312,0.70441312,0.70441312,0.60982746,0.18608087,0.79005188,0.00000000,0.00000000,0.00000000,0.00000000,0.00000000,0.00000000,0.00000000,0.00000000
2184,3,1,True,0.26147178,0.15862121,2.44385719,1.78362525,0.15862121,0.15862121,0.15862121,-0.10285057,2.18238544,1.52215350,-0.10285057,-0.10285057,-0.10285057,0.10285079,0.10285079,0.10285057,0.10285057,0.10285057
6440,11,1,False,0.98860145,0.98879147,1.01143718,1.01164746,0.98860145,0.98860145,0.98860145,0.00019002,0.02283573,0.02304602,0.00000000,0.00000000,0.00000000,0.00000000,0.00000000,0.00000000,0.00000000,0.00000000
12810,14,11,True,0.01107875,0.09786624,0.00911232,0.09627035,0.00750508,0.00750508,0.00810832,0.08678749,-0.00196643,0.08519160,-0.00357367,-0.00357367,-0.00297043,0.00822952,0.00822952,0.00357367,0.00357367,0.00297043
16193,17,9,True,0.00140449,0.08597965,0.00352452,0.25069478,0.00130211,0.00124472,0.00166314,0.08457515,0.00212003,0.24929029,-0.00010238,-0.00015977,0.00025864,0.00023619,0.00016476,0.00010238,0.00015977,-0.00025864
9542,12,1,True,0.12493601,0.12652603,0.24282619,0.24179979,0.12493601,0.12493601,0.12652603,0.00159001,0.11789018,0.11686377,0.00000000,0.00000000,0.00159001,0.00000000,0.00000000,0.00000000,0.00000000,-0.00159001
13665,15,1,True,0.14997937,0.52918756,0.10345545,0.39252412,0.10345545,0.10345545,0.39252412,0.37920821,-0.04652391,0.24254476,-0.04652391,-0.04652391,0.24254476,0.04652379,0.04652379,0.04652391,0.04652391,-0.24254476
1347,2,8,True,0.75819570,1.51237297,0.35495424,0.67603838,0.27726308,0.27726299,0.27726299,0.75417727,-0.40324146,-0.08215731,-0.48093262,-0.48093271,-0.48093271,0.71661586,0.71661586,0.48093262,0.48093271,0.48093271
2545,5,16,False,2.21650195,1.69386721,3.09434319,1.95986974,1.52880943,1.52880943,1.52880943,-0.52263474,0.87784123,-0.25663221,-0.68769252,-0.68769252,-0.68769252,1.34402907,1.34402907,0.68769252,0.68769252,0.68769252
5023,8,1,True,0.02230894,0.07231239,0.01938751,0.06340056,0.01938751,0.01938751,0.01938751,0.05000345,-0.00292143,0.04109162,-0.00292143,-0.00292143,-0.00292143,0.00292143,0.00292143,0.00292143,0.00292143,0.00292143
11084,13,11,True,0.00077897,0.02388234,0.00060099,0.01190191,0.00032157,0.00032157,0.00032157,0.02310337,-0.00017798,0.01112295,-0.00045739,-0.00045739,-0.00045739,0.00082183,0.00082183,0.00045739,0.00045739,0.00045739
7823,10,2,False,1.63453257,1.56332278,1.74256074,1.66652584,1.36611199,1.36611199,1.36611199,-0.07120979,0.10802817,0.03199327,-0.26842058,-0.26842058,-0.26842058,0.26842558,0.26842558,0.26842058,0.26842058,0.26842058
16057,17,5,True,0.41510016,1.89672911,0.73645830,1.56227195,0.37916729,0.37916729,0.37916738,1.48162889,0.32135814,1.14717174,-0.03593287,-0.03593287,-0.03593278,0.04836184,0.04836184,0.03593287,0.03593287,0.03593278
16845,17,1,True,0.05323389,0.29573670,0.06725943,0.35114741,0.05323389,0.05323389,0.06725943,0.24250281,0.01402554,0.29791352,0.00000000,0.00000000,0.01402554,0.00000000,0.00000000,0.00000000,0.00000000,-0.01402554
13581,16,5,True,0.11136503,0.56852484,0.25841233,0.79549390,0.08256529,0.08256529,0.09143937,0.45715982,0.14704731,0.68412888,-0.02879974,-0.02879974,-0.01992566,0.02879962,0.02879962,0.02879974,0.02879974,0.01992566
5888,8,2,False,3.38081336,3.90998054,3.33061600,3.84933615,3.31313109,3.31313109,3.31313109,0.52916718,-0.05019736,0.46852279,-0.06768227,-0.06768227,-0.06768227,0.06768227,0.06768227,0.06768227,0.06768227,0.06768227
15847,17,3,False,1.49990880,3.25796890,0.93612838,2.91751432,0.93612838,0.93612838,0.93612838,1.75806010,-0.56378043,1.41760552,-0.56378043,-0.56378043,-0.56378043,0.74269903,0.74269903,0.56378043,0.56378043,0.56378043
12441,14,3,True,0.01096733,0.03882205,0.01715617,0.06010344,0.01096733,0.01096733,0.01096733,0.02785471,0.00618884,0.04913611,0.00000000,0.00000000,0.00000000,0.00000000,0.00000000,0.00000000,0.00000000,0.00000000
176,1,2,True,0.25619072,0.69746172,0.30328456,0.79496258,0.25619072,0.25619072,0.25619072,0.44127101,0.04709384,0.53877187,0.00000000,0.00000000,0.00000000,0.00000000,0.00000000,0.00000000,0.00000000,0.00000000
15925,17,6,False,1.70564806,1.31123781,0.95510709,0.55887890,0.12461255,0.12461255,0.12461255,-0.39441025,-0.75054097,-1.14676917,-1.58103549,-1.58103549,-1.58103549,2.51179934,2.51179934,1.58103549,1.58103549,1.58103549
7280,9,3,True,0.07382151,0.69050539,0.20988031,1.47056031,0.07382151,0.07382151,0.15787886,0.61668390,0.13605881,1.39673877,0.00000000,0.00000000,0.08405735,0.00000000,0.00000000,0.00000000,0.00000000,-0.08405735
12189,14,2,False,2.22518945,1.15561330,2.16633368,1.14583421,1.03995049,1.03995049,1.03995049,-1.06957614,-0.05885577,-1.07935524,-1.18523896,-1.18523896,-1.18523896,1.34045768,1.34045768,1.18523896,1.18523896,1.18523896
11528,13,5,True,0.00014125,3.64415979,0.00084222,2.44598413,0.00014125,0.00014292,0.01074800,3.64401865,0.00070096,2.44584298,0.00000000,0.00000167,0.01060674,0.00000000,-0.00000167,0.00000000,-0.00000167,-0.01060674
3658,3,1,True,0.30102211,0.30036411,1.34489989,1.54787469,0.30036411,0.30102211,0.30036411,-0.00065801,1.04387784,1.24685264,-0.00065801,0.00000000,-0.00065801,0.00065804,0.00000000,0.00065801,0.00000000,0.00065801
9187,12,1,True,0.69387639,0.87821823,0.71677482,0.90890527,0.69387639,0.69387639,0.69387639,0.18434185,0.02289844,0.21502888,0.00000000,0.00000000,0.00000000,0.00000000,0.00000000,0.00000000,0.00000000,0.00000000
11873,13,4,True,0.01360936,0.16732757,0.01159630,0.12445341,0.00932245,0.00932245,0.00973277,0.15371820,-0.00201307,0.11084405,-0.00428692,-0.00428692,-0.00387659,0.00708761,0.00708761,0.00428692,0.00428692,0.00387659
11565,13,3,True,0.01871628,0.40557256,0.04715300,0.68105412,0.01855586,0.01855586,0.02964835,0.38685629,0.02843672,0.66233784,-0.00016042,-0.00016042,0.01093207,0.00016077,0.00016077,0.00016042,0.00016042,-0.01093207
3609,4,4,False,5.55078316,5.52424145,5.04268074,5.02318716,4.87141609,4.87141609,4.87141609,-0.02654171,-0.50810242,-0.52759600,-0.67936707,-0.67936707,-0.67936707,0.74008369,0.74008369,0.67936707,0.67936707,0.67936707
13779,16,1,True,0.53501129,1.18745780,1.19932508,2.08788109,0.53501129,0.53501129,0.53501129,0.65244651,0.66431379,1.55286980,0.00000000,0.00000000,0.00000000,0.00000000,0.00000000,0.00000000,0.00000000,0.00000000
5755,7,28,True,0.01440377,1.48541403,0.01240349,0.87871426,0.00734841,0.00734841,0.00730475,1.47101021,-0.00200028,0.86431050,-0.00705536,-0.00705536,-0.00709903,0.00887451,0.00887451,0.00705536,0.00705536,0.00709903
15477,19,41,False,6.47032452,8.01164532,5.50171947,5.75377893,4.09654331,4.19216347,4.09654331,1.54132080,-0.96860504,-0.71654558,-2.37378120,-2.27816105,-2.37378120,2.62550974,2.62347889,2.37378120,2.27816105,2.37378120
13180,15,14,True,0.00124246,0.23883983,0.00296154,0.40141684,0.00121127,0.00121174,0.00167706,0.23759738,0.00171908,0.40017438,-0.00003119,-0.00003072,0.00043460,0.00003167,0.00003072,0.00003119,0.00003072,-0.00043460
11374,13,7,True,0.00541494,0.04715869,0.00922938,0.05586502,0.00456719,0.00456719,0.00456719,0.04174375,0.00381444,0.05045009,-0.00084775,-0.00084775,-0.00084775,0.00084775,0.00084775,0.00084775,0.00084775,0.00084775
14509,16,3,True,0.01031084,0.07223598,0.08153739,0.14893439,0.01015024,0.01031084,0.01015024,0.06192514,0.07122655,0.13862357,-0.00016059,0.00000000,-0.00016059,0.00016059,0.00000000,0.00016059,0.00000000,0.00016059
703,1,3,True,0.29030150,2.49838161,0.50914091,3.27226567,0.26918665,0.26918665,0.26918665,2.20808005,0.21883941,2.98196411,-0.02111486,-0.02111486,-0.02111486,0.02111483,0.02111483,0.02111486,0.02111486,0.02111486
10888,13,1,False,2.18105817,3.09358764,2.25532460,3.16541147,2.18105817,2.18105817,2.18105817,0.91252947,0.07426643,0.98435330,0.00000000,0.00000000,0.00000000,0.00000000,0.00000000,0.00000000,0.00000000,0.00000000
15181,17,2,True,0.23734233,0.50795126,0.21578749,0.40436459,0.21578749,0.21578749,0.21578749,0.27060893,-0.02155484,0.16702226,-0.02155484,-0.02155484,-0.02155484,0.02393508,0.02393508,0.02155484,0.02155484,0.02155484
13225,16,11,True,0.01178152,0.64069539,0.13160771,1.50531101,0.01178152,0.01178152,0.02733009,0.62891388,0.11982620,1.49352944,0.00000000,0.00000000,0.01554857,0.00000000,0.00000000,0.00000000,0.00000000,-0.01554857
6284,7,9,True,0.01064963,0.11874896,0.01642457,0.14721051,0.00986675,0.00986675,0.00986675,0.10809933,0.00577494,0.13656087,-0.00078288,-0.00078288,-0.00078288,0.00078675,0.00078675,0.00078288,0.00078288,0.00078288
8431,12,14,True,0.07972942,0.29750946,0.08340111,0.35823128,0.04511433,0.04511433,0.04511433,0.21778005,0.00367170,0.27850187,-0.03461508,-0.03461508,-0.03461508,0.07009717,0.07009717,0.03461508,0.03461508,0.03461508
2108,3,4,True,0.23058383,0.58969116,1.36743605,2.09107924,0.21194677,0.21194696,0.21463741,0.35910732,1.13685226,1.86049545,-0.01863706,-0.01863687,-0.01594642,0.01899619,0.01899619,0.01863706,0.01863687,0.01594642
2382,5,6,False,2.17988396,1.81007528,2.36746645,1.95714414,1.81007528,1.81007528,1.81007528,-0.36980867,0.18758249,-0.22273982,-0.36980867,-0.36980867,-0.36980867,0.47895658,0.47895658,0.36980867,0.36980867,0.36980867
2955,5,1,True,0.01886427,2.87425709,0.13581401,2.85695934,0.01886427,0.01886427,0.01886427,2.85539293,0.11694974,2.83809519,0.00000000,0.00000000,0.00000000,0.00000000,0.00000000,0.00000000,0.00000000,0.00000000
12038,13,1,True,0.07405478,0.08753448,0.09991223,0.11079068,0.07405478,0.07405478,0.07405478,0.01347970,0.02585746,0.03673590,0.00000000,0.00000000,0.00000000,0.00000000,0.00000000,0.00000000,0.00000000,0.00000000
10628,12,69,True,0.00439048,0.16970128,0.09363478,1.52717054,0.00365970,0.00365720,0.00365970,0.16531080,0.08924429,1.52278006,-0.00073079,-0.00073328,-0.00073079,0.00077963,0.00077904,0.00073079,0.00073328,0.00073079
2475,4,11,False,2.83958197,4.07495737,2.41233420,3.76987576,2.40468431,2.37913251,2.40468431,1.23537540,-0.42724776,0.93029380,-0.43489766,-0.46044946,-0.43489766,0.51293683,0.51282334,0.43489766,0.46044946,0.43489766
3236,3,2,False,1.60037208,3.13220930,2.80577064,4.67573023,1.60037208,1.60037208,1.60037255,1.53183722,1.20539856,3.07535815,0.00000000,0.00000000,0.00000048,0.00000000,0.00000000,0.00000000,0.00000000,-0.00000048
10537,12,6,True,0.01039696,0.04990042,0.07813152,0.14548013,0.00915083,0.00915083,0.00915083,0.03950346,0.06773455,0.13508317,-0.00124613,-0.00124613,-0.00124613,0.00124625,0.00124625,0.00124613,0.00124613,0.00124613
14545,16,2,True,0.28707832,0.34211886,0.33416703,0.38837218,0.24328317,0.24328317,0.24328317,0.05504054,0.04708871,0.10129386,-0.04379515,-0.04379515,-0.04379515,0.04379515,0.04379515,0.04379515,0.04379515,0.04379515
303,1,1,True,0.24335560,0.13494496,0.22838634,0.10924447,0.10924447,0.13494496,0.10924447,-0.10841064,-0.01496926,-0.13411114,-0.13411114,-0.10841064,-0.13411114,0.13411117,0.10841046,0.13411114,0.10841064,0.13411114
2017,3,1,True,0.01249038,0.05205679,0.42704213,0.58015710,0.01249038,0.01249038,0.58015710,0.03956641,0.41455173,0.56766671,0.00000000,0.00000000,0.56766671,0.00000000,0.00000000,0.00000000,0.00000000,-0.56766671
13334,16,7,True,0.00578823,0.19231851,0.05246703,0.96503007,0.00578823,0.00578823,0.00946676,0.18653028,0.04667880,0.95924187,0.00000000,0.00000000,0.00367853,0.00000000,0.00000000,0.00000000,0.00000000,-0.00367853
1479,1,1,True,0.05000906,0.21337028,0.06112120,0.23758243,0.05000906,0.05000906,0.21337028,0.16336122,0.01111214,0.18757337,0.00000000,0.00000000,0.16336122,0.00000000,0.00000000,0.00000000,0.00000000,-0.16336122
3925,7,9,True,0.01008451,0.26356524,0.01738980,0.38122037,0.00933756,0.00933756,0.00967953,0.25348073,0.00730529,0.37113586,-0.00074695,-0.00074695,-0.00040499,0.00074695,0.00074695,0.00074695,0.00074695,0.00040499
8503,12,7,True,0.37992832,0.97952980,0.98130178,1.67447472,0.29569405,0.29569405,0.29569405,0.59960151,0.60137343,1.29454637,-0.08423427,-0.08423427,-0.08423427,0.09010583,0.09010583,0.08423427,0.08423427,0.08423427
5187,8,11,True,0.01549609,0.02583030,0.00513022,0.00939992,0.00310320,0.00310320,0.00310320,0.01033422,-0.01036587,-0.00609617,-0.01239288,-0.01239288,-0.01239288,0.02371028,0.02371028,0.01239288,0.01239288,0.01239288
14959,16,7,True,0.00847895,0.09956935,0.04778849,0.46323165,0.00742000,0.00742000,0.00955532,0.09109040,0.03930953,0.45475271,-0.00105895,-0.00105895,0.00107637,0.00105895,0.00105895,0.00105895,0.00105895,-0.00107637
7449,11,1,True,0.72751611,0.76178384,0.74927413,0.79383141,0.72751611,0.72751611,0.72751611,0.03426772,0.02175802,0.06631529,0.00000000,0.00000000,0.00000000,0.00000000,0.00000000,0.00000000,0.00000000,0.00000000
12890,14,1,True,0.11428531,0.08730553,0.13957490,0.11275121,0.08730553,0.11428531,0.08730553,-0.02697978,0.02528959,-0.00153410,-0.02697978,0.00000000,-0.02697978,0.02697968,0.00000000,0.02697978,0.00000000,0.02697978
5069,7,19,True,0.02273821,0.28924718,0.02889445,0.25332224,0.01566885,0.01566885,0.01566885,0.26650897,0.00615625,0.23058404,-0.00706936,-0.00706936,-0.00706936,0.01413392,0.01413392,0.00706936,0.00706936,0.00706936
7965,10,1,True,0.01682121,0.02241653,0.01895095,0.02489121,0.01682121,0.01682121,0.01682121,0.00559532,0.00212974,0.00807000,0.00000000,0.00000000,0.00000000,0.00000000,0.00000000,0.00000000,0.00000000,0.00000000
8540,12,3,True,0.62546551,1.20059049,0.23112477,0.51520103,0.15986015,0.21606134,0.15986015,0.57512498,-0.39434075,-0.11026448,-0.46560538,-0.40940416,-0.46560538,0.58722943,0.50023407,0.46560538,0.40940416,0.46560538
6942,9,4,False,1.51177704,1.26663709,1.67895293,1.38235140,1.21291816,1.21291816,1.21291816,-0.24513996,0.16717589,-0.12942564,-0.29885888,-0.29885888,-0.29885888,0.52756107,0.52756107,0.29885888,0.29885888,0.29885888
14113,15,21,True,0.00039355,0.13500153,0.00118817,0.25100681,0.00038950,0.00038950,0.00038950,0.13460797,0.00079462,0.25061327,-0.00000405,-0.00000405,-0.00000405,0.00000405,0.00000405,0.00000405,0.00000405,0.00000405
1951,1,2,True,0.00067426,0.01392648,0.00113256,0.01940259,0.00067426,0.00067426,0.00113256,0.01325222,0.00045830,0.01872833,0.00000000,0.00000000,0.00045830,0.00000000,0.00000000,0.00000000,0.00000000,-0.00045830
14157,15,4,True,0.39825347,1.08864224,0.26556307,0.67363602,0.17371722,0.17371722,0.17371722,0.69038880,-0.13269040,0.27538255,-0.22453626,-0.22453626,-0.22453626,0.22957146,0.22957146,0.22453626,0.22453626,0.22453626
9084,12,13,True,0.01307886,0.06875081,0.09162549,0.19335806,0.01120300,0.01120300,0.01120300,0.05567196,0.07854664,0.18027921,-0.00187585,-0.00187585,-0.00187585,0.00403679,0.00403679,0.00187585,0.00187585,0.00187585
4475,8,6,True,0.24825206,0.51749527,0.11019646,0.24624138,0.09837352,0.09837352,0.09837352,0.26924321,-0.13805559,-0.00201069,-0.14987855,-0.14987855,-0.14987855,0.20570713,0.20570713,0.14987855,0.14987855,0.14987855
11155,13,2,True,0.01158793,0.06818141,0.03891217,0.11451519,0.01158793,0.01158793,0.01158793,0.05659348,0.02732424,0.10292725,0.00000000,0.00000000,0.00000000,0.00000000,0.00000000,0.00000000,0.00000000,0.00000000
11021,13,3,True,0.22948793,1.22075963,0.43480620,1.66738880,0.22948793,0.22948793,0.22948793,0.99127173,0.20531827,1.43790090,0.00000000,0.00000000,0.00000000,0.00000000,0.00000000,0.00000000,0.00000000,0.00000000
11612,13,4,True,0.00028558,0.02116394,0.00025543,0.01472228,0.00025543,0.00025543,0.00422621,0.02087836,-0.00003015,0.01443669,-0.00003015,-0.00003015,0.00394062,0.00007973,0.00007973,0.00003015,0.00003015,-0.00394062
2745,3,2,True,0.08617575,0.16079268,0.83525831,1.53313112,0.08617575,0.08617575,0.16079268,0.07461692,0.74908257,1.44695532,0.00000000,0.00000000,0.07461692,0.00000000,0.00000000,0.00000000,0.00000000,-0.07461692
15215,17,2,False,1.58599448,1.92780828,1.18029737,1.66967893,1.06169629,1.06169629,1.06169629,0.34181380,-0.40569711,0.08368444,-0.52429819,-0.52429819,-0.52429819,0.52429938,0.52429938,0.52429819,0.52429819,0.52429819
10019,12,1,True,0.02453813,0.03708283,0.03673954,0.08866741,0.02453813,0.02453813,0.08866741,0.01254470,0.01220141,0.06412928,0.00000000,0.00000000,0.06412928,0.00000000,0.00000000,0.00000000,0.00000000,-0.06412928
1230,1,1,True,0.22201328,0.29862222,0.34810460,0.45558500,0.22201328,0.22201328,0.22201328,0.07660894,0.12609132,0.23357172,0.00000000,0.00000000,0.00000000,0.00000000,0.00000000,0.00000000,0.00000000,0.00000000
10733,12,14,True,0.05093313,0.14093012,0.09603473,0.25245503,0.03923672,0.03923661,0.03923672,0.08999698,0.04510159,0.20152189,-0.01169641,-0.01169652,-0.01169641,0.02337973,0.02337973,0.01169641,0.01169652,0.01169641
2628,5,4,False,2.53229475,1.51928008,2.93493986,1.83099699,1.51928008,1.51928008,1.51928008,-1.01301467,0.40264511,-0.70129776,-1.01301467,-1.01301467,-1.01301467,1.27122068,1.27122068,1.01301467,1.01301467,1.01301467
3773,6,1,False,5.03641701,4.68988562,5.01915455,4.63882780,4.63882780,4.63882780,4.63882780,-0.34653139,-0.01726246,-0.39758921,-0.39758921,-0.39758921,-0.39758921,0.39759016,0.39759016,0.39758921,0.39758921,0.39758921
6115,7,12,True,0.03291553,1.18155348,0.09232628,1.68438053,0.03058738,0.03058738,0.03058738,1.14863801,0.05941075,1.65146506,-0.00232815,-0.00232815,-0.00232815,0.00232815,0.00232815,0.00232815,0.00232815,0.00232815
1861,0,1,True,1.16846657,2.57418585,1.91496158,2.49638033,1.16846657,1.16846657,1.16846657,1.40571928,0.74649501,1.32791376,0.00000000,0.00000000,0.00000000,0.00000000,0.00000000,0.00000000,0.00000000,0.00000000
1702,1,4,True,0.00002801,0.00369972,0.00009107,0.00903293,0.00002801,0.00002801,0.00006664,0.00367171,0.00006306,0.00900492,0.00000000,0.00000000,0.00003862,0.00000000,0.00000000,0.00000000,0.00000000,-0.00003862
8518,12,16,True,0.01850507,0.30388418,0.09834759,0.66783112,0.01685028,0.01685028,0.01685028,0.28537911,0.07984252,0.64932603,-0.00165479,-0.00165479,-0.00165479,0.00165491,0.00165491,0.00165479,0.00165479,0.00165479
2468,3,3,False,1.59860229,1.21142757,2.70696044,2.39402390,1.21142757,1.21142757,1.21142757,-0.38717473,1.10835814,0.79542160,-0.38717473,-0.38717473,-0.38717473,0.42936599,0.42936599,0.38717473,0.38717473,0.38717473
6267,8,1,True,0.41738504,0.47937971,0.36624026,0.42564920,0.36624026,0.36624026,0.36624026,0.06199467,-0.05114478,0.00826415,-0.05114478,-0.05114478,-0.05114478,0.05114499,0.05114499,0.05114478,0.05114478,0.05114478
15192,17,2,True,0.08594015,0.61065370,0.05346794,0.32795629,0.05346794,0.05346794,0.05346794,0.52471352,-0.03247221,0.24201614,-0.03247221,-0.03247221,-0.03247221,0.04838593,0.04838593,0.03247221,0.03247221,0.03247221
2942,4,17,True,0.56941026,1.83739460,0.51386464,1.55053532,0.48989353,0.48989353,0.48989353,1.26798439,-0.05554563,0.98112506,-0.07951674,-0.07951674,-0.07951674,0.09744114,0.09744114,0.07951674,0.07951674,0.07951674
10091,12,9,True,0.00230071,0.00952769,0.00749135,0.02748470,0.00177036,0.00177036,0.00177036,0.00722697,0.00519064,0.02518399,-0.00053035,-0.00053035,-0.00053035,0.00053035,0.00053035,0.00053035,0.00053035,0.00053035
400,2,3,False,2.67192984,2.74994206,2.70961666,2.78239775,2.66294289,2.66294289,2.66294289,0.07801223,0.03768682,0.11046791,-0.00898695,-0.00898695,-0.00898695,0.00898695,0.00898695,0.00898695,0.00898695,0.00898695
16102,17,1,True,0.04828091,0.18274708,0.06939564,0.23731366,0.04828091,0.04828091,0.06939564,0.13446617,0.02111473,0.18903275,0.00000000,0.00000000,0.02111473,0.00000000,0.00000000,0.00000000,0.00000000,-0.02111473
319,1,2,True,0.17738220,0.12771104,1.05792522,0.45115787,0.12771104,0.12771104,0.12771104,-0.04967116,0.88054299,0.27377567,-0.04967116,-0.04967116,-0.04967116,0.09374447,0.09374447,0.04967116,0.04967116,0.04967116
2030,3,1,True,0.36804187,0.31709313,2.37249470,1.53500462,0.31709313,0.36804187,0.31709313,-0.05094874,2.00445271,1.16696274,-0.05094874,0.00000000,-0.05094874,0.05094922,0.00000000,0.05094874,0.00000000,0.05094874
9432,12,20,True,0.01420846,0.09404644,0.02860673,0.15532482,0.01411714,0.01411714,0.01411714,0.07983797,0.01439827,0.14111635,-0.00009132,-0.00009132,-0.00009132,0.00009156,0.00009156,0.00009132,0.00009132,0.00009132
9663,12,1,True,0.56715786,0.59815216,0.60914612,0.64102739,0.56715786,0.56715786,0.56715786,0.03099430,0.04198825,0.07386953,0.00000000,0.00000000,0.00000000,0.00000000,0.00000000,0.00000000,0.00000000,0.00000000
10602,12,3,True,0.15379009,0.24281423,0.13237534,0.21865101,0.11096428,0.11096428,0.11096428,0.08902414,-0.02141474,0.06486093,-0.04282581,-0.04282581,-0.04282581,0.04621221,0.04621221,0.04282581,0.04282581,0.04282581
8117,9,6,False,2.07622552,3.48287630,2.16594219,3.59826207,1.61868858,1.61868858,1.61868858,1.40665078,0.08971667,1.52203655,-0.45753694,-0.45753694,-0.45753694,0.47178280,0.47178280,0.45753694,0.45753694,0.45753694
16854,17,5,True,0.11838738,0.67101169,0.33600923,1.21245921,0.11494745,0.11494745,0.15506667,0.55262429,0.21762186,1.09407187,-0.00343993,-0.00343993,0.03667929,0.00343940,0.00343940,0.00343993,0.00343993,-0.03667929
16811,18,2,False,1.19708800,2.14277577,1.01416421,2.04445887,1.01416421,1.01416421,1.01416421,0.94568777,-0.18292379,0.84737086,-0.18292379,-0.18292379,-0.18292379,0.18630862,0.18630862,0.18292379,0.18292379,0.18292379
7460,11,1,False,4.11256981,2.50912738,3.62919927,2.06310701,2.06310701,2.06310701,2.06310701,-1.60344243,-0.48337054,-2.04946280,-2.04946280,-2.04946280,-2.04946280,2.04946351,2.04946351,2.04946280,2.04946280,2.04946280
9064,12,5,True,0.07751525,0.14486483,0.29731271,0.26541737,0.04312220,0.04312220,0.04312220,0.06734958,0.21979746,0.18790212,-0.03439305,-0.03439305,-0.03439305,0.03439316,0.03439316,0.03439305,0.03439305,0.03439305
16652,17,1,True,0.01692717,0.26737660,0.00721468,0.13101204,0.00721468,0.01692717,0.13101204,0.25044942,-0.00971249,0.11408487,-0.00971249,0.00000000,0.11408487,0.00971249,0.00000000,0.00971249,0.00000000,-0.11408487
1690,0,1,True,1.34207463,2.38334441,2.29411936,3.09921169,1.34207463,1.34207463,1.34207463,1.04126978,0.95204473,1.75713706,0.00000000,0.00000000,0.00000000,0.00000000,0.00000000,0.00000000,0.00000000,0.00000000
9660,12,2,True,0.52269065,0.61908007,0.66968900,0.76825845,0.52269065,0.52269065,0.52269065,0.09638941,0.14699835,0.24556780,0.00000000,0.00000000,0.00000000,0.00000000,0.00000000,0.00000000,0.00000000,0.00000000
1346,1,1,True,0.00008356,0.04389557,0.00032432,0.11349344,0.00008356,0.00008356,0.04389557,0.04381201,0.00024075,0.11340988,0.00000000,0.00000000,0.04381201,0.00000000,0.00000000,0.00000000,0.00000000,-0.04381201
16881,19,2,True,0.11678680,0.14789131,0.12113435,0.15199633,0.11678680,0.11678680,0.11678680,0.03110451,0.00434755,0.03520953,0.00000000,0.00000000,0.00000000,0.00000000,0.00000000,0.00000000,0.00000000,0.00000000
12598,14,3,True,0.73317862,1.40599012,1.22198057,2.15974283,0.63707000,0.63707000,0.63707000,0.67281151,0.48880196,1.42656422,-0.09610862,-0.09610862,-0.09610862,0.09610844,0.09610844,0.09610862,0.09610862,0.09610862
6015,8,6,False,3.49055624,4.08990479,2.74058223,2.69910645,1.22346342,1.22346342,1.22346342,0.59934855,-0.74997401,-0.79144979,-2.26709270,-2.26709270,-2.26709270,2.27896643,2.27896643,2.26709270,2.26709270,2.26709270
1778,1,5,True,0.01004863,0.03780292,0.05850095,0.09739462,0.00834266,0.00834266,0.00834266,0.02775428,0.04845231,0.08734599,-0.00170598,-0.00170598,-0.00170598,0.00220236,0.00220236,0.00170598,0.00170598,0.00170598
74,1,2,True,0.00055322,0.00194979,0.00192731,0.00803004,0.00055322,0.00055322,0.00118210,0.00139658,0.00137409,0.00747682,0.00000000,0.00000000,0.00062888,0.00000000,0.00000000,0.00000000,0.00000000,-0.00062888
4999,7,24,True,0.00179642,0.08636823,0.00644984,0.23934011,0.00152591,0.00151888,0.00152591,0.08457181,0.00465342,0.23754369,-0.00027051,-0.00027754,-0.00027051,0.00031106,0.00029809,0.00027051,0.00027754,0.00027051
12405,14,21,True,0.02333047,0.75120932,0.03943660,0.55967075,0.01932063,0.01947052,0.01932063,0.72787887,0.01610614,0.53634030,-0.00400984,-0.00385995,-0.00400984,0.00835287,0.00831118,0.00400984,0.00385995,0.00400984
2289,4,7,True,0.41165158,1.71642578,0.36975384,1.57363629,0.31737238,0.31737238,0.31737238,1.30477417,-0.04189774,1.16198468,-0.09427920,-0.09427920,-0.09427920,0.12334135,0.12334135,0.09427920,0.09427920,0.09427920
1018,1,4,True,0.04583550,0.03935993,0.04569258,0.03492658,0.01033195,0.01033195,0.01139277,-0.00647556,-0.00014292,-0.01090892,-0.03550354,-0.03550354,-0.03444272,0.04260878,0.04260878,0.03550354,0.03550354,0.03444272
16457,17,1,True,0.06972200,0.23529986,0.06550068,0.21912740,0.06550068,0.06550068,0.06550068,0.16557786,-0.00422132,0.14940539,-0.00422132,-0.00422132,-0.00422132,0.00422144,0.00422144,0.00422132,0.00422132,0.00422132
1119,1,2,True,0.00001824,0.01912125,0.00004816,0.03339838,0.00001824,0.00001824,0.01786967,0.01910301,0.00002992,0.03338014,0.00000000,0.00000000,0.01785143,0.00000000,0.00000000,0.00000000,0.00000000,-0.01785143
15319,19,23,True,0.88544178,4.00469542,1.00135911,2.90359759,1.03499985,1.03499985,1.03499961,3.11925364,0.11591733,2.01815581,0.14955807,0.14955807,0.14955783,0.62248296,0.62248296,-0.14955807,-0.14955807,-0.14955783
13272,16,5,True,0.16927283,0.46354073,0.30696452,0.74476206,0.16927283,0.16927283,0.16927283,0.29426789,0.13769169,0.57548922,0.00000000,0.00000000,0.00000000,0.00000000,0.00000000,0.00000000,0.00000000,0.00000000
5572,7,2,True,0.21722531,0.37489983,0.20833343,0.35771900,0.20833343,0.20833343,0.20833343,0.15767452,-0.00889188,0.14049369,-0.00889188,-0.00889188,-0.00889188,0.00930950,0.00930950,0.00889188,0.00889188,0.00889188
10266,12,1,True,0.24610689,0.31162697,0.41927767,0.50300086,0.24610689,0.24610689,0.24610689,0.06552008,0.17317078,0.25689396,0.00000000,0.00000000,0.00000000,0.00000000,0.00000000,0.00000000,0.00000000,0.00000000
1447,0,4,True,0.04213991,2.09768152,0.44682789,1.52940226,0.03260092,0.03647878,0.23465107,2.05554152,0.40468797,1.48726237,-0.00953898,-0.00566113,0.19251117,0.00953887,0.00388904,0.00953898,0.00566113,-0.19251117
11576,13,8,True,0.16911490,1.32972169,0.31853557,1.89768803,0.15651035,0.15651035,0.15651035,1.16060674,0.14942066,1.72857308,-0.01260455,-0.01260455,-0.01260455,0.01260413,0.01260413,0.01260455,0.01260455,0.01260455
12771,14,16,True,0.00504222,0.05672491,0.00475787,0.06419665,0.00441612,0.00399434,0.00441612,0.05168270,-0.00028435,0.05915443,-0.00062610,-0.00104787,-0.00062610,0.00168423,0.00161567,0.00062610,0.00104787,0.00062610
11817,13,3,True,0.26677659,1.97725320,0.31893176,2.03318214,0.26677659,0.26677659,0.26677659,1.71047664,0.05215517,1.76640558,0.00000000,0.00000000,0.00000000,0.00000000,0.00000000,0.00000000,0.00000000,0.00000000
10654,12,3,False,3.99977112,0.33129185,6.27994776,1.43439674,0.33129185,0.33129185,0.33129185,-3.66847920,2.28017664,-2.56537437,-3.66847920,-3.66847920,-3.66847920,5.12259197,5.12259197,3.66847920,3.66847920,3.66847920
15123,19,4,True,0.08481760,0.58042061,0.07053907,0.48001707,0.07053907,0.07053907,0.07053907,0.49560302,-0.01427852,0.39519948,-0.01427852,-0.01427852,-0.01427852,0.01993266,0.01993266,0.01427852,0.01427852,0.01427852
16153,17,1,True,0.09576082,0.17922342,0.09946413,0.18407601,0.09576082,0.09576082,0.09576082,0.08346260,0.00370331,0.08831519,0.00000000,0.00000000,0.00000000,0.00000000,0.00000000,0.00000000,0.00000000,0.00000000
3999,8,1,True,0.05756561,0.08949030,0.05707447,0.08872785,0.05707447,0.05707447,0.05707447,0.03192469,-0.00049114,0.03116224,-0.00049114,-0.00049114,-0.00049114,0.00049114,0.00049114,0.00049114,0.00049114,0.00049114
4737,8,2,False,1.67046273,2.38605785,1.64777458,2.36326313,1.64777458,1.64777458,1.64777458,0.71559513,-0.02268815,0.69280040,-0.02268815,-0.02268815,-0.02268815,0.03082192,0.03082192,0.02268815,0.02268815,0.02268815
11009,13,20,True,0.00070678,0.36130378,0.00039272,0.10062169,0.00035923,0.00035923,0.00032825,0.36059698,-0.00031406,0.09991492,-0.00034755,-0.00034755,-0.00037853,0.00098198,0.00098198,0.00034755,0.00034755,0.00037853
6156,8,3,True,0.00702211,0.00632345,0.00592322,0.00485005,0.00371730,0.00371730,0.00371730,-0.00069866,-0.00109889,-0.00217206,-0.00330481,-0.00330481,-0.00330481,0.00408905,0.00408905,0.00330481,0.00330481,0.00330481
15115,19,17,False,1.54727960,3.53233767,0.83649492,2.63618875,0.81549859,0.81549859,0.81549859,1.98505807,-0.71078467,1.08890915,-0.73178101,-0.73178101,-0.73178101,1.00060654,1.00060654,0.73178101,0.73178101,0.73178101
16324,17,1,False,5.10701180,3.57414150,5.08846712,3.01178026,3.01178026,3.01178026,3.01178026,-1.53287029,-0.01854467,-2.09523153,-2.09523153,-2.09523153,-2.09523153,2.09522915,2.09522915,2.09523153,2.09523153,2.09523153
13146,15,18,True,0.00160934,0.10039615,0.00300896,0.16336471,0.00137663,0.00137663,0.00137663,0.09878681,0.00139962,0.16175537,-0.00023271,-0.00023271,-0.00023271,0.00024079,0.00024079,0.00023271,0.00023271,0.00023271
11698,13,1,True,0.01419718,0.01801650,0.02184251,0.02740861,0.01419718,0.01419718,0.01419718,0.00381932,0.00764533,0.01321143,0.00000000,0.00000000,0.00000000,0.00000000,0.00000000,0.00000000,0.00000000,0.00000000
11711,13,3,True,0.09638695,1.82425129,0.23121066,2.07916427,0.09638695,0.09638706,0.15268166,1.72786438,0.13482371,1.98277736,0.00000000,0.00000011,0.05629472,0.00000000,0.00000000,0.00000000,-0.00000011,-0.05629472
11091,13,5,False,4.37248373,2.40887260,3.36427712,1.46624565,1.22063184,1.22063184,1.22063184,-1.96361113,-1.00820661,-2.90623808,-3.15185189,-3.15185189,-3.15185189,3.48767757,3.48767757,3.15185189,3.15185189,3.15185189
11445,13,1,True,0.07717100,0.34337002,0.08879919,0.35551608,0.07717100,0.07717100,0.07717100,0.26619902,0.01162819,0.27834508,0.00000000,0.00000000,0.00000000,0.00000000,0.00000000,0.00000000,0.00000000,0.00000000
741,1,1,True,0.00027105,0.02458326,0.00204782,0.09517690,0.00027105,0.00027105,0.09517690,0.02431221,0.00177678,0.09490585,0.00000000,0.00000000,0.09490585,0.00000000,0.00000000,0.00000000,0.00000000,-0.09490585
11120,13,2,True,0.00771945,1.63042927,0.02451045,1.38356018,0.00771945,0.01870774,0.91899836,1.62270987,0.01679100,1.37584078,0.00000000,0.01098829,0.91127890,0.00000000,-0.01098830,0.00000000,-0.01098829,-0.91127890
7069,10,56,True,-0.00000000,0.00721338,0.00000107,0.02406250,0.02406250,-0.00000000,-0.00000000,0.00721338,0.00000107,0.02406250,0.02406250,0.00000000,0.00000000,0.00000000,0.00000000,-0.02406250,0.00000000,0.00000000
5013,8,2,True,0.00057049,0.06979427,0.00066556,0.03104062,0.00047089,0.00047089,0.01147386,0.06922378,0.00009507,0.03047012,-0.00009961,-0.00009961,0.01090337,0.00009961,0.00009961,0.00009961,0.00009961,-0.01090337
9980,12,1,False,7.46330690,3.13512635,6.58987856,2.59839654,2.59839654,2.59839654,2.59839654,-4.32818031,-0.87342834,-4.86491013,-4.86491013,-4.86491013,-4.86491013,4.86491203,4.86491203,4.86491013,4.86491013,4.86491013
11745,13,12,True,0.00482027,0.67468345,0.00716225,0.50687397,0.00369212,0.00369212,0.00369212,0.66986316,0.00234198,0.50205368,-0.00112815,-0.00112815,-0.00112815,0.00193270,0.00193270,0.00112815,0.00112815,0.00112815
1308,1,2,True,0.00241429,0.01814013,0.00664193,0.05170309,0.00241429,0.00241429,0.01501179,0.01572584,0.00422764,0.04928880,0.00000000,0.00000000,0.01259750,0.00000000,0.00000000,0.00000000,0.00000000,-0.01259750
9750,12,31,True,0.00003731,0.00770194,0.01467329,0.41077375,0.00003326,0.00003326,0.00003326,0.00766463,0.01463598,0.41073644,-0.00000405,-0.00000405,-0.00000405,0.00000596,0.00000596,0.00000405,0.00000405,0.00000405
15426,17,4,True,0.00936319,0.13216689,0.01040026,0.11160538,0.00715349,0.00634051,0.00631551,0.12280370,0.00103707,0.10224219,-0.00220970,-0.00302268,-0.00304768,0.00380421,0.00357425,0.00220970,0.00302268,0.00304768
13221,16,1,True,0.03390946,0.04593604,0.03600442,0.04946791,0.03390946,0.03390946,0.03390946,0.01202658,0.00209496,0.01555844,0.00000000,0.00000000,0.00000000,0.00000000,0.00000000,0.00000000,0.00000000,0.00000000
1003,1,2,True,0.00144663,0.02118168,0.04890909,0.12825467,0.00144663,0.00144663,0.02118168,0.01973505,0.04746246,0.12680803,0.00000000,0.00000000,0.01973505,0.00000000,0.00000000,0.00000000,0.00000000,-0.01973505
15961,19,1,True,0.43293002,1.09290147,0.42753890,1.04881275,0.42753890,0.42753890,0.43293002,0.65997148,-0.00539112,0.61588275,-0.00539112,-0.00539112,0.00000000,0.00539082,0.00539082,0.00539112,0.00539112,0.00000000
9724,12,1,True,0.48266912,0.86244780,1.02438736,1.50044823,0.48266912,0.48266912,0.48266912,0.37977868,0.54171824,1.01777911,0.00000000,0.00000000,0.00000000,0.00000000,0.00000000,0.00000000,0.00000000,0.00000000
4306,7,2,True,0.20194787,1.37011528,0.16049148,1.17138767,0.16049148,0.16049148,0.16049148,1.16816735,-0.04145639,0.96943980,-0.04145639,-0.04145639,-0.04145639,0.04248899,0.04248899,0.04145639,0.04145639,0.04145639
4905,8,1,False,4.01676512,2.65293193,4.42751026,3.07432604,2.65293193,2.65293193,2.65293193,-1.36383319,0.41074514,-0.94243908,-1.36383319,-1.36383319,-1.36383319,1.36383724,1.36383724,1.36383319,1.36383319,1.36383319
5178,7,17,True,0.00136818,0.05430698,0.00151722,0.05536550,0.00117721,0.00117721,0.00120472,0.05293880,0.00014903,0.05399731,-0.00019097,-0.00019097,-0.00016346,0.00023214,0.00023214,0.00019097,0.00019097,0.00016346
8953,12,10,True,0.06185029,0.19156770,0.27670810,0.58639371,0.05479846,0.05479846,0.05479846,0.12971741,0.21485780,0.52454340,-0.00705184,-0.00705184,-0.00705184,0.00741364,0.00741364,0.00705184,0.00705184,0.00705184
7020,9,13,False,5.92145205,3.97677422,5.39904690,3.48624277,2.90738559,2.90738559,2.90738559,-1.94467783,-0.52240515,-2.43520927,-3.01406646,-3.01406646,-3.01406646,3.07705307,3.07705307,3.01406646,3.01406646,3.01406646
12482,14,8,True,0.25047868,0.15202521,0.57507819,0.25402644,0.10358465,0.10358465,0.10358465,-0.09845348,0.32459950,0.00354776,-0.14689404,-0.14689404,-0.14689404,0.40130663,0.40130663,0.14689404,0.14689404,0.14689404
1744,1,1,True,0.00929788,0.03095486,0.01405625,0.04523341,0.00929788,0.00929788,0.01405625,0.02165698,0.00475837,0.03593552,0.00000000,0.00000000,0.00475837,0.00000000,0.00000000,0.00000000,0.00000000,-0.00475837
16506,17,13,False,1.59479225,1.74799359,1.04675424,0.76304185,0.48974401,0.48974401,0.48974401,0.15320134,-0.54803801,-0.83175039,-1.10504818,-1.10504818,-1.10504818,1.45838809,1.45838809,1.10504818,1.10504818,1.10504818
5610,7,3,False,1.11665714,2.22786999,1.44524169,2.57659483,1.11665714,1.11665714,1.11665714,1.11121285,0.32858455,1.45993769,0.00000000,0.00000000,0.00000000,0.00000000,0.00000000,0.00000000,0.00000000,0.00000000
1328,2,1,False,2.68663454,2.76683521,3.04598904,3.07273579,2.68663454,2.68663454,2.68663454,0.08020067,0.35935450,0.38610125,0.00000000,0.00000000,0.00000000,0.00000000,0.00000000,0.00000000,0.00000000,0.00000000
797,1,6,True,0.00003481,0.00157292,0.00042584,0.01184631,0.00003481,0.00003481,0.00005603,0.00153811,0.00039104,0.01181150,0.00000000,0.00000000,0.00002122,0.00000000,0.00000000,0.00000000,0.00000000,-0.00002122
14002,16,47,True,0.02587421,1.46029425,0.32832763,2.51352119,0.01557156,0.01557156,0.01557156,1.43441999,0.30245340,2.48764706,-0.01030266,-0.01030266,-0.01030266,0.01435383,0.01435383,0.01030266,0.01030266,0.01030266
16722,17,8,False,2.01356053,3.01241493,3.15060806,4.11027718,1.19763124,1.19763112,1.19763124,0.99885440,1.13704753,2.09671664,-0.81592929,-0.81592941,-0.81592929,0.96405792,0.96405792,0.81592929,0.81592941,0.81592929
13414,16,4,True,0.07910455,0.22659817,0.17672388,0.35009900,0.07272992,0.07272992,0.07272992,0.14749363,0.09761933,0.27099445,-0.00637463,-0.00637463,-0.00637463,0.00637474,0.00637474,0.00637463,0.00637463,0.00637463
1292,1,2,True,0.00036853,0.00302013,0.00061696,0.00421612,0.00036853,0.00036853,0.00281997,0.00265161,0.00024843,0.00384759,0.00000000,0.00000000,0.00245144,0.00000000,0.00000000,0.00000000,0.00000000,-0.00245144
15155,17,2,True,0.45116380,0.55419385,0.48717418,0.57291412,0.45116380,0.45116380,0.45116380,0.10303006,0.03601038,0.12175032,0.00000000,0.00000000,0.00000000,0.00000000,0.00000000,0.00000000,0.00000000,0.00000000
9494,12,3,True,0.05946765,0.09905934,0.11446777,0.18108493,0.05946765,0.05946765,0.05946765,0.03959169,0.05500012,0.12161728,0.00000000,0.00000000,0.00000000,0.00000000,0.00000000,0.00000000,0.00000000,0.00000000
11325,13,5,True,0.00460505,0.04528001,0.00328014,0.02986821,0.00277075,0.00266649,0.00316999,0.04067496,-0.00132490,0.02526316,-0.00183429,-0.00193855,-0.00143505,0.00251531,0.00246769,0.00183429,0.00193855,0.00143505
3450,5,45,False,9.03247452,1.32093382,10.68893623,2.76066446,1.06036687,1.06036687,1.06036687,-7.71154070,1.65646172,-6.27181005,-7.97210789,-7.97210789,-7.97210789,8.39966393,8.39966393,7.97210789,7.97210789,7.97210789
13988,16,1,True,0.09628702,0.15483430,0.12270342,0.19634220,0.09628702,0.09628702,0.09628702,0.05854728,0.02641640,0.10005518,0.00000000,0.00000000,0.00000000,0.00000000,0.00000000,0.00000000,0.00000000,0.00000000
10986,13,12,True,0.00192255,0.38843638,0.00497425,0.36375430,0.00192255,0.00192255,0.00220604,0.38651383,0.00305171,0.36183175,0.00000000,0.00000000,0.00028349,0.00000000,0.00000000,0.00000000,0.00000000,-0.00028349
13016,14,2,False,1.54590940,0.79514766,2.07848716,1.24058497,0.79514766,0.79514766,0.79514766,-0.75076175,0.53257775,-0.30532444,-0.75076175,-0.75076175,-0.75076175,0.88203263,0.88203263,0.75076175,0.75076175,0.75076175
4277,8,1,False,2.17661285,2.52861261,2.15470886,2.50306416,2.15470886,2.15470886,2.15470886,0.35199976,-0.02190399,0.32645130,-0.02190399,-0.02190399,-0.02190399,0.02190423,0.02190423,0.02190399,0.02190399,0.02190399
4260,8,1,True,0.35335824,0.35531703,0.34277889,0.34470582,0.34277889,0.34277889,0.34277889,0.00195879,-0.01057935,-0.00865242,-0.01057935,-0.01057935,-0.01057935,0.01058033,0.01058033,0.01057935,0.01057935,0.01057935
16774,17,9,True,0.36264348,2.43025398,0.20199268,1.64045143,0.20199268,0.20199268,0.20199268,2.06761050,-0.16065080,1.27780795,-0.16065080,-0.16065080,-0.16065080,0.27186242,0.27186242,0.16065080,0.16065080,0.16065080
1331,1,2,True,0.00000501,0.00028129,0.00009155,0.00275340,0.00000501,0.00000501,0.00028129,0.00027629,0.00008654,0.00274839,0.00000000,0.00000000,0.00027629,0.00000000,0.00000000,0.00000000,0.00000000,-0.00027629
8938,12,1,True,0.41571864,0.45407575,0.56169176,0.64328092,0.41571864,0.41571864,0.45407575,0.03835711,0.14597312,0.22756228,0.00000000,0.00000000,0.03835711,0.00000000,0.00000000,0.00000000,0.00000000,-0.03835711
9508,12,5,True,0.05824479,0.16652969,0.27497357,0.46052223,0.05824479,0.05824479,0.09571554,0.10828490,0.21672878,0.40227744,0.00000000,0.00000000,0.03747075,0.00000000,0.00000000,0.00000000,0.00000000,-0.03747075
1193,1,1,True,0.03871070,0.02076248,0.06256565,0.03348842,0.02076248,0.02076248,0.02076248,-0.01794821,0.02385496,-0.00522228,-0.01794821,-0.01794821,-0.01794821,0.01794833,0.01794833,0.01794821,0.01794821,0.01794821
13659,16,1,False,1.35690641,1.19209623,1.68683529,1.49655271,1.19209623,1.19209623,1.19209623,-0.16481018,0.32992887,0.13964629,-0.16481018,-0.16481018,-0.16481018,0.16481042,0.16481042,0.16481018,0.16481018,0.16481018
329,1,1,True,0.00846229,0.04039672,0.00949923,0.04321240,0.00846229,0.00846229,0.00949923,0.03193443,0.00103694,0.03475011,0.00000000,0.00000000,0.00103694,0.00000000,0.00000000,0.00000000,0.00000000,-0.00103694
15336,18,6,True,0.68494761,1.40944326,0.55471545,1.23950028,0.49443606,0.49443561,0.49443597,0.72449565,-0.13023216,0.55455267,-0.19051155,-0.19051200,-0.19051164,0.21138269,0.21138269,0.19051155,0.19051200,0.19051164
16045,17,1,False,2.78853202,3.61105609,3.06657124,3.80796838,2.78853202,2.78853202,2.78853202,0.82252407,0.27803922,1.01943636,0.00000000,0.00000000,0.00000000,0.00000000,0.00000000,0.00000000,0.00000000,0.00000000
13676,15,23,True,0.13872105,1.57375979,0.08941312,0.95707017,0.05548369,0.05450082,0.05450082,1.43503881,-0.04930793,0.81834912,-0.08323736,-0.08422023,-0.08422023,0.13355482,0.13353121,0.08323736,0.08422023,0.08422023
2828,6,6,False,5.66879034,5.33709002,2.96900916,3.26138043,2.35786486,2.35786486,2.35786486,-0.33170033,-2.69978118,-2.40740991,-3.31092548,-3.31092548,-3.31092548,4.91141605,4.91141605,3.31092548,3.31092548,3.31092548
15664,17,4,True,0.00022123,0.00259599,0.00057228,0.00592760,0.00022123,0.00022123,0.00043347,0.00237476,0.00035105,0.00570637,0.00000000,0.00000000,0.00021224,0.00000000,0.00000000,0.00000000,0.00000000,-0.00021224
15170,17,5,True,0.10795208,1.45335388,0.43789244,2.01985121,0.09838259,0.09838259,0.27147040,1.34540176,0.32994035,1.91189909,-0.00956949,-0.00956949,0.16351831,0.00956938,0.00956938,0.00956949,0.00956949,-0.16351831
453,0,3,True,0.11874631,2.20630789,0.48004276,2.95864820,0.11874631,0.11874631,0.18790336,2.08756161,0.36129645,2.83990192,0.00000000,0.00000000,0.06915705,0.00000000,0.00000000,0.00000000,0.00000000,-0.06915705
9920,12,1,False,4.12362003,4.43737459,4.08949566,4.38469267,4.08949566,4.08949566,4.08949566,0.31375456,-0.03412437,0.26107264,-0.03412437,-0.03412437,-0.03412437,0.03412342,0.03412342,0.03412437,0.03412437,0.03412437
13358,15,16,False,1.39894807,1.81080937,1.12369704,1.45340014,0.67572826,0.67572826,0.67572826,0.41186130,-0.27525103,0.05445206,-0.72321981,-0.72321981,-0.72321981,0.91352928,0.91352928,0.72321981,0.72321981,0.72321981
630,1,1,True,0.64232755,0.04937124,2.00605130,0.21829315,0.04937124,0.04937124,0.04937124,-0.59295630,1.36372375,-0.42403442,-0.59295630,-0.59295630,-0.59295630,0.59295535,0.59295535,0.59295630,0.59295630,0.59295630
10137,12,9,True,0.04658334,0.07048042,0.37572119,0.44964695,0.02774921,0.02774921,0.02774921,0.02389709,0.32913786,0.40306363,-0.01883413,-0.01883413,-0.01883413,0.02128961,0.02128961,0.01883413,0.01883413,0.01883413
13478,15,6,True,0.00088259,0.05671849,0.00186329,0.08085220,0.00088259,0.00088259,0.00100252,0.05583590,0.00098070,0.07996960,0.00000000,0.00000000,0.00011993,0.00000000,0.00000000,0.00000000,0.00000000,-0.00011993
6340,10,1,True,0.00288499,0.08939186,0.00363321,0.09635404,0.00288499,0.00288499,0.08939186,0.08650687,0.00074822,0.09346905,0.00000000,0.00000000,0.08650687,0.00000000,0.00000000,0.00000000,0.00000000,-0.08650687
14171,15,79,True,0.00046004,6.04719353,0.00217939,0.80069607,0.00007474,0.00008332,0.00007474,6.04673338,0.00171935,0.80023605,-0.00038530,-0.00037672,-0.00038530,0.00146064,0.00145588,0.00038530,0.00037672,0.00038530
11533,13,3,False,1.13867569,2.84061956,0.41355726,1.20679879,0.41355726,0.41355726,0.41355726,1.70194387,-0.72511840,0.06812310,-0.72511840,-0.72511840,-0.72511840,1.20085776,1.20085776,0.72511840,0.72511840,0.72511840
2803,3,3,True,0.30292061,0.46577823,0.94682157,1.32471204,0.29289567,0.29289567,0.29289567,0.16285762,0.64390099,1.02179146,-0.01002494,-0.01002494,-0.01002494,0.01002449,0.01002449,0.01002494,0.01002494,0.01002494
11950,13,3,False,1.69894028,4.19738007,1.84742045,4.26281404,1.61294484,1.61885703,1.63981068,2.49843979,0.14848018,2.56387377,-0.08599544,-0.08008325,-0.05912960,0.08599615,0.08008182,0.08599544,0.08008325,0.05912960
364,0,5,True,0.21845068,2.61001706,0.27244329,2.18992782,0.20992224,0.20992224,0.20992224,2.39156628,0.05399261,1.97147715,-0.00852844,-0.00852844,-0.00852844,0.01135087,0.01135087,0.00852844,0.00852844,0.00852844
9394,12,8,True,0.02272411,0.20186214,0.07428512,0.45079082,0.02229028,0.02229040,0.02229028,0.17913803,0.05156101,0.42806673,-0.00043382,-0.00043371,-0.00043382,0.00043382,0.00043382,0.00043382,0.00043371,0.00043382
1133,1,7,True,0.00308169,0.02974972,0.01847991,0.06035396,0.00276790,0.00278003,0.00276790,0.02666803,0.01539822,0.05727227,-0.00031379,-0.00030167,-0.00031379,0.00031379,0.00030072,0.00031379,0.00030167,0.00031379
13307,16,9,True,0.06022927,0.09575725,0.14743210,0.02199249,0.00853734,0.00873329,0.00853734,0.03552797,0.08720283,-0.03823678,-0.05169193,-0.05149598,-0.05169193,0.12065026,0.12029329,0.05169193,0.05149598,0.05169193
7213,9,2,True,0.01048674,0.02886272,0.00980844,0.02861484,0.00980844,0.00978873,0.00980844,0.01837598,-0.00067830,0.01812810,-0.00067830,-0.00069801,-0.00067830,0.00070603,0.00069801,0.00067830,0.00069801,0.00067830
5532,8,3,True,0.01067110,0.01470783,0.00922855,0.01262105,0.00922855,0.00922855,0.00922855,0.00403673,-0.00144255,0.00194995,-0.00144255,-0.00144255,-0.00144255,0.00150146,0.00150146,0.00144255,0.00144255,0.00144255
9155,12,22,True,0.01853936,0.21091248,0.05456787,0.38796982,0.01755287,0.01755287,0.01755287,0.19237313,0.03602851,0.36943045,-0.00098649,-0.00098649,-0.00098649,0.00130101,0.00130101,0.00098649,0.00098649,0.00098649
16803,17,1,True,0.01817572,0.09220584,0.02005350,0.10921785,0.01817572,0.01817572,0.09220584,0.07403012,0.00187778,0.09104214,0.00000000,0.00000000,0.07403012,0.00000000,0.00000000,0.00000000,0.00000000,-0.07403012
3660,5,15,True,0.68383181,0.90232396,1.57679582,1.79407680,0.56046408,0.56046408,0.56046408,0.21849215,0.89296401,1.11024499,-0.12336773,-0.12336773,-0.12336773,0.13692755,0.13692755,0.12336773,0.12336773,0.12336773
16952,17,9,True,0.33464646,1.74330926,1.21204793,2.64969349,0.14797695,0.14797695,0.14797695,1.40866280,0.87740147,2.31504703,-0.18666951,-0.18666951,-0.18666951,0.24452259,0.24452259,0.18666951,0.18666951,0.18666951
11401,13,6,True,0.00387062,0.23544005,0.00549461,0.27291507,0.00314896,0.00314896,0.00391420,0.23156942,0.00162399,0.26904446,-0.00072166,-0.00072166,0.00004358,0.00135128,0.00135128,0.00072166,0.00072166,-0.00004358
10051,12,9,True,0.31440812,0.18999223,1.24402392,0.80325681,0.17884399,0.17884399,0.17884399,-0.12441589,0.92961580,0.48884869,-0.13556413,-0.13556413,-0.13556413,0.21316290,0.21316290,0.13556413,0.13556413,0.13556413
16140,18,13,False,2.20249701,3.38766885,2.30563831,3.29768229,1.93882859,1.95852375,1.93882859,1.18517184,0.10314131,1.09518528,-0.26366842,-0.24397326,-0.26366842,0.33918500,0.33117080,0.26366842,0.24397326,0.26366842
14750,15,3,False,2.52809691,3.11291027,1.35249138,1.77249289,0.80046290,0.80046290,0.80046290,0.58481336,-1.17560554,-0.75560403,-1.72763395,-1.72763395,-1.72763395,1.78942990,1.78942990,1.72763395,1.72763395,1.72763395
15057,17,3,True,0.00172347,0.03116045,0.00729078,0.08909082,0.00172347,0.00172347,0.00694930,0.02943698,0.00556731,0.08736735,0.00000000,0.00000000,0.00522583,0.00000000,0.00000000,0.00000000,0.00000000,-0.00522583
5170,7,3,False,3.45087814,4.45089912,3.11795878,4.09221745,2.92334580,2.92334580,2.92334580,1.00002098,-0.33291936,0.64133930,-0.52753234,-0.52753234,-0.52753234,0.52669859,0.52669859,0.52753234,0.52753234,0.52753234
2830,5,7,False,1.09429336,1.07394624,1.01706743,0.97418678,0.82643104,0.82643104,0.82643104,-0.02034712,-0.07722592,-0.12010658,-0.26786232,-0.26786232,-0.26786232,0.28816557,0.28816557,0.26786232,0.26786232,0.26786232
6483,11,1,False,1.91492450,1.78564966,1.99801219,1.86614764,1.78564966,1.78564966,1.78564966,-0.12927485,0.08308768,-0.04877687,-0.12927485,-0.12927485,-0.12927485,0.12927437,0.12927437,0.12927485,0.12927485,0.12927485
4951,7,3,True,0.13560908,0.23754512,0.11964341,0.21150506,0.11964341,0.11964341,0.11964341,0.10193604,-0.01596567,0.07589598,-0.01596567,-0.01596567,-0.01596567,0.01705089,0.01705089,0.01596567,0.01596567,0.01596567
15992,17,21,True,0.12184273,0.89424664,0.40189406,1.13756657,0.07570440,0.07570440,0.07570440,0.77240390,0.28005132,1.01572382,-0.04613834,-0.04613834,-0.04613834,0.06051800,0.06051800,0.04613834,0.04613834,0.04613834
986,1,8,True,0.33533338,0.31944472,0.38494286,0.30982652,0.11859725,0.11722572,0.11859725,-0.01588866,0.04960948,-0.02550685,-0.21673614,-0.21810766,-0.21673614,0.33465692,0.33462468,0.21673614,0.21810766,0.21673614
11514,13,7,True,0.19368754,1.25450015,0.27858239,1.36886299,0.19044028,0.18979169,0.19044018,1.06081259,0.08489485,1.17517543,-0.00324726,-0.00389585,-0.00324737,0.00482169,0.00389566,0.00324726,0.00389585,0.00324737
8666,12,2,True,0.01318486,0.05405302,0.03842395,0.12853776,0.01318486,0.01318486,0.03692947,0.04086816,0.02523909,0.11535290,0.00000000,0.00000000,0.02374460,0.00000000,0.00000000,0.00000000,0.00000000,-0.02374460
9458,12,4,True,0.63943732,1.03103244,0.68173778,1.08311296,0.62716049,0.62716049,0.62716049,0.39159513,0.04230046,0.44367564,-0.01227683,-0.01227683,-0.01227683,0.01433432,0.01433432,0.01227683,0.01227683,0.01227683
4781,7,2,True,0.01412960,0.17594208,0.03543516,0.31646064,0.01412960,0.01412960,0.05120839,0.16181248,0.02130556,0.30233103,0.00000000,0.00000000,0.03707879,0.00000000,0.00000000,0.00000000,0.00000000,-0.03707879
3158,4,1,False,2.14252257,3.05450296,1.91498029,2.74584007,1.91498029,1.91498029,1.91498029,0.91198039,-0.22754228,0.60331750,-0.22754228,-0.22754228,-0.22754228,0.22754264,0.22754264,0.22754228,0.22754228,0.22754228
5591,7,9,True,0.00771744,0.17986675,0.01028889,0.14588830,0.00754258,0.00879439,0.00754258,0.17214932,0.00257145,0.13817087,-0.00017485,0.00107695,-0.00017485,0.00021897,-0.00098182,0.00017485,-0.00107695,0.00017485
15248,17,8,True,0.09456248,0.71395844,0.34324560,1.24139404,0.07864404,0.08500945,0.07864404,0.61939597,0.24868312,1.14683151,-0.01591843,-0.00955303,-0.01591843,0.01719593,0.01322803,0.01591843,0.00955303,0.01591843
4617,7,10,True,0.00186044,0.37774104,0.00259456,0.21769498,0.00166230,0.00192885,0.00186044,0.37588060,0.00073412,0.21583454,-0.00019813,0.00006842,0.00000000,0.00024860,0.00019589,0.00019813,-0.00006842,0.00000000
3503,5,1,True,0.85483348,0.91381651,1.25170469,1.30318248,0.85483348,0.85483348,0.85483348,0.05898303,0.39687121,0.44834900,0.00000000,0.00000000,0.00000000,0.00000000,0.00000000,0.00000000,0.00000000,0.00000000
12314,14,14,True,0.17823590,0.23857909,0.12976393,0.20180671,0.13028438,0.13028438,0.13028438,0.06034319,-0.04847197,0.02357081,-0.04795152,-0.04795152,-0.04795152,0.08235164,0.08235164,0.04795152,0.04795152,0.04795152
5150,7,9,True,0.13473891,3.06972003,0.09266883,1.78969526,0.09266883,0.09266883,0.09266883,2.93498111,-0.04207008,1.65495634,-0.04207008,-0.04207008,-0.04207008,0.14658661,0.14658661,0.04207008,0.04207008,0.04207008
11110,13,15,True,0.00809720,0.18310808,0.01819222,0.08801918,0.00692811,0.00598910,0.00692811,0.17501087,0.01009502,0.07992198,-0.00116909,-0.00210810,-0.00116909,0.00808124,0.00805960,0.00116909,0.00210810,0.00116909
9459,12,29,True,0.00747633,0.23603898,0.39989120,0.33230153,0.00250479,0.00227181,0.00250479,0.22856265,0.39241487,0.32482520,-0.00497154,-0.00520452,-0.00497154,0.01225360,0.01216958,0.00497154,0.00520452,0.00497154
14895,16,3,True,0.05138415,0.16566248,0.08639545,0.23420881,0.05138415,0.05138415,0.05138415,0.11427833,0.03501130,0.18282466,0.00000000,0.00000000,0.00000000,0.00000000,0.00000000,0.00000000,0.00000000,0.00000000
17039,17,2,False,1.38486362,2.53418565,1.64191842,4.34164429,1.64191842,1.38486362,1.64191842,1.14932203,0.25705481,2.95678067,0.25705481,0.00000000,0.25705481,0.15262389,0.00000000,-0.25705481,0.00000000,-0.25705481
7724,9,6,False,5.52583885,5.21750164,5.26602411,5.35820484,3.88315511,3.88315511,3.88315511,-0.30833721,-0.25981474,-0.16763401,-1.64268374,-1.64268374,-1.64268374,2.04173040,2.04173040,1.64268374,1.64268374,1.64268374
10289,12,2,True,0.05890979,0.16521016,0.14989626,0.41167212,0.05890979,0.05890979,0.14522490,0.10630037,0.09098648,0.35276231,0.00000000,0.00000000,0.08631511,0.00000000,0.00000000,0.00000000,0.00000000,-0.08631511
11535,13,34,True,0.33443421,4.97508335,0.34162858,3.45254183,0.14403117,0.12328561,0.14403117,4.64064932,0.00719437,3.11810756,-0.19040304,-0.21114859,-0.19040304,0.59912449,0.59903038,0.19040304,0.21114859,0.19040304
12059,13,24,True,0.00018500,0.60966045,0.00063530,0.34659195,0.00019680,0.00023446,0.00019680,0.60947543,0.00045031,0.34640697,0.00001180,0.00004946,0.00001180,0.00005244,0.00005113,-0.00001180,-0.00004946,-0.00001180
11302,13,11,True,0.00000441,0.06404179,0.00001729,0.05217368,0.00000978,0.00000846,0.00117007,0.06403738,0.00001287,0.05216927,0.00000536,0.00000405,0.00116566,0.00000370,0.00000370,-0.00000536,-0.00000405,-0.00116566
3235,3,1,True,0.05033671,0.42115223,1.11570108,3.21400070,0.05033671,0.05033671,0.05033671,0.37081552,1.06536436,3.16366410,0.00000000,0.00000000,0.00000000,0.00000000,0.00000000,0.00000000,0.00000000,0.00000000
10658,12,4,True,0.04146148,0.12938243,0.16445337,0.29606718,0.04005468,0.04154611,0.04005468,0.08792096,0.12299190,0.25460571,-0.00140680,0.00008463,-0.00140680,0.00140680,-0.00008463,0.00140680,-0.00008463,0.00140680
7378,10,4,True,0.00300908,0.05162827,0.00443819,0.06628875,0.00300908,0.00300908,0.00347368,0.04861919,0.00142911,0.06327967,0.00000000,0.00000000,0.00046460,0.00000000,0.00000000,0.00000000,0.00000000,-0.00046460
13654,15,22,True,0.00422870,0.66716462,0.00660877,0.65436000,0.00392833,0.00392833,0.00392833,0.66293591,0.00238007,0.65013129,-0.00030037,-0.00030037,-0.00030037,0.00030498,0.00030498,0.00030037,0.00030037,0.00030037
6971,9,14,True,0.01646960,0.46958908,0.01516010,0.79619730,0.01248944,0.01243387,0.01248944,0.45311949,-0.00130950,0.77972770,-0.00398016,-0.00403573,-0.00398016,0.01153394,0.00610866,0.00398016,0.00403573,0.00398016
8478,12,32,True,0.01721089,0.06979383,0.16415934,0.44239098,0.01525180,0.01507368,0.01525180,0.05258293,0.14694846,0.42518008,-0.00195909,-0.00213721,-0.00195909,0.00252374,0.00250510,0.00195909,0.00213721,0.00195909
16122,19,8,False,2.10135174,2.72213006,2.11531234,2.51581573,1.65271926,1.65271926,1.65271926,0.62077832,0.01396060,0.41446400,-0.44863248,-0.44863248,-0.44863248,0.52101672,0.52101672,0.44863248,0.44863248,0.44863248
11584,13,1,True,0.10251725,0.13796034,0.12618901,0.16725263,0.10251725,0.10251725,0.10251725,0.03544310,0.02367176,0.06473538,0.00000000,0.00000000,0.00000000,0.00000000,0.00000000,0.00000000,0.00000000,0.00000000
8080,9,147,True,0.00000036,0.80802387,0.00003898,0.06932412,0.00125508,0.00002182,0.00002182,0.80802351,0.00003862,0.06932376,0.00125472,0.00002146,0.00002146,0.00000012,0.00000012,-0.00125472,-0.00002146,-0.00002146
4847,8,1,True,0.01451129,0.01805607,0.01227597,0.01540700,0.01227597,0.01227597,0.01227597,0.00354479,-0.00223531,0.00089571,-0.00223531,-0.00223531,-0.00223531,0.00223531,0.00223531,0.00223531,0.00223531,0.00223531
5000,7,6,True,0.00444377,0.11402954,0.00523126,0.10748690,0.00436663,0.00434835,0.00445944,0.10958577,0.00078749,0.10304313,-0.00007715,-0.00009542,0.00001567,0.00010017,0.00009542,0.00007715,0.00009542,-0.00001567
5308,7,3,True,0.08480259,0.27339694,0.09956741,0.29465491,0.08480259,0.08480259,0.08480259,0.18859434,0.01476482,0.20985231,0.00000000,0.00000000,0.00000000,0.00000000,0.00000000,0.00000000,0.00000000,0.00000000
11753,13,2,True,0.75412560,2.01525640,0.91909230,2.23670101,0.75412560,0.75412560,0.75412560,1.26113081,0.16496670,1.48257542,0.00000000,0.00000000,0.00000000,0.00000000,0.00000000,0.00000000,0.00000000,0.00000000
16144,19,2,True,0.02365930,0.61768204,0.02224587,0.39184111,0.02224587,0.02224587,0.02365930,0.59402275,-0.00141343,0.36818182,-0.00141343,-0.00141343,0.00000000,0.00299739,0.00299739,0.00141343,0.00141343,0.00000000
7224,9,4,False,1.78593838,1.71237683,0.36399078,0.40222788,0.28116307,0.28116307,0.28116307,-0.07356155,-1.42194760,-1.38371050,-1.50477529,-1.50477529,-1.50477529,2.03742909,2.03742909,1.50477529,1.50477529,1.50477529
11136,13,1,True,0.19741778,0.27529833,0.25432941,0.34208608,0.19741778,0.19741778,0.19741778,0.07788055,0.05691163,0.14466830,0.00000000,0.00000000,0.00000000,0.00000000,0.00000000,0.00000000,0.00000000,0.00000000
5640,8,1,False,2.66490674,3.43373108,2.12051988,2.86130595,2.12051988,2.12051988,2.12051988,0.76882434,-0.54438686,0.19639921,-0.54438686,-0.54438686,-0.54438686,0.54438615,0.54438615,0.54438686,0.54438686,0.54438686
16326,18,14,True,0.70171350,3.05759692,0.15516223,1.59233046,0.15051505,0.15051505,0.15051505,2.35588336,-0.54655129,0.89061695,-0.55119848,-0.55119848,-0.55119848,1.08378494,1.08378494,0.55119848,0.55119848,0.55119848
13361,15,3,True,0.50906533,0.86653471,0.58527547,0.98521000,0.50906533,0.50906533,0.50906533,0.35746938,0.07621014,0.47614467,0.00000000,0.00000000,0.00000000,0.00000000,0.00000000,0.00000000,0.00000000,0.00000000
5111,7,23,True,0.04511673,0.64805347,0.03626324,0.50704205,0.02798594,0.02798594,0.02868052,0.60293674,-0.00885349,0.46192533,-0.01713079,-0.01713079,-0.01643621,0.02818926,0.02818926,0.01713079,0.01713079,0.01643621
281,1,1,True,0.00011765,0.00064555,0.00018345,0.00100598,0.00011765,0.00011765,0.00064555,0.00052790,0.00006579,0.00088833,0.00000000,0.00000000,0.00052790,0.00000000,0.00000000,0.00000000,0.00000000,-0.00052790
13489,16,88,True,0.00016259,0.13719791,0.00520031,0.12768869,0.00004852,0.00005066,0.00004804,0.13703533,0.00503772,0.12752610,-0.00011407,-0.00011193,-0.00011455,0.00021192,0.00021144,0.00011407,0.00011193,0.00011455
7994,11,3,False,1.02255726,0.91401035,0.90913016,0.77739435,0.77739435,0.77739435,0.77739435,-0.10854691,-0.11342710,-0.24516290,-0.24516290,-0.24516290,-0.24516290,0.27636975,0.27636975,0.24516290,0.24516290,0.24516290
1398,1,1,False,9.31721210,6.76419878,7.26072454,4.74066114,4.74066114,4.74066114,4.74066114,-2.55301332,-2.05648756,-4.57655096,-4.57655096,-4.57655096,-4.57655096,4.57654667,4.57654667,4.57655096,4.57655096,4.57655096
15470,17,3,False,5.62051868,4.28422546,5.62882137,4.18731880,3.94459438,5.49667978,3.94459438,-1.33629322,0.00830269,-1.43319988,-1.67592430,-0.12383890,-1.67592430,1.19267750,0.12383842,1.67592430,0.12383890,1.67592430
14889,16,7,True,0.17713939,0.74645984,0.30042598,1.06727242,0.17713939,0.17713939,0.17713939,0.56932044,0.12328659,0.89013302,0.00000000,0.00000000,0.00000000,0.00000000,0.00000000,0.00000000,0.00000000,0.00000000
1483,1,1,True,0.00497010,0.00457277,0.00658213,0.00659077,0.00457277,0.00497010,0.00457277,-0.00039733,0.00161203,0.00162067,-0.00039733,0.00000000,-0.00039733,0.00039733,0.00000000,0.00039733,0.00000000,0.00039733
14973,16,2,True,0.84635925,0.45906657,1.33585787,0.55275500,0.45906657,0.45906657,0.44495955,-0.38729268,0.48949862,-0.29360425,-0.38729268,-0.38729268,-0.40139970,0.46363908,0.46363908,0.38729268,0.38729268,0.40139970
16216,19,1,True,0.02964731,2.21991634,0.05101402,1.36980212,0.02964731,0.05101402,0.02964731,2.19026899,0.02136671,1.34015477,0.00000000,0.02136671,0.00000000,0.00000000,-0.02136648,0.00000000,-0.02136671,0.00000000
15335,17,6,False,2.11888123,3.88412714,1.23476720,2.75552678,1.16567695,1.16567695,1.16567695,1.76524591,-0.88411403,0.63664556,-0.95320427,-0.95320427,-0.95320427,1.22018409,1.22018409,0.95320427,0.95320427,0.95320427
8502,12,2,False,1.86404121,2.92680836,1.39132571,2.40620112,1.39132571,1.39132571,1.39132571,1.06276715,-0.47271550,0.54215991,-0.47271550,-0.47271550,-0.47271550,0.47739267,0.47739267,0.47271550,0.47271550,0.47271550
14030,16,5,True,0.07126401,0.09968212,0.18165082,0.20736362,0.06132460,0.06132460,0.06132460,0.02841811,0.11038681,0.13609961,-0.00993941,-0.00993941,-0.00993941,0.01025916,0.01025916,0.00993941,0.00993941,0.00993941
10102,12,37,True,0.00269871,0.02332278,0.02235650,0.10538223,0.00241381,0.00241381,0.00241381,0.02062407,0.01965779,0.10268352,-0.00028490,-0.00028490,-0.00028490,0.00028703,0.00028703,0.00028490,0.00028490,0.00028490
13513,15,7,True,0.00465061,0.15770069,0.01475376,0.35789379,0.00418371,0.00418371,0.00478492,0.15305008,0.01010315,0.35324317,-0.00046690,-0.00046690,0.00013431,0.00046690,0.00046690,0.00046690,0.00046690,-0.00013431
9763,12,1,True,0.07306153,0.04178463,0.12100148,0.06993112,0.04178463,0.04178463,0.04178463,-0.03127690,0.04793996,-0.00313041,-0.03127690,-0.03127690,-0.03127690,0.03127713,0.03127713,0.03127690,0.03127690,0.03127690
11955,13,9,True,0.00281391,0.26174790,0.01587866,0.28594270,0.00282044,0.00325982,0.00275459,0.25893399,0.01306475,0.28312880,0.00000654,0.00044592,-0.00005932,0.00006479,-0.00013954,-0.00000654,-0.00044592,0.00005932
14401,16,2,True,0.18629380,0.87512302,0.26242465,1.08994424,0.18629380,0.18629380,0.18629380,0.68882924,0.07613085,0.90365046,0.00000000,0.00000000,0.00000000,0.00000000,0.00000000,0.00000000,0.00000000,0.00000000
7273,9,5,True,0.23232824,0.54650605,0.75368387,0.61115927,0.13160573,0.13160583,0.24138212,0.31417781,0.52135563,0.37883103,-0.10072251,-0.10072240,0.00905389,0.17998856,0.17998856,0.10072251,0.10072240,-0.00905389
15334,19,18,True,0.04141870,1.72207141,0.02148182,0.51678336,0.01367933,0.01437710,0.01367933,1.68065274,-0.01993689,0.47536466,-0.02773937,-0.02704160,-0.02773937,0.05735091,0.05725667,0.02773937,0.02704160,0.02773937
3015,6,12,False,5.08447456,3.93603420,3.28825688,2.65124154,2.12903452,2.12903452,2.12903452,-1.14844036,-1.79621768,-2.43323302,-2.95544004,-2.95544004,-2.95544004,4.18751192,4.18751192,2.95544004,2.95544004,2.95544004
14036,15,2,True,0.05830765,0.67485523,0.09107202,0.71610373,0.05830765,0.05830765,0.09107202,0.61654758,0.03276436,0.65779608,0.00000000,0.00000000,0.03276436,0.00000000,0.00000000,0.00000000,0.00000000,-0.03276436
16905,19,6,True,1.06965709,1.70417142,1.28143871,1.68248296,0.81726938,0.81726938,0.81726938,0.63451433,0.21178162,0.61282587,-0.25238770,-0.25238770,-0.25238770,0.30848414,0.30848414,0.25238770,0.25238770,0.25238770
5415,7,1,True,0.06247696,0.11838917,0.07012185,0.13242036,0.06247696,0.06247696,0.06247696,0.05591222,0.00764489,0.06994340,0.00000000,0.00000000,0.00000000,0.00000000,0.00000000,0.00000000,0.00000000,0.00000000
12739,14,1,True,0.07768325,0.02469061,0.10675980,0.02434037,0.02434037,0.02469061,0.02434037,-0.05299263,0.02907655,-0.05334288,-0.05334288,-0.05299263,-0.05334288,0.05334311,0.05299298,0.05334288,0.05299263,0.05334288
14474,15,4,True,0.00016891,0.16148296,0.00023684,0.17185247,0.00016891,0.00016891,0.07045409,0.16131406,0.00006794,0.17168356,0.00000000,0.00000000,0.07028519,0.00000000,0.00000000,0.00000000,0.00000000,-0.07028519
7989,9,4,False,3.13384199,3.12622452,4.15280724,3.92313623,2.54763150,2.54763150,2.54763150,-0.00761747,1.01896524,0.78929424,-0.58621049,-0.58621049,-0.58621049,0.70071220,0.70071220,0.58621049,0.58621049,0.58621049
15169,19,13,False,1.75822759,3.98324013,1.82805073,4.02997923,1.72044110,1.68917871,1.72044110,2.22501254,0.06982315,2.27175164,-0.03778648,-0.06904888,-0.03778648,0.13888431,0.12407136,0.03778648,0.06904888,0.03778648
1252,1,1,True,0.00770253,0.14241511,0.39857090,0.37320083,0.00770253,0.00770253,0.37320083,0.13471258,0.39086837,0.36549830,0.00000000,0.00000000,0.36549830,0.00000000,0.00000000,0.00000000,0.00000000,-0.36549830
242,1,4,True,0.00945767,0.19608767,0.03171552,0.32645041,0.00945767,0.00945767,0.01475975,0.18663001,0.02225786,0.31699273,0.00000000,0.00000000,0.00530208,0.00000000,0.00000000,0.00000000,0.00000000,-0.00530208
13815,15,10,True,0.00381504,0.04514567,0.00508764,0.05981109,0.00342141,0.00342141,0.00342141,0.04133063,0.00127260,0.05599605,-0.00039363,-0.00039363,-0.00039363,0.00040381,0.00040381,0.00039363,0.00039363,0.00039363
5805,8,3,True,0.42199540,0.89670181,0.22087495,0.51971912,0.22087495,0.22087495,0.22087495,0.47470641,-0.20112045,0.09772372,-0.20112045,-0.20112045,-0.20112045,0.24205551,0.24205551,0.20112045,0.20112045,0.20112045
15795,17,4,True,0.04634356,2.12171221,0.01338602,0.26838803,0.01338602,0.01338602,0.02579615,2.07536864,-0.03295755,0.22204447,-0.03295755,-0.03295755,-0.02054742,0.07898624,0.07898624,0.03295755,0.03295755,0.02054742
7093,9,7,False,1.64055419,3.41960096,1.20503032,2.82659960,1.11118293,1.11118257,1.11118293,1.77904677,-0.43552387,1.18604541,-0.52937126,-0.52937162,-0.52937126,0.94151497,0.94151497,0.52937126,0.52937162,0.52937126
6708,9,2,False,3.99424696,3.23875237,5.20887470,4.14119244,3.23875237,3.23875237,3.23875237,-0.75549459,1.21462774,0.14694548,-0.75549459,-0.75549459,-0.75549459,0.74697304,0.74697304,0.75549459,0.75549459,0.75549459
9745,12,1,False,1.54673135,1.66249251,1.85874653,1.96220624,1.54673135,1.54673135,1.54673135,0.11576116,0.31201518,0.41547489,0.00000000,0.00000000,0.00000000,0.00000000,0.00000000,0.00000000,0.00000000,0.00000000
1751,1,1,True,0.02963342,0.07831550,0.04852816,0.12463065,0.02963342,0.02963342,0.04852816,0.04868208,0.01889474,0.09499723,0.00000000,0.00000000,0.01889474,0.00000000,0.00000000,0.00000000,0.00000000,-0.01889474
2720,3,1,False,1.47519886,1.37821066,2.00205898,1.89734936,1.37821066,1.37821066,1.37821066,-0.09698820,0.52686012,0.42215049,-0.09698820,-0.09698820,-0.09698820,0.09698856,0.09698856,0.09698820,0.09698820,0.09698820
2714,4,2,False,2.83370137,2.96320224,2.61518764,2.73766470,2.61518764,2.61518764,2.61518764,0.12950087,-0.21851373,-0.09603667,-0.21851373,-0.21851373,-0.21851373,0.22132921,0.22132921,0.21851373,0.21851373,0.21851373
733,0,3,True,0.30238596,0.83212316,0.65603900,1.22118044,0.25354540,0.25354540,0.25354540,0.52973723,0.35365304,0.91879451,-0.04884055,-0.04884055,-0.04884055,0.04883990,0.04883990,0.04884055,0.04884055,0.04884055
8280,10,3,True,0.00028427,0.00669072,0.00042620,0.00882948,0.00028427,0.00028427,0.00033671,0.00640645,0.00014193,0.00854521,0.00000000,0.00000000,0.00005244,0.00000000,0.00000000,0.00000000,0.00000000,-0.00005244
7962,9,1,True,0.45684156,0.64618957,0.15971841,0.22396557,0.15971841,0.15971841,0.15971841,0.18934801,-0.29712313,-0.23287599,-0.29712313,-0.29712313,-0.29712313,0.29712430,0.29712430,0.29712313,0.29712313,0.29712313
3181,4,2,False,3.16149330,3.02669597,3.04794788,2.93813372,2.69422436,2.69422436,2.69422436,-0.13479733,-0.11354542,-0.22335958,-0.46726894,-0.46726894,-0.46726894,0.45876217,0.45876217,0.46726894,0.46726894,0.46726894
4479,7,2,True,0.39355284,1.21009672,0.48534977,1.34360981,0.39293981,0.39355284,0.39293981,0.81654388,0.09179693,0.95005697,-0.00061303,0.00000000,-0.00061303,0.00061312,0.00000000,0.00061303,0.00000000,0.00061303
237,1,1,True,0.69386268,1.38460565,1.07622504,1.92158377,0.69386268,0.69386268,0.69386268,0.69074297,0.38236237,1.22772110,0.00000000,0.00000000,0.00000000,0.00000000,0.00000000,0.00000000,0.00000000,0.00000000
3355,5,4,True,0.29123124,0.36121732,1.92590547,1.53278410,0.23440847,0.23440838,0.26418188,0.06998608,1.63467419,1.24155283,-0.05682278,-0.05682287,-0.02704936,0.05682313,0.05682313,0.05682278,0.05682287,0.02704936
11959,13,5,True,0.00708745,0.08008312,0.01343907,0.12756047,0.00708745,0.00708745,0.00724877,0.07299568,0.00635162,0.12047302,0.00000000,0.00000000,0.00016132,0.00000000,0.00000000,0.00000000,0.00000000,-0.00016132
16846,17,1,True,0.05640419,0.42498967,0.56333995,0.55179620,0.05640419,0.05640419,0.55179620,0.36858547,0.50693578,0.49539199,0.00000000,0.00000000,0.49539199,0.00000000,0.00000000,0.00000000,0.00000000,-0.49539199
8131,10,31,True,0.00000370,0.00734403,0.00005698,0.01667737,0.00000286,0.00000286,0.00000286,0.00734034,0.00005328,0.01667367,-0.00000083,-0.00000083,-0.00000083,0.00000083,0.00000083,0.00000083,0.00000083,0.00000083
3115,3,3,False,3.58827376,1.78079164,5.10025692,3.16909599,1.78079164,1.78079164,1.78079164,-1.80748212,1.51198316,-0.41917777,-1.80748212,-1.80748212,-1.80748212,1.86815906,1.86815906,1.80748212,1.80748212,1.80748212
16486,17,1,True,0.33484429,1.24231410,0.31485400,0.84242684,0.31485400,0.31485400,0.31485400,0.90746981,-0.01999030,0.50758255,-0.01999030,-0.01999030,-0.01999030,0.01999038,0.01999038,0.01999030,0.01999030,0.01999030
12483,14,18,True,0.00381730,0.21776278,0.00758305,0.42401502,0.00322192,0.00322192,0.00322192,0.21394549,0.00376575,0.42019773,-0.00059538,-0.00059538,-0.00059538,0.00064312,0.00064312,0.00059538,0.00059538,0.00059538
963,1,3,True,0.00667083,0.07853991,0.01712840,0.17705919,0.00667083,0.00667083,0.02467317,0.07186908,0.01045757,0.17038837,0.00000000,0.00000000,0.01800234,0.00000000,0.00000000,0.00000000,0.00000000,-0.01800234
3864,7,1,True,0.05919275,0.23614085,0.04438159,0.22462256,0.04438159,0.05919275,0.04438159,0.17694810,-0.01481116,0.16542982,-0.01481116,0.00000000,-0.01481116,0.01481128,0.00000000,0.01481116,0.00000000,0.01481116
1255,1,1,False,1.99787295,1.02588868,4.38135147,2.30933309,1.02588868,1.02588868,1.02588868,-0.97198427,2.38347864,0.31146014,-0.97198427,-0.97198427,-0.97198427,0.97198331,0.97198331,0.97198427,0.97198427,0.97198427
3885,7,18,True,0.11072622,1.59317780,0.08217183,1.24582076,0.06289806,0.06289806,0.06289806,1.48245156,-0.02855439,1.13509452,-0.04782816,-0.04782816,-0.04782816,0.06401660,0.06401660,0.04782816,0.04782816,0.04782816
1401,1,4,True,0.00489928,0.04506693,0.08793479,0.29990211,0.00405466,0.00405466,0.02287652,0.04016765,0.08303551,0.29500282,-0.00084462,-0.00084462,0.01797724,0.00112190,0.00112190,0.00084462,0.00084462,-0.01797724
9853,12,11,True,0.00351336,0.01513204,0.02560131,0.08329045,0.00331495,0.00323261,0.00331495,0.01161868,0.02208795,0.07977709,-0.00019840,-0.00028074,-0.00019840,0.00032160,0.00030473,0.00019840,0.00028074,0.00019840
5044,7,36,True,0.00237576,0.03313421,0.01163341,0.09172121,0.00161291,0.00161291,0.00161291,0.03075845,0.00925766,0.08934545,-0.00076285,-0.00076285,-0.00076285,0.00111376,0.00111376,0.00076285,0.00076285,0.00076285
9392,12,15,True,0.00091832,0.00898095,0.00815148,0.05709497,0.00091832,0.00091832,0.00091832,0.00806263,0.00723315,0.05617664,0.00000000,0.00000000,0.00000000,0.00000000,0.00000000,0.00000000,0.00000000,0.00000000
9265,12,8,True,0.61437756,0.53885543,0.85252368,0.83521771,0.32854325,0.32456326,0.32854325,-0.07552212,0.23814613,0.22084016,-0.28583431,-0.28981429,-0.28583431,0.34105203,0.33756217,0.28583431,0.28981429,0.28583431
12752,14,1,True,0.07253127,0.24558426,0.06272263,0.21907301,0.06272263,0.06272263,0.06272263,0.17305300,-0.00980864,0.14654174,-0.00980864,-0.00980864,-0.00980864,0.00980885,0.00980885,0.00980864,0.00980864,0.00980864
11425,13,23,True,0.00359556,0.33475414,0.14284675,0.87920755,0.00312079,0.00312079,0.00312079,0.33115858,0.13925119,0.87561202,-0.00047476,-0.00047476,-0.00047476,0.00048007,0.00048007,0.00047476,0.00047476,0.00047476
15331,17,6,True,0.08754486,2.09880638,0.19991362,2.97584057,0.08278139,0.08542194,0.08278139,2.01126146,0.11236876,2.88829565,-0.00476347,-0.00212292,-0.00476347,0.00504249,0.00224076,0.00476347,0.00212292,0.00476347
7432,9,4,False,1.57432199,2.35674548,0.58932811,0.96481770,0.57064533,0.57064533,0.57064533,0.78242350,-0.98499388,-0.60950428,-1.00367665,-1.00367665,-1.00367665,1.39483464,1.39483464,1.00367665,1.00367665,1.00367665
13919,15,5,True,0.12278619,0.91207230,0.15342747,1.02574396,0.12278619,0.12278619,0.12278619,0.78928614,0.03064128,0.90295780,0.00000000,0.00000000,0.00000000,0.00000000,0.00000000,0.00000000,0.00000000,0.00000000
11503,13,1,False,7.75371408,2.48189402,8.21885872,2.86939788,2.48189402,2.48189402,2.48189402,-5.27182007,0.46514463,-4.88431644,-5.27182007,-5.27182007,-5.27182007,5.27182198,5.27182198,5.27182007,5.27182007,5.27182007
7824,10,2,True,0.00120007,0.01037856,0.00152722,0.01217929,0.00120007,0.00120007,0.00143294,0.00917848,0.00032714,0.01097922,0.00000000,0.00000000,0.00023287,0.00000000,0.00000000,0.00000000,0.00000000,-0.00023287
4877,7,13,True,0.15227257,0.85336751,0.11518886,0.64763206,0.11538506,0.11538506,0.11538506,0.70109493,-0.03708371,0.49535948,-0.03688750,-0.03688750,-0.03688750,0.05149214,0.05149214,0.03688750,0.03688750,0.03688750
16208,18,1,True,1.05765474,2.55617929,1.07789707,2.56474066,1.05765474,1.05765474,1.07789707,1.49852455,0.02024233,1.50708592,0.00000000,0.00000000,0.02024233,0.00000000,0.00000000,0.00000000,0.00000000,-0.02024233
1986,3,6,True,0.40382072,0.39544150,1.53726983,2.24305439,0.27911294,0.27911294,0.27911311,-0.00837922,1.13344908,1.83923364,-0.12470779,-0.12470779,-0.12470761,0.13256580,0.13256580,0.12470779,0.12470779,0.12470761
3509,5,1,False,2.06477714,2.11941385,2.26667833,2.31799221,2.06477714,2.06477714,2.06477714,0.05463672,0.20190120,0.25321507,0.00000000,0.00000000,0.00000000,0.00000000,0.00000000,0.00000000,0.00000000,0.00000000
10413,12,10,True,0.02342619,0.05956032,0.06112871,0.15423627,0.02248764,0.02271210,0.02248764,0.03613412,0.03770252,0.13081008,-0.00093855,-0.00071409,-0.00093855,0.00084277,0.00071409,0.00093855,0.00071409,0.00093855
9247,12,2,True,0.23563652,0.44244879,0.25511947,0.45420057,0.23563652,0.23563652,0.23563652,0.20681228,0.01948296,0.21856405,0.00000000,0.00000000,0.00000000,0.00000000,0.00000000,0.00000000,0.00000000,0.00000000
6424,11,1,True,0.21964394,0.35419193,0.56619930,0.99260390,0.21964394,0.21964394,0.35419193,0.13454799,0.34655535,0.77295995,0.00000000,0.00000000,0.13454799,0.00000000,0.00000000,0.00000000,0.00000000,-0.13454799
14391,16,3,True,1.04008579,1.42952800,1.31720376,1.69184923,1.01996005,1.01996005,1.01996005,0.38944221,0.27711797,0.65176344,-0.02012575,-0.02012575,-0.02012575,0.02012491,0.02012491,0.02012575,0.02012575,0.02012575
3006,5,1,True,0.30670691,0.42595336,0.49441198,0.60336524,0.30670691,0.30670691,0.30670691,0.11924645,0.18770507,0.29665834,0.00000000,0.00000000,0.00000000,0.00000000,0.00000000,0.00000000,0.00000000,0.00000000
7263,9,1,True,0.08100370,0.09813721,0.09831204,0.11116110,0.08100370,0.08100370,0.08100370,0.01713351,0.01730835,0.03015740,0.00000000,0.00000000,0.00000000,0.00000000,0.00000000,0.00000000,0.00000000,0.00000000
12245,14,1,True,0.24811506,0.21258992,0.22295928,0.19108854,0.19108854,0.19108854,0.19108854,-0.03552514,-0.02515578,-0.05702652,-0.05702652,-0.05702652,-0.05702652,0.05702680,0.05702680,0.05702652,0.05702652,0.05702652
11906,13,8,True,0.18234614,3.01357317,0.69696754,3.86244774,0.13331509,0.13331509,0.13331509,2.83122706,0.51462138,3.68010163,-0.04903105,-0.04903105,-0.04903105,0.05527467,0.05527467,0.04903105,0.04903105,0.04903105
10366,12,1,True,0.87285960,0.32597098,1.64620519,0.59563160,0.32597098,0.32597098,0.32597098,-0.54688859,0.77334559,-0.27722800,-0.54688859,-0.54688859,-0.54688859,0.54688883,0.54688883,0.54688859,0.54688859,0.54688859
8697,12,2,False,3.77539301,1.22895432,4.65062284,2.05739117,1.22895432,1.27801704,1.22895432,-2.54643869,0.87522984,-1.71800184,-2.54643869,-2.49737597,-2.54643869,2.64646840,2.49737692,2.54643869,2.49737597,2.54643869
16767,17,1,False,5.39795399,5.24174833,4.16502523,4.02681541,4.02681541,4.02681541,4.02681541,-0.15620565,-1.23292875,-1.37113857,-1.37113857,-1.37113857,-1.37113857,1.37113810,1.37113810,1.37113857,1.37113857,1.37113857
16250,19,7,True,0.01945673,0.20139326,0.02215737,0.16678488,0.01823951,0.01823951,0.01823951,0.18193653,0.00270065,0.14732815,-0.00121721,-0.00121721,-0.00121721,0.00123899,0.00123899,0.00121721,0.00121721,0.00121721
7905,9,3,True,1.40967274,1.59824049,1.74500489,1.76775146,1.25454807,1.25454807,1.25454807,0.18856776,0.33533216,0.35807872,-0.15512466,-0.15512466,-0.15512466,0.15512455,0.15512455,0.15512466,0.15512466,0.15512466
13362,15,1,True,0.46213394,0.81517965,0.64116073,1.06897223,0.46213394,0.46213394,0.46213394,0.35304570,0.17902678,0.60683829,0.00000000,0.00000000,0.00000000,0.00000000,0.00000000,0.00000000,0.00000000,0.00000000
8383,12,9,True,0.00518240,0.03881196,0.00765084,0.04642266,0.00511801,0.00511801,0.00511801,0.03362955,0.00246843,0.04124026,-0.00006440,-0.00006440,-0.00006440,0.00006440,0.00006440,0.00006440,0.00006440,0.00006440
12334,14,1,True,0.05124656,0.06429346,0.05446335,0.06966086,0.05124656,0.05124656,0.05124656,0.01304690,0.00321679,0.01841430,0.00000000,0.00000000,0.00000000,0.00000000,0.00000000,0.00000000,0.00000000,0.00000000
2546,3,5,True,0.37601015,0.47063190,1.08999562,1.28440356,0.35888186,0.35888186,0.35888186,0.09462175,0.71398544,0.90839338,-0.01712829,-0.01712829,-0.01712829,0.01712513,0.01712513,0.01712829,0.01712829,0.01712829
11674,13,6,True,0.02836284,0.67453760,0.01804741,0.42743808,0.00769780,0.00769780,0.00769780,0.64617473,-0.01031544,0.39907524,-0.02066504,-0.02066504,-0.02066504,0.03240675,0.03240675,0.02066504,0.02066504,0.02066504
8644,12,4,True,0.12015582,0.43864068,0.13948615,0.47429779,0.12015582,0.12066829,0.12015582,0.31848487,0.01933033,0.35414198,0.00000000,0.00051247,0.00000000,0.00000000,-0.00051258,0.00000000,-0.00051247,0.00000000
14477,16,1,False,3.80592108,3.92492533,4.26561880,4.28631830,3.80592108,3.80592108,3.80592108,0.11900425,0.45969772,0.48039722,0.00000000,0.00000000,0.00000000,0.00000000,0.00000000,0.00000000,0.00000000,0.00000000
887,1,10,True,0.01012546,0.04077160,0.01893188,0.06071482,0.00732498,0.00717361,0.00732498,0.03064614,0.00880642,0.05058936,-0.00280048,-0.00295185,-0.00280048,0.00357023,0.00352043,0.00280048,0.00295185,0.00280048
9640,12,4,True,0.04616430,0.12457088,0.09372433,0.21486957,0.04616430,0.04616430,0.04616430,0.07840658,0.04756003,0.16870528,0.00000000,0.00000000,0.00000000,0.00000000,0.00000000,0.00000000,0.00000000,0.00000000
6384,10,1,True,0.00614693,0.02138824,0.00716308,0.02455185,0.00614693,0.00614693,0.00716308,0.01524131,0.00101615,0.01840492,0.00000000,0.00000000,0.00101615,0.00000000,0.00000000,0.00000000,0.00000000,-0.00101615
8044,9,2,True,0.62165153,1.24158764,0.26261151,0.61984307,0.26261151,0.26261151,0.26261151,0.61993611,-0.35904002,-0.00180846,-0.35904002,-0.35904002,-0.35904002,0.41731772,0.41731772,0.35904002,0.35904002,0.35904002
5202,7,5,True,0.07655657,0.74842823,0.05018594,0.42361629,0.04126074,0.04126074,0.04126074,0.67187166,-0.02637063,0.34705973,-0.03529583,-0.03529583,-0.03529583,0.05232442,0.05232442,0.03529583,0.03529583,0.03529583
13276,15,19,True,0.00401441,0.25667417,0.00524028,0.21906094,0.00257744,0.00257744,0.00257744,0.25265977,0.00122587,0.21504653,-0.00143697,-0.00143697,-0.00143697,0.00170389,0.00170389,0.00143697,0.00143697,0.00143697
7265,10,1,True,0.00568808,0.01135270,0.00600925,0.01188896,0.00568808,0.00568808,0.00568808,0.00566463,0.00032117,0.00620088,0.00000000,0.00000000,0.00000000,0.00000000,0.00000000,0.00000000,0.00000000,0.00000000
10390,12,7,True,0.00440508,0.03461917,0.02494075,0.11060029,0.00440508,0.00440508,0.00440508,0.03021409,0.02053567,0.10619521,0.00000000,0.00000000,0.00000000,0.00000000,0.00000000,0.00000000,0.00000000,0.00000000
14732,16,2,True,0.44576222,0.69479483,0.54618919,0.68565112,0.31245005,0.31245005,0.31245005,0.24903262,0.10042697,0.23988891,-0.13331217,-0.13331217,-0.13331217,0.13331196,0.13331196,0.13331217,0.13331217,0.13331217
16929,17,1,False,1.59110498,1.53422856,1.74559867,1.68269062,1.53422856,1.53422856,1.53422856,-0.05687642,0.15449369,0.09158564,-0.05687642,-0.05687642,-0.05687642,0.05687523,0.05687523,0.05687642,0.05687642,0.05687642
8375,12,14,True,0.00064054,0.00744675,0.00567089,0.03961605,0.00057192,0.00057002,0.00057192,0.00680620,0.00503034,0.03897551,-0.00006862,-0.00007053,-0.00006862,0.00008220,0.00007291,0.00006862,0.00007053,0.00006862
1576,1,1,True,0.05954100,0.04680007,0.05977549,0.04688163,0.04680007,0.04680007,0.04680007,-0.01274093,0.00023449,-0.01265937,-0.01274093,-0.01274093,-0.01274093,0.01274093,0.01274093,0.01274093,0.01274093,0.01274093
1738,1,4,True,0.00646132,0.12649305,0.02450917,0.66470307,0.00646132,0.00646132,0.01094976,0.12003173,0.01804784,0.65824175,0.00000000,0.00000000,0.00448844,0.00000000,0.00000000,0.00000000,0.00000000,-0.00448844
9393,12,1,True,0.82411885,0.42138144,0.86490709,0.45148838,0.42138144,0.42138144,0.42138144,-0.40273741,0.04078823,-0.37263048,-0.40273741,-0.40273741,-0.40273741,0.40273649,0.40273649,0.40273741,0.40273741,0.40273741
13778,15,1,True,0.07704309,0.17139661,0.07333541,0.16039735,0.07333541,0.07333541,0.07333541,0.09435353,-0.00370768,0.08335426,-0.00370768,-0.00370768,-0.00370768,0.00370768,0.00370768,0.00370768,0.00370768,0.00370768
9562,12,5,True,0.06707752,0.11995907,0.15806198,0.25076193,0.06698633,0.06698633,0.06698633,0.05288155,0.09098446,0.18368441,-0.00009120,-0.00009120,-0.00009120,0.00009120,0.00009120,0.00009120,0.00009120,0.00009120
13548,15,11,True,0.03783035,1.89071405,0.04536784,1.97567081,0.03406790,0.03406790,0.03406790,1.85288370,0.00753750,1.93784046,-0.00376245,-0.00376245,-0.00376245,0.00385057,0.00385057,0.00376245,0.00376245,0.00376245
8073,10,1,True,0.01530510,0.03870141,0.01639654,0.04135237,0.01530510,0.01530510,0.01530510,0.02339631,0.00109145,0.02604727,0.00000000,0.00000000,0.00000000,0.00000000,0.00000000,0.00000000,0.00000000,0.00000000
2718,3,1,True,0.35479701,0.32189775,0.68209147,0.63305175,0.32189775,0.32189775,0.32189775,-0.03289926,0.32729447,0.27825475,-0.03289926,-0.03289926,-0.03289926,0.03289917,0.03289917,0.03289926,0.03289926,0.03289926
6275,8,2,True,0.00497745,0.01122929,0.00482027,0.01072016,0.00482027,0.00482027,0.00482027,0.00625184,-0.00015718,0.00574271,-0.00015718,-0.00015718,-0.00015718,0.00017260,0.00017260,0.00015718,0.00015718,0.00015718
10839,13,22,True,0.00001299,0.07950120,0.00016152,0.06098067,0.00001061,0.00001025,0.00001025,0.07948821,0.00014852,0.06096768,-0.00000238,-0.00000274,-0.00000274,0.00000310,0.00000310,0.00000238,0.00000274,0.00000274
7019,11,1,False,1.10615706,1.15849197,1.10189152,1.15415907,1.10189152,1.10189152,1.10189152,0.05233490,-0.00426555,0.04800200,-0.00426555,-0.00426555,-0.00426555,0.00426507,0.00426507,0.00426555,0.00426555,0.00426555
12596,14,3,True,0.04067935,0.10089309,0.04026115,0.09998311,0.03844632,0.03844632,0.03844632,0.06021373,-0.00041820,0.05930376,-0.00223304,-0.00223304,-0.00223304,0.00223304,0.00223304,0.00223304,0.00223304,0.00223304
10056,12,2,True,0.11542787,0.16945659,0.15978251,0.21824466,0.11542787,0.11542787,0.11542787,0.05402872,0.04435465,0.10281679,0.00000000,0.00000000,0.00000000,0.00000000,0.00000000,0.00000000,0.00000000,0.00000000
58,1,1,False,1.90741205,3.12454796,1.64216530,2.64148164,1.64216530,1.64216530,1.64216530,1.21713591,-0.26524675,0.73406959,-0.26524675,-0.26524675,-0.26524675,0.26524770,0.26524770,0.26524675,0.26524675,0.26524675
8203,9,7,False,7.33938837,4.59569216,8.41914654,5.58495140,4.59569216,4.59569216,4.59569216,-2.74369621,1.07975817,-1.75443697,-2.74369621,-2.74369621,-2.74369621,2.83608866,2.83608866,2.74369621,2.74369621,2.74369621
3405,3,2,True,0.25288966,0.19765867,1.38749290,1.13103485,0.19765867,0.19765867,0.19530281,-0.05523099,1.13460326,0.87814522,-0.05523099,-0.05523099,-0.05758685,0.05842853,0.05842853,0.05523099,0.05523099,0.05758685
3872,8,6,True,0.10397408,0.61584520,0.08497179,0.42134544,0.08497179,0.08497179,0.08497179,0.51187110,-0.01900230,0.31737137,-0.01900230,-0.01900230,-0.01900230,0.03582814,0.03582814,0.01900230,0.01900230,0.01900230
15611,17,5,True,0.43759266,1.29556298,0.54504836,1.38783944,0.41557994,0.41557994,0.41557994,0.85797036,0.10745570,0.95024681,-0.02201271,-0.02201271,-0.02201271,0.02965686,0.02965686,0.02201271,0.02201271,0.02201271
11616,13,1,True,0.00002122,0.07098944,0.00042227,0.04510818,0.00002122,0.00002122,0.04510818,0.07096823,0.00040105,0.04508696,0.00000000,0.00000000,0.04508696,0.00000000,0.00000000,0.00000000,0.00000000,-0.04508696
298,0,7,True,0.01198095,0.31359807,0.02894645,0.38148439,0.01079045,0.01079045,0.01629874,0.30161712,0.01696550,0.36950344,-0.00119050,-0.00119050,0.00431778,0.00119038,0.00119038,0.00119050,0.00119050,-0.00431778
4145,7,1,True,0.21943624,0.15581550,0.26517636,0.18374097,0.15581550,0.15581550,0.15581550,-0.06362075,0.04574011,-0.03569527,-0.06362075,-0.06362075,-0.06362075,0.06362016,0.06362016,0.06362075,0.06362075,0.06362075
6541,11,3,True,0.09488009,0.08431589,0.09746794,0.08553313,0.08356418,0.08356418,0.08356418,-0.01056420,0.00258785,-0.00934695,-0.01131591,-0.01131591,-0.01131591,0.01152787,0.01152787,0.01131591,0.01131591,0.01131591
8867,12,7,True,0.04782929,0.21667661,0.10439697,0.36658141,0.04416011,0.04416011,0.07205741,0.16884732,0.05656768,0.31875211,-0.00366917,-0.00366917,0.02422813,0.00386046,0.00386046,0.00366917,0.00366917,-0.02422813
11011,13,21,True,0.00060373,0.56878531,0.00062339,0.20216341,0.00054023,0.00054023,0.00054023,0.56818157,0.00001966,0.20155968,-0.00006350,-0.00006350,-0.00006350,0.00072271,0.00072271,0.00006350,0.00006350,0.00006350
9325,12,2,True,0.26835769,0.21025047,0.41454878,0.29902223,0.11238798,0.12079275,0.12079275,-0.05810723,0.14619109,0.03066453,-0.15596971,-0.14756495,-0.14756495,0.15596987,0.15569802,0.15596971,0.14756495,0.14756495
10294,12,47,True,0.02876230,0.34419408,0.36904916,0.60080117,0.01373918,0.01433456,0.01373918,0.31543177,0.34028685,0.57203889,-0.01502312,-0.01442774,-0.01502312,0.02538594,0.02536254,0.01502312,0.01442774,0.01502312
2355,3,2,True,0.01629522,0.07739963,0.30154097,0.86204541,0.01393494,0.01393494,0.12051804,0.06110442,0.28524575,0.84575021,-0.00236028,-0.00236028,0.10422282,0.00236040,0.00236040,0.00236028,0.00236028,-0.10422282
11346,13,10,True,0.05718211,1.20780969,0.03678102,0.62755269,0.03171702,0.03171702,0.03171702,1.15062761,-0.02040109,0.57037055,-0.02546509,-0.02546509,-0.02546509,0.06266548,0.06266548,0.02546509,0.02546509,0.02546509
14931,15,8,True,0.09286439,0.56854063,0.12949681,0.74346793,0.06641291,0.06641291,0.06641291,0.47567624,0.03663242,0.65060353,-0.02645148,-0.02645148,-0.02645148,0.02826009,0.02826009,0.02645148,0.02645148,0.02645148
13667,15,4,True,0.14114679,0.45092759,0.22503547,0.66238630,0.11942592,0.11990324,0.11990345,0.30978078,0.08388868,0.52123952,-0.02172087,-0.02124355,-0.02124334,0.02172171,0.02124408,0.02172087,0.02124355,0.02124334
12373,14,1,True,0.14806157,0.15301213,0.14499456,0.15090814,0.14499456,0.14499456,0.14499456,0.00495055,-0.00306702,0.00284657,-0.00306702,-0.00306702,-0.00306702,0.00306702,0.00306702,0.00306702,0.00306702,0.00306702
10197,12,28,True,0.01133762,0.26344359,0.03132071,0.48506552,0.01117259,0.01117259,0.01117259,0.25210598,0.01998309,0.47372791,-0.00016502,-0.00016502,-0.00016502,0.00017009,0.00017009,0.00016502,0.00016502,0.00016502
9805,12,16,True,0.00943216,0.25995779,0.01973938,0.24155198,0.00733871,0.00733871,0.00733871,0.25052562,0.01030722,0.23211983,-0.00209345,-0.00209345,-0.00209345,0.00209165,0.00209165,0.00209345,0.00209345,0.00209345
1828,1,10,True,0.00000179,0.00005925,0.00007820,0.00133723,0.00000083,0.00000083,0.00000632,0.00005746,0.00007641,0.00133544,-0.00000095,-0.00000095,0.00000453,0.00000119,0.00000119,0.00000095,0.00000095,-0.00000453
12001,13,5,False,3.30681801,3.03379822,2.56985092,2.43679094,2.18065786,2.18065786,2.18065786,-0.27301979,-0.73696709,-0.87002707,-1.12616014,-1.12616014,-1.12616014,1.22348475,1.22348475,1.12616014,1.12616014,1.12616014
10968,13,31,True,0.01266555,4.34851837,0.02091006,3.02713060,0.00412091,0.00412091,0.00331341,4.33585262,0.00824451,3.01446509,-0.00854464,-0.00854464,-0.00935214,0.02739877,0.02739877,0.00854464,0.00854464,0.00935214
10599,12,7,True,0.80824828,1.23140574,1.17628348,1.55944312,0.79565370,0.79305077,0.79158616,0.42315745,0.36803520,0.75119483,-0.01259458,-0.01519752,-0.01666212,0.01509249,0.01440948,0.01259458,0.01519752,0.01666212
5020,8,1,True,0.13766101,0.41111317,0.09500097,0.28282025,0.09500097,0.09500097,0.09500097,0.27345216,-0.04266004,0.14515924,-0.04266004,-0.04266004,-0.04266004,0.04266016,0.04266016,0.04266004,0.04266004,0.04266004
4736,7,2,True,0.03123740,0.43262029,0.02663887,0.36333340,0.02663887,0.02663887,0.02663887,0.40138289,-0.00459854,0.33209601,-0.00459854,-0.00459854,-0.00459854,0.00613282,0.00613282,0.00459854,0.00459854,0.00459854
9479,12,2,True,0.67927819,1.04515791,1.35773861,1.70659590,0.67927819,0.67927819,0.67927819,0.36587971,0.67846042,1.02731776,0.00000000,0.00000000,0.00000000,0.00000000,0.00000000,0.00000000,0.00000000,0.00000000
1823,0,1,True,0.01391766,0.08580209,0.16588216,0.33077407,0.01391766,0.01391766,0.33077407,0.07188444,0.15196450,0.31685641,0.00000000,0.00000000,0.31685641,0.00000000,0.00000000,0.00000000,0.00000000,-0.31685641
800,1,2,True,0.00075753,0.00971471,0.00265460,0.03642176,0.00075753,0.00075753,0.00394922,0.00895718,0.00189708,0.03566424,0.00000000,0.00000000,0.00319170,0.00000000,0.00000000,0.00000000,0.00000000,-0.00319170
5831,8,2,False,0.96289694,1.56607020,0.62254339,1.09146833,0.62254339,0.62254339,0.62254339,0.60317326,-0.34035355,0.12857139,-0.34035355,-0.34035355,-0.34035355,0.36048019,0.36048019,0.34035355,0.34035355,0.34035355
6117,8,3,True,0.90716088,1.08885598,0.34465632,0.45881662,0.27282786,0.27282786,0.27282786,0.18169510,-0.56250453,-0.44834426,-0.63433301,-0.63433301,-0.63433301,0.84070110,0.84070110,0.63433301,0.63433301,0.63433301
13893,16,2,True,0.00832445,0.12025847,0.02825577,0.24124230,0.00832445,0.00832445,0.05617905,0.11193401,0.01993132,0.23291786,0.00000000,0.00000000,0.04785460,0.00000000,0.00000000,0.00000000,0.00000000,-0.04785460
7002,9,2,True,0.00028332,0.00444080,0.00059801,0.00930024,0.00028332,0.00028332,0.00286169,0.00415748,0.00031469,0.00901692,0.00000000,0.00000000,0.00257837,0.00000000,0.00000000,0.00000000,0.00000000,-0.00257837
2256,4,54,False,10.27229500,8.51304436,4.92169333,3.29073191,2.30072260,2.30072236,2.30072260,-1.75925064,-5.35060167,-6.98156309,-7.97157240,-7.97157288,-7.97157240,8.30924129,8.30924129,7.97157240,7.97157288,7.97157240
4541,8,2,False,2.20753837,3.81301594,0.98094612,1.83985567,0.98094612,0.98094612,1.00750983,1.60547757,-1.22659230,-0.36768270,-1.22659230,-1.22659230,-1.20002854,1.34789944,1.34789944,1.22659230,1.22659230,1.20002854
15641,17,1,True,0.00323974,0.07946575,0.00303368,0.09441313,0.00303368,0.00323974,0.07946575,0.07622601,-0.00020606,0.09117339,-0.00020606,0.00000000,0.07622601,0.00020606,0.00000000,0.00020606,0.00000000,-0.07622601
3721,4,5,False,3.97428393,5.03292036,3.24852443,4.08322763,3.24852443,3.24852490,3.24852443,1.05863643,-0.72575951,0.10894370,-0.72575951,-0.72575903,-0.72575951,0.75610948,0.75610948,0.72575951,0.72575903,0.72575951
15275,17,1,False,1.33354688,1.03775716,1.28049695,1.14580011,1.03775716,1.33354688,1.03775716,-0.29578972,-0.05304992,-0.18774676,-0.29578972,0.00000000,-0.29578972,0.29578900,0.00000000,0.29578972,0.00000000,0.29578972
14056,15,8,True,0.00259741,0.22182871,0.00578491,0.42097923,0.00255140,0.00255140,0.00255140,0.21923131,0.00318750,0.41838181,-0.00004602,-0.00004602,-0.00004602,0.00004602,0.00004602,0.00004602,0.00004602,0.00004602
9134,12,31,True,0.00091785,0.00899218,0.00430004,0.04093513,0.00090701,0.00090701,0.00090701,0.00807433,0.00338219,0.04001728,-0.00001084,-0.00001084,-0.00001084,0.00001084,0.00001084,0.00001084,0.00001084,0.00001084
15827,17,12,True,0.15958163,2.15871739,0.12941815,0.92385387,0.09153988,0.09153988,0.09153988,1.99913573,-0.03016348,0.76427221,-0.06804175,-0.06804175,-0.06804175,0.11292019,0.11292019,0.06804175,0.06804175,0.06804175
3957,8,1,True,0.34914476,0.69051909,0.34130874,0.65666658,0.34130874,0.34130874,0.34130874,0.34137434,-0.00783601,0.30752182,-0.00783601,-0.00783601,-0.00783601,0.00783688,0.00783688,0.00783601,0.00783601,0.00783601
8141,9,9,True,0.17428809,0.69704843,0.58694607,0.90276837,0.14870152,0.15190242,0.14870152,0.52276033,0.41265798,0.72848028,-0.02558658,-0.02238567,-0.02558658,0.02301760,0.02238430,0.02558658,0.02238567,0.02558658
6166,7,1,True,0.24497141,0.27672935,0.32864150,0.36755192,0.24497141,0.24497141,0.24497141,0.03175794,0.08367009,0.12258051,0.00000000,0.00000000,0.00000000,0.00000000,0.00000000,0.00000000,0.00000000,0.00000000
4453,8,2,True,0.43031597,0.93911034,0.40590465,0.87140089,0.40590465,0.39627016,0.40590465,0.50879437,-0.02441132,0.44108492,-0.02441132,-0.03404582,-0.02441132,0.03415835,0.03404501,0.02441132,0.03404582,0.02441132
10939,13,12,True,0.00027760,0.16978680,0.00046969,0.08858133,0.00025651,0.00018523,0.00027975,0.16950920,0.00019209,0.08830373,-0.00002109,-0.00009237,0.00000215,0.00034097,0.00033930,0.00002109,0.00009237,-0.00000215
13194,16,75,True,0.00002694,0.36040241,0.00388641,0.13004743,0.00000644,0.00000644,0.00000644,0.36037546,0.00385947,0.13002048,-0.00002050,-0.00002050,-0.00002050,0.00003743,0.00003743,0.00002050,0.00002050,0.00002050
14813,16,28,True,0.03460420,0.58072138,0.07663696,0.50405473,0.02561920,0.02546047,0.02561920,0.54611719,0.04203275,0.46945053,-0.00898500,-0.00914374,-0.00898500,0.01211309,0.01210181,0.00898500,0.00914374,0.00898500
6511,10,15,True,0.00005472,0.04609748,0.00010526,0.07796458,0.00005388,0.00005388,0.00005388,0.04604276,0.00005054,0.07790986,-0.00000083,-0.00000083,-0.00000083,0.00000095,0.00000095,0.00000083,0.00000083,0.00000083
10904,13,1,True,0.22737320,0.17887549,0.28938243,0.25465679,0.17887549,0.22737320,0.17887549,-0.04849771,0.06200923,0.02728359,-0.04849771,0.00000000,-0.04849771,0.04849809,0.00000000,0.04849771,0.00000000,0.04849771
10976,13,4,True,0.00203153,0.04385941,0.00659113,0.07084808,0.00203153,0.00203153,0.00312947,0.04182788,0.00455960,0.06881655,0.00000000,0.00000000,0.00109794,0.00000000,0.00000000,0.00000000,0.00000000,-0.00109794
2871,4,5,False,2.72348094,2.38611722,2.45355415,1.89471102,0.93630987,0.93836713,0.93630987,-0.33736372,-0.26992679,-0.82876992,-1.78717113,-1.78511381,-1.78717113,1.86975646,1.86904430,1.78717113,1.78511381,1.78717113
20,1,1,False,2.06901956,1.99557233,2.74755621,2.66531754,1.99557233,2.06901956,1.99557233,-0.07344723,0.67853665,0.59629798,-0.07344723,0.00000000,-0.07344723,0.07344747,0.00000000,0.07344723,0.00000000,0.07344723
16932,18,35,False,2.08882141,3.42189622,2.18472672,3.38779449,1.51549149,1.51549125,1.51549125,1.33307481,0.09590530,1.29897308,-0.57332993,-0.57333016,-0.57333016,0.65916610,0.65916610,0.57332993,0.57333016,0.57333016
14821,16,21,True,0.04329288,0.06030907,0.13816439,0.15341468,0.01664571,0.01664571,0.01664571,0.01701619,0.09487151,0.11012180,-0.02664717,-0.02664717,-0.02664717,0.04206140,0.04206140,0.02664717,0.02664717,0.02664717
14175,16,6,True,0.10478126,0.15114635,0.23167165,0.29705006,0.09824742,0.09824742,0.09824742,0.04636510,0.12689039,0.19226880,-0.00653383,-0.00653383,-0.00653383,0.00701114,0.00701114,0.00653383,0.00653383,0.00653383
16474,17,4,False,5.34993744,3.25822043,3.64328432,1.84918833,1.84918833,1.84918833,1.84918833,-2.09171700,-1.70665312,-3.50074911,-3.50074911,-3.50074911,-3.50074911,3.96635270,3.96635270,3.50074911,3.50074911,3.50074911
8769,12,11,True,0.00494400,0.01328662,0.01247837,0.03392525,0.00464313,0.00464313,0.00464313,0.00834262,0.00753437,0.02898125,-0.00030087,-0.00030087,-0.00030087,0.00030087,0.00030087,0.00030087,0.00030087,0.00030087
3382,6,1,False,2.48811460,3.09982276,2.17629337,2.71322131,2.17629337,2.17629337,2.17629337,0.61170816,-0.31182122,0.22510672,-0.31182122,-0.31182122,-0.31182122,0.31182289,0.31182289,0.31182122,0.31182122,0.31182122
12838,14,1,True,0.35364881,0.27577618,0.32854936,0.25496206,0.25496206,0.25496206,0.25496206,-0.07787263,-0.02509946,-0.09868675,-0.09868675,-0.09868675,-0.09868675,0.09868699,0.09868699,0.09868675,0.09868675,0.09868675
10932,13,27,False,1.93818784,4.71397543,1.11679673,3.34733462,0.31013143,0.31013143,0.31013143,2.77578759,-0.82139111,1.40914679,-1.62805641,-1.62805641,-1.62805641,2.53116989,2.53116989,1.62805641,1.62805641,1.62805641
6242,8,1,True,0.07272826,0.08320829,0.05974371,0.06898183,0.05974371,0.05974371,0.05974371,0.01048003,-0.01298455,-0.00374644,-0.01298455,-0.01298455,-0.01298455,0.01298466,0.01298466,0.01298455,0.01298455,0.01298455
10963,13,17,True,0.00414845,0.50494993,0.06700027,0.54318351,0.00360838,0.00380946,0.00360838,0.50080150,0.06285182,0.53903508,-0.00054007,-0.00033899,-0.00054007,0.00072990,0.00072978,0.00054007,0.00033899,0.00054007
194,0,1,True,0.78633851,0.92247295,1.90074122,1.88699150,0.78633851,0.78633851,0.78633851,0.13613445,1.11440277,1.10065293,0.00000000,0.00000000,0.00000000,0.00000000,0.00000000,0.00000000,0.00000000,0.00000000
3716,5,4,True,0.75785661,0.98935682,1.42333829,1.14985228,0.35550654,0.35550654,0.35550654,0.23150021,0.66548169,0.39199567,-0.40235007,-0.40235007,-0.40235007,0.48404533,0.48404533,0.40235007,0.40235007,0.40235007
14177,15,1,False,2.59997463,1.87860155,1.60636759,1.21936619,1.21936619,1.21936619,1.21936619,-0.72137308,-0.99360704,-1.38060844,-1.38060844,-1.38060844,-1.38060844,1.38060784,1.38060784,1.38060844,1.38060844,1.38060844
4445,8,8,True,0.00085663,0.15778928,0.00044848,0.08219796,0.00044848,0.00044848,0.00448495,0.15693265,-0.00040814,0.08134133,-0.00040814,-0.00040814,0.00362832,0.00060689,0.00060689,0.00040814,0.00040814,-0.00362832
2558,3,2,True,0.54664415,0.58534783,1.69512665,1.86847043,0.58534783,0.54664415,0.58534783,0.03870368,1.14848256,1.32182622,0.03870368,0.00000000,0.03870368,0.06618565,0.00000000,-0.03870368,0.00000000,-0.03870368
14949,16,4,True,0.00040368,0.01556487,0.00177202,0.04195062,0.00040368,0.00040368,0.00071035,0.01516119,0.00136834,0.04154694,0.00000000,0.00000000,0.00030667,0.00000000,0.00000000,0.00000000,0.00000000,-0.00030667
7716,9,11,True,0.00048054,0.01239007,0.00136247,0.03745563,0.00047887,0.00047887,0.00047887,0.01190953,0.00088193,0.03697509,-0.00000167,-0.00000167,-0.00000167,0.00000167,0.00000167,0.00000167,0.00000167,0.00000167
7927,9,9,True,0.00576950,0.07098689,0.02707672,0.24451475,0.00576950,0.00576950,0.00692527,0.06521738,0.02130722,0.23874524,0.00000000,0.00000000,0.00115577,0.00000000,0.00000000,0.00000000,0.00000000,-0.00115577
3701,3,1,True,0.18385673,0.28758284,0.60118395,0.82753545,0.18385673,0.18385673,0.28758284,0.10372612,0.41732723,0.64367872,0.00000000,0.00000000,0.10372612,0.00000000,0.00000000,0.00000000,0.00000000,-0.10372612
5661,7,9,True,0.00105576,0.03797588,0.00209148,0.05235866,0.00104599,0.00104599,0.00104599,0.03692013,0.00103573,0.05130291,-0.00000976,-0.00000976,-0.00000976,0.00000976,0.00000976,0.00000976,0.00000976,0.00000976
9975,12,3,True,0.91026878,0.65186310,2.36236477,1.59366512,0.65186310,0.65186310,0.65186310,-0.25840569,1.45209599,0.68339634,-0.25840569,-0.25840569,-0.25840569,0.56365103,0.56365103,0.25840569,0.25840569,0.25840569
2664,4,1,False,4.61294365,4.13193703,4.53024864,4.04975128,4.04975128,4.04975128,4.04975128,-0.48100662,-0.08269501,-0.56319237,-0.56319237,-0.56319237,-0.56319237,0.56319380,0.56319380,0.56319237,0.56319237,0.56319237
9859,12,1,True,0.57928771,0.61366022,0.69780999,0.72406393,0.57928771,0.57928771,0.57928771,0.03437251,0.11852229,0.14477623,0.00000000,0.00000000,0.00000000,0.00000000,0.00000000,0.00000000,0.00000000,0.00000000
421,2,2,True,0.36396617,0.89449543,1.26071262,1.44473827,0.33375728,0.33375728,0.33375728,0.53052926,0.89674646,1.08077216,-0.03020889,-0.03020889,-0.03020889,0.03020954,0.03020954,0.03020889,0.03020889,0.03020889
12541,14,10,False,3.40986395,2.34850168,3.61772418,2.44855833,2.28722882,2.29679632,2.28722882,-1.06136227,0.20786023,-0.96130562,-1.12263513,-1.11306763,-1.12263513,1.73317218,1.72981429,1.12263513,1.11306763,1.12263513
9768,12,9,True,0.00484732,0.03885817,0.01182770,0.07632101,0.00484732,0.00484732,0.00484732,0.03401085,0.00698038,0.07147368,0.00000000,0.00000000,0.00000000,0.00000000,0.00000000,0.00000000,0.00000000,0.00000000
14240,16,1,True,0.02629557,1.14054346,0.04956388,1.37421310,0.02629557,0.02629557,0.02629557,1.11424792,0.02326831,1.34791756,0.00000000,0.00000000,0.00000000,0.00000000,0.00000000,0.00000000,0.00000000,0.00000000
4166,8,146,True,0.00006223,5.89116669,0.02238389,0.02429173,0.00000572,0.00000489,0.00000489,5.89110470,0.02232167,0.02422951,-0.00005650,-0.00005734,-0.00005734,0.00062343,0.00062319,0.00005650,0.00005734,0.00005734
6567,11,1,True,0.25487790,0.24476443,0.25564969,0.24600762,0.24476443,0.24476443,0.24476443,-0.01011346,0.00077179,-0.00887027,-0.01011346,-0.01011346,-0.01011346,0.01011430,0.01011430,0.01011346,0.01011346,0.01011346
6728,9,11,False,3.55867481,3.95015454,6.63084269,4.99737358,3.19760442,2.69154549,3.19760442,0.39147973,3.07216787,1.43869877,-0.36107039,-0.86712933,-0.36107039,1.57202053,1.55226827,0.36107039,0.86712933,0.36107039
1412,1,5,True,0.03558783,0.05889293,0.30017808,0.40284058,0.01152819,0.01152819,0.05889293,0.02330510,0.26459026,0.36725277,-0.02405965,-0.02405965,0.02330510,0.03450590,0.03450590,0.02405965,0.02405965,-0.02330510
4598,7,50,True,0.00013398,0.11834343,0.00015663,0.05812231,0.00009274,0.00009107,0.00009274,0.11820944,0.00002265,0.05798832,-0.00004124,-0.00004291,-0.00004124,0.00007807,0.00007807,0.00004124,0.00004291,0.00004124
1880,1,2,True,0.00965025,0.05329707,0.02891472,0.15273650,0.00869347,0.00869347,0.05329707,0.04364683,0.01926447,0.14308625,-0.00095678,-0.00095678,0.04364683,0.00095678,0.00095678,0.00095678,0.00095678,-0.04364683
15537,19,1,True,0.19242719,1.12698102,0.13237649,0.73415899,0.13237649,0.13237649,0.19242719,0.93455386,-0.06005070,0.54173183,-0.06005070,-0.06005070,0.00000000,0.06005061,0.06005061,0.06005070,0.06005070,0.00000000
11935,13,1,False,2.05590749,2.63643098,2.12256098,2.67862272,2.05590749,2.05590749,2.05590749,0.58052349,0.06665349,0.62271523,0.00000000,0.00000000,0.00000000,0.00000000,0.00000000,0.00000000,0.00000000,0.00000000
4902,8,1,False,3.59027576,2.64804840,3.20867562,2.30488920,2.30488920,2.30488920,2.30488920,-0.94222736,-0.38160014,-1.28538656,-1.28538656,-1.28538656,-1.28538656,1.28538656,1.28538656,1.28538656,1.28538656,1.28538656
6047,8,15,True,0.31060696,3.11925602,0.57541955,1.95964336,0.18789151,0.22556429,0.18789160,2.80864906,0.26481259,1.64903641,-0.12271544,-0.08504267,-0.12271535,0.18304080,0.16949931,0.12271544,0.08504267,0.12271535
16524,18,3,True,0.39483044,0.82004070,0.29218796,0.66287738,0.24779531,0.24779531,0.24779531,0.42521027,-0.10264248,0.26804695,-0.14703512,-0.14703512,-0.14703512,0.16408890,0.16408890,0.14703512,0.14703512,0.14703512
2343,3,1,True,0.00343768,0.02088706,0.02177568,0.11496042,0.00343768,0.00343768,0.02177568,0.01744938,0.01833799,0.11152273,0.00000000,0.00000000,0.01833799,0.00000000,0.00000000,0.00000000,0.00000000,-0.01833799
1775,0,10,False,3.52774525,5.21767187,1.08340955,2.15951657,0.54253393,0.54253387,0.54253387,1.68992662,-2.44433570,-1.36822867,-2.98521137,-2.98521137,-2.98521137,4.66871881,4.66871834,2.98521137,2.98521137,2.98521137
16171,19,25,False,1.47688055,3.77226090,1.89652348,3.27597237,1.47974801,1.43345046,1.50542569,2.29538035,0.41964293,1.79909182,0.00286746,-0.04343009,0.02854514,0.49439692,0.48766458,-0.00286746,0.04343009,-0.02854514
2879,5,1,False,1.25779748,1.76179159,1.31077838,1.82026136,1.25779748,1.25779748,1.25779748,0.50399411,0.05298090,0.56246388,0.00000000,0.00000000,0.00000000,0.00000000,0.00000000,0.00000000,0.00000000,0.00000000
1820,1,1,True,0.05634413,0.03691740,0.93239421,0.53245497,0.03691740,0.03691740,0.03691740,-0.01942673,0.87605006,0.47611085,-0.01942673,-0.01942673,-0.01942673,0.01942661,0.01942661,0.01942673,0.01942673,0.01942673
13633,15,15,True,0.00565169,0.27953488,0.01017432,0.38457507,0.00335072,0.00335072,0.00335072,0.27388319,0.00452263,0.37892339,-0.00230097,-0.00230097,-0.00230097,0.00255113,0.00255113,0.00230097,0.00230097,0.00230097
3076,5,4,False,1.05544591,0.60500419,2.90189862,1.71004760,0.60500419,0.60500419,0.60500419,-0.45044172,1.84645271,0.65460169,-0.45044172,-0.45044172,-0.45044172,0.48569620,0.48569620,0.45044172,0.45044172,0.45044172
7593,9,10,True,0.67707676,0.84662330,0.82278639,0.82916033,0.16266528,0.16266528,0.16266528,0.16954654,0.14570963,0.15208358,-0.51441145,-0.51441145,-0.51441145,0.85214198,0.85214198,0.51441145,0.51441145,0.51441145
13007,14,17,False,1.33125448,1.36345685,1.38265514,1.11050749,0.58968771,0.58968747,0.58968747,0.03220236,0.05140066,-0.22074699,-0.74156678,-0.74156702,-0.74156702,0.93310201,0.93310201,0.74156678,0.74156702,0.74156702
9830,12,3,True,0.06505376,0.14285688,0.08954240,0.18860747,0.06505376,0.06505376,0.06505376,0.07780312,0.02448864,0.12355371,0.00000000,0.00000000,0.00000000,0.00000000,0.00000000,0.00000000,0.00000000,0.00000000
8288,9,9,True,0.01376058,0.04847274,0.03808605,0.07515132,0.01096250,0.01089765,0.01096250,0.03471216,0.02432547,0.06139074,-0.00279809,-0.00286294,-0.00279809,0.00294675,0.00286306,0.00279809,0.00286294,0.00279809
5056,7,3,True,0.23539142,0.34325364,0.22639002,0.32856590,0.22639002,0.22639002,0.22639002,0.10786222,-0.00900140,0.09317447,-0.00900140,-0.00900140,-0.00900140,0.00967504,0.00967504,0.00900140,0.00900140,0.00900140
8551,12,5,True,0.07790261,0.21000892,0.20956454,0.50793725,0.07790261,0.07790261,0.07790261,0.13210630,0.13166192,0.43003464,0.00000000,0.00000000,0.00000000,0.00000000,0.00000000,0.00000000,0.00000000,0.00000000
919,1,6,True,0.00003254,0.00187590,0.00266649,0.04861049,0.00001109,0.00001109,0.00035542,0.00184336,0.00263395,0.04857795,-0.00002146,-0.00002146,0.00032288,0.00002146,0.00002146,0.00002146,0.00002146,-0.00032288
8647,12,5,True,0.37674814,0.57178432,0.63047767,0.90515780,0.35796571,0.35796571,0.35796571,0.19503617,0.25372952,0.52840966,-0.01878244,-0.01878244,-0.01878244,0.01943544,0.01943544,0.01878244,0.01878244,0.01878244
2094,3,2,True,0.10607045,0.06756422,0.88007903,1.09535897,0.06756422,0.07690843,0.06756422,-0.03850623,0.77400857,0.98928851,-0.03850623,-0.02916202,-0.03850623,0.05107966,0.02916203,0.03850623,0.02916202,0.03850623
14193,15,21,True,0.00129532,0.16027965,0.00334727,0.17445031,0.00109136,0.00108053,0.00109136,0.15898432,0.00205195,0.17315498,-0.00020396,-0.00021480,-0.00020396,0.00023800,0.00021693,0.00020396,0.00021480,0.00020396
557,1,8,True,0.00335785,0.56922913,0.09720221,0.49990466,0.00322073,0.00322073,0.00322073,0.56587130,0.09384437,0.49654680,-0.00013712,-0.00013712,-0.00013712,0.00013712,0.00013712,0.00013712,0.00013712,0.00013712
5222,8,6,False,1.91228104,4.15911961,0.46338692,2.21307993,0.39175546,0.39175546,0.39175546,2.24683857,-1.44889414,0.30079889,-1.52052557,-1.52052557,-1.52052557,2.42404580,2.42404580,1.52052557,1.52052557,1.52052557
10503,12,16,False,5.44001245,2.84071422,6.67033863,4.02200460,2.33437228,2.33437228,2.33437228,-2.59929824,1.23032618,-1.41800785,-3.10564017,-3.10564017,-3.10564017,3.22868156,3.22868156,3.10564017,3.10564017,3.10564017
11965,13,1,True,0.69685602,0.61006397,0.66076660,0.55155379,0.55155379,0.55155379,0.55155379,-0.08679205,-0.03608942,-0.14530224,-0.14530224,-0.14530224,-0.14530224,0.14530218,0.14530218,0.14530224,0.14530224,0.14530224
15823,18,17,True,0.69322038,0.86255193,0.73045546,0.83261561,0.62404519,0.61811358,0.62404519,0.16933155,0.03723508,0.13939524,-0.06917518,-0.07510680,-0.06917518,0.40236825,0.40231770,0.06917518,0.07510680,0.06917518
6646,9,1,False,4.13160181,2.08534527,3.74445701,1.72528589,1.72528589,1.72528589,1.72528589,-2.04625654,-0.38714480,-2.40631580,-2.40631580,-2.40631580,-2.40631580,2.40631223,2.40631223,2.40631580,2.40631580,2.40631580
5623,8,6,True,0.03141371,0.20234932,0.00725090,0.05078392,0.00725090,0.00725090,0.00725090,0.17093562,-0.02416281,0.01937021,-0.02416281,-0.02416281,-0.02416281,0.03957706,0.03957706,0.02416281,0.02416281,0.02416281
8281,9,9,True,0.00013768,0.00562537,0.00046433,0.01258327,0.00013768,0.00013768,0.00013768,0.00548769,0.00032665,0.01244559,0.00000000,0.00000000,0.00000000,0.00000000,0.00000000,0.00000000,0.00000000,0.00000000
16282,17,2,True,0.06687484,0.99206084,0.02884546,0.84302819,0.02884546,0.02884546,0.21509841,0.92518598,-0.03802938,0.77615333,-0.03802938,-0.03802938,0.14822358,0.05127560,0.05127560,0.03802938,0.03802938,-0.14822358
5271,7,3,True,0.38650110,1.65855789,0.50686264,1.28632879,0.37880644,0.37880677,0.38650110,1.27205682,0.12036154,0.89982772,-0.00769466,-0.00769433,0.00000000,0.00769386,0.00769386,0.00769466,0.00769433,0.00000000
3345,3,3,False,0.79480749,0.40905544,1.92419052,1.26291084,0.40905544,0.40905544,0.40905544,-0.38575205,1.12938309,0.46810335,-0.38575205,-0.38575205,-0.38575205,0.48132896,0.48132896,0.38575205,0.38575205,0.38575205
8922,12,19,True,0.03155510,0.72164804,0.26405904,1.48942649,0.02960495,0.02960495,0.02960495,0.69009292,0.23250394,1.45787144,-0.00195014,-0.00195014,-0.00195014,0.00255511,0.00255511,0.00195014,0.00195014,0.00195014
113,1,4,False,5.60990810,3.37458658,5.89507771,3.25265169,1.86262083,1.86262083,1.86262083,-2.23532152,0.28516960,-2.35725641,-3.74728727,-3.74728727,-3.74728727,3.75470948,3.75470948,3.74728727,3.74728727,3.74728727
11517,13,1,True,0.19752991,1.52746582,0.17092949,1.34570956,0.17092949,0.17092949,0.17092949,1.32993591,-0.02660042,1.14817965,-0.02660042,-0.02660042,-0.02660042,0.02660096,0.02660096,0.02660042,0.02660042,0.02660042
3058,5,2,False,6.47961903,5.33996582,6.41922283,5.29924536,5.28118420,5.28118420,5.28118420,-1.13965321,-0.06039619,-1.18037367,-1.19843483,-1.19843483,-1.19843483,1.23658276,1.23658276,1.19843483,1.19843483,1.19843483
13398,16,10,True,0.09813537,0.21888119,0.29496792,0.47490883,0.06091394,0.06091394,0.06091394,0.12074582,0.19683255,0.37677348,-0.03722143,-0.03722143,-0.03722143,0.03971528,0.03971528,0.03722143,0.03722143,0.03722143
2677,5,1,False,3.57153869,2.69913244,3.65587044,3.04979825,2.69913244,2.69913244,2.69913244,-0.87240624,0.08433175,-0.52174044,-0.87240624,-0.87240624,-0.87240624,0.87240720,0.87240720,0.87240624,0.87240624,0.87240624
10063,12,1,True,0.01217081,0.01900487,0.01433750,0.02208974,0.01217081,0.01217081,0.01217081,0.00683406,0.00216669,0.00991893,0.00000000,0.00000000,0.00000000,0.00000000,0.00000000,0.00000000,0.00000000,0.00000000
7266,9,6,False,3.33261800,2.09682298,4.83761024,2.29071140,1.94404161,1.94404161,1.94404197,-1.23579502,1.50499225,-1.04190660,-1.38857639,-1.38857639,-1.38857603,3.57165122,3.57165122,1.38857639,1.38857639,1.38857603
8826,12,11,True,0.00365091,0.02393343,0.01807972,0.08208003,0.00314777,0.00314777,0.00314777,0.02028253,0.01442881,0.07842913,-0.00050314,-0.00050314,-0.00050314,0.00050314,0.00050314,0.00050314,0.00050314,0.00050314
14703,15,1,True,0.05059808,0.14789799,0.06382328,0.18342209,0.05059808,0.05059808,0.06382328,0.09729990,0.01322520,0.13282400,0.00000000,0.00000000,0.01322520,0.00000000,0.00000000,0.00000000,0.00000000,-0.01322520
16631,17,17,False,3.29302073,3.38809252,2.84611082,2.64667058,2.14701271,2.14701271,2.14701271,0.09507179,-0.44690990,-0.64635015,-1.14600801,-1.14600801,-1.14600801,1.50856519,1.50856519,1.14600801,1.14600801,1.14600801
8315,9,7,True,0.14486586,1.42979264,0.05155479,0.91243905,0.02294339,0.02294339,0.02294339,1.28492677,-0.09331107,0.76757318,-0.12192246,-0.12192246,-0.12192246,0.21477294,0.21477294,0.12192246,0.12192246,0.12192246
11542,13,11,True,0.01726210,1.46867681,0.00599420,0.62510079,0.00567717,0.00567717,0.00567717,1.45141470,-0.01126789,0.60783869,-0.01158492,-0.01158492,-0.01158492,0.02055157,0.02055157,0.01158492,0.01158492,0.01158492
6379,11,1,True,0.45639491,1.20121431,0.21435672,0.60284197,0.21435672,0.21435672,0.21435672,0.74481940,-0.24203819,0.14644706,-0.24203819,-0.24203819,-0.24203819,0.24203846,0.24203846,0.24203819,0.24203819,0.24203819
15288,17,2,True,0.36175844,0.51412141,0.53907514,0.60816127,0.33907357,0.33907357,0.33907363,0.15236297,0.17731670,0.24640283,-0.02268487,-0.02268487,-0.02268481,0.02268556,0.02268556,0.02268487,0.02268487,0.02268481
8641,12,19,False,1.95067978,2.63743806,1.73132741,2.04684424,1.15078902,1.15078902,1.15078938,0.68675828,-0.21935236,0.09616446,-0.79989076,-0.79989076,-0.79989040,1.66122711,1.66122711,0.79989076,0.79989076,0.79989040
3442,3,1,True,0.18453753,0.03787110,1.16411996,0.27885753,0.03787110,0.03787110,0.18453753,-0.14666644,0.97958243,0.09432000,-0.14666644,-0.14666644,0.00000000,0.14666653,0.14666653,0.14666644,0.14666644,0.00000000
3911,7,29,True,0.07349127,0.37978098,0.09487130,0.42985103,0.03685134,0.03685134,0.03685134,0.30628970,0.02138004,0.35635975,-0.03663993,-0.03663993,-0.03663993,0.04761618,0.04761618,0.03663993,0.03663993,0.03663993
16526,17,5,True,0.00380649,0.05119978,0.00646831,0.07618382,0.00379319,0.00354008,0.00347605,0.04739329,0.00266182,0.07237733,-0.00001330,-0.00026641,-0.00033043,0.00038625,0.00032034,0.00001330,0.00026641,0.00033043
15804,17,2,True,0.78580189,1.07012761,1.47405791,1.41047788,0.78580189,0.78580189,0.78580189,0.28432572,0.68825603,0.62467599,0.00000000,0.00000000,0.00000000,0.00000000,0.00000000,0.00000000,0.00000000,0.00000000
10959,13,11,True,0.33292192,1.59421396,1.04189992,2.28799820,0.31918779,0.31918761,0.31918779,1.26129198,0.70897800,1.95507622,-0.01373413,-0.01373431,-0.01373413,0.01271668,0.01271668,0.01373413,0.01373431,0.01373413
2330,3,7,False,2.30184770,1.60738063,4.21200848,3.59935665,1.44171679,1.44171679,1.44171739,-0.69446707,1.91016078,1.29750896,-0.86013091,-0.86013091,-0.86013031,1.14842081,1.14842081,0.86013091,0.86013091,0.86013031
5680,8,2,True,0.50245351,1.49189734,0.34513804,1.22201073,0.34513804,0.34513804,0.34513804,0.98944384,-0.15731546,0.71955723,-0.15731546,-0.15731546,-0.15731546,0.16278273,0.16278273,0.15731546,0.15731546,0.15731546
4623,7,3,True,0.02330752,0.41499430,0.01141128,0.21928288,0.01141128,0.01141128,0.01417144,0.39168677,-0.01189624,0.19597536,-0.01189624,-0.01189624,-0.00913608,0.01587341,0.01587341,0.01189624,0.01189624,0.00913608
19,1,3,True,0.29507938,0.15527675,0.40872207,0.21685590,0.15527675,0.15527675,0.15527675,-0.13980263,0.11364269,-0.07822348,-0.13980263,-0.13980263,-0.13980263,0.16866809,0.16866809,0.13980263,0.13980263,0.13980263
6211,8,12,True,0.00004876,0.00399173,0.00001931,0.00160922,0.00001931,0.00001931,0.00001931,0.00394298,-0.00002944,0.00156047,-0.00002944,-0.00002944,-0.00002944,0.00005030,0.00005030,0.00002944,0.00002944,0.00002944
11961,13,15,True,0.00084817,0.62539840,0.00265853,0.60222691,0.00083102,0.00087104,0.00083102,0.62455022,0.00181035,0.60137874,-0.00001715,0.00002287,-0.00001715,0.00001715,0.00001465,0.00001715,-0.00002287,0.00001715
1931,1,2,True,0.02664003,0.09786560,0.03395336,0.12574275,0.02664003,0.02664003,0.03111908,0.07122557,0.00731334,0.09910272,0.00000000,0.00000000,0.00447906,0.00000000,0.00000000,0.00000000,0.00000000,-0.00447906
15747,17,3,False,3.45361209,3.72881579,3.33431435,3.42374682,2.86122155,2.86122155,2.86122155,0.27520370,-0.11929774,-0.02986526,-0.59239054,-0.59239054,-0.59239054,0.62335944,0.62335944,0.59239054,0.59239054,0.59239054
14086,16,17,False,1.42730927,1.89826679,2.77718067,2.89355683,0.51596969,0.51596969,0.51596969,0.47095752,1.34987140,1.46624756,-0.91133958,-0.91133958,-0.91133958,1.15918922,1.15918922,0.91133958,0.91133958,0.91133958
6964,11,1,True,0.28432909,0.25919798,0.29916161,0.27509364,0.25919798,0.25919798,0.25919798,-0.02513111,0.01483253,-0.00923544,-0.02513111,-0.02513111,-0.02513111,0.02513111,0.02513111,0.02513111,0.02513111,0.02513111
3397,4,1,False,7.54870415,6.48732853,6.10793734,4.96970558,4.96970558,4.96970558,4.96970558,-1.06137562,-1.44076681,-2.57899857,-2.57899857,-2.57899857,-2.57899857,2.57899809,2.57899809,2.57899857,2.57899857,2.57899857
2517,5,4,True,1.00451970,1.36737370,1.99710774,1.85792089,0.72127652,0.72127628,0.72127628,0.36285400,0.99258804,0.85340118,-0.28324318,-0.28324342,-0.28324342,0.28324449,0.28324449,0.28324318,0.28324342,0.28324342
8259,11,1,True,0.04605137,0.05408182,0.08657607,0.03631210,0.03631210,0.04605137,0.03631210,0.00803045,0.04052470,-0.00973927,-0.00973927,0.00000000,-0.00973927,0.00973927,0.00000000,0.00973927,0.00000000,0.00973927
12011,13,2,True,0.02526405,0.07553441,0.03253688,0.08695207,0.02156419,0.02156419,0.02156419,0.05027036,0.00727283,0.06168802,-0.00369986,-0.00369986,-0.00369986,0.00369986,0.00369986,0.00369986,0.00369986,0.00369986
10263,12,1,False,1.09908044,0.87653196,1.90495443,1.59718740,0.87653196,0.87653196,0.87653196,-0.22254848,0.80587399,0.49810696,-0.22254848,-0.22254848,-0.22254848,0.22254807,0.22254807,0.22254848,0.22254848,0.22254848
13611,15,2,True,0.02345985,0.10249443,0.02484668,0.10176144,0.02345985,0.02347778,0.02345985,0.07903459,0.00138683,0.07830159,0.00000000,0.00001793,0.00000000,0.00000000,-0.00001793,0.00000000,-0.00001793,0.00000000
13904,15,1,True,0.35044989,1.02410841,0.29672590,0.90297174,0.29672590,0.29672590,0.29672590,0.67365849,-0.05372399,0.55252182,-0.05372399,-0.05372399,-0.05372399,0.05372238,0.05372238,0.05372399,0.05372399,0.05372399
6080,7,3,True,0.00820256,0.15186638,0.00914350,0.14720300,0.00818671,0.00818671,0.00818671,0.14366382,0.00094095,0.13900045,-0.00001584,-0.00001584,-0.00001584,0.00001573,0.00001573,0.00001584,0.00001584,0.00001584
2551,4,12,False,1.44535744,2.83494043,0.93072677,2.20056915,0.90251827,0.90251827,0.90251815,1.38958299,-0.51463068,0.75521171,-0.54283917,-0.54283917,-0.54283929,0.60291791,0.60291791,0.54283917,0.54283917,0.54283929
2321,3,1,False,7.14409590,1.59194136,12.66754913,6.31592846,1.59194136,1.59194136,1.59194136,-5.55215454,5.52345324,-0.82816744,-5.55215454,-5.55215454,-5.55215454,5.55215216,5.55215216,5.55215454,5.55215454,5.55215454
14673,16,20,True,0.22511533,1.86131501,0.35145456,1.48893332,0.14458448,0.14458458,0.14458458,1.63619971,0.12633923,1.26381803,-0.08053085,-0.08053075,-0.08053075,0.10556418,0.10556418,0.08053085,0.08053075,0.08053075
12526,14,5,True,0.27091694,2.23005271,0.27351800,2.35993314,0.23778509,0.23778509,0.23778509,1.95913577,0.00260106,2.08901620,-0.03313185,-0.03313185,-0.03313185,0.04060492,0.04060492,0.03313185,0.03313185,0.03313185
9255,12,5,True,0.16326781,0.44251475,0.41515842,1.01321030,0.14905447,0.14905447,0.14905447,0.27924693,0.25189060,0.84994251,-0.01421334,-0.01421334,-0.01421334,0.01421385,0.01421385,0.01421334,0.01421334,0.01421334
1647,1,5,True,0.00000954,0.00155697,0.00004315,0.00404754,0.00000954,0.00000954,0.00002551,0.00154744,0.00003362,0.00403800,0.00000000,0.00000000,0.00001597,0.00000000,0.00000000,0.00000000,0.00000000,-0.00001597
5774,8,7,False,5.02039194,4.98016930,3.43580055,3.27448964,2.79768753,2.66967249,2.79768753,-0.04022264,-1.58459139,-1.74590230,-2.22270441,-2.35071945,-2.22270441,2.49082804,2.48139429,2.22270441,2.35071945,2.22270441
15695,19,1,True,0.84383368,3.05017948,0.90148342,2.85599709,0.84383368,0.90148342,0.84383368,2.20634580,0.05764973,2.01216340,0.00000000,0.05764973,0.00000000,0.00000000,-0.05764961,0.00000000,-0.05764973,0.00000000
12161,13,6,True,0.02751949,0.04181778,0.04120949,0.05880987,0.01975820,0.01982703,0.01975820,0.01429829,0.01369000,0.03129038,-0.00776129,-0.00769246,-0.00776129,0.00826739,0.00821300,0.00776129,0.00769246,0.00776129
16587,17,1,True,0.57247210,1.14599943,0.38249165,0.70492882,0.38249165,0.57247210,0.38249165,0.57352734,-0.18998045,0.13245672,-0.18998045,0.00000000,-0.18998045,0.18998167,0.00000000,0.18998045,0.00000000,0.18998045
5212,8,2,True,0.02783222,0.28309736,0.00766964,0.07190954,0.00766964,0.00766964,0.01605934,0.25526515,-0.02016258,0.04407732,-0.02016258,-0.02016258,-0.01177289,0.02746892,0.02746892,0.02016258,0.02016258,0.01177289
16742,17,1,False,2.16910267,2.27029467,2.17797589,2.27408552,2.16910267,2.16910267,2.16910267,0.10119200,0.00887322,0.10498285,0.00000000,0.00000000,0.00000000,0.00000000,0.00000000,0.00000000,0.00000000,0.00000000
10761,13,2,True,0.06401999,0.28459290,0.08630601,0.28016132,0.06401999,0.06935949,0.06401999,0.22057290,0.02228601,0.21614133,0.00000000,0.00533950,0.00000000,0.00000000,-0.00533928,0.00000000,-0.00533950,0.00000000
11671,13,13,True,0.00654020,0.14197862,0.01022600,0.09056712,0.00817926,0.00896217,0.00733386,0.13543841,0.00368580,0.08402692,0.00163906,0.00242196,0.00079365,0.00222627,0.00221987,-0.00163906,-0.00242196,-0.00079365
4615,8,1,True,0.03257012,0.13078813,0.02482354,0.10098545,0.02482354,0.02482354,0.03257012,0.09821802,-0.00774658,0.06841533,-0.00774658,-0.00774658,0.00000000,0.00774658,0.00774658,0.00774658,0.00774658,0.00000000
11453,13,3,True,0.01037266,0.04853611,0.01015591,0.04640525,0.00987183,0.00987183,0.00987183,0.03816346,-0.00021675,0.03603259,-0.00050083,-0.00050083,-0.00050083,0.00055222,0.00055222,0.00050083,0.00050083,0.00050083
4782,7,1,True,0.37728724,0.68947101,0.41940227,0.71782339,0.37728724,0.37728724,0.37728724,0.31218377,0.04211503,0.34053615,0.00000000,0.00000000,0.00000000,0.00000000,0.00000000,0.00000000,0.00000000,0.00000000
4,0,5,True,0.89341587,2.14353323,1.35068905,2.22520399,0.75471222,0.75471210,0.75471222,1.25011730,0.45727319,1.33178806,-0.13870364,-0.13870376,-0.13870364,0.14129013,0.14129013,0.13870364,0.13870376,0.13870364
15102,17,1,True,0.00189708,0.01003624,0.00493404,0.02510654,0.00189708,0.00189708,0.01003624,0.00813916,0.00303696,0.02320945,0.00000000,0.00000000,0.00813916,0.00000000,0.00000000,0.00000000,0.00000000,-0.00813916
8467,12,5,True,0.29929206,0.38437510,0.55797213,0.68705004,0.15686320,0.15686320,0.15686320,0.08508304,0.25868008,0.38775799,-0.14242886,-0.14242886,-0.14242886,0.14242943,0.14242943,0.14242886,0.14242886,0.14242886
1243,1,1,True,0.01247425,0.01552754,0.01678792,0.01899540,0.01247425,0.01247425,0.01247425,0.00305329,0.00431367,0.00652115,0.00000000,0.00000000,0.00000000,0.00000000,0.00000000,0.00000000,0.00000000,0.00000000
14550,16,19,True,0.08520564,0.82245463,0.50586182,1.75623930,0.08050898,0.08050898,0.08050898,0.73724902,0.42065617,1.67103362,-0.00469666,-0.00469666,-0.00469666,0.00457466,0.00457466,0.00469666,0.00469666,0.00469666
15422,17,8,True,0.00480236,0.60579300,0.00561435,0.43441516,0.00561435,0.00561435,0.00561435,0.60099065,0.00081199,0.42961282,0.00081199,0.00081199,0.00081199,0.00980377,0.00980377,-0.00081199,-0.00081199,-0.00081199
5376,7,3,True,0.05088057,0.17702053,0.07001748,0.22681199,0.05088057,0.05088057,0.05088057,0.12613997,0.01913691,0.17593142,0.00000000,0.00000000,0.00000000,0.00000000,0.00000000,0.00000000,0.00000000,0.00000000
279,2,2,False,3.88314962,3.95043135,3.94336748,4.01089668,3.88314962,3.88314962,3.88314962,0.06728172,0.06021786,0.12774706,0.00000000,0.00000000,0.00000000,0.00000000,0.00000000,0.00000000,0.00000000,0.00000000
9643,12,1,True,0.99913120,1.94094872,1.05749655,2.00092411,0.99913120,0.99913120,0.99913120,0.94181752,0.05836535,1.00179291,0.00000000,0.00000000,0.00000000,0.00000000,0.00000000,0.00000000,0.00000000,0.00000000
13363,15,2,True,0.47122920,0.98713541,0.68976700,1.35965800,0.47122920,0.47122920,0.85217655,0.51590621,0.21853781,0.88842881,0.00000000,0.00000000,0.38094735,0.00000000,0.00000000,0.00000000,0.00000000,-0.38094735
12181,14,4,False,4.28540707,3.33930540,3.73291969,2.84986663,2.65830517,2.65830517,2.65830517,-0.94610167,-0.55248737,-1.43554044,-1.62710190,-1.62710190,-1.62710190,1.74066377,1.74066377,1.62710190,1.62710190,1.62710190
8812,12,2,True,0.08365705,0.08433156,0.12929204,0.12788928,0.07630477,0.07630477,0.07630477,0.00067451,0.04563499,0.04423223,-0.00735228,-0.00735228,-0.00735228,0.00735173,0.00735173,0.00735228,0.00735228,0.00735228
4656,7,1,True,0.00830707,0.10424016,0.01633662,0.17512353,0.00830707,0.00830707,0.10424016,0.09593309,0.00802955,0.16681646,0.00000000,0.00000000,0.09593309,0.00000000,0.00000000,0.00000000,0.00000000,-0.09593309
15608,19,4,False,1.21598208,2.59702396,0.66492945,1.61507630,0.66492945,0.66492945,0.66492945,1.38104188,-0.55105263,0.39909422,-0.55105263,-0.55105263,-0.55105263,0.69000876,0.69000876,0.55105263,0.55105263,0.55105263
4630,7,25,True,0.02349571,0.97977835,0.02002990,0.46533138,0.01336179,0.01352775,0.01336179,0.95628262,-0.00346581,0.44183567,-0.01013392,-0.00996796,-0.01013392,0.01645384,0.01643474,0.01013392,0.00996796,0.01013392
12754,14,2,True,0.02289726,0.11462117,0.02898154,0.15115875,0.02289726,0.02289726,0.02617736,0.09172391,0.00608429,0.12826149,0.00000000,0.00000000,0.00328010,0.00000000,0.00000000,0.00000000,0.00000000,-0.00328010
13043,15,5,True,0.00970184,0.45481253,0.01442399,0.57645696,0.00970184,0.00970184,0.01068561,0.44511068,0.00472215,0.56675512,0.00000000,0.00000000,0.00098377,0.00000000,0.00000000,0.00000000,0.00000000,-0.00098377
5752,8,3,False,4.96308136,3.67275381,5.50857925,3.09022832,2.85036850,2.85036850,2.85036850,-1.29032755,0.54549789,-1.87285304,-2.11271286,-2.11271286,-2.11271286,2.17610121,2.17610121,2.11271286,2.11271286,2.11271286
13164,16,3,True,1.16305339,1.25224376,1.16038811,1.05916917,0.82328808,0.82328808,0.82328808,0.08919036,-0.00266528,-0.10388422,-0.33976531,-0.33976531,-0.33976531,0.32071495,0.32071495,0.33976531,0.33976531,0.33976531
9954,12,4,True,0.32661629,0.47956169,0.29866749,0.44116369,0.27239990,0.27239990,0.27239990,0.15294540,-0.02794880,0.11454740,-0.05421638,-0.05421638,-0.05421638,0.05880740,0.05880740,0.05421638,0.05421638,0.05421638
15639,19,5,False,1.12896860,2.96045446,0.27193326,1.19347358,0.27193326,0.27193326,0.27193326,1.83148587,-0.85703534,0.06450498,-0.85703534,-0.85703534,-0.85703534,1.27709985,1.27709985,0.85703534,0.85703534,0.85703534
6918,10,7,True,0.00273961,0.02508875,0.00332410,0.03051222,0.00270513,0.00270513,0.00270513,0.02234915,0.00058450,0.02777262,-0.00003448,-0.00003448,-0.00003448,0.00003448,0.00003448,0.00003448,0.00003448,0.00003448
12073,13,20,True,0.00059372,0.27018169,0.00498220,0.65054548,0.00027677,0.00027677,0.00035161,0.26958796,0.00438847,0.64995176,-0.00031696,-0.00031696,-0.00024212,0.00037604,0.00037604,0.00031696,0.00031696,0.00024212
3099,3,4,True,0.19076088,0.23296049,0.95235980,1.17132032,0.13414718,0.13414718,0.13414718,0.04219961,0.76159894,0.98055947,-0.05661370,-0.05661370,-0.05661370,0.06375954,0.06375954,0.05661370,0.05661370,0.05661370
8878,12,2,True,0.27231321,0.09247268,1.24275756,0.50240743,0.09247268,0.09247268,0.09247268,-0.17984053,0.97044432,0.23009422,-0.17984053,-0.17984053,-0.17984053,0.22304974,0.22304974,0.17984053,0.17984053,0.17984053
15193,19,21,True,0.06115450,1.97251880,0.02189383,0.58523047,0.02401176,0.02401176,0.02146221,1.91136432,-0.03926067,0.52407598,-0.03714274,-0.03714274,-0.03969229,0.11489713,0.11489712,0.03714274,0.03714274,0.03969229
325,1,5,False,2.01992869,2.32352209,2.47254348,2.79189229,1.46589029,1.46589029,1.46589029,0.30359340,0.45261478,0.77196360,-0.55403841,-0.55403841,-0.55403841,0.57390249,0.57390249,0.55403841,0.55403841,0.55403841
7534,9,1,True,0.40876129,0.52821720,0.33138731,0.41778225,0.33138731,0.33138731,0.33138731,0.11945590,-0.07737398,0.00902095,-0.07737398,-0.07737398,-0.07737398,0.07737398,0.07737398,0.07737398,0.07737398,0.07737398
8223,11,1,True,0.01298696,0.01383489,0.01296637,0.01370156,0.01296637,0.01296637,0.01296637,0.00084793,-0.00002059,0.00071460,-0.00002059,-0.00002059,-0.00002059,0.00002059,0.00002059,0.00002059,0.00002059,0.00002059
15340,17,10,False,3.29090333,3.95034242,3.28898573,4.07406044,2.61632395,2.62834096,2.61632395,0.65943909,-0.00191760,0.78315711,-0.67457938,-0.66256237,-0.67457938,0.67464304,0.65772343,0.67457938,0.66256237,0.67457938
11858,13,5,True,0.02846724,0.23671849,0.06336845,0.37563980,0.02846724,0.02846724,0.02846724,0.20825125,0.03490121,0.34717256,0.00000000,0.00000000,0.00000000,0.00000000,0.00000000,0.00000000,0.00000000,0.00000000
2911,5,4,False,1.22090173,0.54515880,2.17219782,1.25692403,0.57747304,0.57747304,0.57747304,-0.67574292,0.95129609,0.03602231,-0.64342868,-0.64342868,-0.64342868,0.77001482,0.77001482,0.64342868,0.64342868,0.64342868
9664,12,1,True,0.34260076,0.45015550,0.39987695,0.52797157,0.34260076,0.34260076,0.34260076,0.10755473,0.05727619,0.18537080,0.00000000,0.00000000,0.00000000,0.00000000,0.00000000,0.00000000,0.00000000,0.00000000
5028,8,2,True,0.07114600,0.15788038,0.03488076,0.07867931,0.03488076,0.03488076,0.03488076,0.08673438,-0.03626523,0.00753331,-0.03626523,-0.03626523,-0.03626523,0.04153703,0.04153703,0.03626523,0.03626523,0.03626523
4017,8,2,True,0.86785179,1.05210483,0.84676033,1.02840567,0.84299964,0.84299964,0.84299964,0.18425304,-0.02109146,0.16055387,-0.02485216,-0.02485216,-0.02485216,0.02477652,0.02477652,0.02485216,0.02485216,0.02485216
1285,0,4,True,0.05380837,0.99430072,0.37172684,1.80462742,0.05380837,0.05380837,0.18922675,0.94049233,0.31791848,1.75081909,0.00000000,0.00000000,0.13541839,0.00000000,0.00000000,0.00000000,0.00000000,-0.13541839
4797,7,27,True,0.02588177,0.96762896,0.04375923,0.91205710,0.02394635,0.02394635,0.02378374,0.94174719,0.01787746,0.88617533,-0.00193541,-0.00193541,-0.00209802,0.00230920,0.00230920,0.00193541,0.00193541,0.00209802
8670,12,19,True,0.01082902,0.37169084,0.02541038,0.44378352,0.01040227,0.01040227,0.01040227,0.36086184,0.01458136,0.43295452,-0.00042675,-0.00042675,-0.00042675,0.00044910,0.00044910,0.00042675,0.00042675,0.00042675
5491,8,14,True,0.02717105,0.73119825,0.00440888,0.10783789,0.00302441,0.00302441,0.00302441,0.70402718,-0.02276217,0.08066685,-0.02414664,-0.02414664,-0.02414664,0.05404224,0.05404224,0.02414664,0.02414664,0.02414664
5191,8,5,True,0.03312383,0.21362372,0.00727812,0.05078585,0.00721042,0.00721042,0.00721042,0.18049988,-0.02584571,0.01766202,-0.02591341,-0.02591341,-0.02591341,0.04201058,0.04201058,0.02591341,0.02591341,0.02591341
2982,5,1,True,0.12214758,0.55603111,0.52611810,1.59379959,0.12214758,0.12214758,0.12214758,0.43388355,0.40397054,1.47165203,0.00000000,0.00000000,0.00000000,0.00000000,0.00000000,0.00000000,0.00000000,0.00000000
7610,9,4,True,0.11546355,0.38985190,0.05523815,0.14692597,0.10570887,0.10570887,0.10570887,0.27438834,-0.06022540,0.03146242,-0.00975469,-0.00975469,-0.00975469,0.18037692,0.18037692,0.00975469,0.00975469,0.00975469
8046,11,1,True,0.34734321,0.52422798,0.46195459,0.71620184,0.34734321,0.34734321,0.52422798,0.17688477,0.11461139,0.36885864,0.00000000,0.00000000,0.17688477,0.00000000,0.00000000,0.00000000,0.00000000,-0.17688477
8178,9,1,True,0.02183108,0.03595923,0.01851057,0.03160211,0.01851057,0.01851057,0.01851057,0.01412815,-0.00332051,0.00977102,-0.00332051,-0.00332051,-0.00332051,0.00332039,0.00332039,0.00332051,0.00332051,0.00332051
13412,15,3,True,0.17107959,1.57377493,0.35873872,2.09767914,0.17107959,0.17107959,0.17107959,1.40269530,0.18765913,1.92659950,0.00000000,0.00000000,0.00000000,0.00000000,0.00000000,0.00000000,0.00000000,0.00000000
4609,7,10,True,0.04238114,0.56549531,0.10325055,0.78882718,0.03471106,0.03471106,0.03471106,0.52311414,0.06086941,0.74644601,-0.00767008,-0.00767008,-0.00767008,0.00782282,0.00782282,0.00767008,0.00767008,0.00767008
14502,16,4,False,4.83641720,3.80453730,4.67455578,3.60829496,3.51067710,3.51067710,3.51067710,-1.03187990,-0.16186142,-1.22812223,-1.32574010,-1.32574010,-1.32574010,1.34795046,1.34795046,1.32574010,1.32574010,1.32574010
12942,14,1,True,0.07223631,0.07853506,0.03648487,0.04828273,0.03648487,0.03648487,0.04828273,0.00629874,-0.03575145,-0.02395359,-0.03575145,-0.03575145,-0.02395359,0.03575134,0.03575134,0.03575145,0.03575145,0.02395359
9268,12,3,True,0.02352971,0.11000661,0.03077143,0.12487984,0.02284669,0.02284669,0.02284669,0.08647690,0.00724172,0.10135013,-0.00068302,-0.00068302,-0.00068302,0.00068302,0.00068302,0.00068302,0.00068302,0.00068302
4131,8,9,False,1.09126341,3.99200583,0.06793863,0.54208362,0.03341948,0.03341948,0.03341948,2.90074253,-1.02332473,-0.54917979,-1.05784392,-1.05784392,-1.05784392,2.50462675,2.50462675,1.05784392,1.05784392,1.05784392
9585,12,19,True,0.00106945,0.01301238,0.00775458,0.04800496,0.00103861,0.00103861,0.00103861,0.01194292,0.00668513,0.04693551,-0.00003084,-0.00003084,-0.00003084,0.00003084,0.00003084,0.00003084,0.00003084,0.00003084
16475,17,1,False,2.22321224,3.66181278,2.90779972,4.37655258,2.22321224,2.22321224,2.22321224,1.43860054,0.68458748,2.15334034,0.00000000,0.00000000,0.00000000,0.00000000,0.00000000,0.00000000,0.00000000,0.00000000
129,1,2,True,0.33191624,0.17116328,0.54562181,0.29123545,0.17116328,0.17116328,0.17116328,-0.16075297,0.21370557,-0.04068080,-0.16075297,-0.16075297,-0.16075297,0.17708431,0.17708431,0.16075297,0.16075297,0.16075297
12364,14,18,True,0.13248740,0.63363457,0.19019391,0.86518353,0.07152640,0.07021875,0.07152629,0.50114715,0.05770651,0.73269612,-0.06096100,-0.06226865,-0.06096111,0.10155129,0.10133313,0.06096100,0.06226865,0.06096111
11222,13,14,True,0.04084462,2.02830291,0.10156631,1.98390770,0.03774276,0.03774265,0.03774288,1.98745835,0.06072169,1.94306314,-0.00310185,-0.00310196,-0.00310174,0.00282564,0.00282564,0.00310185,0.00310196,0.00310174
8314,9,5,False,7.59841871,4.95580721,9.24899673,6.58712912,4.92172861,4.92172861,4.92172861,-2.64261150,1.65057802,-1.01128960,-2.67669010,-2.67669010,-2.67669010,2.68098593,2.68098593,2.67669010,2.67669010,2.67669010
3948,7,49,True,0.00011074,0.03083200,0.00026902,0.04893588,0.00009417,0.00009393,0.00009417,0.03072126,0.00015828,0.04882514,-0.00001657,-0.00001681,-0.00001657,0.00001991,0.00001991,0.00001657,0.00001681,0.00001657
7403,11,1,True,0.04824342,0.04052185,0.04918366,0.04103250,0.04052185,0.04052185,0.04052185,-0.00772157,0.00094024,-0.00721092,-0.00772157,-0.00772157,-0.00772157,0.00772157,0.00772157,0.00772157,0.00772157,0.00772157
9603,12,1,True,0.11712754,0.87987524,0.78063786,1.27898395,0.11712754,0.11712754,0.11712754,0.76274770,0.66351032,1.16185641,0.00000000,0.00000000,0.00000000,0.00000000,0.00000000,0.00000000,0.00000000,0.00000000
14150,16,1,False,2.49642038,2.37462497,2.53879619,2.38817787,2.37462497,2.37462497,2.37462497,-0.12179542,0.04237580,-0.10824251,-0.12179542,-0.12179542,-0.12179542,0.12179518,0.12179518,0.12179542,0.12179542,0.12179542
12567,14,1,True,0.74428254,1.94406402,0.87212098,2.14674616,0.74428254,0.74428254,0.74428254,1.19978142,0.12783843,1.40246367,0.00000000,0.00000000,0.00000000,0.00000000,0.00000000,0.00000000,0.00000000,0.00000000
14292,16,5,True,0.30383736,0.40970662,0.68325609,0.85309172,0.24725235,0.24725235,0.24725235,0.10586926,0.37941873,0.54925436,-0.05658501,-0.05658501,-0.05658501,0.07400620,0.07400620,0.05658501,0.05658501,0.05658501
9561,12,37,True,0.00220021,0.04920817,0.00739823,0.12421487,0.00200297,0.00199869,0.00200297,0.04700796,0.00519802,0.12201466,-0.00019723,-0.00020152,-0.00019723,0.00021958,0.00021387,0.00019723,0.00020152,0.00019723
11731,13,3,True,0.00304105,0.03568849,0.00627938,0.05755458,0.00304105,0.00304105,0.00304105,0.03264744,0.00323833,0.05451353,0.00000000,0.00000000,0.00000000,0.00000000,0.00000000,0.00000000,0.00000000,0.00000000
8556,12,22,True,0.01243634,0.32853913,0.01535863,0.28258789,0.00784223,0.00791946,0.00784223,0.31610280,0.00292229,0.27015156,-0.00459411,-0.00451688,-0.00459411,0.00622943,0.00622731,0.00459411,0.00451688,0.00459411
7374,10,20,True,0.00029214,0.01879654,0.00194848,0.04466823,0.00028284,0.00028284,0.00028284,0.01850440,0.00165634,0.04437609,-0.00000930,-0.00000930,-0.00000930,0.00000941,0.00000941,0.00000930,0.00000930,0.00000930
6723,10,2,True,0.00815573,0.03340957,0.00989520,0.03738787,0.00815573,0.00815573,0.00815573,0.02525383,0.00173947,0.02923214,0.00000000,0.00000000,0.00000000,0.00000000,0.00000000,0.00000000,0.00000000,0.00000000
545,1,1,True,0.51042879,0.52052242,0.59476304,0.61979860,0.51042879,0.51042879,0.51042879,0.01009363,0.08433425,0.10936981,0.00000000,0.00000000,0.00000000,0.00000000,0.00000000,0.00000000,0.00000000,0.00000000
11412,13,1,True,0.01218671,0.09284788,0.02081619,0.14142326,0.01218671,0.01218671,0.09284788,0.08066117,0.00862948,0.12923655,0.00000000,0.00000000,0.08066117,0.00000000,0.00000000,0.00000000,0.00000000,-0.08066117
8580,12,1,True,0.08202479,0.17702584,0.08777877,0.18777038,0.08202479,0.08202479,0.08202479,0.09500105,0.00575398,0.10574559,0.00000000,0.00000000,0.00000000,0.00000000,0.00000000,0.00000000,0.00000000,0.00000000
15964,17,2,True,0.37973803,2.27726722,0.12790647,0.94465041,0.12790647,0.12790647,0.12790647,1.89752913,-0.25183156,0.56491238,-0.25183156,-0.25183156,-0.25183156,0.32299972,0.32299972,0.25183156,0.25183156,0.25183156
877,1,1,True,0.00030930,0.00543675,0.00064543,0.01210957,0.00030930,0.00030930,0.00543675,0.00512745,0.00033613,0.01180027,0.00000000,0.00000000,0.00512745,0.00000000,0.00000000,0.00000000,0.00000000,-0.00512745
5731,7,5,True,0.06358650,0.65700346,0.07166146,0.68021142,0.06078954,0.06078954,0.06078954,0.59341699,0.00807496,0.61662495,-0.00279696,-0.00279696,-0.00279696,0.00286499,0.00286499,0.00279696,0.00279696,0.00279696
13956,15,33,True,0.02630997,0.90991133,0.08499084,1.51776195,0.01906663,0.01906663,0.01906663,0.88360137,0.05868087,1.49145198,-0.00724334,-0.00724334,-0.00724334,0.00805063,0.00805063,0.00724334,0.00724334,0.00724334
3756,4,1,False,3.97274089,4.23418188,2.99898219,3.37682343,2.99898219,2.99898219,3.37682343,0.26144099,-0.97375870,-0.59591746,-0.97375870,-0.97375870,-0.59591746,0.97375822,0.97375822,0.97375870,0.97375870,0.59591746
7514,9,2,True,0.21180218,0.37346935,0.14961198,0.36050400,0.14961198,0.14961198,0.14961198,0.16166717,-0.06219020,0.14870182,-0.06219020,-0.06219020,-0.06219020,0.09174079,0.09174079,0.06219020,0.06219020,0.06219020
10691,12,145,True,0.00435559,0.07076178,0.82139540,1.15291429,0.00042847,0.00042847,0.00042847,0.06640620,0.81703979,1.14855874,-0.00392712,-0.00392712,-0.00392712,0.01205819,0.01205819,0.00392712,0.00392712,0.00392712
4962,7,1,True,0.12604535,0.33993936,0.12127480,0.32498634,0.12127480,0.12127480,0.12127480,0.21389401,-0.00477055,0.19894099,-0.00477055,-0.00477055,-0.00477055,0.00477023,0.00477023,0.00477055,0.00477055,0.00477055
1558,1,3,True,0.00774346,0.03153719,0.24080239,0.35300803,0.00753134,0.00753134,0.01982493,0.02379373,0.23305893,0.34526458,-0.00021212,-0.00021212,0.01208147,0.00254706,0.00254706,0.00021212,0.00021212,-0.01208147
17065,17,17,True,0.06087143,0.86688101,0.19801822,0.92780972,0.04341263,0.04391371,0.04341263,0.80600959,0.13714680,0.86693829,-0.01745880,-0.01695771,-0.01745880,0.01876736,0.01864107,0.01745880,0.01695771,0.01745880
14181,16,36,True,0.06110875,0.89974892,0.67655146,1.15586138,0.02375092,0.02375092,0.02375092,0.83864015,0.61544269,1.09475267,-0.03735783,-0.03735783,-0.03735783,0.06356534,0.06356534,0.03735783,0.03735783,0.03735783
1495,1,5,True,0.00799349,0.02593462,0.01037761,0.05508427,0.00236850,0.00169146,0.00349863,0.01794112,0.00238412,0.04709078,-0.00562499,-0.00630203,-0.00449487,0.00766803,0.00761078,0.00562499,0.00630203,0.00449487
9731,12,1,False,3.12167072,3.33795118,3.40180779,3.63450384,3.12167072,3.12167072,3.12167072,0.21628046,0.28013706,0.51283312,0.00000000,0.00000000,0.00000000,0.00000000,0.00000000,0.00000000,0.00000000,0.00000000
4240,7,19,True,0.01246601,0.41808921,0.00740320,0.21683230,0.00514789,0.00514789,0.00514789,0.40562320,-0.00506281,0.20436628,-0.00731812,-0.00731812,-0.00731812,0.01150169,0.01150169,0.00731812,0.00731812,0.00731812
14083,16,8,True,0.00428117,0.09590098,0.03701907,0.50775814,0.00428117,0.00428117,0.02140726,0.09161982,0.03273791,0.50347698,0.00000000,0.00000000,0.01712609,0.00000000,0.00000000,0.00000000,0.00000000,-0.01712609
14236,16,2,False,2.88382673,1.75829697,4.35006380,2.66958284,1.17567086,1.17567086,1.17567086,-1.12552977,1.46623707,-0.21424389,-1.70815587,-1.70815587,-1.70815587,1.70815945,1.70815945,1.70815587,1.70815587,1.70815587
627,2,8,False,4.18523312,2.19842458,4.50449705,2.50317192,2.18306661,2.18306661,2.18306661,-1.98680854,0.31926394,-1.68206120,-2.00216651,-2.00216651,-2.00216651,2.14888549,2.14888549,2.00216651,2.00216651,2.00216651
7735,11,3,False,2.69696760,2.05478716,2.24203873,1.23901987,1.01144421,1.01144421,1.01144421,-0.64218044,-0.45492887,-1.45794773,-1.68552339,-1.68552339,-1.68552339,2.00658798,2.00658798,1.68552339,1.68552339,1.68552339
534,1,3,True,0.03580822,0.19410007,0.07755816,0.41149825,0.01186893,0.01185279,0.03916359,0.15829185,0.04174994,0.37569001,-0.02393929,-0.02395543,0.00335537,0.03695816,0.03668457,0.02393929,0.02395543,-0.00335537
5791,8,2,True,0.45655417,0.58758080,0.36649001,0.49890947,0.36649001,0.36649001,0.36649001,0.13102663,-0.09006417,0.04235530,-0.09006417,-0.09006417,-0.09006417,0.09776136,0.09776136,0.09006417,0.09006417,0.09006417
10370,12,97,True,0.00006175,0.01077701,0.00357014,0.02931651,0.00002146,0.00002146,0.00002146,0.01071526,0.00350839,0.02925476,-0.00004029,-0.00004029,-0.00004029,0.00006449,0.00006449,0.00004029,0.00004029,0.00004029
1675,1,5,True,0.00024697,0.00047839,0.00083721,0.00134116,0.00014852,0.00014852,0.00014852,0.00023142,0.00059024,0.00109419,-0.00009845,-0.00009845,-0.00009845,0.00010810,0.00010810,0.00009845,0.00009845,0.00009845
11210,13,5,True,0.00030882,0.06491692,0.00025948,0.03384009,0.00023565,0.00023565,0.00244010,0.06460809,-0.00004934,0.03353127,-0.00007317,-0.00007317,0.00213127,0.00014730,0.00014730,0.00007317,0.00007317,-0.00213127
15743,17,15,False,3.55403328,3.74198627,4.42220449,4.07194614,2.94881535,2.94881535,2.94881535,0.18795300,0.86817122,0.51791286,-0.60521793,-0.60521793,-0.60521793,1.17983556,1.17983556,0.60521793,0.60521793,0.60521793
11384,13,22,True,0.00002086,0.02202398,0.00003099,0.00942932,0.00001383,0.00001383,0.00001633,0.02200312,0.00001013,0.00940846,-0.00000703,-0.00000703,-0.00000453,0.00001490,0.00001490,0.00000703,0.00000703,0.00000453
11476,13,13,True,0.03221766,0.35996187,0.06895746,0.46534792,0.03068519,0.03068519,0.03077894,0.32774422,0.03673980,0.43313026,-0.00153247,-0.00153247,-0.00143871,0.00139258,0.00139258,0.00153247,0.00153247,0.00143871
3971,7,3,True,0.00232236,3.40588331,0.00231487,2.46734190,0.00231487,0.00231487,2.46734190,3.40356088,-0.00000749,2.46501946,-0.00000749,-0.00000749,2.46501946,0.00040964,0.00040964,0.00000749,0.00000749,-2.46501946
8990,12,2,True,0.00616577,0.04000657,0.01839389,0.11414037,0.00616577,0.00616577,0.02427149,0.03384081,0.01222813,0.10797460,0.00000000,0.00000000,0.01810572,0.00000000,0.00000000,0.00000000,0.00000000,-0.01810572
9175,12,34,True,0.02920548,0.65202761,0.09190467,1.03516865,0.02857244,0.02857244,0.02857244,0.62282211,0.06269918,1.00596321,-0.00063304,-0.00063304,-0.00063304,0.00066748,0.00066748,0.00063304,0.00063304,0.00063304
12990,14,2,True,0.93743664,1.06851327,0.85233635,0.95899707,0.83674496,0.85233635,0.83674496,0.13107663,-0.08510029,0.02156043,-0.10069168,-0.08510029,-0.10069168,0.10430586,0.09177381,0.10069168,0.08510029,0.10069168
8548,12,4,True,0.02489889,0.04214962,0.27129537,0.28391519,0.00851146,0.00851146,0.02465688,0.01725073,0.24639648,0.25901631,-0.01638743,-0.01638743,-0.00024200,0.02741143,0.02741143,0.01638743,0.01638743,0.00024200
11832,13,2,True,0.11067212,0.39472538,0.13368580,0.44421196,0.11067212,0.11067212,0.11067212,0.28405327,0.02301368,0.33353984,0.00000000,0.00000000,0.00000000,0.00000000,0.00000000,0.00000000,0.00000000,0.00000000
950,1,1,True,0.18332165,0.79226840,0.81241137,1.59884715,0.18332165,0.18332165,0.18332165,0.60894674,0.62908971,1.41552544,0.00000000,0.00000000,0.00000000,0.00000000,0.00000000,0.00000000,0.00000000,0.00000000
11086,13,17,True,0.00208744,0.15130110,0.01996446,0.44093895,0.00191493,0.00191493,0.00191493,0.14921366,0.01787702,0.43885151,-0.00017251,-0.00017251,-0.00017251,0.00017405,0.00017405,0.00017251,0.00017251,0.00017251
647,1,1,True,0.01657454,0.04068050,0.02661240,0.05924746,0.01657454,0.01657454,0.04068050,0.02410595,0.01003785,0.04267292,0.00000000,0.00000000,0.02410595,0.00000000,0.00000000,0.00000000,0.00000000,-0.02410595
2436,3,4,True,0.21181174,0.35515109,1.20140350,1.73146784,0.17140605,0.17140605,0.17140605,0.14333935,0.98959178,1.51965606,-0.04040569,-0.04040569,-0.04040569,0.04040569,0.04040569,0.04040569,0.04040569,0.04040569
14753,16,2,False,2.26377535,1.43874979,2.72474551,1.82204258,1.43874979,1.43874979,1.43874979,-0.82502556,0.46097016,-0.44173276,-0.82502556,-0.82502556,-0.82502556,0.85648549,0.85648549,0.82502556,0.82502556,0.82502556
8481,12,1,True,0.04211853,0.07125602,0.53806490,0.65918374,0.04211853,0.04211853,0.07125602,0.02913749,0.49594638,0.61706519,0.00000000,0.00000000,0.02913749,0.00000000,0.00000000,0.00000000,0.00000000,-0.02913749
5954,7,1,True,0.08154278,0.11540078,0.07447845,0.09876606,0.07447845,0.07447845,0.07447845,0.03385801,-0.00706433,0.01722328,-0.00706433,-0.00706433,-0.00706433,0.00706444,0.00706444,0.00706433,0.00706433,0.00706433
5468,8,2,True,0.04892113,0.08916454,0.04422433,0.07938582,0.04422433,0.04422433,0.04422433,0.04024341,-0.00469680,0.03046469,-0.00469680,-0.00469680,-0.00469680,0.00504365,0.00504365,0.00469680,0.00469680,0.00469680
8427,12,5,False,4.86153221,0.85405731,5.63354826,1.39534402,0.85405731,0.85405731,0.85405731,-4.00747490,0.77201605,-3.46618819,-4.00747490,-4.00747490,-4.00747490,5.15142488,5.15142488,4.00747490,4.00747490,4.00747490
15201,18,9,True,0.04829863,1.06679440,0.03297240,0.50471383,0.03310965,0.03310965,0.03249834,1.01849580,-0.01532623,0.45641521,-0.01518898,-0.01518898,-0.01580029,0.03430036,0.03430036,0.01518898,0.01518898,0.01580029
22,0,1,True,0.00908361,1.40720809,0.07945639,1.94697642,0.00908361,0.00908361,0.00908361,1.39812446,0.07037278,1.93789279,0.00000000,0.00000000,0.00000000,0.00000000,0.00000000,0.00000000,0.00000000,0.00000000
2120,3,1,True,0.05989541,0.14418247,0.21196905,0.55140525,0.05989541,0.05989541,0.14418247,0.08428706,0.15207364,0.49150985,0.00000000,0.00000000,0.08428706,0.00000000,0.00000000,0.00000000,0.00000000,-0.08428706
13932,15,4,True,0.06673913,0.08600754,0.13887492,0.17001913,0.05833970,0.05833970,0.05833970,0.01926840,0.07213578,0.10328000,-0.00839943,-0.00839943,-0.00839943,0.00844015,0.00844015,0.00839943,0.00839943,0.00839943
9632,12,31,True,0.02314621,0.31256455,0.07538738,0.44686806,0.01813182,0.01813182,0.01813182,0.28941834,0.05224117,0.42372185,-0.00501439,-0.00501439,-0.00501439,0.00577950,0.00577950,0.00501439,0.00501439,0.00501439
12190,14,2,True,0.00006175,0.02608910,0.00003314,0.02241164,0.00003314,0.00004470,0.02241164,0.02602735,-0.00002861,0.02234989,-0.00002861,-0.00001705,0.02234989,0.00004220,0.00001705,0.00002861,0.00001705,-0.02234989
3785,5,1,False,3.73707867,2.93786907,3.83961868,3.11550856,2.93786907,2.93786907,2.93786907,-0.79920959,0.10254002,-0.62157011,-0.79920959,-0.79920959,-0.79920959,0.79920864,0.79920864,0.79920959,0.79920959,0.79920959
836,2,2,False,3.97179842,3.81164765,4.02427626,3.86338401,3.81164765,3.81164765,3.81164765,-0.16015077,0.05247784,-0.10841441,-0.16015077,-0.16015077,-0.16015077,0.16094685,0.16094685,0.16015077,0.16015077,0.16015077
3647,3,1,True,0.12182131,0.10380851,0.17476285,0.15675884,0.10380851,0.12182131,0.10380851,-0.01801281,0.05294153,0.03493753,-0.01801281,0.00000000,-0.01801281,0.01801313,0.00000000,0.01801281,0.00000000,0.01801281
11987,13,3,True,0.00791012,0.13605252,0.01011826,0.17162807,0.00791012,0.00791012,0.00946227,0.12814240,0.00220815,0.16371796,0.00000000,0.00000000,0.00155215,0.00000000,0.00000000,0.00000000,0.00000000,-0.00155215
16717,19,1,True,0.07195691,0.58007485,0.05735108,0.37436283,0.05735108,0.05735108,0.37436283,0.50811791,-0.01460583,0.30240592,-0.01460583,-0.01460583,0.30240592,0.01460594,0.01460594,0.01460583,0.01460583,-0.30240592
7391,9,6,False,1.38727987,3.33993268,0.47219253,1.65868521,0.47705168,0.47705150,0.47705168,1.95265281,-0.91508734,0.27140534,-0.91022819,-0.91022837,-0.91022819,1.17487228,1.17487228,0.91022819,0.91022837,0.91022819
11852,13,3,True,0.02060847,0.23807770,0.02507480,0.25604686,0.01918533,0.01918533,0.01949858,0.21746923,0.00446633,0.23543839,-0.00142313,-0.00142313,-0.00110989,0.00142313,0.00142313,0.00142313,0.00142313,0.00110989
3642,4,9,False,1.45746827,2.11035442,1.34124804,1.94534779,1.33445752,1.33445752,1.33445752,0.65288615,-0.11622024,0.48787951,-0.12301075,-0.12301075,-0.12301075,0.13369167,0.13369167,0.12301075,0.12301075,0.12301075
15145,19,4,True,0.22297111,0.85052508,0.21735059,0.68811721,0.21735059,0.20474693,0.21186970,0.62755394,-0.00562052,0.46514609,-0.00562052,-0.01822418,-0.01110141,0.02247390,0.02239291,0.00562052,0.01822418,0.01110141
16988,17,1,True,0.05271178,0.10683094,0.38183779,0.12428214,0.05271178,0.05271178,0.12428214,0.05411915,0.32912600,0.07157036,0.00000000,0.00000000,0.07157036,0.00000000,0.00000000,0.00000000,0.00000000,-0.07157036
1441,1,3,True,0.00012814,0.00156114,0.00092988,0.00803382,0.00012814,0.00012814,0.00043037,0.00143300,0.00080174,0.00790568,0.00000000,0.00000000,0.00030223,0.00000000,0.00000000,0.00000000,0.00000000,-0.00030223
1004,1,1,True,0.20429291,0.08037039,0.85320401,0.33969852,0.08037039,0.08037039,0.33969852,-0.12392252,0.64891112,0.13540561,-0.12392252,-0.12392252,0.13540561,0.12392192,0.12392192,0.12392252,0.12392252,-0.13540561
9590,12,1,True,0.12570985,0.03187846,0.63540030,0.20557450,0.03187846,0.03187846,0.03187846,-0.09383138,0.50969046,0.07986465,-0.09383138,-0.09383138,-0.09383138,0.09383117,0.09383117,0.09383138,0.09383138,0.09383138
11106,13,5,True,0.02330752,0.57986605,0.04532934,0.48034465,0.02259673,0.02340488,0.02259673,0.55655855,0.02202182,0.45703712,-0.00071079,0.00009736,-0.00071079,0.00071068,0.00041839,0.00071079,-0.00009736,0.00071079
2795,3,5,False,1.38197458,0.22811222,1.74960423,0.39505428,0.22811222,0.22811222,0.22811222,-1.15386236,0.36762965,-0.98692030,-1.15386236,-1.15386236,-1.15386236,1.68806577,1.68806577,1.15386236,1.15386236,1.15386236
11239,13,1,True,0.00623117,0.03521330,0.00850129,0.04406624,0.00623117,0.00623117,0.03521330,0.02898213,0.00227013,0.03783507,0.00000000,0.00000000,0.02898213,0.00000000,0.00000000,0.00000000,0.00000000,-0.02898213
5492,8,36,False,2.32103467,3.20223141,0.22127490,0.10457201,0.00215489,0.00215489,0.00215489,0.88119674,-2.09975982,-2.21646261,-2.31887984,-2.31887984,-2.31887984,7.32935524,7.32935619,2.31887984,2.31887984,2.31887984
13158,16,36,False,1.90019190,0.41041735,4.27110195,1.28343177,0.14088942,0.14088932,0.14088942,-1.48977458,2.37091017,-0.61676013,-1.75930250,-1.75930262,-1.75930250,3.74367857,3.74367881,1.75930250,1.75930262,1.75930250
9464,12,33,False,6.66196537,3.71674204,7.66717052,3.74198914,3.06639934,3.06639934,3.06639934,-2.94522333,1.00520515,-2.91997623,-3.59556603,-3.59556603,-3.59556603,4.51159620,4.51159620,3.59556603,3.59556603,3.59556603
4184,8,4,False,3.39740968,3.01068640,3.32993937,2.94413042,2.81711936,2.81711936,2.81711936,-0.38672328,-0.06747031,-0.45327926,-0.58029032,-0.58029032,-0.58029032,0.68120503,0.68120503,0.58029032,0.58029032,0.58029032
5003,8,1,True,0.58266103,2.86921883,0.23816770,0.73611021,0.23816770,0.23816770,0.23816770,2.28655767,-0.34449333,0.15344918,-0.34449333,-0.34449333,-0.34449333,0.34449387,0.34449387,0.34449333,0.34449333,0.34449333
14752,16,3,True,0.01480709,0.10512493,0.02924415,0.14618158,0.01480709,0.01480709,0.01480709,0.09031785,0.01443706,0.13137449,0.00000000,0.00000000,0.00000000,0.00000000,0.00000000,0.00000000,0.00000000,0.00000000
11434,13,1,True,0.01299308,0.05443026,0.01760370,0.06577744,0.01299308,0.01299308,0.01760370,0.04143719,0.00461062,0.05278436,0.00000000,0.00000000,0.00461062,0.00000000,0.00000000,0.00000000,0.00000000,-0.00461062
8793,12,2,True,0.02759673,0.03550408,0.06357497,0.07189734,0.02456256,0.02456256,0.02456256,0.00790735,0.03597824,0.04430062,-0.00303417,-0.00303417,-0.00303417,0.00303417,0.00303417,0.00303417,0.00303417,0.00303417
15528,19,3,True,0.00670801,0.49394137,0.00483166,0.33166379,0.00483166,0.00483166,0.03754415,0.48723337,-0.00187634,0.32495579,-0.00187634,-0.00187634,0.03083615,0.00382230,0.00382230,0.00187634,0.00187634,-0.03083615
9893,12,9,True,0.02185126,0.07195414,0.03773450,0.11370551,0.02127504,0.02127504,0.02127504,0.05010288,0.01588324,0.09185425,-0.00057621,-0.00057621,-0.00057621,0.00057621,0.00057621,0.00057621,0.00057621,0.00057621
9891,12,19,True,0.00539727,0.05354874,0.01383689,0.11059421,0.00539727,0.00539727,0.00539715,0.04815147,0.00843962,0.10519694,0.00000000,0.00000000,-0.00000012,0.00000000,0.00000000,0.00000000,0.00000000,0.00000012
16638,17,22,True,0.41246966,3.65095592,0.07767873,1.51876235,0.06422258,0.06422258,0.06422258,3.23848629,-0.33479095,1.10629272,-0.34824708,-0.34824708,-0.34824708,0.93019259,0.93019259,0.34824708,0.34824708,0.34824708
14836,16,6,True,0.18823119,1.10565138,0.18070291,0.83945835,0.12275540,0.12275540,0.12275551,0.91742021,-0.00752828,0.65122718,-0.06547578,-0.06547578,-0.06547568,0.07462592,0.07462592,0.06547578,0.06547578,0.06547568
2944,3,5,True,0.15137252,0.05429806,1.02187419,0.47468185,0.04050651,0.04050651,0.04050651,-0.09707446,0.87050164,0.32330933,-0.11086601,-0.11086601,-0.11086601,0.14004463,0.14004463,0.11086601,0.11086601,0.11086601
12410,14,1,True,0.07909915,0.07561687,0.13840887,0.08277568,0.07561687,0.07909915,0.07561687,-0.00348228,0.05930972,0.00367653,-0.00348228,0.00000000,-0.00348228,0.00348239,0.00000000,0.00348228,0.00000000,0.00348228
13757,15,1,False,2.20817709,3.26973176,2.12505817,3.16245055,2.12505817,2.12505817,2.12505817,1.06155467,-0.08311892,0.95427346,-0.08311892,-0.08311892,-0.08311892,0.08311892,0.08311892,0.08311892,0.08311892,0.08311892
8562,12,11,True,0.00221091,0.01337932,0.00416376,0.01559362,0.00075443,0.00075443,0.00075443,0.01116840,0.00195285,0.01338271,-0.00145648,-0.00145648,-0.00145648,0.00168224,0.00168224,0.00145648,0.00145648,0.00145648
4332,7,24,True,0.00694149,0.71361530,0.00784069,0.49596480,0.00476950,0.00476950,0.00476950,0.70667380,0.00089920,0.48902330,-0.00217199,-0.00217199,-0.00217199,0.00257401,0.00257401,0.00217199,0.00217199,0.00217199
16210,17,2,True,0.54551667,1.03930020,0.50869131,1.07053685,0.44709808,0.54551667,0.80575025,0.49378353,-0.03682536,0.52502018,-0.09841859,0.00000000,0.26023358,0.09841752,0.00000000,0.09841859,0.00000000,-0.26023358
14456,15,4,True,0.00166433,0.08025762,0.00267327,0.12759489,0.00166433,0.00166433,0.00214799,0.07859330,0.00100894,0.12593056,0.00000000,0.00000000,0.00048366,0.00000000,0.00000000,0.00000000,0.00000000,-0.00048366
6317,8,1,True,0.08854325,0.17255662,0.08623886,0.16650687,0.08623886,0.08623886,0.08623886,0.08401337,-0.00230439,0.07796362,-0.00230439,-0.00230439,-0.00230439,0.00230428,0.00230428,0.00230439,0.00230439,0.00230439
11273,13,11,True,0.00628104,2.38849974,0.00087390,0.65813327,0.00087390,0.00087390,0.00118853,2.38221860,-0.00540714,0.65185225,-0.00540714,-0.00540714,-0.00509251,0.01275937,0.01275937,0.00540714,0.00540714,0.00509251
3602,3,2,True,0.02765505,0.04698650,0.14183743,0.25761458,0.02474841,0.02765505,0.02474841,0.01933145,0.11418238,0.22995953,-0.00290664,0.00000000,-0.00290664,0.00290676,0.00000000,0.00290664,0.00000000,0.00290664
5356,7,1,True,0.14940092,0.31319350,0.16363731,0.33484352,0.14940092,0.14940092,0.14940092,0.16379258,0.01423639,0.18544260,0.00000000,0.00000000,0.00000000,0.00000000,0.00000000,0.00000000,0.00000000,0.00000000
16310,17,3,True,0.01736368,0.06905036,0.02596819,0.10322969,0.01736368,0.01736368,0.02271082,0.05168668,0.00860451,0.08586602,0.00000000,0.00000000,0.00534715,0.00000000,0.00000000,0.00000000,0.00000000,-0.00534715
12710,14,44,True,0.36936757,0.31632921,0.05624373,0.06964763,0.03460685,0.03460685,0.03460685,-0.05303836,-0.31312382,-0.29971993,-0.33476073,-0.33476073,-0.33476073,0.81773615,0.81773627,0.33476073,0.33476073,0.33476073
8094,9,7,False,3.49772501,2.49582911,4.05458307,3.01589704,2.35519981,2.35519981,2.35519981,-1.00189590,0.55685806,-0.48182797,-1.14252520,-1.14252520,-1.14252520,1.17015004,1.17015004,1.14252520,1.14252520,1.14252520
1929,1,1,True,0.00263225,0.01795725,0.00451438,0.03229234,0.00263225,0.00263225,0.01795725,0.01532500,0.00188213,0.02966009,0.00000000,0.00000000,0.01532500,0.00000000,0.00000000,0.00000000,0.00000000,-0.01532500
15643,19,4,True,0.02613079,0.38768309,0.02522337,0.27917334,0.02396637,0.02522337,0.02396637,0.36155230,-0.00090742,0.25304255,-0.00216442,-0.00090742,-0.00216442,0.00446025,0.00435992,0.00216442,0.00090742,0.00216442
2729,3,1,True,0.19587561,0.15497388,0.39167330,0.25722745,0.15497388,0.15497388,0.15497388,-0.04090174,0.19579768,0.06135184,-0.04090174,-0.04090174,-0.04090174,0.04090226,0.04090226,0.04090174,0.04090174,0.04090174
3757,3,1,True,1.05874312,0.43573987,1.91321540,1.00032210,0.43573987,0.43573987,0.43573987,-0.62300324,0.85447228,-0.05842102,-0.62300324,-0.62300324,-0.62300324,0.62300241,0.62300241,0.62300324,0.62300324,0.62300324
8349,12,1,True,0.24129204,0.42433161,0.32741219,0.50297946,0.24129204,0.24129204,0.24129204,0.18303956,0.08612014,0.26168740,0.00000000,0.00000000,0.00000000,0.00000000,0.00000000,0.00000000,0.00000000,0.00000000
13173,16,1,True,0.47156078,0.44364804,0.46130040,0.43393520,0.43393520,0.43393520,0.43393520,-0.02791274,-0.01026037,-0.03762558,-0.03762558,-0.03762558,-0.03762558,0.03762528,0.03762528,0.03762558,0.03762558,0.03762558
6303,8,16,True,0.02577803,0.32474694,0.01996621,0.19934401,0.01462771,0.01462771,0.01462771,0.29896891,-0.00581181,0.17356598,-0.01115031,-0.01115031,-0.01115031,0.01680857,0.01680857,0.01115031,0.01115031,0.01115031
16424,17,2,True,0.01046833,0.18378690,0.00510152,0.07299681,0.00510152,0.00510152,0.05747163,0.17331856,-0.00536681,0.06252848,-0.00536681,-0.00536681,0.04700330,0.00677009,0.00677009,0.00536681,0.00536681,-0.04700330
3748,5,3,False,1.54281712,2.31180739,2.52742743,3.03355932,1.44516349,1.44516349,1.44516349,0.76899028,0.98461032,1.49074221,-0.09765363,-0.09765363,-0.09765363,0.11199021,0.11199021,0.09765363,0.09765363,0.09765363
1289,1,10,False,3.68892598,2.73591089,4.12468815,2.87798882,2.45244861,2.45244861,2.45244861,-0.95301509,0.43576217,-0.81093717,-1.23647738,-1.23647738,-1.23647738,1.33174944,1.33174944,1.23647738,1.23647738,1.23647738
6325,10,2,True,0.00007724,0.00268944,0.00013792,0.00465192,0.00007498,0.00007724,0.00081792,0.00261219,0.00006067,0.00457467,-0.00000226,0.00000000,0.00074067,0.00000226,0.00000000,0.00000226,0.00000000,-0.00074067
6539,9,10,True,0.01603869,0.52248782,0.12356221,1.26817715,0.01535088,0.01535088,0.01656481,0.50644910,0.10752352,1.25213850,-0.00068781,-0.00068781,0.00052613,0.00087030,0.00087030,0.00068781,0.00068781,-0.00052613
15104,19,12,False,0.97598070,2.57065749,0.41605431,1.53345633,0.37418342,0.37418342,0.37418327,1.59467673,-0.55992639,0.55747563,-0.60179728,-0.60179728,-0.60179746,0.93405652,0.93405652,0.60179728,0.60179728,0.60179746
7631,10,2,True,0.03727579,0.08673173,0.04254418,0.09761187,0.03727579,0.03727579,0.03727579,0.04945594,0.00526839,0.06033608,0.00000000,0.00000000,0.00000000,0.00000000,0.00000000,0.00000000,0.00000000,0.00000000
1400,1,1,False,5.57102776,4.94411659,5.68063068,5.06078291,4.94411659,4.94411659,4.94411659,-0.62691116,0.10960293,-0.51024485,-0.62691116,-0.62691116,-0.62691116,0.62691164,0.62691164,0.62691116,0.62691116,0.62691116
5898,7,30,True,0.00051926,0.08109955,0.00207495,0.12113266,0.00046088,0.00046088,0.00046088,0.08058029,0.00155569,0.12061340,-0.00005838,-0.00005838,-0.00005838,0.00006017,0.00006017,0.00005838,0.00005838,0.00005838
8741,12,7,True,0.00937465,0.08529618,0.03077640,0.17557709,0.00937465,0.00937465,0.00937465,0.07592153,0.02140175,0.16620244,0.00000000,0.00000000,0.00000000,0.00000000,0.00000000,0.00000000,0.00000000,0.00000000
12549,14,1,True,1.28062153,1.15579247,1.42951465,0.78750163,0.78750163,0.78750163,0.78750163,-0.12482905,0.14889312,-0.49311990,-0.49311990,-0.49311990,-0.49311990,0.49312055,0.49312055,0.49311990,0.49311990,0.49311990
14446,16,4,True,0.00127663,0.13045463,0.00396300,0.14764307,0.00117007,0.00117007,0.00887001,0.12917800,0.00268637,0.14636645,-0.00010656,-0.00010656,0.00759338,0.00010656,0.00010656,0.00010656,0.00010656,-0.00759338
3936,7,2,True,1.04580128,1.41575432,1.11874890,1.50430071,1.00990152,1.00990152,1.00990152,0.36995304,0.07294762,0.45849943,-0.03589976,-0.03589976,-0.03589976,0.03860688,0.03860688,0.03589976,0.03589976,0.03589976
2298,5,7,True,0.00089284,0.01116234,0.15338370,0.72829270,0.00085544,0.00085544,0.00272594,0.01026950,0.15249087,0.72739989,-0.00003740,-0.00003740,0.00183310,0.00003752,0.00003752,0.00003740,0.00003740,-0.00183310
10217,12,14,True,0.03213292,0.15000102,0.14386095,0.67504728,0.02554356,0.02554356,0.02554356,0.11786810,0.11172803,0.64291435,-0.00658937,-0.00658937,-0.00658937,0.00829381,0.00829381,0.00658937,0.00658937,0.00658937
4468,8,2,False,6.29129839,4.99239683,5.54530287,4.50186253,4.50186253,4.50186253,4.50186253,-1.29890156,-0.74599552,-1.78943586,-1.78943586,-1.78943586,-1.78943586,2.06257534,2.06257534,1.78943586,1.78943586,1.78943586
4512,8,1,False,1.85364187,1.71549320,1.23750591,1.15356684,1.15356684,1.15356684,1.15356684,-0.13814867,-0.61613595,-0.70007503,-0.70007503,-0.70007503,-0.70007503,0.70007515,0.70007515,0.70007503,0.70007503,0.70007503
8056,11,1,True,0.71479630,0.63913071,0.64708793,0.57788426,0.57788426,0.57788426,0.57788426,-0.07566559,-0.06770837,-0.13691205,-0.13691205,-0.13691205,-0.13691205,0.13691235,0.13691235,0.13691205,0.13691205,0.13691205
4284,7,16,True,0.05394425,0.84770286,0.05251295,0.81412089,0.05258512,0.05258512,0.05258512,0.79375863,-0.00143130,0.76017666,-0.00135913,-0.00135913,-0.00135913,0.01394244,0.01394244,0.00135913,0.00135913,0.00135913
11957,13,14,True,0.00042858,0.22687888,0.00261751,0.19339962,0.00042584,0.00043716,0.00042584,0.22645029,0.00218892,0.19297104,-0.00000274,0.00000858,-0.00000274,0.00000274,-0.00000465,0.00000274,-0.00000858,0.00000274
9093,12,4,True,0.25388274,0.29932335,0.70614839,0.65034288,0.18291627,0.18291627,0.18291627,0.04544061,0.45226565,0.39646015,-0.07096647,-0.07096647,-0.07096647,0.09232420,0.09232420,0.07096647,0.07096647,0.07096647
4122,8,8,True,0.00015913,0.70519608,0.00005746,0.21750501,0.00005746,0.00005746,0.00112446,0.70503694,-0.00010167,0.21734588,-0.00010167,-0.00010167,0.00096533,0.00023350,0.00023350,0.00010167,0.00010167,-0.00096533
2333,5,3,False,3.80458999,2.46538973,4.31102133,2.78808784,2.34324980,2.34324980,2.34324980,-1.33920026,0.50643134,-1.01650214,-1.46134019,-1.46134019,-1.46134019,1.60439992,1.60439992,1.46134019,1.46134019,1.46134019
10176,12,1,False,3.55227637,1.65472591,3.91315913,1.83480453,1.65472591,1.65472591,1.65472591,-1.89755046,0.36088276,-1.71747184,-1.89755046,-1.89755046,-1.89755046,1.89754987,1.89754987,1.89755046,1.89755046,1.89755046
796,1,3,True,0.02702729,0.40345705,0.15989153,1.24640131,0.02702729,0.02702729,0.17442137,0.37642974,0.13286424,1.21937406,0.00000000,0.00000000,0.14739408,0.00000000,0.00000000,0.00000000,0.00000000,-0.14739408
14548,16,1,True,0.01710508,0.35692227,0.04520401,0.28892222,0.01710508,0.01710508,0.28892222,0.33981720,0.02809893,0.27181715,0.00000000,0.00000000,0.27181715,0.00000000,0.00000000,0.00000000,0.00000000,-0.27181715
3656,3,5,True,0.87029946,0.45835316,2.08887434,1.47208488,0.38774174,0.38774174,0.38774174,-0.41194630,1.21857488,0.60178542,-0.48255771,-0.48255771,-0.48255771,0.59519088,0.59519088,0.48255771,0.48255771,0.48255771
5630,7,4,True,0.37225738,0.75863624,0.59708780,1.03483105,0.30413800,0.30413792,0.30413800,0.38637885,0.22483042,0.66257370,-0.06811938,-0.06811947,-0.06811938,0.07009274,0.07009274,0.06811938,0.06811947,0.06811938
13111,16,2,True,0.13554120,0.22779182,0.33615243,0.50026762,0.13554120,0.13554120,0.13554120,0.09225062,0.20061123,0.36472642,0.00000000,0.00000000,0.00000000,0.00000000,0.00000000,0.00000000,0.00000000,0.00000000
14594,15,3,False,1.75159788,1.89711165,1.63444698,1.73815513,1.47609353,1.50202107,1.47609353,0.14551377,-0.11715090,-0.01344275,-0.27550435,-0.24957681,-0.27550435,0.27758014,0.26654851,0.27550435,0.24957681,0.27550435
12277,14,1,True,0.12113582,0.12771115,0.11554608,0.12211846,0.11554608,0.11554608,0.11554608,0.00657532,-0.00558975,0.00098263,-0.00558975,-0.00558975,-0.00558975,0.00558975,0.00558975,0.00558975,0.00558975,0.00558975
8887,12,3,True,0.00123508,0.01729584,0.00478017,0.03623680,0.00123508,0.00123508,0.00212777,0.01606076,0.00354509,0.03500172,0.00000000,0.00000000,0.00089269,0.00000000,0.00000000,0.00000000,0.00000000,-0.00089269
12014,13,7,True,0.00087128,0.03893637,0.00213348,0.05475828,0.00087128,0.00087283,0.00102170,0.03806509,0.00126220,0.05388701,0.00000000,0.00000155,0.00015042,0.00000000,-0.00000155,0.00000000,-0.00000155,-0.00015042
2956,5,4,True,0.00028261,0.02016952,0.01808850,0.23188202,0.00028261,0.00028261,0.00667615,0.01988691,0.01780589,0.23159942,0.00000000,0.00000000,0.00639355,0.00000000,0.00000000,0.00000000,0.00000000,-0.00639355
3295,5,1,False,11.76889610,8.68957043,11.42965984,8.35605049,8.35605049,8.35605049,8.35605049,-3.07932568,-0.33923626,-3.41284561,-3.41284561,-3.41284561,-3.41284561,3.41284466,3.41284466,3.41284561,3.41284561,3.41284561
2282,3,5,False,2.76697922,1.95380485,3.81687021,2.92578912,1.66790795,1.66790807,1.66790807,-0.81317437,1.04989100,0.15880990,-1.09907126,-1.09907115,-1.09907115,1.09617269,1.09617269,1.09907126,1.09907115,1.09907115
12744,14,1,True,0.01848050,0.01898113,0.02174908,0.02242784,0.01848050,0.01848050,0.01848050,0.00050063,0.00326858,0.00394734,0.00000000,0.00000000,0.00000000,0.00000000,0.00000000,0.00000000,0.00000000,0.00000000
1836,0,8,False,2.86391973,3.80494308,3.39509225,3.92393947,2.51162243,2.51162243,2.51162243,0.94102335,0.53117251,1.06001973,-0.35229731,-0.35229731,-0.35229731,0.51639032,0.51639032,0.35229731,0.35229731,0.35229731
7136,9,14,True,0.00008213,0.00341915,0.00062923,0.01507039,0.00007450,0.00007450,0.00007450,0.00333702,0.00054710,0.01498826,-0.00000763,-0.00000763,-0.00000763,0.00000763,0.00000763,0.00000763,0.00000763,0.00000763
695,0,1,True,0.01878098,0.44396904,0.03182754,0.59138513,0.01878098,0.01878098,0.44396904,0.42518806,0.01304656,0.57260412,0.00000000,0.00000000,0.42518806,0.00000000,0.00000000,0.00000000,0.00000000,-0.42518806
14517,16,4,True,0.39732304,1.10436714,0.58543438,0.68615925,0.19392745,0.19392745,0.19392745,0.70704412,0.18811134,0.28883621,-0.20339559,-0.20339559,-0.20339559,0.25392878,0.25392878,0.20339559,0.20339559,0.20339559
9218,12,9,True,0.00938362,0.02648099,0.04750899,0.07450047,0.00935339,0.00829099,0.00935339,0.01709737,0.03812537,0.06511685,-0.00003023,-0.00109263,-0.00003023,0.00127369,0.00109263,0.00003023,0.00109263,0.00003023
6450,9,9,True,0.46815524,1.56733418,1.38136935,2.10154915,0.32769853,0.32769853,0.32769853,1.09917891,0.91321409,1.63339388,-0.14045671,-0.14045671,-0.14045671,0.14680159,0.14680159,0.14045671,0.14045671,0.14045671
1405,1,4,True,0.73531592,0.03417481,0.73460555,0.03579799,0.03371331,0.03371331,0.03371331,-0.70114112,-0.00071037,-0.69951791,-0.70160258,-0.70160258,-0.70160258,2.09456134,2.09456134,0.70160258,0.70160258,0.70160258
1870,1,1,True,0.00346928,0.00456173,0.02072746,0.01409281,0.00346928,0.00346928,0.01409281,0.00109245,0.01725817,0.01062353,0.00000000,0.00000000,0.01062353,0.00000000,0.00000000,0.00000000,0.00000000,-0.01062353
7564,11,1,False,1.64463758,1.34852886,1.72324228,1.42598522,1.34852886,1.34852886,1.34852886,-0.29610872,0.07860470,-0.21865237,-0.29610872,-0.29610872,-0.29610872,0.29610944,0.29610944,0.29610872,0.29610872,0.29610872
17035,17,2,True,0.00691663,0.13466494,0.00371029,0.09248246,0.00354127,0.00283590,0.05840312,0.12774831,-0.00320634,0.08556584,-0.00337536,-0.00408073,0.05148650,0.00488137,0.00408073,0.00337536,0.00408073,-0.05148650
6688,10,2,True,0.00512868,0.01737211,0.00590426,0.02025877,0.00512868,0.00512868,0.00512868,0.01224343,0.00077558,0.01513009,0.00000000,0.00000000,0.00000000,0.00000000,0.00000000,0.00000000,0.00000000,0.00000000
2035,4,8,False,1.37091577,1.96253860,1.29083240,1.88029468,1.14179528,1.14179528,1.14179528,0.59162283,-0.08008337,0.50937891,-0.22912049,-0.22912049,-0.22912049,0.24255967,0.24255967,0.22912049,0.22912049,0.22912049
1732,1,1,True,0.01998772,0.02125159,0.03172176,0.03293076,0.01998772,0.01998772,0.01998772,0.00126387,0.01173404,0.01294304,0.00000000,0.00000000,0.00000000,0.00000000,0.00000000,0.00000000,0.00000000,0.00000000
11908,13,13,True,0.00031550,1.44678223,0.00046481,0.48808733,0.00040714,0.00040714,0.00032372,1.44646668,0.00014931,0.48777184,0.00009164,0.00009164,0.00000822,0.00016231,0.00016231,-0.00009164,-0.00009164,-0.00000822
802,1,5,True,0.00376172,0.01483727,0.01354445,0.05712672,0.00286134,0.00286134,0.00286134,0.01107555,0.00978273,0.05336500,-0.00090038,-0.00090038,-0.00090038,0.00090038,0.00090038,0.00090038,0.00090038,0.00090038
5667,7,2,True,0.02043130,0.19362153,0.02571901,0.19691224,0.02043130,0.02043130,0.02241280,0.17319024,0.00528771,0.17648095,0.00000000,0.00000000,0.00198151,0.00000000,0.00000000,0.00000000,0.00000000,-0.00198151
12520,14,4,True,0.22259924,0.29531604,0.22460933,0.30139318,0.21734598,0.21734598,0.21734598,0.07271680,0.00201009,0.07879394,-0.00525326,-0.00525326,-0.00525326,0.00705184,0.00705184,0.00525326,0.00525326,0.00525326
11403,13,25,True,0.00041607,0.12986979,0.00078302,0.06040121,0.00053570,0.00053570,0.00053570,0.12945372,0.00036694,0.05998514,0.00011963,0.00011963,0.00011963,0.00041635,0.00041635,-0.00011963,-0.00011963,-0.00011963
5938,7,8,True,0.75700068,2.48860312,0.37094095,1.64123845,0.32655540,0.32655513,0.32655540,1.73160243,-0.38605973,0.88423777,-0.43044528,-0.43044555,-0.43044528,0.54714984,0.54714984,0.43044528,0.43044555,0.43044528
14250,16,28,True,0.00120924,0.02352156,0.01047907,0.04887402,0.00088509,0.00088509,0.00088509,0.02231232,0.00926983,0.04766477,-0.00032415,-0.00032415,-0.00032415,0.00036519,0.00036519,0.00032415,0.00032415,0.00032415
7771,9,3,True,0.41455352,0.23285094,1.21903491,0.16838312,0.14594910,0.16457301,0.14594910,-0.18170258,0.80448139,-0.24617040,-0.26860443,-0.24998051,-0.26860443,0.32284054,0.28766772,0.26860443,0.24998051,0.26860443
4578,8,4,True,0.00272415,0.00707644,0.00073751,0.00192005,0.00061648,0.00061648,0.00061648,0.00435229,-0.00198664,-0.00080410,-0.00210767,-0.00210767,-0.00210767,0.00332999,0.00332999,0.00210767,0.00210767,0.00210767
15064,17,7,True,0.52071065,1.87112129,0.54208028,1.67968512,0.42085004,0.42085004,0.43416405,1.35041070,0.02136964,1.15897441,-0.09986061,-0.09986061,-0.08654660,0.12592229,0.12592229,0.09986061,0.09986061,0.08654660
16588,17,23,True,0.00791556,2.78296852,0.00262904,0.92552423,0.00199869,0.00199869,0.00189899,2.77505302,-0.00528652,0.91760868,-0.00591687,-0.00591687,-0.00601657,0.01960226,0.01960226,0.00591687,0.00591687,0.00601657
12708,14,11,False,1.15617502,0.86157370,0.51585710,0.39213917,0.24997021,0.24997021,0.24997002,-0.29460132,-0.64031792,-0.76403582,-0.90620482,-0.90620482,-0.90620500,1.35358346,1.35358346,0.90620482,0.90620482,0.90620500
14909,15,37,True,0.00052974,0.03258096,0.00091809,0.03998516,0.00021014,0.00021134,0.00021014,0.03205122,0.00038834,0.03945541,-0.00031960,-0.00031841,-0.00031960,0.00044705,0.00044348,0.00031960,0.00031841,0.00031960
8444,12,1,True,0.12718169,0.13161534,0.14270061,0.14811297,0.12718169,0.12718169,0.12718169,0.00443365,0.01551892,0.02093127,0.00000000,0.00000000,0.00000000,0.00000000,0.00000000,0.00000000,0.00000000,0.00000000
11513,13,1,True,0.08342842,0.14857052,0.09211496,0.15617268,0.08342842,0.08342842,0.08342842,0.06514210,0.00868654,0.07274426,0.00000000,0.00000000,0.00000000,0.00000000,0.00000000,0.00000000,0.00000000,0.00000000
5263,7,31,True,0.01059479,0.89051116,0.00603698,0.38972250,0.00332268,0.00332268,0.00315882,0.87991637,-0.00455781,0.37912771,-0.00727211,-0.00727211,-0.00743597,0.01575657,0.01575657,0.00727211,0.00727211,0.00743597
15150,17,2,True,0.19965522,0.21494563,0.21448073,0.19859914,0.16092047,0.16092047,0.16092047,0.01529041,0.01482551,-0.00105608,-0.03873475,-0.03873475,-0.03873475,0.03873496,0.03873496,0.03873475,0.03873475,0.03873475
206,1,7,True,0.00015150,0.00575528,0.00033874,0.00956358,0.00011086,0.00011157,0.00024280,0.00560378,0.00018723,0.00941208,-0.00004065,-0.00003993,0.00009130,0.00004649,0.00004446,0.00004065,0.00003993,-0.00009130
108,1,5,True,0.00557404,0.00568085,0.04332599,0.03148972,0.00309964,0.00309964,0.00309964,0.00010680,0.03775195,0.02591568,-0.00247440,-0.00247440,-0.00247440,0.00303449,0.00303449,0.00247440,0.00247440,0.00247440
2241,3,1,True,0.21072440,0.22252204,0.47042882,0.48282903,0.21072440,0.21072440,0.21072440,0.01179764,0.25970441,0.27210462,0.00000000,0.00000000,0.00000000,0.00000000,0.00000000,0.00000000,0.00000000,0.00000000
11837,13,7,True,0.01789800,1.48995709,0.02599258,1.26393807,0.01615095,0.01615095,0.01647253,1.47205913,0.00809458,1.24604011,-0.00174705,-0.00174705,-0.00142547,0.00174682,0.00174682,0.00174705,0.00174705,0.00142547
14663,15,16,True,0.00075252,0.04500300,0.00184592,0.09397048,0.00063697,0.00063697,0.00063697,0.04425048,0.00109340,0.09321795,-0.00011555,-0.00011555,-0.00011555,0.00012246,0.00012246,0.00011555,0.00011555,0.00011555
1404,1,1,True,0.98892975,1.06262410,1.98356438,1.92789698,0.98892975,0.98892975,0.98892975,0.07369435,0.99463463,0.93896723,0.00000000,0.00000000,0.00000000,0.00000000,0.00000000,0.00000000,0.00000000,0.00000000
15142,19,11,False,1.72228777,2.41874838,1.62084508,2.36265659,1.61715102,1.61715102,1.61715102,0.69646060,-0.10144269,0.64036882,-0.10513675,-0.10513675,-0.10513675,0.26643753,0.26643753,0.10513675,0.10513675,0.10513675
14582,15,3,False,5.70291281,5.40457106,1.54948425,1.10666823,0.90749657,0.90749657,0.90749657,-0.29834175,-4.15342855,-4.59624481,-4.79541636,-4.79541636,-4.79541636,5.40687943,5.40687895,4.79541636,4.79541636,4.79541636
9034,12,7,True,0.00105278,0.03373199,0.00487888,0.08633301,0.00105278,0.00105278,0.00105278,0.03267921,0.00382610,0.08528023,0.00000000,0.00000000,0.00000000,0.00000000,0.00000000,0.00000000,0.00000000,0.00000000
8792,12,4,True,0.00159375,0.00455924,0.00887603,0.01719156,0.00159375,0.00159375,0.00159375,0.00296549,0.00728229,0.01559781,0.00000000,0.00000000,0.00000000,0.00000000,0.00000000,0.00000000,0.00000000,0.00000000
16614,18,19,False,3.05107260,2.89187717,2.57194829,2.65855479,2.04050541,1.92906642,2.04050541,-0.15919542,-0.47912431,-0.39251781,-1.01056719,-1.12200618,-1.01056719,1.56145096,1.56052375,1.01056719,1.12200618,1.01056719
12096,13,1,True,1.02735782,1.26743853,1.08269393,1.32253218,1.02735782,1.02735782,1.02735782,0.24008071,0.05533612,0.29517436,0.00000000,0.00000000,0.00000000,0.00000000,0.00000000,0.00000000,0.00000000,0.00000000
10140,12,27,True,0.00791757,0.38482279,0.01910581,0.62162644,0.00718438,0.00718438,0.00718438,0.37690520,0.01118824,0.61370885,-0.00073318,-0.00073318,-0.00073318,0.00080066,0.00080066,0.00073318,0.00073318,0.00073318
3674,3,2,True,0.30391434,0.45185310,1.20416129,1.55984378,0.29829904,0.29829904,0.29829904,0.14793876,0.90024698,1.25592947,-0.00561529,-0.00561529,-0.00561529,0.00561512,0.00561512,0.00561529,0.00561529,0.00561529
4809,7,17,True,0.01881490,1.00854337,0.00923363,0.51118660,0.00916193,0.00916193,0.00916193,0.98972845,-0.00958128,0.49237171,-0.00965297,-0.00965297,-0.00965297,0.01622127,0.01622127,0.00965297,0.00965297,0.00965297
4514,7,55,True,0.00519675,0.46134716,0.01982937,0.60607708,0.00057002,0.00057002,0.00057002,0.45615041,0.01463262,0.60088032,-0.00462674,-0.00462674,-0.00462674,0.01215943,0.01215943,0.00462674,0.00462674,0.00462674
8342,12,10,True,0.01645401,0.11047627,0.03084991,0.17507480,0.01422915,0.01422915,0.01422915,0.09402227,0.01439591,0.15862079,-0.00222486,-0.00222486,-0.00222486,0.00754163,0.00754163,0.00222486,0.00222486,0.00222486
12057,13,7,True,0.06628864,0.46372467,0.05578927,0.33499634,0.05371584,0.05371584,0.05371584,0.39743602,-0.01049937,0.26870769,-0.01257279,-0.01257279,-0.01257279,0.01945464,0.01945464,0.01257279,0.01257279,0.01257279
9397,12,19,True,0.01320533,0.28986108,0.04843844,0.39404917,0.00906436,0.00879899,0.00906436,0.27665576,0.03523311,0.38084385,-0.00414098,-0.00440634,-0.00414098,0.00569595,0.00559617,0.00414098,0.00440634,0.00414098
13747,15,5,True,0.00188209,0.05958401,0.00280131,0.06594452,0.00185461,0.00185461,0.00217951,0.05770192,0.00091921,0.06406242,-0.00002749,-0.00002749,0.00029742,0.00002749,0.00002749,0.00002749,0.00002749,-0.00029742
15675,17,3,True,0.69514340,1.11530209,0.60898501,0.70496428,0.46021003,0.51766098,0.46021003,0.42015868,-0.08615839,0.00982088,-0.23493338,-0.17748243,-0.23493338,0.24565893,0.18754113,0.23493338,0.17748243,0.23493338
16831,17,3,True,0.08593545,1.31307590,0.11074650,1.08421469,0.06528652,0.06528652,0.19298778,1.22714043,0.02481105,0.99827921,-0.02064893,-0.02064893,0.10705233,0.02064927,0.02064927,0.02064893,0.02064893,-0.10705233
14838,15,1,True,0.31764790,0.51944637,0.36816612,0.59216815,0.31764790,0.31764790,0.31764790,0.20179847,0.05051821,0.27452025,0.00000000,0.00000000,0.00000000,0.00000000,0.00000000,0.00000000,0.00000000,0.00000000
13131,15,1,True,0.58557802,0.81897646,0.66085613,0.90896869,0.58557802,0.58557802,0.58557802,0.23339844,0.07527810,0.32339066,0.00000000,0.00000000,0.00000000,0.00000000,0.00000000,0.00000000,0.00000000,0.00000000
7024,11,3,True,0.18521826,0.38039139,0.18417865,0.23687738,0.10025522,0.10025522,0.10025522,0.19517313,-0.00103961,0.05165912,-0.08496304,-0.08496304,-0.08496304,0.09811710,0.09811710,0.08496304,0.08496304,0.08496304
4663,7,2,True,0.28143597,0.82495201,0.30804789,0.84958404,0.28049123,0.28049123,0.28049123,0.54351604,0.02661192,0.56814808,-0.00094473,-0.00094473,-0.00094473,0.00094527,0.00094527,0.00094473,0.00094473,0.00094473
4608,7,5,True,0.42242917,1.34776986,0.35912362,1.16635168,0.35146889,0.35146889,0.35146889,0.92534065,-0.06330556,0.74392247,-0.07096028,-0.07096028,-0.07096028,0.07712442,0.07712442,0.07096028,0.07096028,0.07096028
12726,14,3,True,0.10980689,0.21336210,0.12982121,0.25298074,0.10153379,0.10153379,0.10153379,0.10355521,0.02001432,0.14317384,-0.00827310,-0.00827310,-0.00827310,0.00827310,0.00827310,0.00827310,0.00827310,0.00827310
16046,17,16,False,5.53735447,6.26987362,2.27387857,2.97185993,1.43853831,1.43853831,1.43853831,0.73251915,-3.26347589,-2.56549454,-4.09881592,-4.09881592,-4.09881592,4.41732407,4.41732407,4.09881592,4.09881592,4.09881592
26,1,3,True,0.00001371,0.00027367,0.00005495,0.00066211,0.00001371,0.00001371,0.00009858,0.00025996,0.00004124,0.00064840,0.00000000,0.00000000,0.00008487,0.00000000,0.00000000,0.00000000,0.00000000,-0.00008487
6123,8,2,True,0.04737018,0.11195556,0.03212484,0.07382815,0.03212484,0.03212484,0.03212484,0.06458538,-0.01524534,0.02645797,-0.01524534,-0.01524534,-0.01524534,0.01547135,0.01547135,0.01524534,0.01524534,0.01524534
11295,13,1,False,4.38510418,6.76709700,4.86274767,7.24996710,4.38510418,4.38510418,4.38510418,2.38199282,0.47764349,2.86486292,0.00000000,0.00000000,0.00000000,0.00000000,0.00000000,0.00000000,0.00000000,0.00000000
6980,9,1,True,0.04742691,0.13495287,0.03070970,0.09297607,0.03070970,0.03070970,0.03070970,0.08752596,-0.01671722,0.04554916,-0.01671722,-0.01671722,-0.01671722,0.01671710,0.01671710,0.01671722,0.01671722,0.01671722
2183,5,3,True,1.20188951,1.38917339,1.50971401,1.71018565,1.15981638,1.15981638,1.15981638,0.18728387,0.30782449,0.50829613,-0.04207313,-0.04207313,-0.04207313,0.04207754,0.04207754,0.04207313,0.04207313,0.04207313
15864,19,1,True,0.31880289,0.75749159,0.19489303,0.57632357,0.19489303,0.19489303,0.19489303,0.43868870,-0.12390986,0.25752068,-0.12390986,-0.12390986,-0.12390986,0.12390938,0.12390938,0.12390986,0.12390986,0.12390986
17033,17,1,True,0.00011920,0.17743951,0.00020085,0.12682231,0.00011920,0.00011920,0.12682231,0.17732030,0.00008165,0.12670310,0.00000000,0.00000000,0.12670310,0.00000000,0.00000000,0.00000000,0.00000000,-0.12670310
1274,0,6,True,0.33072269,1.28259683,0.71663892,1.93883908,0.30642021,0.30642021,0.30642021,0.95187414,0.38591623,1.60811639,-0.02430248,-0.02430248,-0.02430248,0.02430284,0.02430284,0.02430248,0.02430248,0.02430248
14444,15,1,True,0.21953885,0.48713610,0.22509734,0.48509890,0.21953885,0.21953885,0.21953885,0.26759726,0.00555849,0.26556003,0.00000000,0.00000000,0.00000000,0.00000000,0.00000000,0.00000000,0.00000000,0.00000000
14270,15,2,True,0.05588735,0.60359675,0.10635292,0.94537997,0.05588735,0.05588735,0.10635292,0.54770941,0.05046557,0.88949263,0.00000000,0.00000000,0.05046557,0.00000000,0.00000000,0.00000000,0.00000000,-0.05046557
858,1,1,True,0.00088128,0.01960145,0.00921107,0.09206799,0.00088128,0.00088128,0.09206799,0.01872017,0.00832979,0.09118670,0.00000000,0.00000000,0.09118670,0.00000000,0.00000000,0.00000000,0.00000000,-0.09118670
4156,7,47,True,0.00099740,1.09747636,0.00193873,0.59236169,0.00117376,0.00117376,0.00130890,1.09647894,0.00094132,0.59136426,0.00017636,0.00017636,0.00031149,0.00075660,0.00075660,-0.00017636,-0.00017636,-0.00031149
5450,7,3,True,0.04327941,0.23543268,0.03818325,0.20838483,0.03724317,0.03724317,0.03818325,0.19215328,-0.00509617,0.16510542,-0.00603624,-0.00603624,-0.00509617,0.00612612,0.00612612,0.00603624,0.00603624,0.00509617
15400,17,1,False,1.27383780,2.59412551,0.53717065,1.16558337,0.53717065,0.53717065,1.16558337,1.32028770,-0.73666716,-0.10825443,-0.73666716,-0.73666716,-0.10825443,0.73666674,0.73666674,0.73666716,0.73666716,0.10825443
9803,12,2,True,0.04702676,0.15072238,0.06971066,0.19840463,0.04702676,0.04702676,0.04702676,0.10369562,0.02268390,0.15137786,0.00000000,0.00000000,0.00000000,0.00000000,0.00000000,0.00000000,0.00000000,0.00000000
6298,8,6,True,0.16131295,2.82824540,0.03961995,1.44657195,0.03961995,0.03961995,0.03961995,2.66693234,-0.12169300,1.28525901,-0.12169300,-0.12169300,-0.12169300,0.18808518,0.18808518,0.12169300,0.12169300,0.12169300
1784,1,7,True,0.00019000,0.03907360,0.00080982,0.10059927,0.00019000,0.00019000,0.00021849,0.03888360,0.00061982,0.10040926,0.00000000,0.00000000,0.00002849,0.00000000,0.00000000,0.00000000,0.00000000,-0.00002849
7429,9,5,True,0.00079219,0.00318366,0.00200619,0.00732877,0.00068570,0.00068570,0.00068570,0.00239147,0.00121400,0.00653658,-0.00010649,-0.00010649,-0.00010649,0.00010649,0.00010649,0.00010649,0.00010649,0.00010649
1086,1,6,True,0.00007307,0.00096727,0.00236327,0.01600408,0.00006580,0.00006580,0.00006580,0.00089420,0.00229020,0.01593101,-0.00000727,-0.00000727,-0.00000727,0.00000727,0.00000727,0.00000727,0.00000727,0.00000727
10600,12,26,True,0.26486540,0.63929409,0.18186125,0.40173391,0.12092765,0.12092765,0.12092765,0.37442869,-0.08300415,0.13686851,-0.14393775,-0.14393775,-0.14393775,0.24699047,0.24699047,0.14393775,0.14393775,0.14393775
816,0,6,False,1.92304707,1.18059850,2.96013427,1.96303141,1.12663054,1.12663054,1.12663054,-0.74244857,1.03708720,0.03998435,-0.79641652,-0.79641652,-0.79641652,0.98236680,0.98236680,0.79641652,0.79641652,0.79641652
2386,5,4,False,10.57388687,7.37904692,10.21325302,7.07110643,6.67890978,6.67890978,6.67890978,-3.19483995,-0.36063385,-3.50278044,-3.89497709,-3.89497709,-3.89497709,3.90557861,3.90557861,3.89497709,3.89497709,3.89497709
16777,17,1,False,1.60294461,1.93096340,1.69931340,2.02875495,1.60294461,1.60294461,1.60294461,0.32801878,0.09636879,0.42581034,0.00000000,0.00000000,0.00000000,0.00000000,0.00000000,0.00000000,0.00000000,0.00000000
13652,15,2,True,0.00053987,0.08245420,0.00131330,0.13971227,0.00053987,0.00053987,0.03608837,0.08191434,0.00077343,0.13917241,0.00000000,0.00000000,0.03554849,0.00000000,0.00000000,0.00000000,0.00000000,-0.03554849
15364,19,5,False,1.85629094,3.40083170,2.22183490,3.67199564,1.85629070,1.85629070,1.85629070,1.54454076,0.36554396,1.81570470,-0.00000024,-0.00000024,-0.00000024,0.00000000,0.00000000,0.00000024,0.00000024,0.00000024
15418,17,6,True,0.03101207,0.07302651,0.08949564,0.13528977,0.02538865,0.02538865,0.04209259,0.04201443,0.05848356,0.10427770,-0.00562343,-0.00562343,0.01108052,0.00537454,0.00537454,0.00562343,0.00562343,-0.01108052
14013,16,10,True,0.03847259,0.10488635,0.14010705,0.27547890,0.02711953,0.02642352,0.02711953,0.06641376,0.10163446,0.23700631,-0.01135306,-0.01204907,-0.01135306,0.01484337,0.01353987,0.01135306,0.01204907,0.01135306
10396,12,2,False,1.34277821,1.46746123,1.03929961,1.10282099,0.73713195,0.73713195,0.73713195,0.12468302,-0.30347860,-0.23995721,-0.60564625,-0.60564625,-0.60564625,0.79383641,0.79383641,0.60564625,0.60564625,0.60564625
9674,12,4,True,0.11375754,0.35027319,0.10608546,0.33095014,0.03859463,0.03859463,0.03859463,0.23651566,-0.00767207,0.21719261,-0.07516290,-0.07516290,-0.07516290,0.08797344,0.08797344,0.07516290,0.07516290,0.07516290
14032,16,1,True,0.32852823,0.37960142,0.38081136,0.42098707,0.32852823,0.32852823,0.32852823,0.05107319,0.05228314,0.09245884,0.00000000,0.00000000,0.00000000,0.00000000,0.00000000,0.00000000,0.00000000,0.00000000
3303,4,24,False,2.32960582,3.42693543,1.52806079,2.60222769,1.01202106,1.01202106,1.01202130,1.09732962,-0.80154502,0.27262187,-1.31758475,-1.31758475,-1.31758451,1.65771115,1.65771115,1.31758475,1.31758475,1.31758451
3781,5,3,True,0.94878101,0.38588634,2.64632034,1.59157228,0.30421662,0.30421662,0.30421662,-0.56289470,1.69753933,0.64279127,-0.64456439,-0.64456439,-0.64456439,0.66477680,0.66477680,0.64456439,0.64456439,0.64456439
7879,11,1,False,3.16138768,2.09596682,2.71844506,1.75891221,1.75891221,1.75891221,1.75891221,-1.06542087,-0.44294262,-1.40247548,-1.40247548,-1.40247548,-1.40247548,1.40247369,1.40247369,1.40247548,1.40247548,1.40247548
3293,5,2,False,1.90288448,1.52011240,2.49069262,2.19566822,1.52011240,1.52011240,1.52011240,-0.38277209,0.58780813,0.29278374,-0.38277209,-0.38277209,-0.38277209,0.42291451,0.42291451,0.38277209,0.38277209,0.38277209
3044,3,1,False,1.73423100,1.48240519,2.07942033,1.80185735,1.48240519,1.48240519,1.48240519,-0.25182581,0.34518933,0.06762636,-0.25182581,-0.25182581,-0.25182581,0.25182819,0.25182819,0.25182581,0.25182581,0.25182581
7274,9,1,False,14.98589706,9.57333469,14.49250603,9.27888966,9.27888966,9.27888966,9.27888966,-5.41256237,-0.49339104,-5.70700741,-5.70700741,-5.70700741,-5.70700741,5.70700455,5.70700455,5.70700741,5.70700741,5.70700741
7821,11,3,True,1.04130030,0.94725609,1.12792838,1.03468633,0.87433058,0.87433058,0.87433058,-0.09404421,0.08662808,-0.00661397,-0.16696972,-0.16696972,-0.16696972,0.16696972,0.16696972,0.16696972,0.16696972,0.16696972
17038,17,12,True,0.09893409,1.63025403,0.30519179,2.48544908,0.09561761,0.09561750,0.09461465,1.53131998,0.20625770,2.38651490,-0.00331648,-0.00331660,-0.00431944,0.00460164,0.00460164,0.00331648,0.00331660,0.00431944
13305,15,16,True,0.03759398,0.26756608,0.07140165,0.42329046,0.03620622,0.03620622,0.03620622,0.22997211,0.03380767,0.38569647,-0.00138776,-0.00138776,-0.00138776,0.00137923,0.00137923,0.00138776,0.00138776,0.00138776
1488,1,2,False,2.99923348,1.75162935,5.08206844,3.13301635,1.75162935,1.75162935,1.75162935,-1.24760413,2.08283496,0.13378286,-1.24760413,-1.24760413,-1.24760413,1.87028217,1.87028217,1.24760413,1.24760413,1.24760413
8145,10,21,True,0.00063435,0.00317546,0.00057847,0.00301360,0.00009131,0.00009131,0.00009131,0.00254111,-0.00005588,0.00237925,-0.00054304,-0.00054304,-0.00054304,0.00102860,0.00102860,0.00054304,0.00054304,0.00054304
15886,19,1,False,1.44975829,2.83174062,1.21055889,2.48207998,1.21055889,1.21055889,1.21055889,1.38198233,-0.23919940,1.03232169,-0.23919940,-0.23919940,-0.23919940,0.23920012,0.23920012,0.23919940,0.23919940,0.23919940
12453,14,9,True,0.00356515,0.05187220,0.00808845,0.08806110,0.00334561,0.00334561,0.00425113,0.04830706,0.00452330,0.08449595,-0.00021954,-0.00021954,0.00068599,0.00021954,0.00021954,0.00021954,0.00021954,-0.00068599
6816,11,3,True,0.00979050,0.00860117,0.00975544,0.00838332,0.00853108,0.00850366,0.00850366,-0.00118933,-0.00003506,-0.00140718,-0.00125942,-0.00128684,-0.00128684,0.00130481,0.00128415,0.00125942,0.00128684,0.00128684
4483,8,4,False,6.48325968,4.60832977,4.92699385,2.95461488,2.95461488,2.95461488,2.95461488,-1.87492990,-1.55626583,-3.52864480,-3.52864480,-3.52864480,-3.52864480,4.44544601,4.44544601,3.52864480,3.52864480,3.52864480
15078,17,2,False,4.68542433,4.91331291,4.54632759,4.65985298,4.44934654,4.54632759,4.44934654,0.22788858,-0.13909674,-0.02557135,-0.23607779,-0.13909674,-0.23607779,0.23192501,0.15546989,0.23607779,0.13909674,0.23607779
7766,9,8,True,0.11510503,0.65169531,0.40681207,1.45697248,0.07275797,0.07275797,0.07275797,0.53659028,0.29170704,1.34186745,-0.04234707,-0.04234707,-0.04234707,0.04588586,0.04588586,0.04234707,0.04234707,0.04234707
9778,12,1,True,0.33097598,0.72924256,0.40499738,0.87371588,0.33097598,0.33097598,0.33097598,0.39826658,0.07402140,0.54273987,0.00000000,0.00000000,0.00000000,0.00000000,0.00000000,0.00000000,0.00000000,0.00000000
3846,3,1,False,2.39360595,2.35553265,4.71016884,4.40575600,2.35553265,2.39360595,2.35553265,-0.03807330,2.31656289,2.01215005,-0.03807330,0.00000000,-0.03807330,0.03807330,0.00000000,0.03807330,0.00000000,0.03807330
12177,14,2,True,0.13698693,0.26679137,0.16841415,0.32789394,0.13698693,0.13698693,0.13698693,0.12980445,0.03142722,0.19090702,0.00000000,0.00000000,0.00000000,0.00000000,0.00000000,0.00000000,0.00000000,0.00000000
6711,11,2,False,3.68183041,3.35277510,3.14820218,2.80881000,2.62852192,2.62852192,2.62852192,-0.32905531,-0.53362823,-0.87302041,-1.05330849,-1.05330849,-1.05330849,1.06101918,1.06101918,1.05330849,1.05330849,1.05330849
16810,17,9,True,0.54712772,1.12336373,0.38391590,0.83222169,0.28586558,0.30879429,0.28586558,0.57623601,-0.16321182,0.28509396,-0.26126215,-0.23833343,-0.26126215,0.35879433,0.27989411,0.26126215,0.23833343,0.26126215
11500,13,1,True,0.07172537,0.16176826,0.06275062,0.13453229,0.06275062,0.06275062,0.06275062,0.09004289,-0.00897475,0.06280692,-0.00897475,-0.00897475,-0.00897475,0.00897463,0.00897463,0.00897475,0.00897475,0.00897475
7884,9,4,False,2.71814966,1.31551778,2.83081341,1.57415509,1.28250670,1.28250718,1.28250718,-1.40263188,0.11266375,-1.14399457,-1.43564296,-1.43564248,-1.43564248,1.85902286,1.85902286,1.43564296,1.43564248,1.43564248
12965,14,14,False,5.23294353,2.82184744,5.70534515,3.30436897,2.70519781,2.70519757,2.70519781,-2.41109610,0.47240162,-1.92857456,-2.52774572,-2.52774596,-2.52774572,2.79356718,2.79356718,2.52774572,2.52774596,2.52774572
3672,4,15,False,1.06268704,2.55988526,0.83343399,2.17594051,0.79356444,0.79356444,0.79356444,1.49719822,-0.22925305,1.11325347,-0.26912260,-0.26912260,-0.26912260,0.29974407,0.29974407,0.26912260,0.26912260,0.26912260
13058,15,7,True,0.05965724,0.61193603,0.11526694,0.94071269,0.05965724,0.05965724,0.05965724,0.55227882,0.05560970,0.88105547,0.00000000,0.00000000,0.00000000,0.00000000,0.00000000,0.00000000,0.00000000,0.00000000
4806,7,23,True,0.01274606,0.17845821,0.00599811,0.07726248,0.00405205,0.00405205,0.00405205,0.16571216,-0.00674795,0.06451643,-0.00869401,-0.00869401,-0.00869401,0.01710568,0.01710568,0.00869401,0.00869401,0.00869401
14166,15,1,True,0.27418205,0.20919305,0.34492511,0.26757020,0.20919305,0.20919305,0.20919305,-0.06498900,0.07074305,-0.00661185,-0.06498900,-0.06498900,-0.06498900,0.06498928,0.06498928,0.06498900,0.06498900,0.06498900
10309,12,22,True,0.00182438,0.00752815,0.02167373,0.07353602,0.00166980,0.00166980,0.00166980,0.00570377,0.01984935,0.07171163,-0.00015458,-0.00015458,-0.00015458,0.00015541,0.00015541,0.00015458,0.00015458,0.00015458
15156,18,11,False,4.19934368,4.30343914,3.53780317,3.38230038,2.69408345,2.69295979,2.69408345,0.10409546,-0.66154051,-0.81704330,-1.50526023,-1.50638390,-1.50526023,1.70228624,1.70182848,1.50526023,1.50638390,1.50526023
10172,12,2,True,0.01717539,0.02134903,0.02167699,0.02644256,0.01681582,0.01717539,0.01681582,0.00417364,0.00450161,0.00926717,-0.00035957,0.00000000,-0.00035957,0.00035969,0.00000000,0.00035957,0.00000000,0.00035957
14553,16,12,True,0.01125405,0.13994581,0.04295435,0.31319523,0.01096993,0.01096993,0.01096993,0.12869176,0.03170030,0.30194119,-0.00028412,-0.00028412,-0.00028412,0.00028398,0.00028398,0.00028412,0.00028412,0.00028412
9628,12,2,False,2.28520799,2.95607662,2.57568860,3.16064739,2.28520799,2.28520799,2.28520799,0.67086864,0.29048061,0.87543941,0.00000000,0.00000000,0.00000000,0.00000000,0.00000000,0.00000000,0.00000000,0.00000000
14120,15,6,True,0.00170967,1.23097849,0.00588103,1.93760324,0.00170967,0.00170967,0.07284874,1.22926879,0.00417136,1.93589354,0.00000000,0.00000000,0.07113907,0.00000000,0.00000000,0.00000000,0.00000000,-0.07113907
10003,12,4,True,0.03688627,0.09502374,0.10561309,0.27183172,0.03688627,0.03688627,0.03688627,0.05813747,0.06872682,0.23494545,0.00000000,0.00000000,0.00000000,0.00000000,0.00000000,0.00000000,0.00000000,0.00000000
13799,16,3,True,0.00440377,0.16837335,0.01758110,0.15253071,0.00440377,0.00440377,0.01307733,0.16396958,0.01317732,0.14812694,0.00000000,0.00000000,0.00867355,0.00000000,0.00000000,0.00000000,0.00000000,-0.00867355
14330,16,18,True,0.45147124,1.12676954,0.49266282,1.17372775,0.27608573,0.27214333,0.27608564,0.67529833,0.04119158,0.72225654,-0.17538550,-0.17932791,-0.17538559,0.23535612,0.23531643,0.17538550,0.17932791,0.17538559
940,0,1,True,0.75749719,1.49596238,1.36163366,1.78672290,0.75749719,0.75749719,0.75749719,0.73846519,0.60413647,1.02922571,0.00000000,0.00000000,0.00000000,0.00000000,0.00000000,0.00000000,0.00000000,0.00000000
16529,17,7,True,0.13812493,1.35876560,0.14769326,1.61870492,0.06657621,0.06657621,0.06657621,1.22064066,0.00956833,1.48057997,-0.07154872,-0.07154872,-0.07154872,0.08974354,0.08974354,0.07154872,0.07154872,0.07154872
16678,17,2,True,0.36333007,0.52067423,0.30165136,0.42876673,0.30165136,0.30165136,0.30165136,0.15734416,-0.06167871,0.06543666,-0.06167871,-0.06167871,-0.06167871,0.06955522,0.06955522,0.06167871,0.06167871,0.06167871
3164,5,1,True,0.14339380,0.15379101,0.17643034,0.19071753,0.14339380,0.14339380,0.14339380,0.01039721,0.03303654,0.04732373,0.00000000,0.00000000,0.00000000,0.00000000,0.00000000,0.00000000,0.00000000,0.00000000
14656,16,5,True,0.01222946,0.15578684,0.04891511,0.43174446,0.01222946,0.01222946,0.01222946,0.14355738,0.03668565,0.41951498,0.00000000,0.00000000,0.00000000,0.00000000,0.00000000,0.00000000,0.00000000,0.00000000
7595,9,1,False,12.45660591,6.66634321,14.06703186,6.96946716,6.66634321,6.66634321,6.96946716,-5.79026270,1.61042595,-5.48713875,-5.79026270,-5.79026270,-5.48713875,5.79026175,5.79026175,5.79026270,5.79026270,5.48713875
9713,12,2,True,0.01199780,0.02844071,0.02028237,0.05900150,0.01107498,0.01199780,0.02028237,0.01644291,0.00828457,0.04700370,-0.00092282,0.00000000,0.00828457,0.00092282,0.00000000,0.00092282,0.00000000,-0.00828457
4831,8,6,True,0.30845955,1.42696226,0.08232895,0.46675605,0.07940684,0.07940684,0.07940684,1.11850274,-0.22613060,0.15829650,-0.22905271,-0.22905271,-0.22905271,0.36682710,0.36682710,0.22905271,0.22905271,0.22905271
16817,17,4,True,0.00387774,0.17702892,0.02556354,0.39115989,0.00387774,0.00387774,0.00518703,0.17315118,0.02168580,0.38728216,0.00000000,0.00000000,0.00130929,0.00000000,0.00000000,0.00000000,0.00000000,-0.00130929
5693,7,31,True,0.00325044,0.39639086,0.00641501,0.35622576,0.00277503,0.00277503,0.00277503,0.39314041,0.00316458,0.35297531,-0.00047540,-0.00047540,-0.00047540,0.00049694,0.00049694,0.00047540,0.00047540,0.00047540
1858,1,3,True,0.97538018,1.46379721,2.11895537,1.88256812,0.88308889,0.88308889,0.90054983,0.48841703,1.14357519,0.90718794,-0.09229130,-0.09229130,-0.07483035,0.08424574,0.08424574,0.09229130,0.09229130,0.07483035
11998,13,17,True,0.66757113,3.05417800,1.93581760,4.52135468,0.63903844,0.63903821,0.63903832,2.38660693,1.26824641,3.85378361,-0.02853268,-0.02853292,-0.02853280,0.02857769,0.02857769,0.02853268,0.02853292,0.02853280
13683,15,3,False,1.27013910,0.69883776,0.62380910,0.29154676,0.29154676,0.29154676,0.29154676,-0.57130134,-0.64633000,-0.97859234,-0.97859234,-0.97859234,-0.97859234,1.24958265,1.24958253,0.97859234,0.97859234,0.97859234
7057,11,6,False,2.24344945,1.62054598,1.81026459,0.89631605,0.76022929,0.76022929,0.76022929,-0.62290347,-0.43318486,-1.34713340,-1.48322010,-1.48322010,-1.48322010,1.90564752,1.90564752,1.48322010,1.48322010,1.48322010
16087,17,1,True,0.57761383,0.43027037,1.17012513,0.63666618,0.43027037,0.43027037,0.43027037,-0.14734346,0.59251130,0.05905235,-0.14734346,-0.14734346,-0.14734346,0.14734393,0.14734393,0.14734346,0.14734346,0.14734346
2003,5,1,True,0.20689090,0.20907022,0.25222024,0.25756133,0.20689090,0.20689090,0.20689090,0.00217932,0.04532935,0.05067043,0.00000000,0.00000000,0.00000000,0.00000000,0.00000000,0.00000000,0.00000000,0.00000000
14779,16,7,True,0.01751035,0.23561251,0.06371479,0.36544576,0.01751035,0.01751035,0.01751035,0.21810216,0.04620445,0.34793541,0.00000000,0.00000000,0.00000000,0.00000000,0.00000000,0.00000000,0.00000000,0.00000000
4921,8,21,True,0.00081113,0.02292452,0.00052641,0.00691414,0.00030358,0.00030358,0.00030358,0.02211339,-0.00028472,0.00610301,-0.00050755,-0.00050755,-0.00050755,0.00086826,0.00086826,0.00050755,0.00050755,0.00050755
8371,12,3,True,0.00344267,0.02292021,0.00602264,0.03073189,0.00344267,0.00344267,0.00488647,0.01947754,0.00257997,0.02728922,0.00000000,0.00000000,0.00144380,0.00000000,0.00000000,0.00000000,0.00000000,-0.00144380
13424,16,2,True,0.18282613,0.51514280,0.40075785,0.82274592,0.18282613,0.18282613,0.18282613,0.33231667,0.21793172,0.63991976,0.00000000,0.00000000,0.00000000,0.00000000,0.00000000,0.00000000,0.00000000,0.00000000
14206,16,3,False,5.62959290,3.78021431,5.44514847,3.58450627,3.58450627,3.58450627,3.58450627,-1.84937859,-0.18444443,-2.04508662,-2.04508662,-2.04508662,-2.04508662,2.67812157,2.67812157,2.04508662,2.04508662,2.04508662
12770,14,3,True,0.36016011,0.14475261,0.87732977,0.32247543,0.14475261,0.14475261,0.14475261,-0.21540751,0.51716965,-0.03768468,-0.21540751,-0.21540751,-0.21540751,0.43488604,0.43488604,0.21540751,0.21540751,0.21540751
11641,13,38,True,0.00000358,1.73005223,0.00002480,0.77518052,0.00000393,0.00000298,0.00000298,1.73004866,0.00002122,0.77517694,0.00000036,-0.00000060,-0.00000060,0.00000048,0.00000036,-0.00000036,0.00000060,0.00000060
14297,16,16,True,0.07790272,0.31418318,0.39866772,0.93577969,0.05728681,0.05726801,0.05728681,0.23628046,0.32076502,0.85787696,-0.02061591,-0.02063471,-0.02061591,0.02174816,0.02173029,0.02061591,0.02063471,0.02061591
9709,12,1,True,0.54430735,0.31729355,1.99240875,1.26606047,0.31729355,0.31729355,0.31729355,-0.22701380,1.44810140,0.72175312,-0.22701380,-0.22701380,-0.22701380,0.22701353,0.22701353,0.22701380,0.22701380,0.22701380
16925,19,3,False,3.68733644,4.61534548,3.78778791,4.72124767,3.62262750,3.62262750,3.62262750,0.92800903,0.10045147,1.03391123,-0.06470895,-0.06470895,-0.06470895,0.06470942,0.06470942,0.06470895,0.06470895,0.06470895
474,1,10,False,1.04204917,0.49681556,2.49403882,1.46668100,0.37171566,0.37171566,0.37171566,-0.54523361,1.45198965,0.42463183,-0.67033350,-0.67033350,-0.67033350,0.94137484,0.94137484,0.67033350,0.67033350,0.67033350
12025,13,17,True,0.01294930,0.57174456,0.06747708,0.88839990,0.00477614,0.00477614,0.00477614,0.55879527,0.05452778,0.87545061,-0.00817316,-0.00817316,-0.00817316,0.00840823,0.00840823,0.00817316,0.00817316,0.00817316
4500,8,1,True,1.15847957,1.83775687,1.00188446,1.63886738,1.00188446,1.00188446,1.00188446,0.67927730,-0.15659511,0.48038781,-0.15659511,-0.15659511,-0.15659511,0.15659583,0.15659583,0.15659511,0.15659511,0.15659511
3799,5,3,True,0.21217048,0.28416896,0.38610351,0.45405215,0.17965102,0.17965102,0.17965102,0.07199848,0.17393303,0.24188167,-0.03251946,-0.03251946,-0.03251946,0.03251946,0.03251946,0.03251946,0.03251946,0.03251946
13975,16,12,True,0.01227409,0.17072178,0.02034813,0.19455542,0.00853947,0.00853947,0.00853947,0.15844770,0.00807404,0.18228133,-0.00373462,-0.00373462,-0.00373462,0.00422914,0.00422914,0.00373462,0.00373462,0.00373462
8646,12,1,True,0.01389179,0.03556597,0.02361622,0.05908016,0.01389179,0.01389179,0.03556597,0.02167418,0.00972443,0.04518837,0.00000000,0.00000000,0.02167418,0.00000000,0.00000000,0.00000000,0.00000000,-0.02167418
12506,14,1,True,0.30363771,0.30391654,0.37084916,0.37027940,0.30363771,0.30363771,0.30391654,0.00027883,0.06721145,0.06664169,0.00000000,0.00000000,0.00027883,0.00000000,0.00000000,0.00000000,0.00000000,-0.00027883
14617,16,1,True,0.06055663,0.10643727,0.08258110,0.14295878,0.06055663,0.06055663,0.06055663,0.04588064,0.02202447,0.08240215,0.00000000,0.00000000,0.00000000,0.00000000,0.00000000,0.00000000,0.00000000,0.00000000
11109,13,13,True,0.02223176,0.17189854,0.05333843,0.09908212,0.01449413,0.01608866,0.01299520,0.14966679,0.03110668,0.07685036,-0.00773763,-0.00614310,-0.00923656,0.01592401,0.01583331,0.00773763,0.00614310,0.00923656
5710,8,1,False,0.73938262,1.91473985,0.28700471,1.01125336,0.28700471,0.28700471,0.28700471,1.17535722,-0.45237792,0.27187073,-0.45237792,-0.45237792,-0.45237792,0.45237988,0.45237988,0.45237792,0.45237792,0.45237792
13969,16,1,True,0.01001960,0.17207058,0.03934905,0.23897408,0.01001960,0.01001960,0.23897408,0.16205098,0.02932944,0.22895448,0.00000000,0.00000000,0.22895448,0.00000000,0.00000000,0.00000000,0.00000000,-0.22895448
17048,19,5,True,0.18245660,2.07577276,0.14621815,1.14995706,0.14621815,0.14621815,0.13603410,1.89331615,-0.03623845,0.96750045,-0.03623845,-0.03623845,-0.04642250,0.07922539,0.07922539,0.03623845,0.03623845,0.04642250
9169,12,11,True,0.01887468,0.05300498,0.51688278,0.33452150,0.00748082,0.00748082,0.01880367,0.03413030,0.49800810,0.31564683,-0.01139386,-0.01139386,-0.00007101,0.02639191,0.02639191,0.01139386,0.01139386,0.00007101
9013,12,1,True,0.09453168,0.15990494,0.15481704,0.29726863,0.09453168,0.09453168,0.15481704,0.06537326,0.06028537,0.20273694,0.00000000,0.00000000,0.06028537,0.00000000,0.00000000,0.00000000,0.00000000,-0.06028537
2891,5,2,False,4.99993229,3.47475863,5.50288057,3.99518204,3.47475863,3.47475863,3.47475863,-1.52517366,0.50294828,-1.00475025,-1.52517366,-1.52517366,-1.52517366,1.53797722,1.53797722,1.52517366,1.52517366,1.52517366
1245,1,3,True,0.00012421,0.00899950,0.00345847,0.13794020,0.00012421,0.00012421,0.01959374,0.00887529,0.00333426,0.13781600,0.00000000,0.00000000,0.01946953,0.00000000,0.00000000,0.00000000,0.00000000,-0.01946953
8249,10,4,True,0.00018297,0.00347605,0.00029941,0.00525996,0.00018297,0.00018297,0.00018297,0.00329309,0.00011644,0.00507699,0.00000000,0.00000000,0.00000000,0.00000000,0.00000000,0.00000000,0.00000000,0.00000000
3477,5,5,True,0.00437208,0.34034786,0.05804795,0.49124536,0.00437208,0.00437208,0.00862161,0.33597577,0.05367587,0.48687327,0.00000000,0.00000000,0.00424953,0.00000000,0.00000000,0.00000000,0.00000000,-0.00424953
8323,9,1,False,2.91837382,4.02709723,3.07369781,4.31928682,2.91837382,2.91837382,2.91837382,1.10872340,0.15532398,1.40091300,0.00000000,0.00000000,0.00000000,0.00000000,0.00000000,0.00000000,0.00000000,0.00000000
13624,16,1,True,0.86056137,0.45652324,0.93684822,0.49668556,0.45652324,0.45652324,0.45652324,-0.40403813,0.07628685,-0.36387581,-0.40403813,-0.40403813,-0.40403813,0.40403882,0.40403882,0.40403813,0.40403813,0.40403813
412,1,9,True,0.06994890,3.08354402,0.01811109,1.02183485,0.01811109,0.01811109,0.01811109,3.01359510,-0.05183781,0.95188594,-0.05183781,-0.05183781,-0.05183781,0.14246786,0.14246786,0.05183781,0.05183781,0.05183781
11349,13,2,True,0.00057657,0.02630416,0.00084829,0.03149677,0.00057657,0.00057657,0.00695546,0.02572759,0.00027172,0.03092020,0.00000000,0.00000000,0.00637889,0.00000000,0.00000000,0.00000000,0.00000000,-0.00637889
14921,15,3,True,0.36979064,2.06249309,0.50618875,2.38153529,0.36979064,0.36979064,0.36979064,1.69270241,0.13639811,2.01174474,0.00000000,0.00000000,0.00000000,0.00000000,0.00000000,0.00000000,0.00000000,0.00000000
2458,5,2,True,0.93883580,0.99581182,1.01527822,1.04308915,0.93060714,0.93060714,0.93060714,0.05697602,0.07644242,0.10425335,-0.00822866,-0.00822866,-0.00822866,0.00822985,0.00822985,0.00822866,0.00822866,0.00822866
1221,1,3,True,0.00012850,0.00297378,0.00059456,0.01103041,0.00012850,0.00012850,0.00059456,0.00284528,0.00046606,0.01090191,0.00000000,0.00000000,0.00046606,0.00000000,0.00000000,0.00000000,0.00000000,-0.00046606
7160,9,5,False,3.50687337,3.24279761,5.27044058,5.05013084,3.15234470,3.15234470,3.15234470,-0.26407576,1.76356721,1.54325747,-0.35452867,-0.35452867,-0.35452867,0.35981178,0.35981178,0.35452867,0.35452867,0.35452867
9541,12,11,True,0.00837055,0.04980084,0.06565364,0.29804981,0.00701382,0.00701382,0.00701382,0.04143029,0.05728308,0.28967926,-0.00135673,-0.00135673,-0.00135673,0.00135673,0.00135673,0.00135673,0.00135673,0.00135673
5754,7,5,True,0.14892782,0.44221044,0.17814055,0.51559877,0.11280510,0.11280510,0.11280510,0.29328263,0.02921273,0.36667097,-0.03612272,-0.03612272,-0.03612272,0.03612283,0.03612283,0.03612272,0.03612272,0.03612272
1150,1,1,True,0.00095393,0.00350908,0.00522996,0.01539220,0.00095393,0.00095393,0.00350908,0.00255515,0.00427602,0.01443827,0.00000000,0.00000000,0.00255515,0.00000000,0.00000000,0.00000000,0.00000000,-0.00255515
15635,17,4,False,1.30529737,2.40074801,1.43992782,1.96751475,1.12470579,1.22045994,1.12470579,1.09545064,0.13463044,0.66221738,-0.18059158,-0.08483744,-0.18059158,0.16148853,0.09649324,0.18059158,0.08483744,0.18059158
2920,3,13,True,0.02643768,0.01058453,2.02151203,0.69595444,0.00194706,0.00194706,0.00293895,-0.01585316,1.99507439,0.66951674,-0.02449063,-0.02449063,-0.02349873,0.05965573,0.05965573,0.02449063,0.02449063,0.02349873
9213,12,21,True,0.00843427,0.14416194,0.03177096,0.18397436,0.00364176,0.00364176,0.00364176,0.13572767,0.02333669,0.17554009,-0.00479251,-0.00479251,-0.00479251,0.00651802,0.00651802,0.00479251,0.00479251,0.00479251
16501,19,7,False,3.37882400,5.23480082,2.18965483,3.78643942,1.97442770,1.97442770,1.97442770,1.85597682,-1.18916917,0.40761542,-1.40439630,-1.40439630,-1.40439630,2.01847196,2.01847196,1.40439630,1.40439630,1.40439630
200,1,3,False,9.57582378,8.64110374,7.48688698,6.46177721,6.46177721,6.46177721,6.46177721,-0.93472004,-2.08893681,-3.11404657,-3.11404657,-3.11404657,-3.11404657,3.14847565,3.14847565,3.11404657,3.11404657,3.11404657
13325,15,10,True,0.00007391,0.10335043,0.00015722,0.20961818,0.00007391,0.00007391,0.00009465,0.10327652,0.00008332,0.20954427,0.00000000,0.00000000,0.00002074,0.00000000,0.00000000,0.00000000,0.00000000,-0.00002074
11465,13,3,True,0.00087366,0.03885049,0.00127687,0.04330179,0.00087366,0.00087366,0.00661410,0.03797682,0.00040321,0.04242813,0.00000000,0.00000000,0.00574044,0.00000000,0.00000000,0.00000000,0.00000000,-0.00574044
8947,12,1,False,3.29651213,2.68910599,3.30904055,2.65144587,2.65144587,2.65144587,2.65144587,-0.60740614,0.01252842,-0.64506626,-0.64506626,-0.64506626,-0.64506626,0.64506602,0.64506602,0.64506626,0.64506626,0.64506626
15880,19,2,True,1.04409552,1.91310668,1.10111845,1.97732663,1.04409552,1.04409552,1.04409552,0.86901116,0.05702293,0.93323112,0.00000000,0.00000000,0.00000000,0.00000000,0.00000000,0.00000000,0.00000000,0.00000000
9231,12,35,True,0.00110398,0.01427839,0.00976240,0.06841934,0.00098573,0.00098573,0.00098573,0.01317441,0.00865842,0.06731536,-0.00011825,-0.00011825,-0.00011825,0.00012420,0.00012420,0.00011825,0.00011825,0.00011825
12644,14,10,True,0.00599835,0.05769311,0.00368820,0.04185151,0.00288915,0.00288915,0.00288915,0.05169476,-0.00231015,0.03585316,-0.00310920,-0.00310920,-0.00310920,0.00456450,0.00456450,0.00310920,0.00310920,0.00310920
12733,14,1,True,0.44164163,0.23789570,0.63303941,0.36083937,0.23789570,0.23789570,0.23789570,-0.20374593,0.19139779,-0.08080226,-0.20374593,-0.20374593,-0.20374593,0.20374589,0.20374589,0.20374593,0.20374593,0.20374593
9041,12,3,True,0.00315918,0.02194293,0.01509024,0.04646181,0.00315918,0.00315918,0.00671416,0.01878375,0.01193106,0.04330263,0.00000000,0.00000000,0.00355499,0.00000000,0.00000000,0.00000000,0.00000000,-0.00355499
11717,13,16,True,0.00744982,1.35195661,0.03771728,1.69795656,0.00738711,0.00738723,0.00738711,1.34450674,0.03026746,1.69050670,-0.00006271,-0.00006260,-0.00006271,0.00006260,0.00006260,0.00006271,0.00006260,0.00006271
4390,8,1,True,0.00000298,0.00470483,0.00000203,0.00304295,0.00000203,0.00000203,0.00304295,0.00470185,-0.00000095,0.00303997,-0.00000095,-0.00000095,0.00303997,0.00000095,0.00000095,0.00000095,0.00000095,-0.00303997
15843,17,5,True,0.11125869,0.26180470,0.11165698,0.27153373,0.07018319,0.07018319,0.07018319,0.15054601,0.00039829,0.16027504,-0.04107551,-0.04107551,-0.04107551,0.04694174,0.04694174,0.04107551,0.04107551,0.04107551
5088,8,1,True,0.44752991,0.45820856,0.43672761,0.44747034,0.43672761,0.43672761,0.43672761,0.01067865,-0.01080230,-0.00005957,-0.01080230,-0.01080230,-0.01080230,0.01080206,0.01080206,0.01080230,0.01080230,0.01080230
10880,13,19,True,0.00051211,0.15426703,0.00530455,0.14493661,0.00031514,0.00031514,0.00031514,0.15375492,0.00479244,0.14442450,-0.00019697,-0.00019697,-0.00019697,0.00019887,0.00019887,0.00019697,0.00019697,0.00019697
318,0,9,True,0.09774745,0.26440412,0.16972654,0.35766232,0.08622366,0.08622366,0.08622366,0.16665667,0.07197909,0.25991488,-0.01152378,-0.01152378,-0.01152378,0.01314638,0.01314638,0.01152378,0.01152378,0.01152378
6306,8,12,True,0.01191063,0.12524560,0.00583516,0.05866396,0.00275863,0.00275863,0.00275863,0.11333497,-0.00607547,0.04675333,-0.00915200,-0.00915200,-0.00915200,0.01683228,0.01683228,0.00915200,0.00915200,0.00915200
3114,5,4,False,1.37919462,1.63104844,1.77578604,2.02745318,1.23598564,1.23598564,1.23598564,0.25185382,0.39659142,0.64825857,-0.14320898,-0.14320898,-0.14320898,0.15025973,0.15025973,0.14320898,0.14320898,0.14320898
4502,7,8,True,0.14622566,0.15558819,0.28541377,0.22668257,0.01709301,0.01709301,0.01709301,0.00936253,0.13918811,0.08045691,-0.12913266,-0.12913266,-0.12913266,0.13965292,0.13965292,0.12913266,0.12913266,0.12913266
10135,12,33,True,0.01852204,0.69984192,0.13363554,1.30723464,0.01738207,0.01738207,0.01738207,0.68131989,0.11511350,1.28871262,-0.00113997,-0.00113997,-0.00113997,0.00116591,0.00116591,0.00113997,0.00113997,0.00113997
5978,8,1,True,1.29382610,1.84567356,1.11282253,1.66073954,1.11282253,1.11282253,1.11282253,0.55184746,-0.18100357,0.36691344,-0.18100357,-0.18100357,-0.18100357,0.18100369,0.18100369,0.18100357,0.18100357,0.18100357
4733,7,36,True,0.00076277,0.77215725,0.00159506,0.38414609,0.00043276,0.00043812,0.00043276,0.77139449,0.00083229,0.38338333,-0.00033001,-0.00032465,-0.00033001,0.00043397,0.00043338,0.00033001,0.00032465,0.00033001
9149,12,134,True,0.00000358,0.01137486,0.00368428,0.07187271,0.00000370,0.00000262,0.00000262,0.01137128,0.00368071,0.07186913,0.00000012,-0.00000095,-0.00000095,0.00000095,0.00000095,-0.00000012,0.00000095,0.00000095
12241,14,2,True,0.08063656,0.07960832,0.07182723,0.07085974,0.06779271,0.06779271,0.06779271,-0.00102824,-0.00880934,-0.00977682,-0.01284385,-0.01284385,-0.01284385,0.01321524,0.01321524,0.01284385,0.01284385,0.01284385
14008,16,4,True,1.45338619,2.24217582,1.98213315,2.78637743,1.45338619,1.45338619,1.45338619,0.78878963,0.52874696,1.33299124,0.00000000,0.00000000,0.00000000,0.00000000,0.00000000,0.00000000,0.00000000,0.00000000
14535,16,5,True,0.00465298,0.20765606,0.00984893,0.29402360,0.00465298,0.00465298,0.02639856,0.20300308,0.00519595,0.28937063,0.00000000,0.00000000,0.02174558,0.00000000,0.00000000,0.00000000,0.00000000,-0.02174558
7671,9,5,True,0.00306672,0.02766329,0.00683257,0.05890878,0.00306672,0.00306672,0.00428188,0.02459657,0.00376585,0.05584206,0.00000000,0.00000000,0.00121516,0.00000000,0.00000000,0.00000000,0.00000000,-0.00121516
16382,17,8,False,1.82689691,2.30921245,1.73428774,2.29303408,0.97265464,0.97265464,0.97265464,0.48231554,-0.09260917,0.46613717,-0.85424227,-0.85424227,-0.85424227,1.10072219,1.10072219,0.85424227,0.85424227,0.85424227
7641,10,2,True,0.00060063,0.00695546,0.00076241,0.00799349,0.00060063,0.00060063,0.00067521,0.00635482,0.00016178,0.00739286,0.00000000,0.00000000,0.00007458,0.00000000,0.00000000,0.00000000,0.00000000,-0.00007458
764,1,4,True,0.00417017,0.02580788,0.00711325,0.04184134,0.00249135,0.00246650,0.00442241,0.02163771,0.00294308,0.03767116,-0.00167883,-0.00170368,0.00025223,0.00201887,0.00200782,0.00167883,0.00170368,-0.00025223
555,2,5,False,4.55837440,5.97190380,3.98595333,4.78589869,3.57393479,3.54432011,3.57393479,1.41352940,-0.57242107,0.22752428,-0.98443961,-1.01405430,-0.98443961,1.07837200,0.97190428,0.98443961,1.01405430,0.98443961
6446,9,1,True,0.28079504,0.24516509,0.38728878,0.28893220,0.24516509,0.28079504,0.24516509,-0.03562994,0.10649374,0.00813717,-0.03562994,0.00000000,-0.03562994,0.03563012,0.00000000,0.03562994,0.00000000,0.03562994
5062,7,1,True,0.01662449,0.27174941,0.02355544,0.34583640,0.01662449,0.01662449,0.27174941,0.25512493,0.00693095,0.32921192,0.00000000,0.00000000,0.25512493,0.00000000,0.00000000,0.00000000,0.00000000,-0.25512493
9796,12,17,True,0.26027137,0.68574643,0.75780535,0.46096087,0.13551019,0.12159491,0.13551019,0.42547506,0.49753398,0.20068949,-0.12476118,-0.13867646,-0.12476118,0.23535472,0.23487073,0.12476118,0.13867646,0.12476118
540,1,2,True,0.00240930,0.08126245,0.00754377,0.20671389,0.00240930,0.00240930,0.08126245,0.07885315,0.00513447,0.20430459,0.00000000,0.00000000,0.07885315,0.00000000,0.00000000,0.00000000,0.00000000,-0.07885315
10321,12,2,True,0.21228059,0.07268281,0.13020632,0.06388099,0.06388099,0.06388099,0.06388099,-0.13959777,-0.08207427,-0.14839959,-0.14839959,-0.14839959,-0.14839959,0.22993046,0.22993046,0.14839959,0.14839959,0.14839959
1631,1,3,True,0.00031967,0.00099633,0.00663222,0.02123607,0.00030811,0.00030811,0.00067807,0.00067666,0.00631255,0.02091640,-0.00001156,-0.00001156,0.00035840,0.00001156,0.00001156,0.00001156,0.00001156,-0.00035840
2176,5,1,True,0.10737052,0.59891880,0.28035426,1.05313885,0.10737052,0.10737052,0.10737052,0.49154827,0.17298374,0.94576836,0.00000000,0.00000000,0.00000000,0.00000000,0.00000000,0.00000000,0.00000000,0.00000000
4205,8,11,True,0.20798445,0.80079699,0.17312256,0.50133264,0.14902273,0.14902273,0.14902273,0.59281254,-0.03486189,0.29334819,-0.05896172,-0.05896172,-0.05896172,0.10283975,0.10283975,0.05896172,0.05896172,0.05896172
296,1,25,True,0.00339480,0.90427136,1.26477921,0.10147896,0.00053546,0.00053546,0.00050746,0.90087658,1.26138437,0.09808417,-0.00285933,-0.00285933,-0.00288733,0.01255462,0.01255462,0.00285933,0.00285933,0.00288733
15372,17,4,False,0.81121194,3.28127360,0.65053147,2.29669285,0.23184723,0.23184723,0.39054990,2.47006178,-0.16068047,1.48548090,-0.57936472,-0.57936472,-0.42066205,0.72072941,0.72072941,0.57936472,0.57936472,0.42066205
12682,14,1,True,0.14733027,0.14932095,0.15224247,0.15292108,0.14733027,0.14733027,0.14733027,0.00199068,0.00491220,0.00559081,0.00000000,0.00000000,0.00000000,0.00000000,0.00000000,0.00000000,0.00000000,0.00000000
11256,13,1,True,0.26838082,0.75175506,0.42169410,0.98076302,0.26838082,0.26838082,0.26838082,0.48337424,0.15331328,0.71238220,0.00000000,0.00000000,0.00000000,0.00000000,0.00000000,0.00000000,0.00000000,0.00000000
8316,11,1,True,0.27895629,0.12195575,0.27341518,0.12991343,0.12195575,0.12195575,0.12195575,-0.15700054,-0.00554112,-0.14904286,-0.15700054,-0.15700054,-0.15700054,0.15699995,0.15699995,0.15700054,0.15700054,0.15700054
5521,7,12,True,0.05115595,1.12418318,0.10334032,1.56761849,0.04969627,0.04969627,0.04969627,1.07302725,0.05218437,1.51646256,-0.00145968,-0.00145968,-0.00145968,0.00145980,0.00145980,0.00145968,0.00145968,0.00145968
1914,1,1,True,0.81806844,0.34284413,1.86735773,0.90168083,0.34284413,0.34284413,0.34284413,-0.47522432,1.04928923,0.08361238,-0.47522432,-0.47522432,-0.47522432,0.47522438,0.47522438,0.47522432,0.47522432,0.47522432
131,1,3,True,0.00387406,0.03758571,0.02855124,0.12040908,0.00246840,0.00246840,0.01391825,0.03371165,0.02467718,0.11653502,-0.00140566,-0.00140566,0.01004419,0.00140566,0.00140566,0.00140566,0.00140566,-0.01004419
692,2,18,False,2.30660653,2.04374504,2.72234869,2.30440903,1.39981949,1.39981949,1.39981949,-0.26286149,0.41574216,-0.00219750,-0.90678704,-0.90678704,-0.90678704,1.15324450,1.15324450,0.90678704,0.90678704,0.90678704
13456,16,4,False,1.13993633,2.04454255,2.04083204,2.96347046,0.89776683,0.89776683,0.89776683,0.90460622,0.90089571,1.82353413,-0.24216950,-0.24216950,-0.24216950,0.25882775,0.25882775,0.24216950,0.24216950,0.24216950
9136,12,7,False,0.80183029,2.00719118,0.89086711,2.17889166,0.55773181,0.55773181,0.55773181,1.20536089,0.08903682,1.37706137,-0.24409848,-0.24409848,-0.24409848,0.26619524,0.26619524,0.24409848,0.24409848,0.24409848
223,1,4,True,0.00022921,0.00358344,0.00065055,0.01044486,0.00022921,0.00022921,0.00027462,0.00335423,0.00042134,0.01021565,0.00000000,0.00000000,0.00004541,0.00000000,0.00000000,0.00000000,0.00000000,-0.00004541
11138,13,19,True,0.00399660,0.13720280,0.00606577,0.12033383,0.00222114,0.00222114,0.00222114,0.13320620,0.00206917,0.11633722,-0.00177546,-0.00177546,-0.00177546,0.00314606,0.00314606,0.00177546,0.00177546,0.00177546
16121,18,8,True,0.07785641,0.99779201,0.08395983,1.05312026,0.06801793,0.06801793,0.06801793,0.91993558,0.00610343,0.97526383,-0.00983848,-0.00983848,-0.00983848,0.00994239,0.00994239,0.00983848,0.00983848,0.00983848
341,1,7,True,0.00000381,0.04187655,0.00002515,0.12800255,0.00000167,0.00000167,0.00223672,0.04187273,0.00002134,0.12799874,-0.00000215,-0.00000215,0.00223291,0.00000215,0.00000215,0.00000215,0.00000215,-0.00223291
8807,12,31,True,0.06511363,0.15765294,1.44920039,1.21539211,0.02268355,0.02268355,0.02268355,0.09253932,1.38408673,1.15027845,-0.04243007,-0.04243007,-0.04243007,0.11460102,0.11460100,0.04243007,0.04243007,0.04243007
15629,17,1,False,3.85652065,3.83568358,4.12452936,4.10050297,3.83568358,3.83568358,3.83568358,-0.02083707,0.26800871,0.24398232,-0.02083707,-0.02083707,-0.02083707,0.02083516,0.02083516,0.02083707,0.02083707,0.02083707
16022,19,3,False,4.13011599,4.74901724,4.15949965,4.77836609,4.12952995,4.12952995,4.12952995,0.61890125,0.02938366,0.64825010,-0.00058603,-0.00058603,-0.00058603,0.00058508,0.00058508,0.00058603,0.00058603,0.00058603
15195,18,12,False,1.19406927,1.65788972,1.23128128,1.70864296,1.06570745,1.06570745,1.06570745,0.46382046,0.03721201,0.51457369,-0.12836182,-0.12836182,-0.12836182,0.14769340,0.14769340,0.12836182,0.12836182,0.12836182
5587,7,3,True,0.92690903,1.03726792,0.97912234,1.09034860,0.89418089,0.89418089,0.89418089,0.11035889,0.05221331,0.16343957,-0.03272814,-0.03272814,-0.03272814,0.03272849,0.03272849,0.03272814,0.03272814,0.03272814
16611,17,1,False,0.86482298,2.73164797,0.39612883,1.45777309,0.39612883,0.39612883,0.39612883,1.86682498,-0.46869415,0.59295011,-0.46869415,-0.46869415,-0.46869415,0.46869534,0.46869534,0.46869415,0.46869415,0.46869415
10099,12,23,True,0.03438469,0.53383172,0.17751826,1.07901180,0.03435244,0.03435244,0.03435244,0.49944702,0.14313357,1.04462707,-0.00003225,-0.00003225,-0.00003225,0.00003225,0.00003225,0.00003225,0.00003225,0.00003225
6093,8,1,True,0.02467328,0.03717162,0.01968024,0.02980596,0.01968024,0.01968024,0.01968024,0.01249833,-0.00499305,0.00513268,-0.00499305,-0.00499305,-0.00499305,0.00499293,0.00499293,0.00499305,0.00499305,0.00499305
10835,13,6,True,0.01388733,0.24634816,0.01161103,0.18813312,0.00718971,0.00718971,0.00842280,0.23246083,-0.00227630,0.17424579,-0.00669762,-0.00669762,-0.00546452,0.00820058,0.00820058,0.00669762,0.00669762,0.00546452
16415,17,3,True,0.05988418,0.41825062,0.06642473,0.44726229,0.05902442,0.05902442,0.06201310,0.35836643,0.00654055,0.38737810,-0.00085976,-0.00085976,0.00212892,0.00085965,0.00085965,0.00085976,0.00085976,-0.00212892
2682,5,2,True,0.07370756,0.31793600,0.12967965,0.47108689,0.07370756,0.07370756,0.17538385,0.24422845,0.05597209,0.39737934,0.00000000,0.00000000,0.10167629,0.00000000,0.00000000,0.00000000,0.00000000,-0.10167629
5169,7,1,True,0.51341784,0.62304586,0.50636691,0.61231273,0.50636691,0.50636691,0.50636691,0.10962802,-0.00705093,0.09889489,-0.00705093,-0.00705093,-0.00705093,0.00705189,0.00705189,0.00705093,0.00705093,0.00705093
12831,14,1,False,1.19326651,1.26970458,1.31372440,1.44005442,1.19326651,1.19326651,1.19326651,0.07643807,0.12045789,0.24678791,0.00000000,0.00000000,0.00000000,0.00000000,0.00000000,0.00000000,0.00000000,0.00000000
1526,1,3,True,0.00005650,0.00170515,0.00128247,0.02321470,0.00005650,0.00005650,0.00335547,0.00164864,0.00122596,0.02315819,0.00000000,0.00000000,0.00329897,0.00000000,0.00000000,0.00000000,0.00000000,-0.00329897
15401,19,2,True,0.48555857,0.76412272,0.53391331,0.76673448,0.48555857,0.48555857,0.48555857,0.27856416,0.04835474,0.28117591,0.00000000,0.00000000,0.00000000,0.00000000,0.00000000,0.00000000,0.00000000,0.00000000
14529,16,14,True,0.00559289,0.08038073,0.07726314,0.30720600,0.00427511,0.00427511,0.00427511,0.07478784,0.07167025,0.30161312,-0.00131778,-0.00131778,-0.00131778,0.00144727,0.00144727,0.00131778,0.00131778,0.00131778
2696,5,9,True,0.10453174,0.14207895,0.16568248,0.19667421,0.07731654,0.07731677,0.07731677,0.03754721,0.06115074,0.09214247,-0.02721520,-0.02721497,-0.02721497,0.03176835,0.03176835,0.02721520,0.02721497,0.02721497
10454,12,26,True,0.02362693,0.05208180,1.02621746,0.34426895,0.00829690,0.00829690,0.00829690,0.02845487,1.00259054,0.32064202,-0.01533003,-0.01533003,-0.01533003,0.07215670,0.07215670,0.01533003,0.01533003,0.01533003
1246,1,2,True,0.00000703,0.02127995,0.00122591,0.38463187,0.00000703,0.00000703,0.38463187,0.02127291,0.00121888,0.38462484,0.00000000,0.00000000,0.38462484,0.00000000,0.00000000,0.00000000,0.00000000,-0.38462484
4061,8,1,True,0.05991046,0.06058524,0.05813221,0.05880167,0.05813221,0.05813221,0.05813221,0.00067478,-0.00177825,-0.00110879,-0.00177825,-0.00177825,-0.00177825,0.00177825,0.00177825,0.00177825,0.00177825,0.00177825
17040,17,2,True,0.28125450,0.80458492,0.07060884,0.22870457,0.07060873,0.07060884,0.07060884,0.52333045,-0.21064566,-0.05254993,-0.21064577,-0.21064566,-0.21064566,0.29257280,0.29257280,0.21064577,0.21064566,0.21064566
11566,13,4,True,0.00443333,0.44621944,0.00388534,0.28827783,0.00388534,0.00388534,0.00371077,0.44178611,-0.00054799,0.28384450,-0.00054799,-0.00054799,-0.00072256,0.00213972,0.00213972,0.00054799,0.00054799,0.00072256
5834,8,32,False,1.14461255,7.51264715,0.00007224,0.10168219,0.00003290,0.00003290,0.00003290,6.36803436,-1.14454031,-1.04293036,-1.14457965,-1.14457965,-1.14457965,7.13531876,7.13531923,1.14457965,1.14457965,1.14457965
16519,19,1,False,4.44699860,4.70082617,4.38448334,4.65624285,4.38448334,4.38448334,4.38448334,0.25382757,-0.06251526,0.20924425,-0.06251526,-0.06251526,-0.06251526,0.06251478,0.06251478,0.06251526,0.06251526,0.06251526
7087,9,5,True,0.07891718,0.46459916,0.11246117,0.56492001,0.07553949,0.07891718,0.07553949,0.38568199,0.03354400,0.48600283,-0.00337768,0.00000000,-0.00337768,0.00337769,0.00000000,0.00337768,0.00000000,0.00337768
14787,16,3,True,0.05712717,0.20974307,0.04683124,0.16499469,0.04683124,0.04683124,0.04683124,0.15261590,-0.01029593,0.10786752,-0.01029593,-0.01029593,-0.01029593,0.01622855,0.01622855,0.01029593,0.01029593,0.01029593
14242,15,1,True,0.02035456,0.29842818,0.02900111,0.41051707,0.02035456,0.02035456,0.29842818,0.27807361,0.00864655,0.39016250,0.00000000,0.00000000,0.27807361,0.00000000,0.00000000,0.00000000,0.00000000,-0.27807361
6707,9,4,False,3.07865286,3.28338885,3.38476467,3.61497068,2.87713289,2.87713289,2.87713289,0.20473599,0.30611181,0.53631783,-0.20151997,-0.20151997,-0.20151997,0.20827127,0.20827127,0.20151997,0.20151997,0.20151997
5206,7,7,True,0.02800971,0.56897771,0.02427498,0.42101303,0.02274322,0.02274322,0.02274322,0.54096800,-0.00373473,0.39300331,-0.00526649,-0.00526649,-0.00526649,0.00834948,0.00834948,0.00526649,0.00526649,0.00526649
16883,17,1,True,0.16596940,2.16648674,0.13925946,1.98577368,0.13925946,0.16596940,0.13925946,2.00051737,-0.02670994,1.81980431,-0.02670994,0.00000000,-0.02670994,0.02670956,0.00000000,0.02670994,0.00000000,0.02670994
10473,12,10,True,0.07509603,0.16017932,0.14395066,0.29439729,0.06526507,0.06526507,0.06526507,0.08508328,0.06885462,0.21930125,-0.00983096,-0.00983096,-0.00983096,0.00983085,0.00983085,0.00983096,0.00983096,0.00983096
8005,9,10,False,6.24078178,2.93821812,8.36907291,4.99611568,2.93821764,2.93821764,2.93821812,-3.30256367,2.12829113,-1.24466610,-3.30256414,-3.30256414,-3.30256367,3.40900421,3.40900421,3.30256414,3.30256414,3.30256367
14585,15,1,True,0.50375015,2.03102756,0.54301953,1.95899665,0.50375015,0.54301953,0.50375015,1.52727747,0.03926939,1.45524645,0.00000000,0.03926939,0.00000000,0.00000000,-0.03926980,0.00000000,-0.03926939,0.00000000
9610,12,8,True,0.08168802,0.22753339,0.16557197,0.31235453,0.05572004,0.05572004,0.05572004,0.14584537,0.08388396,0.23066652,-0.02596798,-0.02596798,-0.02596798,0.03506215,0.03506215,0.02596798,0.02596798,0.02596798
15564,18,11,True,0.99925864,2.51833725,0.66775298,1.82541180,0.63059038,0.63059038,0.63059038,1.51907861,-0.33150566,0.82615316,-0.36866826,-0.36866826,-0.36866826,0.43864381,0.43864381,0.36866826,0.36866826,0.36866826
3306,6,5,False,2.08288527,4.03310585,2.47057271,4.48630524,2.08288527,2.08288550,2.08288527,1.95022058,0.38768744,2.40341997,0.00000000,0.00000024,0.00000000,0.00000000,0.00000000,0.00000000,-0.00000024,0.00000000
16253,17,14,True,0.34352356,3.88679576,0.20030652,1.97830200,0.19821340,0.19821340,0.19821340,3.54327226,-0.14321704,1.63477850,-0.14531016,-0.14531016,-0.14531016,0.34152567,0.34152567,0.14531016,0.14531016,0.14531016
6453,9,17,True,0.21485275,0.10857287,1.90216112,1.00457978,0.05124973,0.05124962,0.05124962,-0.10627988,1.68730831,0.78972703,-0.16360302,-0.16360313,-0.16360313,0.29619062,0.29619062,0.16360302,0.16360313,0.16360313
6862,9,3,True,0.18238428,0.99912614,0.16143732,0.78841835,0.10666584,0.10666584,0.16143732,0.81674182,-0.02094696,0.60603404,-0.07571844,-0.07571844,-0.02094696,0.09331021,0.09331021,0.07571844,0.07571844,0.02094696
15493,18,1,False,2.48722696,3.87637615,2.68187571,3.97542953,2.48722696,2.48722696,2.48722696,1.38914919,0.19464874,1.48820257,0.00000000,0.00000000,0.00000000,0.00000000,0.00000000,0.00000000,0.00000000,0.00000000
6164,8,4,True,0.00121258,0.00691367,0.00086890,0.00488208,0.00086890,0.00086890,0.00103039,0.00570109,-0.00034368,0.00366950,-0.00034368,-0.00034368,-0.00018219,0.00038187,0.00038187,0.00034368,0.00034368,0.00018219
6570,11,2,True,0.06098617,0.08667216,0.05897823,0.08648697,0.05897823,0.05999197,0.05897823,0.02568599,-0.00200794,0.02550080,-0.00200794,-0.00099420,-0.00200794,0.00226237,0.00099431,0.00200794,0.00099420,0.00200794
12717,14,1,True,0.07984795,0.10222562,0.09109857,0.11627541,0.07984795,0.07984795,0.07984795,0.02237767,0.01125062,0.03642746,0.00000000,0.00000000,0.00000000,0.00000000,0.00000000,0.00000000,0.00000000,0.00000000
556,2,8,True,0.85524893,2.68393946,1.55148745,2.79250693,0.64630359,0.62811685,0.64630359,1.82869053,0.69623852,1.93725801,-0.20894533,-0.22713208,-0.20894533,0.26166135,0.25556207,0.20894533,0.22713208,0.20894533
15530,19,3,True,0.24616411,0.38708523,0.24526183,0.38006154,0.22613476,0.22613476,0.22613476,0.14092112,-0.00090228,0.13389742,-0.02002935,-0.02002935,-0.02002935,0.03902046,0.03902046,0.02002935,0.02002935,0.02002935
1339,1,7,True,0.00002491,0.02443716,0.00017117,0.05230990,0.00001466,0.00001466,0.00021062,0.02441224,0.00014626,0.05228499,-0.00001025,-0.00001025,0.00018571,0.00001025,0.00001025,0.00001025,0.00001025,-0.00018571
5971,7,44,True,0.00094643,1.08917999,0.00286978,0.68180603,0.00050472,0.00048864,0.00050472,1.08823359,0.00192334,0.68085963,-0.00044171,-0.00045779,-0.00044171,0.00061364,0.00061209,0.00044171,0.00045779,0.00044171
5449,7,3,True,0.07962032,0.68598741,0.13788837,0.64561188,0.05762334,0.05762334,0.05762334,0.60636711,0.05826805,0.56599158,-0.02199698,-0.02199698,-0.02199698,0.02199721,0.02199721,0.02199698,0.02199698,0.02199698
11946,13,4,True,0.51913899,1.85558343,0.37490720,1.49492931,0.14889967,0.14889967,0.14889978,1.33644438,-0.14423180,0.97579032,-0.37023932,-0.37023932,-0.37023920,0.52109241,0.52109241,0.37023932,0.37023932,0.37023920
2351,5,1,False,3.10323048,1.54553962,3.48732615,1.84441531,1.54553962,1.54553962,1.54553962,-1.55769086,0.38409567,-1.25881517,-1.55769086,-1.55769086,-1.55769086,1.55768991,1.55768991,1.55769086,1.55769086,1.55769086
3362,3,11,True,0.00165040,0.00440983,0.35268027,0.51546520,0.00082066,0.00082066,0.00100241,0.00275943,0.35102987,0.51381481,-0.00082974,-0.00082974,-0.00064800,0.00108060,0.00108060,0.00082974,0.00082974,0.00064800
16689,17,7,True,1.30987358,2.16326237,1.55932426,2.29981184,1.18058252,1.18058252,1.18058252,0.85338879,0.24945068,0.98993826,-0.12929106,-0.12929106,-0.12929106,0.13231921,0.13231921,0.12929106,0.12929106,0.12929106
3445,3,1,True,0.57617342,0.32974952,1.16085744,0.73963994,0.32974952,0.32974952,0.32974952,-0.24642390,0.58468401,0.16346651,-0.24642390,-0.24642390,-0.24642390,0.24642283,0.24642283,0.24642390,0.24642390,0.24642390
1442,1,1,True,0.36191833,0.77588326,0.62968510,1.20204663,0.36191833,0.36191833,0.36191833,0.41396493,0.26776677,0.84012830,0.00000000,0.00000000,0.00000000,0.00000000,0.00000000,0.00000000,0.00000000,0.00000000
975,1,5,True,0.00246483,0.06775105,0.00635342,0.20943914,0.00246483,0.00246483,0.00275352,0.06528622,0.00388859,0.20697431,0.00000000,0.00000000,0.00028869,0.00000000,0.00000000,0.00000000,0.00000000,-0.00028869
15348,19,12,True,0.00343745,1.35352349,0.00545537,0.54011065,0.00277598,0.00277598,0.00277598,1.35008609,0.00201792,0.53667319,-0.00066146,-0.00066146,-0.00066146,0.00068197,0.00068197,0.00066146,0.00066146,0.00066146
10767,13,51,True,0.00000334,0.01456439,0.00002146,0.01410421,0.00000143,0.00000131,0.00000131,0.01456105,0.00001812,0.01410087,-0.00000191,-0.00000203,-0.00000203,0.00000250,0.00000250,0.00000191,0.00000203,0.00000203
9945,12,33,True,0.00472287,0.04956513,0.01407800,0.10246625,0.00459911,0.00459911,0.00459911,0.04484227,0.00935513,0.09774338,-0.00012376,-0.00012376,-0.00012376,0.00012162,0.00012162,0.00012376,0.00012376,0.00012376
4375,8,2,True,0.21405756,0.36357915,0.19433175,0.33201665,0.19433175,0.19433175,0.19433175,0.14952159,-0.01972581,0.11795908,-0.01972581,-0.01972581,-0.01972581,0.02004060,0.02004060,0.01972581,0.01972581,0.01972581
5790,8,2,True,0.79504430,1.21942651,0.61671209,1.01154244,0.61671209,0.61671209,0.61671209,0.42438221,-0.17833221,0.21649814,-0.17833221,-0.17833221,-0.17833221,0.18540895,0.18540895,0.17833221,0.17833221,0.17833221
3881,8,3,True,0.00715728,0.10541367,0.00118543,0.02394367,0.00118543,0.00118543,0.00118543,0.09825639,-0.00597185,0.01678639,-0.00597185,-0.00597185,-0.00597185,0.00938046,0.00938046,0.00597185,0.00597185,0.00597185
3440,5,6,False,1.05153513,0.39133891,1.77318835,0.70795310,0.35295284,0.35295302,0.35295284,-0.66019619,0.72165322,-0.34358203,-0.69858229,-0.69858211,-0.69858229,1.05060506,1.05060506,0.69858229,0.69858211,0.69858229
3650,3,4,True,0.02110745,0.00614906,0.25747389,0.06988121,0.00321515,0.00321515,0.01825075,-0.01495839,0.23636644,0.04877376,-0.01789230,-0.01789230,-0.00285670,0.02796668,0.02796668,0.01789230,0.01789230,0.00285670
2273,5,1,False,3.98282766,3.84956288,5.37827253,4.91162777,3.84956288,3.84956288,3.84956288,-0.13326478,1.39544487,0.92880011,-0.13326478,-0.13326478,-0.13326478,0.13326454,0.13326454,0.13326478,0.13326478,0.13326478
672,1,1,True,0.00087521,0.00246875,0.00171847,0.00434906,0.00087521,0.00087521,0.00171847,0.00159355,0.00084327,0.00347385,0.00000000,0.00000000,0.00084327,0.00000000,0.00000000,0.00000000,0.00000000,-0.00084327
1182,1,2,True,0.00006294,0.00045122,0.00012612,0.00081661,0.00006294,0.00006294,0.00028392,0.00038828,0.00006317,0.00075367,0.00000000,0.00000000,0.00022098,0.00000000,0.00000000,0.00000000,0.00000000,-0.00022098
10601,12,2,False,1.28794146,0.22190253,2.18299484,0.47738141,0.22190253,0.22190253,0.22190253,-1.06603897,0.89505339,-0.81056005,-1.06603897,-1.06603897,-1.06603897,1.55489016,1.55489016,1.06603897,1.06603897,1.06603897
494,1,1,True,0.00307385,0.00998833,0.00678201,0.02028634,0.00307385,0.00307385,0.00998833,0.00691448,0.00370816,0.01721249,0.00000000,0.00000000,0.00691448,0.00000000,0.00000000,0.00000000,0.00000000,-0.00691448
6357,9,4,False,9.93045425,7.39035940,9.77899551,7.23900414,7.19038677,7.19038677,7.19038677,-2.54009485,-0.15145874,-2.69145012,-2.74006748,-2.74006748,-2.74006748,2.75357151,2.75357151,2.74006748,2.74006748,2.74006748
12963,14,2,True,0.34228572,0.33669153,0.32863653,0.31802630,0.24662068,0.24662077,0.24662068,-0.00559419,-0.01364920,-0.02425942,-0.09566504,-0.09566495,-0.09566504,0.09627050,0.09627050,0.09566504,0.09566495,0.09566504
2972,5,9,True,0.00648241,0.07606783,0.04767676,0.29272890,0.00490332,0.00490332,0.00684098,0.06958542,0.04119436,0.28624651,-0.00157909,-0.00157909,0.00035857,0.00212318,0.00212318,0.00157909,0.00157909,-0.00035857
15381,17,5,True,0.00662050,0.03448374,0.00985271,0.04671884,0.00643183,0.00643183,0.00755915,0.02786325,0.00323221,0.04009835,-0.00018866,-0.00018866,0.00093865,0.00018866,0.00018866,0.00018866,0.00018866,-0.00093865
4067,8,2,True,0.00197383,0.00527455,0.00121782,0.00293337,0.00121782,0.00121782,0.00121782,0.00330072,-0.00075601,0.00095954,-0.00075601,-0.00075601,-0.00075601,0.00085407,0.00085407,0.00075601,0.00075601,0.00075601
6916,10,4,True,0.02247948,0.09830610,0.03304598,0.12842725,0.02247948,0.02247948,0.02247948,0.07582662,0.01056650,0.10594778,0.00000000,0.00000000,0.00000000,0.00000000,0.00000000,0.00000000,0.00000000,0.00000000
11067,13,2,True,0.00423546,0.12447920,0.00464788,0.10776233,0.00393082,0.00393082,0.00454393,0.12024374,0.00041242,0.10352687,-0.00030464,-0.00030464,0.00030847,0.00030464,0.00030464,0.00030464,0.00030464,-0.00030847
2478,6,3,False,4.53312159,3.73502922,3.89291906,3.02476597,3.05404902,3.05404902,3.05404902,-0.79809237,-0.64020252,-1.50835562,-1.47907257,-1.47907257,-1.47907257,1.75753403,1.75753403,1.47907257,1.47907257,1.47907257
3352,5,1,True,0.56870687,0.37017864,1.26805353,0.93119508,0.37017864,0.37017864,0.37017864,-0.19852823,0.69934666,0.36248821,-0.19852823,-0.19852823,-0.19852823,0.19852853,0.19852853,0.19852823,0.19852823,0.19852823
7791,11,1,True,0.01032322,0.00915343,0.01064515,0.00945589,0.00915343,0.00915343,0.00915343,-0.00116980,0.00032193,-0.00086733,-0.00116980,-0.00116980,-0.00116980,0.00116980,0.00116980,0.00116980,0.00116980,0.00116980
8099,9,2,False,2.05510974,2.36571264,2.30872107,1.37338400,1.37338400,1.37338400,1.37338400,0.31060290,0.25361133,-0.68172574,-0.68172574,-0.68172574,-0.68172574,0.82631147,0.82631147,0.68172574,0.68172574,0.68172574
7760,9,13,True,0.00004291,0.00346964,0.00006461,0.00439321,0.00004578,0.00004578,0.00004578,0.00342673,0.00002169,0.00435030,0.00000286,0.00000286,0.00000286,0.00002050,0.00002050,-0.00000286,-0.00000286,-0.00000286
13457,15,10,True,0.01031614,0.30018118,0.02126407,0.55388713,0.01031614,0.01031614,0.01031614,0.28986505,0.01094793,0.54357100,0.00000000,0.00000000,0.00000000,0.00000000,0.00000000,0.00000000,0.00000000,0.00000000
16865,18,3,True,0.22684658,0.74084109,0.20284471,0.64865988,0.18376994,0.18376994,0.18376994,0.51399451,-0.02400187,0.42181331,-0.04307663,-0.04307663,-0.04307663,0.04390897,0.04390897,0.04307663,0.04307663,0.04307663
3973,8,2,True,0.56736380,0.73423767,0.37794921,0.34323096,0.11614540,0.11614540,0.11614540,0.16687387,-0.18941459,-0.22413284,-0.45121840,-0.45121840,-0.45121840,0.51992184,0.51992184,0.45121840,0.45121840,0.45121840
484,1,1,True,0.02831417,0.02218279,0.02849783,0.02245745,0.02218279,0.02218279,0.02218279,-0.00613138,0.00018365,-0.00585672,-0.00613138,-0.00613138,-0.00613138,0.00613138,0.00613138,0.00613138,0.00613138,0.00613138
10824,13,25,True,0.01103642,2.02426124,0.02516699,1.58472157,0.01056200,0.01056200,0.00990818,2.01322484,0.01413056,1.57368517,-0.00047443,-0.00047443,-0.00112824,0.00452337,0.00452337,0.00047443,0.00047443,0.00112824
15549,17,6,True,0.96955347,2.51870990,0.92668045,2.51656008,0.82740957,0.83020580,0.82740957,1.54915643,-0.04287302,1.54700661,-0.14214391,-0.13934767,-0.14214391,0.14734340,0.14621753,0.14214391,0.13934767,0.14214391
10391,12,6,True,0.00782330,0.02004392,0.01613629,0.03265307,0.00782330,0.00782330,0.00782330,0.01222062,0.00831298,0.02482977,0.00000000,0.00000000,0.00000000,0.00000000,0.00000000,0.00000000,0.00000000,0.00000000
1851,1,2,True,0.00310332,0.00937724,0.00897693,0.01924462,0.00256091,0.00256091,0.00501707,0.00627392,0.00587361,0.01614130,-0.00054241,-0.00054241,0.00191375,0.00054241,0.00054241,0.00054241,0.00054241,-0.00191375
13898,16,10,True,0.00106123,0.05889529,0.02871817,0.41885892,0.00046278,0.00046278,0.00128258,0.05783406,0.02765694,0.41779768,-0.00059845,-0.00059845,0.00022135,0.00081787,0.00081787,0.00059845,0.00059845,-0.00022135
4093,8,1,True,0.03855127,0.04143483,0.03448340,0.03722836,0.03448340,0.03448340,0.03448340,0.00288355,-0.00406788,-0.00132292,-0.00406788,-0.00406788,-0.00406788,0.00406776,0.00406776,0.00406788,0.00406788,0.00406788
5029,8,2,True,0.09395441,0.13801029,0.06523190,0.09620929,0.06523190,0.06523190,0.06523190,0.04405588,-0.02872251,0.00225487,-0.02872251,-0.02872251,-0.02872251,0.03055155,0.03055155,0.02872251,0.02872251,0.02872251
1327,1,3,False,5.91641188,1.78984880,8.79737282,4.45475340,1.78984880,1.78984880,1.78984880,-4.12656307,2.88096094,-1.46165848,-4.12656307,-4.12656307,-4.12656307,4.30487537,4.30487537,4.12656307,4.12656307,4.12656307
5520,8,3,True,0.03298393,0.05729671,0.03082726,0.05356501,0.02691451,0.02691451,0.02691451,0.02431278,-0.00215667,0.02058108,-0.00606942,-0.00606942,-0.00606942,0.00636625,0.00636625,0.00606942,0.00606942,0.00606942
4495,8,1,True,0.00063959,0.00122020,0.00064638,0.00123008,0.00063959,0.00063959,0.00063959,0.00058061,0.00000679,0.00059049,0.00000000,0.00000000,0.00000000,0.00000000,0.00000000,0.00000000,0.00000000,0.00000000
16334,19,2,True,0.26203680,0.93997353,0.19770768,0.67035270,0.19770758,0.19770758,0.19770768,0.67793673,-0.06432912,0.40831590,-0.06432922,-0.06432922,-0.06432912,0.07880169,0.07880169,0.06432922,0.06432922,0.06432912
931,1,1,True,0.00119912,0.05808249,0.00434336,0.13618599,0.00119912,0.00119912,0.13618599,0.05688336,0.00314424,0.13498686,0.00000000,0.00000000,0.13498686,0.00000000,0.00000000,0.00000000,0.00000000,-0.13498686
13333,15,1,True,0.01182569,0.06252041,0.01329392,0.07022364,0.01182569,0.01182569,0.01329392,0.05069472,0.00146822,0.05839795,0.00000000,0.00000000,0.00146822,0.00000000,0.00000000,0.00000000,0.00000000,-0.00146822
13092,15,1,True,0.32973099,1.05127919,0.21207328,0.68639749,0.21207328,0.21207328,0.21207328,0.72154820,-0.11765771,0.35666651,-0.11765771,-0.11765771,-0.11765771,0.11765790,0.11765790,0.11765771,0.11765771,0.11765771
10361,12,11,True,0.00214418,0.01134009,0.01010469,0.02564929,0.00136771,0.00136771,0.00136771,0.00919591,0.00796051,0.02350511,-0.00077648,-0.00077648,-0.00077648,0.00092367,0.00092367,0.00077648,0.00077648,0.00077648
7787,10,11,True,0.00173180,0.02551811,0.00383321,0.03809455,0.00173180,0.00173180,0.00173180,0.02378630,0.00210141,0.03636274,0.00000000,0.00000000,0.00000000,0.00000000,0.00000000,0.00000000,0.00000000,0.00000000
17007,19,6,True,0.94765067,2.81310105,1.14760518,2.78695440,0.94765037,0.94765067,0.94765043,1.86545038,0.19995451,1.83930373,-0.00000030,0.00000000,-0.00000024,0.00000000,0.00000000,0.00000030,0.00000000,0.00000024
854,1,6,True,0.00049090,0.00085460,0.01209803,0.00898367,0.00030632,0.00030632,0.00030632,0.00036370,0.01160713,0.00849277,-0.00018458,-0.00018458,-0.00018458,0.00021019,0.00021019,0.00018458,0.00018458,0.00018458
14603,15,1,True,0.83181429,1.21175182,0.83973420,1.22221994,0.83181429,0.83181429,0.83181429,0.37993753,0.00791991,0.39040565,0.00000000,0.00000000,0.00000000,0.00000000,0.00000000,0.00000000,0.00000000,0.00000000
13177,15,10,True,0.01648133,1.17008615,0.02095360,1.01258528,0.00895815,0.00895815,0.01108394,1.15360487,0.00447227,0.99610394,-0.00752318,-0.00752318,-0.00539739,0.00948304,0.00948304,0.00752318,0.00752318,0.00539739
4319,8,2,True,0.05921893,0.32520914,0.02928178,0.16657762,0.02928178,0.02928178,0.04563803,0.26599020,-0.02993715,0.10735869,-0.02993715,-0.02993715,-0.01358090,0.03526244,0.03526244,0.02993715,0.02993715,0.01358090
12305,14,14,True,0.72191411,0.80578381,0.48055053,0.57939738,0.48528183,0.48154956,0.48528191,0.08386970,-0.24136358,-0.14251673,-0.23663229,-0.24036455,-0.23663220,0.31990260,0.31973684,0.23663229,0.24036455,0.23663220
4968,8,2,True,0.04887617,0.09134220,0.04352083,0.08096698,0.04331663,0.04331663,0.04331663,0.04246603,-0.00535534,0.03209081,-0.00555955,-0.00555955,-0.00555955,0.00555943,0.00555943,0.00555955,0.00555955,0.00555955
8908,12,1,True,0.16195959,0.13789824,0.15415841,0.13245837,0.13245837,0.13245837,0.13245837,-0.02406135,-0.00780118,-0.02950121,-0.02950121,-0.02950121,-0.02950121,0.02950113,0.02950113,0.02950121,0.02950121,0.02950121
8550,12,21,True,0.00252595,0.02440400,0.04353384,0.59897256,0.00175703,0.00175084,0.00175703,0.02187805,0.04100789,0.59644663,-0.00076892,-0.00077511,-0.00076892,0.00089421,0.00086972,0.00076892,0.00077511,0.00076892
15686,19,2,True,0.33094448,0.37428984,0.30885616,0.35083589,0.30405700,0.30405700,0.30405700,0.04334536,-0.02208832,0.01989141,-0.02688748,-0.02688748,-0.02688748,0.02688739,0.02688739,0.02688748,0.02688748,0.02688748
13017,14,3,True,0.73165637,0.72612661,1.02893364,1.04496861,0.55842334,0.55842334,0.55842334,-0.00552976,0.29727727,0.31331223,-0.17323303,-0.17323303,-0.17323303,0.17323387,0.17323387,0.17323303,0.17323303,0.17323303
16516,17,4,False,1.40988839,1.29304266,1.76266587,1.79091358,0.86564875,0.86564875,0.86564875,-0.11684573,0.35277748,0.38102520,-0.54423964,-0.54423964,-0.54423964,0.71059901,0.71059901,0.54423964,0.54423964,0.54423964
304,1,2,True,0.27681515,0.57222468,0.41954020,0.88139635,0.16109623,0.16109623,0.23233315,0.29540953,0.14272505,0.60458124,-0.11571892,-0.11571892,-0.04448199,0.11571978,0.11571978,0.11571892,0.11571892,0.04448199
8585,12,2,True,0.03172026,0.05118800,0.07132562,0.08766106,0.03172026,0.03172026,0.03632980,0.01946774,0.03960536,0.05594080,0.00000000,0.00000000,0.00460954,0.00000000,0.00000000,0.00000000,0.00000000,-0.00460954
13950,16,10,True,0.00000834,0.00865494,0.00036698,0.03902557,0.00000834,0.00000834,0.00009810,0.00864660,0.00035863,0.03901722,0.00000000,0.00000000,0.00008976,0.00000000,0.00000000,0.00000000,0.00000000,-0.00008976
4833,7,1,True,0.27149883,0.72597551,0.25330487,0.64496332,0.25330487,0.25330487,0.27149883,0.45447668,-0.01819396,0.37346449,-0.01819396,-0.01819396,0.00000000,0.01819324,0.01819324,0.01819396,0.01819396,0.00000000
8204,10,2,True,0.01281597,0.04116659,0.01300132,0.04035367,0.01281597,0.01281597,0.01412396,0.02835062,0.00018535,0.02753770,0.00000000,0.00000000,0.00130799,0.00000000,0.00000000,0.00000000,0.00000000,-0.00130799
15476,17,2,True,0.00255615,0.08635204,0.00979888,0.10548694,0.00255615,0.00255615,0.08654524,0.08379589,0.00724273,0.10293078,0.00000000,0.00000000,0.08398908,0.00000000,0.00000000,0.00000000,0.00000000,-0.08398908
4855,7,3,True,1.17705357,1.50766301,1.25670254,1.57555771,1.17683077,1.17683077,1.17683077,0.33060944,0.07964897,0.39850414,-0.00022280,-0.00022280,-0.00022280,0.00022340,0.00022340,0.00022280,0.00022280,0.00022280
15182,19,3,True,0.85980272,3.35353374,1.53805971,3.34098387,0.85980272,0.85980272,0.87674409,2.49373102,0.67825699,2.48118114,0.00000000,0.00000000,0.01694137,0.00000000,0.00000000,0.00000000,0.00000000,-0.01694137
4709,8,1,True,0.08909944,1.32062387,0.01512065,0.44052345,0.01512065,0.01512065,0.44052345,1.23152447,-0.07397879,0.35142401,-0.07397879,-0.07397879,0.35142401,0.07397902,0.07397902,0.07397879,0.07397879,-0.35142401
1857,1,1,True,0.00004828,0.00096799,0.00009167,0.00156411,0.00004828,0.00004828,0.00096799,0.00091971,0.00004339,0.00151583,0.00000000,0.00000000,0.00091971,0.00000000,0.00000000,0.00000000,0.00000000,-0.00091971
5396,7,18,True,0.00900801,0.24264514,0.01148458,0.19357704,0.00805593,0.00805593,0.00805593,0.23363714,0.00247658,0.18456903,-0.00095207,-0.00095207,-0.00095207,0.00111430,0.00111430,0.00095207,0.00095207,0.00095207
9496,12,11,True,0.01126843,0.04277356,0.06170169,0.27186233,0.00878848,0.00878848,0.00878848,0.03150513,0.05043327,0.26059389,-0.00247995,-0.00247995,-0.00247995,0.00283247,0.00283247,0.00247995,0.00247995,0.00247995
11482,13,1,True,0.01481378,0.01960473,0.01513051,0.01987974,0.01481378,0.01481378,0.01481378,0.00479094,0.00031673,0.00506596,0.00000000,0.00000000,0.00000000,0.00000000,0.00000000,0.00000000,0.00000000,0.00000000
11225,13,14,False,2.10512972,3.49292564,1.66767240,2.89335275,1.32791734,1.32791734,1.32791734,1.38779593,-0.43745732,0.78822303,-0.77721238,-0.77721238,-0.77721238,0.94184422,0.94184422,0.77721238,0.77721238,0.77721238
5635,8,1,True,0.00239586,0.00325329,0.00230583,0.00310285,0.00230583,0.00230583,0.00230583,0.00085743,-0.00009003,0.00070699,-0.00009003,-0.00009003,-0.00009003,0.00009003,0.00009003,0.00009003,0.00009003,0.00009003
10395,12,20,True,0.00565358,0.17159906,0.01864175,0.33007315,0.00556479,0.00556479,0.00701950,0.16594549,0.01298817,0.32441956,-0.00008879,-0.00008879,0.00136592,0.00010467,0.00010467,0.00008879,0.00008879,-0.00136592
13055,15,2,True,0.00888218,0.19342448,0.01063336,0.22958855,0.00888218,0.00888218,0.10902385,0.18454230,0.00175118,0.22070637,0.00000000,0.00000000,0.10014167,0.00000000,0.00000000,0.00000000,0.00000000,-0.10014167
3581,3,1,True,0.00046969,0.00283530,0.04627095,0.07942557,0.00046969,0.00046969,0.07942557,0.00236561,0.04580126,0.07895587,0.00000000,0.00000000,0.07895587,0.00000000,0.00000000,0.00000000,0.00000000,-0.07895587
12696,14,5,True,0.13996051,0.66830307,0.13897981,0.49653924,0.12082993,0.13897981,0.12082993,0.52834255,-0.00098071,0.35657871,-0.01913058,-0.00098071,-0.01913058,0.03349554,0.03083161,0.01913058,0.00098071,0.01913058
10456,12,2,True,0.03504688,0.10085634,0.07008284,0.19281410,0.03504688,0.03504688,0.03504688,0.06580947,0.03503596,0.15776722,0.00000000,0.00000000,0.00000000,0.00000000,0.00000000,0.00000000,0.00000000,0.00000000
6725,10,5,True,0.00160041,0.01192394,0.00183902,0.01357726,0.00160041,0.00160041,0.00160041,0.01032353,0.00023860,0.01197684,0.00000000,0.00000000,0.00000000,0.00000000,0.00000000,0.00000000,0.00000000,0.00000000
12720,14,2,True,0.09399413,0.08348281,0.08743618,0.07750444,0.07548466,0.07548466,0.07548466,-0.01051132,-0.00655796,-0.01648969,-0.01850947,-0.01850947,-0.01850947,0.01921301,0.01921301,0.01850947,0.01850947,0.01850947
11862,13,13,True,0.00660119,0.23064868,0.01863695,0.18997073,0.00695191,0.00726534,0.00695191,0.22404748,0.01203576,0.18336953,0.00035071,0.00066414,0.00035071,0.00116926,0.00115896,-0.00035071,-0.00066414,-0.00035071
8348,12,3,True,0.03802707,0.06630716,0.12750076,0.17494111,0.03802707,0.03802707,0.03955074,0.02828009,0.08947369,0.13691404,0.00000000,0.00000000,0.00152367,0.00000000,0.00000000,0.00000000,0.00000000,-0.00152367
6426,9,3,False,4.08501673,3.39287496,3.74907398,2.99019527,2.96399832,2.96399832,2.96399832,-0.69214177,-0.33594275,-1.09482145,-1.12101841,-1.12101841,-1.12101841,1.19464397,1.19464397,1.12101841,1.12101841,1.12101841
7082,10,4,True,0.00019346,0.02274403,0.00038712,0.03665657,0.00019346,0.00019346,0.00179416,0.02255058,0.00019366,0.03646311,0.00000000,0.00000000,0.00160070,0.00000000,0.00000000,0.00000000,0.00000000,-0.00160070
2971,3,1,False,1.45698881,1.27157831,2.00749373,1.84377182,1.27157831,1.27157831,1.27157831,-0.18541050,0.55050492,0.38678300,-0.18541050,-0.18541050,-0.18541050,0.18541002,0.18541002,0.18541050,0.18541050,0.18541050
4386,8,3,True,0.34355393,0.14772679,0.27880177,0.10643834,0.10643834,0.10643834,0.10643834,-0.19582714,-0.06475216,-0.23711559,-0.23711559,-0.23711559,-0.23711559,0.33220786,0.33220786,0.23711559,0.23711559,0.23711559
11811,13,12,True,0.44967866,2.33894515,0.87285286,1.94004273,0.17340875,0.17340875,0.17340875,1.88926649,0.42317420,1.49036407,-0.27626991,-0.27626991,-0.27626991,0.35406932,0.35406932,0.27626991,0.27626991,0.27626991
16984,17,2,True,0.08635762,0.21494640,0.13305631,0.31685078,0.08635762,0.08635762,0.10497393,0.12858880,0.04669870,0.23049316,0.00000000,0.00000000,0.01861631,0.00000000,0.00000000,0.00000000,0.00000000,-0.01861631
9317,12,8,True,0.21411829,0.51287770,0.65086311,1.24812686,0.13906021,0.13906021,0.13906021,0.29875940,0.43674481,1.03400862,-0.07505807,-0.07505807,-0.07505807,0.08214189,0.08214189,0.07505807,0.07505807,0.07505807
9240,12,20,True,0.03787190,0.11946961,0.18773688,0.40685460,0.03310907,0.03310907,0.03310907,0.08159772,0.14986499,0.36898270,-0.00476283,-0.00476283,-0.00476283,0.01154387,0.01154387,0.00476283,0.00476283,0.00476283
16344,17,3,False,1.59868491,2.20147538,1.60020649,2.18304157,1.57910097,1.57910097,1.57910097,0.60279047,0.00152159,0.58435667,-0.01958394,-0.01958394,-0.01958394,0.02293146,0.02293146,0.01958394,0.01958394,0.01958394
11234,13,7,True,0.10079771,1.40914655,0.04475122,0.74218863,0.01043625,0.01043625,0.01043636,1.30834889,-0.05604649,0.64139092,-0.09036147,-0.09036147,-0.09036135,0.16651559,0.16651559,0.09036147,0.09036147,0.09036135
12812,14,1,False,2.55543208,2.85160136,2.59138775,2.89447117,2.55543208,2.55543208,2.55543208,0.29616928,0.03595567,0.33903909,0.00000000,0.00000000,0.00000000,0.00000000,0.00000000,0.00000000,0.00000000,0.00000000
10508,12,10,True,0.94427991,1.77509892,1.25610435,1.69282305,0.74326634,0.74326634,0.74326634,0.83081901,0.31182444,0.74854314,-0.20101357,-0.20101357,-0.20101357,0.18580860,0.18580860,0.20101357,0.20101357,0.20101357
9419,12,20,False,3.88493013,3.56166029,4.36535406,2.51934910,1.88621366,1.85857201,1.88621366,-0.32326984,0.48042393,-1.36558104,-1.99871647,-2.02635813,-1.99871647,2.45143390,2.41241932,1.99871647,2.02635813,1.99871647
1169,1,17,True,0.00000036,0.00018345,0.00002480,0.00559656,0.00000346,0.00000036,0.00000036,0.00018309,0.00002444,0.00559621,0.00000310,0.00000000,0.00000000,0.00000036,0.00000036,-0.00000310,0.00000000,0.00000000
11196,13,14,True,0.00047351,1.15212035,0.00055989,0.53242517,0.00025901,0.00025901,0.00035363,1.15164685,0.00008638,0.53195167,-0.00021450,-0.00021450,-0.00011987,0.00036283,0.00036283,0.00021450,0.00021450,0.00011987
8547,12,15,True,0.03286916,0.12348835,0.05977841,0.17995179,0.02971258,0.02971258,0.02971258,0.09061919,0.02690925,0.14708263,-0.00315658,-0.00315658,-0.00315658,0.00319659,0.00319659,0.00315658,0.00315658,0.00315658
1476,1,2,False,4.86632013,3.88502812,4.30485535,3.26849246,3.26849246,3.26849246,3.26849246,-0.98129201,-0.56146479,-1.59782767,-1.59782767,-1.59782767,-1.59782767,1.64481449,1.64481449,1.59782767,1.59782767,1.59782767
15386,17,5,True,0.16497366,1.73625755,0.27085811,1.62424362,0.15065573,0.15472341,0.17145073,1.57128394,0.10588445,1.45927000,-0.01431793,-0.01025026,0.00647707,0.01185203,0.01098076,0.01431793,0.01025026,-0.00647707
8733,12,47,True,0.00271999,0.53680497,0.00895862,0.51316714,0.00237195,0.00237195,0.00237195,0.53408498,0.00623863,0.51044714,-0.00034804,-0.00034804,-0.00034804,0.00062799,0.00062799,0.00034804,0.00034804,0.00034804
10651,12,8,True,0.00329975,0.01450153,0.06449040,0.06112221,0.00362775,0.00362775,0.00362775,0.01120179,0.06119065,0.05782246,0.00032800,0.00032800,0.00032800,0.00189514,0.00189514,-0.00032800,-0.00032800,-0.00032800
9691,12,1,True,0.60666472,0.39654481,1.22742748,0.82401502,0.39654481,0.39654481,0.39654481,-0.21011990,0.62076277,0.21735030,-0.21011990,-0.21011990,-0.21011990,0.21012032,0.21012032,0.21011990,0.21011990,0.21011990
8491,12,9,True,0.11377200,0.28245291,0.39255303,0.81108809,0.10868783,0.10797627,0.10868783,0.16868091,0.27878103,0.69731605,-0.00508418,-0.00579574,-0.00508418,0.00659847,0.00579596,0.00508418,0.00579574,0.00508418
6585,10,9,True,0.00709147,0.34365189,0.01190686,0.47760564,0.00686963,0.00686963,0.00693012,0.33656043,0.00481539,0.47051418,-0.00022184,-0.00022184,-0.00016135,0.00022184,0.00022184,0.00022184,0.00022184,0.00016135
7253,9,3,True,0.07017674,0.20343558,0.10180138,0.29255950,0.06553072,0.06553072,0.06553072,0.13325885,0.03162464,0.22238275,-0.00464602,-0.00464602,-0.00464602,0.00464613,0.00464613,0.00464602,0.00464602,0.00464602
16844,17,6,True,1.20760345,2.33065724,1.00920188,2.13941240,0.92035753,0.92035753,0.92035753,1.12305379,-0.19840157,0.93180895,-0.28724593,-0.28724593,-0.28724593,0.42580354,0.42580354,0.28724593,0.28724593,0.28724593
13067,15,1,False,3.28253651,3.28204489,3.48013186,3.55041027,3.28204489,3.28253651,3.28204489,-0.00049162,0.19759536,0.26787376,-0.00049162,0.00000000,-0.00049162,0.00049090,0.00000000,0.00049162,0.00000000,0.00049162
8560,12,7,False,2.92105460,2.94836044,3.21187854,3.08844042,2.31671262,2.31671262,2.31671262,0.02730584,0.29082394,0.16738582,-0.60434198,-0.60434198,-0.60434198,0.61080670,0.61080670,0.60434198,0.60434198,0.60434198
9489,12,26,True,0.00135152,0.03083061,0.03854049,0.19159162,0.00106552,0.00106552,0.00106552,0.02947910,0.03718898,0.19024010,-0.00028599,-0.00028599,-0.00028599,0.00046622,0.00046622,0.00028599,0.00028599,0.00028599
8146,11,1,True,0.20689294,0.16867048,0.19384910,0.15831761,0.15831761,0.15831761,0.15831761,-0.03822246,-0.01304384,-0.04857533,-0.04857533,-0.04857533,-0.04857533,0.04857571,0.04857571,0.04857533,0.04857533,0.04857533
16184,17,1,True,0.36077794,0.75283688,0.72652471,0.78064924,0.36077794,0.36077794,0.36077794,0.39205894,0.36574677,0.41987130,0.00000000,0.00000000,0.00000000,0.00000000,0.00000000,0.00000000,0.00000000,0.00000000
4756,8,3,True,0.10801029,0.98814285,0.02659789,0.34326488,0.02659789,0.02659789,0.02659777,0.88013256,-0.08141240,0.23525459,-0.08141240,-0.08141240,-0.08141252,0.11261775,0.11261775,0.08141240,0.08141240,0.08141252
15485,17,2,False,2.73441362,3.03611374,3.74979448,3.99803019,2.55288529,2.55288529,2.55288529,0.30170012,1.01538086,1.26361656,-0.18152833,-0.18152833,-0.18152833,0.18152833,0.18152833,0.18152833,0.18152833,0.18152833
11910,13,4,True,0.48475176,1.20041943,1.09483695,2.08401942,0.46620199,0.46620160,0.46620199,0.71566767,0.61008519,1.59926772,-0.01854977,-0.01855016,-0.01854977,0.01854941,0.01854941,0.01854977,0.01855016,0.01854977
10244,12,6,True,0.23836684,0.40344033,0.24717517,0.40397787,0.18275800,0.18143369,0.18275800,0.16507348,0.00880833,0.16561103,-0.05560884,-0.05693315,-0.05560884,0.06501548,0.06434104,0.05560884,0.05693315,0.05560884
471,1,9,True,0.00002694,0.03509741,0.00024244,0.12843291,0.00002694,0.00002694,0.00004220,0.03507046,0.00021550,0.12840597,0.00000000,0.00000000,0.00001526,0.00000000,0.00000000,0.00000000,0.00000000,-0.00001526
2650,5,1,False,0.94033521,0.89402932,1.81398940,1.73936486,0.89402932,0.94033521,0.89402932,-0.04630589,0.87365419,0.79902965,-0.04630589,0.00000000,-0.04630589,0.04630601,0.00000000,0.04630589,0.00000000,0.04630589
3342,5,34,False,6.14788485,3.82169676,7.79286098,4.03161144,3.54819679,3.54312849,3.54819655,-2.32618809,1.64497614,-2.11627340,-2.59968805,-2.60475636,-2.59968829,4.26706171,4.26703024,2.59968805,2.60475636,2.59968829
6580,10,13,True,0.00010657,0.06504393,0.00018225,0.11503289,0.00010418,0.00010418,0.00010418,0.06493736,0.00007569,0.11492632,-0.00000238,-0.00000238,-0.00000238,0.00000250,0.00000250,0.00000238,0.00000238,0.00000238
2046,5,2,True,0.91739392,1.53260243,3.14309311,3.05720878,0.91739392,0.92628932,0.91739392,0.61520851,2.22569919,2.13981485,0.00000000,0.00889540,0.00000000,0.00000000,-0.00889516,0.00000000,-0.00889540,0.00000000
1373,2,1,False,2.01502776,2.07730103,2.01500654,2.03580856,2.01500654,2.01500654,2.01500654,0.06227326,-0.00002122,0.02078080,-0.00002122,-0.00002122,-0.00002122,0.00002170,0.00002170,0.00002122,0.00002122,0.00002122
8649,12,3,True,0.27287859,0.33940804,1.01031733,1.04144752,0.22145097,0.22145097,0.22145097,0.06652945,0.73743874,0.76856893,-0.05142762,-0.05142762,-0.05142762,0.05142736,0.05142736,0.05142762,0.05142762,0.05142762
16684,17,2,False,1.84824848,1.76148200,2.45346928,1.01271844,0.78433967,1.40429068,0.78433967,-0.08676648,0.60522079,-0.83553004,-1.06390882,-0.44395781,-1.06390882,1.54694593,0.33188522,1.06390882,0.44395781,1.06390882
7692,9,27,True,0.00015353,0.10844988,0.00009095,0.01192854,0.00009095,0.00009095,0.00009095,0.10829635,-0.00006258,0.01177501,-0.00006258,-0.00006258,-0.00006258,0.00042969,0.00042969,0.00006258,0.00006258,0.00006258
6806,9,3,True,0.02238285,0.03426282,0.05766397,0.07207250,0.01503176,0.01503176,0.01503176,0.01187998,0.03528112,0.04968965,-0.00735109,-0.00735109,-0.00735109,0.00735132,0.00735132,0.00735109,0.00735109,0.00735109
5722,7,16,True,0.40943635,1.71820581,0.10060175,0.65116972,0.08531172,0.08531183,0.08531172,1.30876946,-0.30883461,0.24173337,-0.32412463,-0.32412452,-0.32412463,0.56039244,0.56039250,0.32412463,0.32412452,0.32412463
16966,17,1,True,0.38326931,0.65548390,0.40367895,0.68590283,0.38326931,0.38326931,0.38326931,0.27221459,0.02040964,0.30263352,0.00000000,0.00000000,0.00000000,0.00000000,0.00000000,0.00000000,0.00000000,0.00000000
908,1,1,True,0.00117793,0.00195657,0.15462220,0.24016890,0.00117793,0.00117793,0.24016890,0.00077865,0.15344428,0.23899098,0.00000000,0.00000000,0.23899098,0.00000000,0.00000000,0.00000000,0.00000000,-0.23899098
178,1,2,True,0.36394903,0.35635725,0.69438165,0.81892663,0.16061158,0.18802260,0.16061158,-0.00759178,0.33043262,0.45497760,-0.20333745,-0.17592643,-0.20333745,0.20333757,0.17592654,0.20333745,0.17592643,0.20333745
13112,16,2,False,2.14211535,1.94926357,2.56207418,2.31829500,1.94705176,1.94705176,1.94705176,-0.19285178,0.41995883,0.17617965,-0.19506359,-0.19506359,-0.19506359,0.19506371,0.19506371,0.19506359,0.19506359,0.19506359
13281,15,9,True,0.01279631,0.31707698,0.01714304,0.34845474,0.01215927,0.01215927,0.01215927,0.30428067,0.00434673,0.33565843,-0.00063704,-0.00063704,-0.00063704,0.00063716,0.00063716,0.00063704,0.00063704,0.00063704
4478,8,30,True,0.00049102,0.51889366,0.00002182,0.01211840,0.00001955,0.00001955,0.00001955,0.51840264,-0.00046921,0.01162738,-0.00047147,-0.00047147,-0.00047147,0.00156630,0.00156630,0.00047147,0.00047147,0.00047147
5138,7,1,False,6.52393198,5.02053642,3.68355131,2.63601184,2.63601184,2.63601184,2.63601184,-1.50339556,-2.84038067,-3.88792014,-3.88792014,-3.88792014,-3.88792014,3.88792038,3.88792038,3.88792014,3.88792014,3.88792014
15574,17,6,True,0.29295793,1.59142280,0.27921286,1.10616839,0.23064651,0.23064651,0.23064651,1.29846489,-0.01374507,0.81321049,-0.06231143,-0.06231143,-0.06231143,0.08922821,0.08922821,0.06231143,0.06231143,0.06231143
8196,9,2,False,1.28394246,0.55248415,1.38452566,0.63722366,0.55248415,0.55248415,0.55248415,-0.73145831,0.10058320,-0.64671880,-0.73145831,-0.73145831,-0.73145831,0.82037425,0.82037425,0.73145831,0.73145831,0.73145831
1520,1,8,True,0.00857765,0.24995518,0.02121704,0.20976685,0.00618792,0.00618792,0.00781526,0.24137753,0.01263940,0.20118921,-0.00238972,-0.00238972,-0.00076239,0.00680770,0.00680770,0.00238972,0.00238972,0.00076239
10735,12,1,False,1.44866467,0.87941647,1.63308692,1.03643858,0.87941647,0.87941647,0.87941647,-0.56924820,0.18442225,-0.41222608,-0.56924820,-0.56924820,-0.56924820,0.56924802,0.56924802,0.56924820,0.56924820,0.56924820
14901,16,11,False,4.40618896,3.36090016,4.94326305,3.77523232,3.34015012,3.34015012,3.34015012,-1.04528880,0.53707409,-0.63095665,-1.06603885,-1.06603885,-1.06603885,1.22883177,1.22883177,1.06603885,1.06603885,1.06603885
4788,7,2,True,0.02651419,0.37152264,0.02584773,0.28838405,0.02467491,0.02467491,0.19967817,0.34500843,-0.00066646,0.26186985,-0.00183928,-0.00183928,0.17316398,0.00183928,0.00183928,0.00183928,0.00183928,-0.17316398
9966,12,4,True,1.33599222,1.93645704,2.09691119,2.64784050,1.33599222,1.33599222,1.33599222,0.60046482,0.76091897,1.31184828,0.00000000,0.00000000,0.00000000,0.00000000,0.00000000,0.00000000,0.00000000,0.00000000
7572,9,14,True,0.01109184,0.14465874,0.01966177,0.15452690,0.01058311,0.01058311,0.01058311,0.13356690,0.00856993,0.14343506,-0.00050873,-0.00050873,-0.00050873,0.00092135,0.00092135,0.00050873,0.00050873,0.00050873
7419,9,7,True,0.04444408,0.12196399,0.09521201,0.24396187,0.03928796,0.03928784,0.03928784,0.07751991,0.05076793,0.19951779,-0.00515612,-0.00515624,-0.00515624,0.00515635,0.00515635,0.00515612,0.00515624,0.00515624
15774,17,1,True,0.13952710,3.57132816,0.01658369,1.78288090,0.01658369,0.01658369,0.01658369,3.43180108,-0.12294341,1.64335382,-0.12294341,-0.12294341,-0.12294341,0.12294364,0.12294364,0.12294341,0.12294341,0.12294341
7385,9,4,True,0.05106828,0.19496720,0.04974549,0.19490746,0.04337005,0.04337005,0.04337005,0.14389892,-0.00132279,0.14383918,-0.00769823,-0.00769823,-0.00769823,0.00769788,0.00769788,0.00769823,0.00769823,0.00769823
12497,14,1,True,0.45328268,0.41324952,0.45480108,0.41517109,0.41324952,0.41324952,0.41324952,-0.04003316,0.00151840,-0.03811160,-0.04003316,-0.04003316,-0.04003316,0.04003346,0.04003346,0.04003316,0.04003316,0.04003316
13614,15,7,True,0.04705406,0.98250532,0.06942622,1.20492816,0.04608928,0.04608928,0.04608928,0.93545127,0.02237216,1.15787411,-0.00096478,-0.00096478,-0.00096478,0.00096467,0.00096467,0.00096478,0.00096478,0.00096478
4551,7,15,True,0.28533590,1.79252374,0.25892711,1.60581660,0.10155898,0.10155898,0.10155898,1.50718784,-0.02640879,1.32048070,-0.18377692,-0.18377692,-0.18377692,0.37241408,0.37241405,0.18377692,0.18377692,0.18377692
10686,12,1,True,0.99622893,1.34388423,1.34627521,1.24895096,0.99622893,0.99622893,0.99622893,0.34765530,0.35004628,0.25272202,0.00000000,0.00000000,0.00000000,0.00000000,0.00000000,0.00000000,0.00000000,0.00000000
2590,3,3,True,0.22503461,0.01469538,2.13890934,0.24150741,0.01469538,0.01469538,0.01469538,-0.21033923,1.91387475,0.01647280,-0.21033923,-0.21033923,-0.21033923,0.37046281,0.37046281,0.21033923,0.21033923,0.21033923
2078,5,9,True,0.35139549,0.74375218,1.00550413,1.34478605,0.22499350,0.22499350,0.22499350,0.39235669,0.65410864,0.99339056,-0.12640199,-0.12640199,-0.12640199,0.13204204,0.13204204,0.12640199,0.12640199,0.12640199
5008,8,11,True,0.06018516,1.53244162,0.02925735,0.73279852,0.02219340,0.02219340,0.02369143,1.47225642,-0.03092781,0.67261338,-0.03799176,-0.03799176,-0.03649373,0.05878361,0.05878361,0.03799176,0.03799176,0.03649373
9802,12,3,True,0.02270465,0.04374508,0.02879473,0.05405979,0.02270465,0.02270465,0.02270465,0.02104043,0.00609009,0.03135515,0.00000000,0.00000000,0.00000000,0.00000000,0.00000000,0.00000000,0.00000000,0.00000000
3595,5,1,False,4.46535444,1.85822916,6.52436447,3.88482690,1.85822916,1.85822916,1.85822916,-2.60712528,2.05901003,-0.58052754,-2.60712528,-2.60712528,-2.60712528,2.60712528,2.60712528,2.60712528,2.60712528,2.60712528
8980,12,1,True,0.00693616,0.01231577,0.13502568,0.16104032,0.00693616,0.00693616,0.16104032,0.00537961,0.12808952,0.15410416,0.00000000,0.00000000,0.15410416,0.00000000,0.00000000,0.00000000,0.00000000,-0.15410416
4751,7,24,True,0.15603448,3.57300043,0.35226253,2.90484667,0.11585465,0.11358889,0.11358889,3.41696596,0.19622804,2.74881220,-0.04017983,-0.04244559,-0.04244559,0.05380341,0.05380024,0.04017983,0.04244559,0.04244559
3695,3,1,False,2.29259562,0.09627187,6.31403351,1.34395707,0.09627187,0.09627187,0.09627187,-2.19632387,4.02143764,-0.94863856,-2.19632387,-2.19632387,-2.19632387,2.19632339,2.19632339,2.19632387,2.19632387,2.19632387
7607,9,6,True,0.01810782,0.06613712,0.02496819,0.05813412,0.01740632,0.01740632,0.01740632,0.04802930,0.00686037,0.04002630,-0.00070150,-0.00070150,-0.00070150,0.00333121,0.00333121,0.00070150,0.00070150,0.00070150
10245,12,1,True,0.05054073,0.06314968,0.05500913,0.06827316,0.05054073,0.05054073,0.05054073,0.01260894,0.00446840,0.01773242,0.00000000,0.00000000,0.00000000,0.00000000,0.00000000,0.00000000,0.00000000,0.00000000
16217,19,2,False,1.58504200,1.44358718,1.60852265,1.45025313,1.42698789,1.42698789,1.42698789,-0.14145482,0.02348065,-0.13478887,-0.15805411,-0.15805411,-0.15805411,0.17871416,0.17871416,0.15805411,0.15805411,0.15805411
10907,13,3,True,0.04392489,0.05773373,0.07185119,0.08397146,0.04373059,0.04373059,0.04373059,0.01380884,0.02792629,0.04004656,-0.00019431,-0.00019431,-0.00019431,0.00019431,0.00019431,0.00019431,0.00019431,0.00019431
3274,5,3,True,0.11581314,0.35105696,0.52712965,0.90806860,0.11326248,0.11326248,0.11326248,0.23524383,0.41131651,0.79225546,-0.00255065,-0.00255065,-0.00255065,0.00255086,0.00255086,0.00255065,0.00255065,0.00255065
10133,12,5,True,0.01543118,0.07006761,0.26945573,0.67148185,0.01367498,0.01367498,0.01720749,0.05463643,0.25402457,0.65605068,-0.00175620,-0.00175620,0.00177632,0.00175631,0.00175631,0.00175620,0.00175620,-0.00177632
10908,13,3,True,0.07127689,0.39289561,0.05711906,0.29526129,0.05711906,0.05711906,0.05496468,0.32161874,-0.01415783,0.22398441,-0.01415783,-0.01415783,-0.01631221,0.02001926,0.02001926,0.01415783,0.01415783,0.01631221
2310,5,24,True,0.01069445,0.06492987,0.12842914,0.25593454,0.00557665,0.00512726,0.00557665,0.05423542,0.11773469,0.24524008,-0.00511780,-0.00556720,-0.00511780,0.00818707,0.00750748,0.00511780,0.00556720,0.00511780
10450,12,3,True,0.04240331,0.06698611,0.54752743,0.27550370,0.03054946,0.03054946,0.02810058,0.02458280,0.50512409,0.23310038,-0.01185385,-0.01185385,-0.01430273,0.03329428,0.03329428,0.01185385,0.01185385,0.01430273
7841,10,1,True,0.03125416,0.22667326,0.03454490,0.24681759,0.03125416,0.03125416,0.03454490,0.19541910,0.00329074,0.21556343,0.00000000,0.00000000,0.00329074,0.00000000,0.00000000,0.00000000,0.00000000,-0.00329074
13193,15,4,True,0.02748783,0.16255039,0.02972056,0.16980469,0.02675226,0.02675226,0.02675226,0.13506256,0.00223273,0.14231686,-0.00073557,-0.00073557,-0.00073557,0.00073557,0.00073557,0.00073557,0.00073557,0.00073557
5371,8,16,False,4.18194723,6.40862989,0.44685388,1.84903228,0.16513215,0.16513215,0.16513215,2.22668266,-3.73509336,-2.33291483,-4.01681519,-4.01681519,-4.01681519,5.76977873,5.76977873,4.01681519,4.01681519,4.01681519
3251,4,1,False,6.68369675,6.76293659,3.85320950,3.97697210,3.85320950,3.85320950,3.97697210,0.07923985,-2.83048725,-2.70672464,-2.83048725,-2.83048725,-2.70672464,2.83048797,2.83048797,2.83048725,2.83048725,2.70672464
13912,15,31,True,0.00235637,1.81204736,0.00778652,2.16113782,0.00207554,0.00207554,0.00239312,1.80969095,0.00543014,2.15878153,-0.00028083,-0.00028083,0.00003675,0.00029460,0.00029460,0.00028083,0.00028083,-0.00003675
2516,3,4,True,0.18363115,0.10923699,0.37103292,0.22479834,0.08163067,0.08163067,0.08163067,-0.07439417,0.18740177,0.04116718,-0.10200048,-0.10200048,-0.10200048,0.13320513,0.13320513,0.10200048,0.10200048,0.10200048
12167,14,1,True,0.09011731,0.11720367,0.08596017,0.11274290,0.08596017,0.08596017,0.08596017,0.02708635,-0.00415714,0.02262559,-0.00415714,-0.00415714,-0.00415714,0.00415692,0.00415692,0.00415714,0.00415714,0.00415714
1922,1,1,False,5.54298878,3.05691290,5.18798876,2.34583259,2.34583259,2.34583259,2.34583259,-2.48607588,-0.35500002,-3.19715619,-3.19715619,-3.19715619,-3.19715619,3.19715834,3.19715834,3.19715619,3.19715619,3.19715619
4582,7,10,True,0.06386265,1.40217376,0.02304859,0.57799631,0.01970630,0.01970630,0.01970630,1.33831108,-0.04081406,0.51413369,-0.04415635,-0.04415635,-0.04415635,0.07517808,0.07517808,0.04415635,0.04415635,0.04415635
2104,5,1,True,0.99062753,1.09541988,1.87458110,1.72081327,0.99062753,0.99062753,1.09541988,0.10479236,0.88395357,0.73018575,0.00000000,0.00000000,0.10479236,0.00000000,0.00000000,0.00000000,0.00000000,-0.10479236
13662,15,47,True,0.00003493,1.77265191,0.00011241,1.57060885,0.00001967,0.00001967,0.00001967,1.77261698,0.00007748,1.57057393,-0.00001526,-0.00001526,-0.00001526,0.00001991,0.00001991,0.00001526,0.00001526,0.00001526
7846,9,2,False,1.23629999,4.68679810,0.82504821,3.81258154,0.82504821,0.82504821,0.82504821,3.45049810,-0.41125178,2.57628155,-0.41125178,-0.41125178,-0.41125178,0.51981479,0.51981479,0.41125178,0.41125178,0.41125178
12939,14,3,False,3.66938186,2.44464636,3.30938911,1.72580040,1.72580040,1.72580040,1.72580040,-1.22473550,-0.35999274,-1.94358146,-1.94358146,-1.94358146,-1.94358146,2.26984930,2.26984930,1.94358146,1.94358146,1.94358146
2316,3,10,False,1.03215539,0.04487604,5.11662149,0.97799546,0.02916195,0.02916195,0.02916195,-0.98727936,4.08446598,-0.05415994,-1.00299346,-1.00299346,-1.00299346,2.87749124,2.87749147,1.00299346,1.00299346,1.00299346
12276,14,18,True,0.13041027,0.17357321,0.07741453,0.11836005,0.07823989,0.07823989,0.07823989,0.04316294,-0.05299574,-0.01205022,-0.05217038,-0.05217038,-0.05217038,0.08203889,0.08203889,0.05217038,0.05217038,0.05217038
7268,9,1,False,4.50289869,1.80348706,5.79409742,2.65963387,1.80348706,1.80348706,1.80348706,-2.69941163,1.29119873,-1.84326482,-2.69941163,-2.69941163,-2.69941163,2.69941139,2.69941139,2.69941163,2.69941163,2.69941163
17054,19,3,True,1.19303882,1.74077260,1.03861737,1.48134494,1.03861737,1.03861737,1.03861737,0.54773378,-0.15442145,0.28830612,-0.15442145,-0.15442145,-0.15442145,0.16126490,0.16126490,0.15442145,0.15442145,0.15442145
10797,13,22,True,0.00107707,0.49919271,0.00071405,0.18928841,0.00067724,0.00067724,0.00067724,0.49811563,-0.00036302,0.18821134,-0.00039983,-0.00039983,-0.00039983,0.00130077,0.00130077,0.00039983,0.00039983,0.00039983
4741,8,15,False,13.52127743,10.29825306,7.37069654,4.15806198,3.79997015,3.79997015,3.79997015,-3.22302437,-6.15058088,-9.36321545,-9.72130775,-9.72130775,-9.72130775,9.75656128,9.75656128,9.72130775,9.72130775,9.72130775
8757,12,39,False,0.78481948,2.50496483,0.37733856,0.83856261,0.08650479,0.08650479,0.08650479,1.72014534,-0.40748093,0.05374312,-0.69831467,-0.69831467,-0.69831467,1.46114755,1.46114707,0.69831467,0.69831467,0.69831467
15685,19,8,True,0.37576801,0.70605588,0.37385643,0.69438344,0.33629996,0.33629996,0.33629996,0.33028787,-0.00191158,0.31861544,-0.03946805,-0.03946805,-0.03946805,0.10811979,0.10811979,0.03946805,0.03946805,0.03946805
1731,2,13,False,1.58646953,4.34405375,1.09458768,2.25528288,0.93514252,0.93514252,0.93514252,2.75758410,-0.49188185,0.66881335,-0.65132701,-0.65132701,-0.65132701,2.09771633,2.09771633,0.65132701,0.65132701,0.65132701
10591,12,36,True,0.01217552,0.05945440,0.80205560,0.79990911,0.00602927,0.00602927,0.00602927,0.04727887,0.78988010,0.78773361,-0.00614625,-0.00614625,-0.00614625,0.01690359,0.01690359,0.00614625,0.00614625,0.00614625
4577,8,1,True,1.07422698,1.27423871,0.64656621,0.57238662,0.57238662,0.64656621,0.57238662,0.20001173,-0.42766076,-0.50184035,-0.50184035,-0.42766076,-0.50184035,0.50184065,0.42766106,0.50184035,0.42766076,0.50184035
3298,4,2,False,2.49897361,3.16620517,2.17113400,2.85921478,2.17113400,2.17113400,2.17113400,0.66723156,-0.32783961,0.36024117,-0.32783961,-0.32783961,-0.32783961,0.35061359,0.35061359,0.32783961,0.32783961,0.32783961
4848,8,2,True,0.13992383,0.18689363,0.10928968,0.14444312,0.10928968,0.10928968,0.10928968,0.04696980,-0.03063415,0.00451930,-0.03063415,-0.03063415,-0.03063415,0.03131312,0.03131312,0.03063415,0.03063415,0.03063415
5422,8,2,True,0.02111679,1.13786840,0.02321004,1.16042829,0.02111679,0.02113196,0.51664281,1.11675167,0.00209325,1.13931155,0.00000000,0.00001517,0.49552602,0.00000000,-0.00001506,0.00000000,-0.00001517,-0.49552602
5525,8,1,False,2.81307030,2.46335411,2.51110077,2.17041826,2.17041826,2.17041826,2.17041826,-0.34971619,-0.30196953,-0.64265203,-0.64265203,-0.64265203,-0.64265203,0.64265060,0.64265060,0.64265203,0.64265203,0.64265203
12574,14,4,True,0.00049579,0.01317075,0.00054106,0.01678370,0.00042787,0.00042787,0.00285884,0.01267496,0.00004528,0.01628791,-0.00006792,-0.00006792,0.00236305,0.00009127,0.00009127,0.00006792,0.00006792,-0.00236305
426,1,3,True,0.02045956,0.03654578,0.03534058,0.05579073,0.01963710,0.01963710,0.03702849,0.01608622,0.01488101,0.03533117,-0.00082246,-0.00082246,0.01656893,0.00082258,0.00082258,0.00082246,0.00082246,-0.01656893
11408,13,4,True,0.09940413,0.20937340,0.12061673,0.23612916,0.09128704,0.09128704,0.09128704,0.10996927,0.02121260,0.13672504,-0.00811709,-0.00811709,-0.00811709,0.00830777,0.00830777,0.00811709,0.00811709,0.00811709
7278,9,109,True,0.68036920,0.26288441,3.65475512,2.60730720,0.16308260,0.16308260,0.16308260,-0.41748479,2.97438598,1.92693806,-0.51728660,-0.51728660,-0.51728660,0.82947165,0.82947165,0.51728660,0.51728660,0.51728660
4739,7,4,True,0.00282151,0.23382562,0.00270775,0.19842966,0.00232545,0.00232545,0.00287703,0.23100410,-0.00011377,0.19560814,-0.00049606,-0.00049606,0.00005551,0.00052452,0.00052452,0.00049606,0.00049606,-0.00005551
16270,17,1,False,2.42044067,2.33113599,2.74591088,2.62899446,2.33113599,2.33113599,2.33113599,-0.08930469,0.32547021,0.20855379,-0.08930469,-0.08930469,-0.08930469,0.08930492,0.08930492,0.08930469,0.08930469,0.08930469
4625,7,9,False,4.84003830,3.72096014,4.27361965,2.43738413,2.19061565,2.19061565,2.19061565,-1.11907816,-0.56641865,-2.40265417,-2.64942265,-2.64942265,-2.64942265,2.85377836,2.85377836,2.64942265,2.64942265,2.64942265
10736,12,9,True,0.00872431,0.03892100,0.09713872,0.16769275,0.00630189,0.00630189,0.00960904,0.03019669,0.08841441,0.15896843,-0.00242242,-0.00242242,0.00088473,0.00288554,0.00288554,0.00242242,0.00242242,-0.00088473
5957,7,9,True,0.00340335,0.07323227,0.00611091,0.08245761,0.00319292,0.00319292,0.00319292,0.06982892,0.00270756,0.07905426,-0.00021042,-0.00021042,-0.00021042,0.00019592,0.00019592,0.00021042,0.00021042,0.00021042
3524,3,8,True,0.04188500,0.01556722,0.73022944,0.54925585,0.00616008,0.00616008,0.00616008,-0.02631779,0.68834442,0.50737083,-0.03572492,-0.03572492,-0.03572492,0.06816532,0.06816532,0.03572492,0.03572492,0.03572492
15021,15,8,True,0.00550576,0.06363650,0.00842978,0.10477052,0.00503237,0.00503925,0.00503237,0.05813074,0.00292402,0.09926476,-0.00047338,-0.00046650,-0.00047338,0.00047907,0.00046650,0.00047338,0.00046650,0.00047338
12736,14,2,False,3.26279426,1.72843015,3.04650855,1.15975869,1.16468894,1.16468894,1.16468894,-1.53436410,-0.21628571,-2.10303545,-2.09810543,-2.09810543,-2.09810543,2.30488133,2.30488133,2.09810543,2.09810543,2.09810543
1591,1,11,True,0.00026115,0.00342069,0.00183473,0.01545900,0.00020252,0.00020252,0.00020252,0.00315954,0.00157358,0.01519784,-0.00005864,-0.00005864,-0.00005864,0.00006221,0.00006221,0.00005864,0.00005864,0.00005864
3727,4,21,False,3.68314385,3.95340657,3.29988003,3.32087207,2.67051411,2.67051411,2.67051411,0.27026272,-0.38326383,-0.36227179,-1.01262975,-1.01262975,-1.01262975,2.47642159,2.47642159,1.01262975,1.01262975,1.01262975
4043,8,2,True,0.16246659,0.30980459,0.15868305,0.30255291,0.15466590,0.15466590,0.15466590,0.14733800,-0.00378354,0.14008632,-0.00780068,-0.00780068,-0.00780068,0.00780119,0.00780119,0.00780068,0.00780068,0.00780068
12603,14,16,True,0.07323814,0.52656716,0.09882492,0.43490675,0.03837772,0.03837772,0.03837772,0.45332903,0.02558678,0.36166862,-0.03486042,-0.03486042,-0.03486042,0.04823671,0.04823671,0.03486042,0.03486042,0.03486042
7944,9,2,True,0.11595232,0.16027802,0.33076105,0.40001506,0.11595232,0.11595232,0.12492318,0.04432570,0.21480873,0.28406274,0.00000000,0.00000000,0.00897086,0.00000000,0.00000000,0.00000000,0.00000000,-0.00897086
5483,8,2,True,0.08465857,0.12227829,0.07611478,0.10914892,0.07513773,0.07513773,0.07536406,0.03761972,-0.00854379,0.02449035,-0.00952084,-0.00952084,-0.00929451,0.00938039,0.00938039,0.00952084,0.00952084,0.00929451
4886,8,1,True,0.17921107,0.19397460,0.17877011,0.18728763,0.17877011,0.17877011,0.17877011,0.01476353,-0.00044096,0.00807656,-0.00044096,-0.00044096,-0.00044096,0.00044104,0.00044104,0.00044096,0.00044096,0.00044096
6936,9,1,False,1.41982019,0.86714935,2.13430953,1.27443266,0.86714935,0.86714935,0.86714935,-0.55267084,0.71448934,-0.14538753,-0.55267084,-0.55267084,-0.55267084,0.55267024,0.55267024,0.55267084,0.55267084,0.55267084
9396,12,38,True,0.00047184,0.01014824,0.06295583,0.06579228,0.00039165,0.00039165,0.00039165,0.00967640,0.06248399,0.06532044,-0.00008019,-0.00008019,-0.00008019,0.00055146,0.00055146,0.00008019,0.00008019,0.00008019
14024,16,2,True,0.58495343,1.67575562,0.79278636,2.05079842,0.58495343,0.58495343,0.58495343,1.09080219,0.20783293,1.46584499,0.00000000,0.00000000,0.00000000,0.00000000,0.00000000,0.00000000,0.00000000,0.00000000
6476,10,6,True,0.00188138,0.04671156,0.00339325,0.06087053,0.00188138,0.00188138,0.00230511,0.04483018,0.00151187,0.05898915,0.00000000,0.00000000,0.00042374,0.00000000,0.00000000,0.00000000,0.00000000,-0.00042374
4690,7,1,True,0.13807759,0.14670971,0.11191367,0.12112896,0.11191367,0.11191367,0.11191367,0.00863212,-0.02616391,-0.01694863,-0.02616391,-0.02616391,-0.02616391,0.02616359,0.02616359,0.02616391,0.02616391,0.02616391
16517,17,1,False,0.75996047,1.87842059,0.16342464,0.57572681,0.16342464,0.16342464,0.16342464,1.11846018,-0.59653580,-0.18423367,-0.59653580,-0.59653580,-0.59653580,0.59653503,0.59653503,0.59653580,0.59653580,0.59653580
16262,19,1,True,0.38028854,3.26880646,0.37714866,2.93716311,0.37714866,0.37714866,0.37714866,2.88851786,-0.00313988,2.55687451,-0.00313988,-0.00313988,-0.00313988,0.00314045,0.00314045,0.00313988,0.00313988,0.00313988
14514,16,13,True,0.02345647,0.30196881,0.05259654,0.49639025,0.01903716,0.01903716,0.01903716,0.27851236,0.02914007,0.47293377,-0.00441931,-0.00441931,-0.00441931,0.00508951,0.00508951,0.00441931,0.00441931,0.00441931
579,1,4,True,0.01866340,0.14876357,0.21321869,0.70144784,0.01866340,0.01866340,0.01866340,0.13010018,0.19455530,0.68278444,0.00000000,0.00000000,0.00000000,0.00000000,0.00000000,0.00000000,0.00000000,0.00000000
15535,17,1,True,1.11081433,1.04243994,1.46327126,1.29170132,1.04243994,1.04243994,1.04243994,-0.06837440,0.35245693,0.18088698,-0.06837440,-0.06837440,-0.06837440,0.06837356,0.06837356,0.06837440,0.06837440,0.06837440
5080,7,7,True,0.01439367,0.12690663,0.02583449,0.12633421,0.01438850,0.01438850,0.01438850,0.11251296,0.01144082,0.11194053,-0.00000517,-0.00000517,-0.00000517,0.00000517,0.00000517,0.00000517,0.00000517,0.00000517
8664,12,8,True,0.06285922,0.21854822,0.54339373,0.95147842,0.05178414,0.04983442,0.05178414,0.15568900,0.48053449,0.88861918,-0.01107508,-0.01302481,-0.01107508,0.01379194,0.01302503,0.01107508,0.01302481,0.01107508
1383,2,1,True,0.77457273,0.80283839,0.79548258,0.82460302,0.77457273,0.77457273,0.77457273,0.02826566,0.02090985,0.05003029,0.00000000,0.00000000,0.00000000,0.00000000,0.00000000,0.00000000,0.00000000,0.00000000
1678,1,3,True,0.00043311,0.01670140,0.00145675,0.03885129,0.00043311,0.00043311,0.00168801,0.01626829,0.00102364,0.03841817,0.00000000,0.00000000,0.00125490,0.00000000,0.00000000,0.00000000,0.00000000,-0.00125490
14435,15,3,True,0.43448138,1.47005808,0.60427046,1.81763566,0.41443002,0.41443002,0.41443002,1.03557670,0.16978908,1.38315427,-0.02005136,-0.02005136,-0.02005136,0.02005136,0.02005136,0.02005136,0.02005136,0.02005136
1061,1,3,True,0.02061232,0.02326816,0.13463816,0.13650200,0.00690124,0.00690124,0.01352892,0.00265584,0.11402584,0.11588968,-0.01371108,-0.01371108,-0.00708340,0.01371120,0.01371120,0.01371108,0.01371108,0.00708340
9868,12,1,True,1.22728622,1.58408022,1.47533417,1.87322974,1.22728622,1.22728622,1.22728622,0.35679400,0.24804795,0.64594352,0.00000000,0.00000000,0.00000000,0.00000000,0.00000000,0.00000000,0.00000000,0.00000000
7335,9,73,True,0.00063673,0.05603219,0.35214970,1.90391362,0.00015043,0.00015043,0.00015043,0.05539546,0.35151297,1.90327692,-0.00048630,-0.00048630,-0.00048630,0.00092832,0.00092832,0.00048630,0.00048630,0.00048630
10048,12,2,True,0.04579553,0.11511396,0.08719879,0.21275307,0.04579553,0.04579553,0.07231349,0.06931843,0.04140326,0.16695754,0.00000000,0.00000000,0.02651796,0.00000000,0.00000000,0.00000000,0.00000000,-0.02651796
13288,16,13,False,3.10372329,1.91284955,3.20323086,2.01001692,1.55979586,1.55979586,1.55979586,-1.19087374,0.09950757,-1.09370637,-1.54392743,-1.54392743,-1.54392743,1.69266009,1.69266009,1.54392743,1.54392743,1.54392743
11722,13,1,True,0.97357488,3.67478442,1.33898664,4.09265518,0.97357488,0.97357488,0.97357488,2.70120955,0.36541176,3.11908031,0.00000000,0.00000000,0.00000000,0.00000000,0.00000000,0.00000000,0.00000000,0.00000000
10917,13,3,True,0.00052689,0.20580557,0.00218403,0.15715347,0.00052689,0.00052689,0.00906778,0.20527868,0.00165715,0.15662658,0.00000000,0.00000000,0.00854090,0.00000000,0.00000000,0.00000000,0.00000000,-0.00854090
2052,5,4,True,0.01824255,0.05671005,0.32213283,0.46641415,0.01770408,0.01824255,0.02914713,0.03846749,0.30389026,0.44817159,-0.00053848,0.00000000,0.01090457,0.00053871,0.00000000,0.00053848,0.00000000,-0.01090457
7852,11,2,True,0.01074198,0.00935764,0.01110987,0.00963324,0.00935764,0.00935764,0.00935764,-0.00138434,0.00036789,-0.00110874,-0.00138434,-0.00138434,-0.00138434,0.00141621,0.00141621,0.00138434,0.00138434,0.00138434
5101,7,1,True,0.02552310,0.12751618,0.06956590,0.28251600,0.02552310,0.02552310,0.12751618,0.10199308,0.04404280,0.25699291,0.00000000,0.00000000,0.10199308,0.00000000,0.00000000,0.00000000,0.00000000,-0.10199308
3733,3,8,True,0.02058196,0.01873898,0.34382409,0.36222565,0.01234580,0.01234580,0.01352316,-0.00184298,0.32324213,0.34164369,-0.00823616,-0.00823616,-0.00705880,0.00871422,0.00871422,0.00823616,0.00823616,0.00705880
10707,12,21,True,0.02939337,0.12760863,0.03620197,0.15983373,0.00811683,0.00811683,0.00811683,0.09821525,0.00680859,0.13044035,-0.02127654,-0.02127654,-0.02127654,0.03060643,0.03060643,0.02127654,0.02127654,0.02127654
3755,3,15,True,0.00028368,0.00051545,0.08428236,0.14392774,0.00011610,0.00011610,0.00011610,0.00023177,0.08399868,0.14364406,-0.00016757,-0.00016757,-0.00016757,0.00022954,0.00022954,0.00016757,0.00016757,0.00016757
15023,16,5,True,0.04014802,0.14392897,0.05358286,0.18331650,0.01076121,0.01076121,0.01592489,0.10378096,0.01343485,0.14316848,-0.02938681,-0.02938681,-0.02422313,0.03827102,0.03827102,0.02938681,0.02938681,0.02422313
3374,5,1,True,0.53464717,0.56071246,0.60323244,0.63043916,0.53464717,0.53464717,0.53464717,0.02606529,0.06858528,0.09579200,0.00000000,0.00000000,0.00000000,0.00000000,0.00000000,0.00000000,0.00000000,0.00000000
13385,15,11,True,0.00145794,0.04700515,0.00276493,0.07024576,0.00144413,0.00144413,0.00144413,0.04554721,0.00130699,0.06878782,-0.00001381,-0.00001381,-0.00001381,0.00001536,0.00001536,0.00001381,0.00001381,0.00001381
14708,15,7,True,0.20910272,1.04749107,0.26675978,1.25380743,0.18747345,0.18747345,0.18747345,0.83838832,0.05765706,1.04470468,-0.02162927,-0.02162927,-0.02162927,0.02162899,0.02162899,0.02162927,0.02162927,0.02162927
5599,7,6,True,0.03814572,0.29475814,0.05725889,0.32497695,0.03814572,0.03814572,0.03814572,0.25661242,0.01911316,0.28683123,0.00000000,0.00000000,0.00000000,0.00000000,0.00000000,0.00000000,0.00000000,0.00000000
6948,10,2,True,0.02606354,0.13619764,0.04186900,0.18821479,0.02606354,0.02606354,0.03789841,0.11013409,0.01580545,0.16215125,0.00000000,0.00000000,0.01183487,0.00000000,0.00000000,0.00000000,0.00000000,-0.01183487
12102,13,2,True,0.01024004,0.29097098,0.00750863,0.15096894,0.00750863,0.00750863,0.01024004,0.28073093,-0.00273141,0.14072889,-0.00273141,-0.00273141,0.00000000,0.00375198,0.00375198,0.00273141,0.00273141,0.00000000
5664,8,2,True,0.00956807,0.01199120,0.00769863,0.00965875,0.00769863,0.00769863,0.00769863,0.00242313,-0.00186944,0.00009068,-0.00186944,-0.00186944,-0.00186944,0.00196105,0.00196105,0.00186944,0.00186944,0.00186944
5615,7,9,False,3.35648894,3.25937796,2.46506476,2.39786172,1.50902438,1.50902438,1.50902438,-0.09711099,-0.89142418,-0.95862722,-1.84746456,-1.84746456,-1.84746456,1.98229885,1.98229885,1.84746456,1.84746456,1.84746456
15752,19,8,False,1.11673605,2.61358619,0.26546547,1.09211469,0.22816451,0.22816451,0.22816451,1.49685013,-0.85127056,-0.02462137,-0.88857156,-0.88857156,-0.88857156,1.55185199,1.55185199,0.88857156,0.88857156,0.88857156
1264,1,2,True,0.00004434,0.04496767,0.00016450,0.04578403,0.00004434,0.00004434,0.03450701,0.04492332,0.00012015,0.04573968,0.00000000,0.00000000,0.03446266,0.00000000,0.00000000,0.00000000,0.00000000,-0.03446266
4135,7,2,True,0.13256195,1.32666397,0.09984513,1.12240005,0.09984513,0.09984513,0.11040304,1.19410205,-0.03271682,0.98983812,-0.03271682,-0.03271682,-0.02215891,0.04292157,0.04292157,0.03271682,0.03271682,0.02215891
6390,9,3,True,0.58627927,0.38372239,0.77451003,0.61325467,0.30542272,0.30542272,0.30542272,-0.20255688,0.18823075,0.02697539,-0.28085655,-0.28085655,-0.28085655,0.33284357,0.33284357,0.28085655,0.28085655,0.28085655
15606,17,7,True,0.23930989,1.08419538,0.36472222,0.98503375,0.23451860,0.23451851,0.23197882,0.84488547,0.12541233,0.74572384,-0.00479129,-0.00479138,-0.00733107,0.00752871,0.00752871,0.00479129,0.00479138,0.00733107
8347,12,15,True,0.14320074,0.25895408,0.78224260,0.75432503,0.08630513,0.08630513,0.07802369,0.11575334,0.63904184,0.61112428,-0.05689561,-0.05689561,-0.06517705,0.08488916,0.08488916,0.05689561,0.05689561,0.06517705
13914,16,5,True,0.04308955,0.04036134,0.07847246,0.07579966,0.01764212,0.01764212,0.01764212,-0.00272821,0.03538291,0.03271011,-0.02544743,-0.02544743,-0.02544743,0.03612538,0.03612538,0.02544743,0.02544743,0.02544743
11876,13,1,True,0.38592410,0.53127527,0.37747782,0.51770306,0.37747782,0.37747782,0.37747782,0.14535117,-0.00844628,0.13177896,-0.00844628,-0.00844628,-0.00844628,0.00844643,0.00844643,0.00844628,0.00844628,0.00844628
13004,14,3,False,2.39747334,2.06807518,2.29062676,1.96449590,1.93432176,1.93432176,1.93432176,-0.32939816,-0.10684657,-0.43297744,-0.46315157,-0.46315157,-0.46315157,0.47155070,0.47155070,0.46315157,0.46315157,0.46315157
8930,12,2,True,0.36711758,0.39407602,0.53982723,0.51832205,0.19567773,0.19567773,0.19567773,0.02695844,0.17270964,0.15120447,-0.17143986,-0.17143986,-0.17143986,0.17143968,0.17143968,0.17143986,0.17143986,0.17143986
776,1,1,True,0.03437755,0.04618456,0.07732703,0.13140568,0.03437755,0.03437755,0.04618456,0.01180701,0.04294948,0.09702813,0.00000000,0.00000000,0.01180701,0.00000000,0.00000000,0.00000000,0.00000000,-0.01180701
4181,8,8,True,0.00274424,0.21284547,0.00063173,0.04571718,0.00062565,0.00062565,0.00681019,0.21010123,-0.00211251,0.04297294,-0.00211859,-0.00211859,0.00406595,0.00350460,0.00350460,0.00211859,0.00211859,-0.00406595
12639,14,5,True,0.01846528,0.13530499,0.02284226,0.17077193,0.01487486,0.01487486,0.01487486,0.11683971,0.00437698,0.15230665,-0.00359043,-0.00359043,-0.00359043,0.00369052,0.00369052,0.00359043,0.00359043,0.00359043
7837,11,1,True,0.81684023,0.74397969,0.86842459,0.80490798,0.74397969,0.74397969,0.74397969,-0.07286054,0.05158436,-0.01193225,-0.07286054,-0.07286054,-0.07286054,0.07286024,0.07286024,0.07286054,0.07286054,0.07286054
897,1,1,False,3.37437344,2.57980990,3.48119903,2.69195390,2.57980990,2.57980990,2.57980990,-0.79456353,0.10682559,-0.68241954,-0.79456353,-0.79456353,-0.79456353,0.79456401,0.79456401,0.79456353,0.79456353,0.79456353
4252,8,5,True,0.34815073,0.48094577,0.34055224,0.46416077,0.31750655,0.31750655,0.31750655,0.13279504,-0.00759849,0.11601004,-0.03064418,-0.03064418,-0.03064418,0.03092849,0.03092849,0.03064418,0.03064418,0.03064418
13075,16,13,False,3.52339649,3.86190963,3.63975167,4.54040956,1.77321053,1.58158636,1.77321064,0.33851314,0.11635518,1.01701307,-1.75018597,-1.94181013,-1.75018585,2.64129281,2.63701653,1.75018597,1.94181013,1.75018585
11536,13,4,True,0.02116861,0.15298635,0.01999508,0.12234295,0.01727686,0.01727686,0.01727686,0.13181774,-0.00117353,0.10117434,-0.00389175,-0.00389175,-0.00389175,0.00906786,0.00906786,0.00389175,0.00389175,0.00389175
8475,12,7,True,0.01374059,0.02720863,0.28755647,0.20869440,0.00823483,0.00823483,0.00823483,0.01346804,0.27381587,0.19495380,-0.00550576,-0.00550576,-0.00550576,0.00936314,0.00936314,0.00550576,0.00550576,0.00550576
15270,19,1,True,0.19282688,0.21227306,0.18159376,0.22350359,0.18159376,0.19282688,0.18159376,0.01944618,-0.01123312,0.03067671,-0.01123312,0.00000000,-0.01123312,0.01123302,0.00000000,0.01123312,0.00000000,0.01123312
4317,8,15,True,0.00626149,0.09994039,0.00111041,0.01279985,0.00073120,0.00073120,0.00073120,0.09367890,-0.00515108,0.00653835,-0.00553029,-0.00553029,-0.00553029,0.01350689,0.01350689,0.00553029,0.00553029,0.00553029
9899,12,22,True,0.00688857,0.05785682,0.05648722,0.41992912,0.00670173,0.00670173,0.00670173,0.05096825,0.04959866,0.41304055,-0.00018684,-0.00018684,-0.00018684,0.00018684,0.00018684,0.00018684,0.00018684,0.00018684
12827,14,4,True,1.41379416,2.01377058,1.85189891,2.19375968,0.86872596,0.86872596,0.86872596,0.59997642,0.43810475,0.77996552,-0.54506820,-0.54506820,-0.54506820,0.57176435,0.57176435,0.54506820,0.54506820,0.54506820
10823,13,6,True,0.45632309,0.31386411,0.41426185,0.25701135,0.23207353,0.23207353,0.23207353,-0.14245898,-0.04206124,-0.19931173,-0.22424956,-0.22424956,-0.22424956,0.29927894,0.29927894,0.22424956,0.22424956,0.22424956
13014,14,1,False,3.01136827,2.30752063,3.38501501,2.65453672,2.30752063,2.30752063,2.30752063,-0.70384765,0.37364674,-0.35683155,-0.70384765,-0.70384765,-0.70384765,0.70384669,0.70384669,0.70384765,0.70384765,0.70384765
15582,17,1,True,0.13211498,0.66477358,0.30750591,1.59157181,0.13211498,0.13211498,0.13211498,0.53265858,0.17539093,1.45945680,0.00000000,0.00000000,0.00000000,0.00000000,0.00000000,0.00000000,0.00000000,0.00000000
16498,19,15,True,0.65761709,1.02558970,0.17407617,0.41771331,0.17590028,0.17590038,0.17590028,0.36797261,-0.48354092,-0.23990378,-0.48171681,-0.48171669,-0.48171681,1.08719897,1.08719885,0.48171681,0.48171669,0.48171681
2716,5,3,True,0.09753164,0.27189621,0.16984533,0.40949920,0.09459664,0.09753164,0.09459664,0.17436457,0.07231369,0.31196755,-0.00293500,0.00000000,-0.00293500,0.00293478,0.00000000,0.00293500,0.00000000,0.00293500
14323,16,6,True,0.16633236,0.90659672,0.26163423,1.13108253,0.14444023,0.14444023,0.15537636,0.74026436,0.09530187,0.96475017,-0.02189213,-0.02189213,-0.01095600,0.02189182,0.02189182,0.02189213,0.02189213,0.01095600
7530,9,11,False,4.77833033,4.85132599,5.82583332,6.14994097,4.23281813,4.23281860,4.23281813,0.07299566,1.04750299,1.37161064,-0.54551220,-0.54551172,-0.54551220,0.55131054,0.55131054,0.54551220,0.54551172,0.54551220
9009,12,27,True,0.00178357,0.02014814,0.01429367,0.10289504,0.00114578,0.00101777,0.00114578,0.01836457,0.01251010,0.10111148,-0.00063779,-0.00076580,-0.00063779,0.00102611,0.00101623,0.00063779,0.00076580,0.00063779
15464,17,3,False,1.40393436,2.15210795,0.88639891,1.53381538,0.88132632,0.88132632,0.88132632,0.74817359,-0.51753545,0.12988102,-0.52260804,-0.52260804,-0.52260804,0.56907535,0.56907535,0.52260804,0.52260804,0.52260804
3146,6,11,False,1.77692211,1.73072588,2.00131488,1.75727308,1.54746294,1.54746294,1.54746294,-0.04619622,0.22439277,-0.01964903,-0.22945917,-0.22945917,-0.22945917,0.50241721,0.50241721,0.22945917,0.22945917,0.22945917
12684,14,1,True,0.52204490,0.46143079,0.51846761,0.45872319,0.45872319,0.45872319,0.45872319,-0.06061411,-0.00357729,-0.06332171,-0.06332171,-0.06332171,-0.06332171,0.06332183,0.06332183,0.06332171,0.06332171,0.06332171
10435,12,17,True,0.00210707,0.01223535,0.00543841,0.02845774,0.00210707,0.00210707,0.00210707,0.01012828,0.00333135,0.02635067,0.00000000,0.00000000,0.00000000,0.00000000,0.00000000,0.00000000,0.00000000,0.00000000
4069,8,2,True,0.01704508,0.01320333,0.01044120,0.00825162,0.00726404,0.00726404,0.00726404,-0.00384174,-0.00660387,-0.00879345,-0.00978104,-0.00978104,-0.00978104,0.01157088,0.01157088,0.00978104,0.00978104,0.00978104
10318,12,2,True,0.29487729,0.50774521,0.57827950,0.87910283,0.26500097,0.26500097,0.26500097,0.21286792,0.28340220,0.58422554,-0.02987632,-0.02987632,-0.02987632,0.02987534,0.02987534,0.02987632,0.02987632,0.02987632
5295,8,3,True,0.00006675,0.01225101,0.00005460,0.00983358,0.00004947,0.00004947,0.00057073,0.01218425,-0.00001216,0.00976683,-0.00001728,-0.00001728,0.00050398,0.00001824,0.00001824,0.00001728,0.00001728,-0.00050398
10804,13,44,True,0.00039319,0.58375353,0.00111684,0.32251558,0.00036745,0.00036745,0.00036745,0.58336031,0.00072365,0.32212240,-0.00002574,-0.00002574,-0.00002574,0.00036190,0.00036190,0.00002574,0.00002574,0.00002574
14920,16,4,True,0.04789872,0.09445760,0.07776961,0.13853279,0.04530575,0.04530575,0.04530575,0.04655888,0.02987089,0.09063407,-0.00259296,-0.00259296,-0.00259296,0.00273953,0.00273953,0.00259296,0.00259296,0.00259296
3488,3,5,True,0.02511502,0.06283940,0.23214811,0.52497470,0.02165366,0.02165366,0.02165366,0.03772438,0.20703308,0.49985969,-0.00346136,-0.00346136,-0.00346136,0.00346125,0.00346125,0.00346136,0.00346136,0.00346136
17072,17,3,False,3.75464916,3.07913280,2.48653531,1.95960224,1.95960224,1.95960224,1.95960224,-0.67551637,-1.26811385,-1.79504693,-1.79504693,-1.79504693,-1.79504693,1.87698150,1.87698150,1.79504693,1.79504693,1.79504693
9110,12,6,True,0.00273794,0.01250157,0.19155255,0.15452690,0.00162327,0.00162327,0.00322881,0.00976362,0.18881461,0.15178896,-0.00111468,-0.00111468,0.00049087,0.00245246,0.00245246,0.00111468,0.00111468,-0.00049087
11572,13,27,True,0.00015019,0.98449773,0.00222067,1.27662826,0.00011730,0.00011730,0.00012790,0.98434752,0.00207047,1.27647805,-0.00003290,-0.00003290,-0.00002229,0.00003695,0.00003695,0.00003290,0.00003290,0.00002229
12033,13,1,True,0.00226123,0.45369270,0.00882913,0.59759831,0.00226123,0.00226123,0.45369270,0.45143148,0.00656790,0.59533709,0.00000000,0.00000000,0.45143148,0.00000000,0.00000000,0.00000000,0.00000000,-0.45143148
6182,8,28,True,0.00003767,0.27396870,0.00000155,0.02105924,0.00000155,0.00000155,0.00000155,0.27393103,-0.00003612,0.02102157,-0.00003612,-0.00003612,-0.00003612,0.00015127,0.00015127,0.00003612,0.00003612,0.00003612
2888,6,2,False,4.20732880,4.14898920,4.33320999,4.28477907,4.16096830,4.16096830,4.16096830,-0.05833960,0.12588120,0.07745028,-0.04636049,-0.04636049,-0.04636049,0.04635906,0.04635906,0.04636049,0.04636049,0.04636049
7953,11,2,True,0.11072676,0.09696584,0.10970327,0.09509528,0.09509528,0.09509528,0.09509528,-0.01376092,-0.00102349,-0.01563148,-0.01563148,-0.01563148,-0.01563148,0.01463118,0.01463118,0.01563148,0.01563148,0.01563148
6024,7,8,True,0.09985495,0.66822791,0.17372262,0.71624798,0.09943974,0.09985495,0.09943974,0.56837296,0.07386767,0.61639303,-0.00041521,0.00000000,-0.00041521,0.00041564,0.00000000,0.00041521,0.00000000,0.00041521
13415,15,1,True,0.53478932,0.88843095,0.64987379,1.04732537,0.53478932,0.53478932,0.53478932,0.35364163,0.11508447,0.51253605,0.00000000,0.00000000,0.00000000,0.00000000,0.00000000,0.00000000,0.00000000,0.00000000
11870,13,33,True,0.01311286,0.94731569,0.05502910,1.43202424,0.01078220,0.01017750,0.01078220,0.93420285,0.04191624,1.41891134,-0.00233066,-0.00293536,-0.00233066,0.00698935,0.00697452,0.00233066,0.00293536,0.00233066
4987,7,1,True,0.01831431,0.08726708,0.01813615,0.08430056,0.01813615,0.01813615,0.01831431,0.06895277,-0.00017816,0.06598625,-0.00017816,-0.00017816,0.00000000,0.00017828,0.00017828,0.00017816,0.00017816,0.00000000
5510,7,28,True,0.00571451,0.43395567,0.00379782,0.25866005,0.00295381,0.00295381,0.00295381,0.42824116,-0.00191669,0.25294554,-0.00276070,-0.00276070,-0.00276070,0.00393509,0.00393509,0.00276070,0.00276070,0.00276070
2822,3,1,False,4.01709318,0.26971710,4.42908001,0.53595066,0.26971710,0.26971710,0.26971710,-3.74737597,0.41198683,-3.48114252,-3.74737597,-3.74737597,-3.74737597,3.74737358,3.74737358,3.74737597,3.74737597,3.74737597
6339,11,20,False,10.65779781,7.22239828,8.45751286,5.26333284,5.05710030,5.05710030,5.05710030,-3.43539953,-2.20028496,-5.39446497,-5.60069752,-5.60069752,-5.60069752,6.43047714,6.43047714,5.60069752,5.60069752,5.60069752
8529,12,6,False,1.77343667,1.80803442,1.42380679,1.62211573,0.83010650,0.83010650,0.83010650,0.03459775,-0.34962988,-0.15132093,-0.94333017,-0.94333017,-0.94333017,1.07546222,1.07546222,0.94333017,0.94333017,0.94333017
13854,16,1,True,0.93874431,1.39938855,1.09393501,1.59724522,0.93874431,0.93874431,0.93874431,0.46064425,0.15519071,0.65850091,0.00000000,0.00000000,0.00000000,0.00000000,0.00000000,0.00000000,0.00000000,0.00000000
8698,12,5,True,0.13446310,0.25029317,0.22435027,0.28405094,0.09771901,0.09771901,0.09771901,0.11583006,0.08988717,0.14958784,-0.03674410,-0.03674410,-0.03674410,0.05269676,0.05269676,0.03674410,0.03674410,0.03674410
13639,15,19,True,0.00531676,0.26857132,0.01401147,0.54735225,0.00531676,0.00531676,0.00531676,0.26325455,0.00869471,0.54203552,0.00000000,0.00000000,0.00000000,0.00000000,0.00000000,0.00000000,0.00000000,0.00000000
7329,9,14,True,0.02592777,0.06370003,0.13312519,0.02601860,0.00894787,0.01413066,0.00894787,0.03777226,0.10719742,0.00009083,-0.01697990,-0.01179711,-0.01697990,0.06341547,0.06333485,0.01697990,0.01179711,0.01697990
16240,18,4,True,0.57201231,3.16299105,0.84664214,3.46937943,0.57201231,0.57201231,0.57201231,2.59097862,0.27462983,2.89736700,0.00000000,0.00000000,0.00000000,0.00000000,0.00000000,0.00000000,0.00000000,0.00000000
13649,15,28,True,0.01417908,0.86126578,0.01749090,0.92583656,0.00731918,0.00731918,0.00731918,0.84708667,0.00331182,0.91165745,-0.00685990,-0.00685990,-0.00685990,0.00918424,0.00918424,0.00685990,0.00685990,0.00685990
14597,15,8,True,0.99799192,3.88028502,0.64286107,3.21294308,0.60183865,0.60183865,0.60183865,2.88229322,-0.35513085,2.21495104,-0.39615327,-0.39615327,-0.39615327,0.46728641,0.46728641,0.39615327,0.39615327,0.39615327
13696,16,30,True,0.00003910,0.14264780,0.00035065,0.12290417,0.00004017,0.00004578,0.00005686,0.14260870,0.00031155,0.12286507,0.00000107,0.00000668,0.00001776,0.00001395,0.00001383,-0.00000107,-0.00000668,-0.00001776
1742,1,1,False,3.41837120,1.08856201,3.63962674,1.07477045,1.07477045,1.08856201,1.07477045,-2.32980919,0.22125554,-2.34360075,-2.34360075,-2.32980919,-2.34360075,2.34360075,2.32980919,2.34360075,2.32980919,2.34360075
10349,12,1,True,0.51698256,0.18991375,2.49221706,0.73837489,0.18991375,0.18991375,0.73837489,-0.32706881,1.97523451,0.22139233,-0.32706881,-0.32706881,0.22139233,0.32706857,0.32706857,0.32706881,0.32706881,-0.22139233
1049,0,2,True,0.49796978,4.40529823,0.23855421,3.18076944,0.23855421,0.23855421,0.23855421,3.90732837,-0.25941557,2.68279958,-0.25941557,-0.25941557,-0.25941557,0.39462990,0.39462990,0.25941557,0.25941557,0.25941557
8728,12,1,True,0.01902429,0.10378014,0.09848663,0.20422021,0.01902429,0.01902429,0.20422021,0.08475585,0.07946234,0.18519592,0.00000000,0.00000000,0.18519592,0.00000000,0.00000000,0.00000000,0.00000000,-0.18519592
9520,12,20,True,0.01191346,0.08216370,0.02095068,0.11527523,0.01174217,0.01174217,0.01174217,0.07025024,0.00903722,0.10336177,-0.00017129,-0.00017129,-0.00017129,0.00018307,0.00018307,0.00017129,0.00017129,0.00017129
9645,12,6,True,0.59639823,1.04216492,0.44839549,0.68856406,0.17140977,0.17140977,0.17140977,0.44576669,-0.14800274,0.09216583,-0.42498845,-0.42498845,-0.42498845,0.63855994,0.63855994,0.42498845,0.42498845,0.42498845
7431,9,2,False,1.15876722,1.32759750,1.23951828,1.42904699,1.12079978,1.12079978,1.12079978,0.16883028,0.08075106,0.27027977,-0.03796744,-0.03796744,-0.03796744,0.03796744,0.03796744,0.03796744,0.03796744,0.03796744
12449,14,2,True,0.38233963,0.95429039,0.36373177,0.91860348,0.36373177,0.36339805,0.36373177,0.57195079,-0.01860785,0.53626382,-0.01860785,-0.01894158,-0.01860785,0.03485781,0.01894134,0.01860785,0.01894158,0.01860785
12889,14,4,True,0.23131946,0.49176353,0.41366810,0.81514663,0.16034099,0.16034099,0.16034099,0.26044407,0.18234864,0.58382714,-0.07097846,-0.07097846,-0.07097846,0.09801817,0.09801817,0.07097846,0.07097846,0.07097846
10303,12,13,True,0.06519751,1.65964508,0.15569696,2.47663975,0.06419050,0.06419050,0.06419050,1.59444761,0.09049945,2.41144228,-0.00100701,-0.00100701,-0.00100701,0.00105704,0.00105704,0.00100701,0.00100701,0.00100701
7870,9,1,False,10.83772850,3.41049337,12.34726334,4.43953991,3.41049337,3.41049337,3.41049337,-7.42723513,1.50953484,-6.39818859,-7.42723513,-7.42723513,-7.42723513,7.42723513,7.42723513,7.42723513,7.42723513,7.42723513
5750,8,11,True,0.01324486,0.17583689,0.00479785,0.05628148,0.00412577,0.00412577,0.00412577,0.16259202,-0.00844701,0.04303662,-0.00911909,-0.00911909,-0.00911909,0.01499614,0.01499614,0.00911909,0.00911909,0.00911909
2657,5,31,False,1.74718952,0.93638033,3.46719885,1.92772305,0.52799237,0.53476763,0.52799237,-0.81080920,1.72000933,0.18053353,-1.21919715,-1.21242189,-1.21919715,1.57154810,1.56623852,1.21919715,1.21242189,1.21919715
7924,9,13,True,0.00731717,0.86632591,0.01267555,1.22344410,0.00718521,0.00718521,0.00718521,0.85900873,0.00535838,1.21612692,-0.00013196,-0.00013196,-0.00013196,0.00019018,0.00019018,0.00013196,0.00013196,0.00013196
560,1,2,False,2.99684954,2.07644129,4.05402327,2.42278957,1.97142208,2.07644129,1.97142208,-0.92040825,1.05717373,-0.57405996,-1.02542746,-0.92040825,-1.02542746,1.14331698,1.11767054,1.02542746,0.92040825,1.02542746
8767,12,45,True,0.00295357,0.05603929,0.02150527,0.18947592,0.00199346,0.00199346,0.00199346,0.05308572,0.01855169,0.18652235,-0.00096012,-0.00096012,-0.00096012,0.00156367,0.00156367,0.00096012,0.00096012,0.00096012
2075,3,1,False,3.10265517,1.05150783,5.03373909,3.39373517,1.05150783,3.10265517,1.05150783,-2.05114746,1.93108392,0.29108000,-2.05114746,0.00000000,-2.05114746,2.05114770,0.00000000,2.05114746,0.00000000,2.05114746
5967,8,3,True,0.43081897,1.87654018,0.26688942,1.49146616,0.26688942,0.26688942,0.26688942,1.44572115,-0.16392955,1.06064725,-0.16392955,-0.16392955,-0.16392955,0.18903437,0.18903437,0.16392955,0.16392955,0.16392955
7090,9,9,False,4.31838608,3.94718218,4.12016058,3.71159124,3.53862667,3.53862667,3.53862667,-0.37120390,-0.19822550,-0.60679483,-0.77975941,-0.77975941,-0.77975941,0.79674101,0.79674101,0.77975941,0.77975941,0.77975941
5527,7,2,True,0.77684087,1.20098519,0.77772272,1.19728518,0.77460170,0.77460170,0.77460170,0.42414433,0.00088185,0.42044431,-0.00223917,-0.00223917,-0.00223917,0.00224000,0.00224000,0.00223917,0.00223917,0.00223917
8558,12,6,True,0.02405982,0.19656894,0.03723364,0.25347242,0.02222931,0.02222931,0.02222931,0.17250910,0.01317381,0.22941259,-0.00183051,-0.00183051,-0.00183051,0.00272543,0.00272543,0.00183051,0.00183051,0.00183051
17006,17,1,True,0.08740450,0.18857086,0.23049884,0.47849232,0.08740450,0.08740450,0.23049884,0.10116635,0.14309433,0.39108783,0.00000000,0.00000000,0.14309433,0.00000000,0.00000000,0.00000000,0.00000000,-0.14309433
5477,8,1,True,0.00591931,0.00730759,0.00493309,0.00608852,0.00493309,0.00493309,0.00493309,0.00138828,-0.00098622,0.00016921,-0.00098622,-0.00098622,-0.00098622,0.00098622,0.00098622,0.00098622,0.00098622,0.00098622
4802,7,4,False,1.16392589,1.20057726,0.72573233,0.81213677,0.60430765,0.60430765,0.60430765,0.03665137,-0.43819356,-0.35178912,-0.55961823,-0.55961823,-0.55961823,0.69090724,0.69090724,0.55961823,0.55961823,0.55961823
10018,12,6,True,0.01334262,0.07000104,0.02306059,0.08508949,0.01161704,0.01161704,0.01161704,0.05665842,0.00971798,0.07174687,-0.00172558,-0.00172558,-0.00172558,0.00188154,0.00188154,0.00172558,0.00172558,0.00172558
8779,12,13,True,0.01095861,0.06687930,0.02862770,0.13379426,0.01095861,0.01095861,0.01095861,0.05592070,0.01766909,0.12283566,0.00000000,0.00000000,0.00000000,0.00000000,0.00000000,0.00000000,0.00000000,0.00000000
15837,19,1,False,2.30935311,4.33041286,2.10272217,3.91649580,2.10272217,2.30935311,2.10272217,2.02105975,-0.20663095,1.60714269,-0.20663095,0.00000000,-0.20663095,0.20663047,0.00000000,0.20663095,0.00000000,0.20663095
13376,16,1,True,0.11175869,0.19794175,0.14255208,0.24653153,0.11175869,0.11175869,0.11175869,0.08618306,0.03079339,0.13477284,0.00000000,0.00000000,0.00000000,0.00000000,0.00000000,0.00000000,0.00000000,0.00000000
2559,5,1,True,0.27486998,1.58145452,0.39731801,1.45982623,0.27486998,0.27486998,0.39731801,1.30658460,0.12244803,1.18495631,0.00000000,0.00000000,0.12244803,0.00000000,0.00000000,0.00000000,0.00000000,-0.12244803
6867,11,3,True,0.01473990,0.01278254,0.01539936,0.01324263,0.01273923,0.01273923,0.01273923,-0.00195736,0.00065947,-0.00149727,-0.00200067,-0.00200067,-0.00200067,0.00205517,0.00205517,0.00200067,0.00200067,0.00200067
4972,7,26,True,0.00069892,0.05659053,0.00166563,0.05324327,0.00062267,0.00062267,0.00062267,0.05589161,0.00096672,0.05254436,-0.00007624,-0.00007624,-0.00007624,0.00007636,0.00007636,0.00007624,0.00007624,0.00007624
13958,16,2,False,9.21961880,8.12202072,6.16297150,5.13758802,5.13758802,5.13758802,5.13758802,-1.09759808,-3.05664730,-4.08203077,-4.08203077,-4.08203077,-4.08203077,4.19592285,4.19592285,4.08203077,4.08203077,4.08203077
3311,5,9,True,0.00036162,0.00755524,0.01288976,0.05801331,0.00034398,0.00034398,0.00148805,0.00719363,0.01252814,0.05765169,-0.00001764,-0.00001764,0.00112644,0.00001764,0.00001764,0.00001764,0.00001764,-0.00112644
7187,10,3,True,0.00432223,0.02023518,0.00535589,0.02366244,0.00432223,0.00432223,0.00432223,0.01591294,0.00103366,0.01934020,0.00000000,0.00000000,0.00000000,0.00000000,0.00000000,0.00000000,0.00000000,0.00000000
1513,0,5,False,2.60682011,4.03468323,3.39223361,4.63876247,2.60681987,2.61268687,2.60681987,1.42786312,0.78541350,2.03194237,-0.00000024,0.00586677,-0.00000024,0.00000000,-0.00586629,0.00000024,-0.00586677,0.00000024
14384,16,2,True,0.08478671,0.32402629,0.25122216,0.70093828,0.08478671,0.08478671,0.27224973,0.23923957,0.16643545,0.61615157,0.00000000,0.00000000,0.18746302,0.00000000,0.00000000,0.00000000,0.00000000,-0.18746302
11419,13,19,True,0.01001783,0.72425598,0.01005158,0.48673797,0.00721883,0.00742095,0.00721883,0.71423817,0.00003375,0.47672012,-0.00279901,-0.00259688,-0.00279901,0.00480564,0.00479325,0.00279901,0.00259688,0.00279901
11152,13,1,True,0.42679694,0.55932337,0.51784086,0.64982116,0.42679694,0.42679694,0.42679694,0.13252643,0.09104392,0.22302422,0.00000000,0.00000000,0.00000000,0.00000000,0.00000000,0.00000000,0.00000000,0.00000000
13101,16,8,True,0.03497908,0.11160559,0.07280907,0.18435572,0.02191564,0.02191564,0.02191564,0.07662652,0.03783000,0.14937665,-0.01306344,-0.01306344,-0.01306344,0.01512591,0.01512591,0.01306344,0.01306344,0.01306344
8307,10,2,True,0.00000048,0.00185603,0.00000620,0.00409313,0.00000048,0.00000048,0.00185603,0.00185556,0.00000572,0.00409265,0.00000000,0.00000000,0.00185556,0.00000000,0.00000000,0.00000000,0.00000000,-0.00185556
9596,12,10,True,0.00575196,0.02533739,0.01242810,0.09513495,0.00352322,0.00352322,0.00352322,0.01958543,0.00667614,0.08938299,-0.00222875,-0.00222875,-0.00222875,0.00258384,0.00258384,0.00222875,0.00222875,0.00222875
16562,17,3,False,2.33111930,2.74444842,2.28197098,2.67547703,2.05944085,2.05944085,2.05944085,0.41332912,-0.04914832,0.34435773,-0.27167845,-0.27167845,-0.27167845,0.27705240,0.27705240,0.27167845,0.27167845,0.27167845
10437,12,7,True,0.10628261,0.18623215,0.18291450,0.31188828,0.10625881,0.10628261,0.10625881,0.07994954,0.07663189,0.20560567,-0.00002380,0.00000000,-0.00002380,0.00002358,0.00000000,0.00002380,0.00000000,0.00002380
9704,12,1,True,0.04164079,0.04979415,0.04950035,0.05986936,0.04164079,0.04164079,0.04164079,0.00815336,0.00785957,0.01822858,0.00000000,0.00000000,0.00000000,0.00000000,0.00000000,0.00000000,0.00000000,0.00000000
16563,17,4,False,4.44405985,2.16146088,4.05011082,1.90463746,1.90463746,1.90463746,1.90463746,-2.28259897,-0.39394903,-2.53942251,-2.53942251,-2.53942251,-2.53942251,3.05904627,3.05904627,2.53942251,2.53942251,2.53942251
3484,3,5,True,0.34217492,1.28883314,2.72420382,4.43406200,0.23259552,0.23259552,0.23259552,0.94665825,2.38202882,4.09188700,-0.10957940,-0.10957940,-0.10957940,0.11845547,0.11845547,0.10957940,0.10957940,0.10957940
3261,4,1,True,0.91157418,1.98959017,0.87308514,1.87064242,0.87308514,0.87308514,0.87308514,1.07801604,-0.03848904,0.95906824,-0.03848904,-0.03848904,-0.03848904,0.03848839,0.03848839,0.03848904,0.03848904,0.03848904
7640,9,9,True,0.31097993,0.95588082,0.77925730,1.44117308,0.30871576,0.30884698,0.30871585,0.64490092,0.46827736,1.13019311,-0.00226417,-0.00213295,-0.00226408,0.10832578,0.10413557,0.00226417,0.00213295,0.00226408
7794,9,20,True,0.00035530,0.11199958,0.00011050,0.01936588,0.00011050,0.00011050,0.00011050,0.11164428,-0.00024480,0.01901058,-0.00024480,-0.00024480,-0.00024480,0.00067021,0.00067021,0.00024480,0.00024480,0.00024480
15459,17,7,True,0.00559953,0.12645923,0.00378594,0.06485044,0.00343697,0.00343697,0.00343697,0.12085970,-0.00181358,0.05925091,-0.00216256,-0.00216256,-0.00216256,0.00315989,0.00315989,0.00216256,0.00216256,0.00216256
9336,12,1,True,0.08562374,0.47077799,0.10580346,0.51199549,0.08562374,0.08562374,0.08562374,0.38515425,0.02017972,0.42637175,0.00000000,0.00000000,0.00000000,0.00000000,0.00000000,0.00000000,0.00000000,0.00000000
1670,1,1,True,0.07363226,0.14631866,0.13762060,0.25932896,0.07363226,0.07363226,0.07363226,0.07268640,0.06398834,0.18569671,0.00000000,0.00000000,0.00000000,0.00000000,0.00000000,0.00000000,0.00000000,0.00000000
11289,13,33,True,0.00504447,0.23537126,0.00236077,0.05913443,0.00117340,0.00117340,0.00117340,0.23032679,-0.00268370,0.05408996,-0.00387107,-0.00387107,-0.00387107,0.01067903,0.01067903,0.00387107,0.00387107,0.00387107
11050,13,3,False,3.44861698,2.31643724,4.06498814,2.12213445,2.31643724,2.31643724,2.31643724,-1.13217974,0.61637115,-1.32648253,-1.13217974,-1.13217974,-1.13217974,1.93860483,1.93860483,1.13217974,1.13217974,1.13217974
16644,19,2,True,0.58001840,2.55372286,0.63249302,2.46914434,0.57628834,0.57628834,0.57628834,1.97370446,0.05247462,1.88912594,-0.00373006,-0.00373006,-0.00373006,0.00373024,0.00373024,0.00373006,0.00373006,0.00373006
1120,1,1,True,0.06334238,0.40000650,0.08766750,0.57425594,0.06334238,0.06334238,0.08766750,0.33666414,0.02432512,0.51091355,0.00000000,0.00000000,0.02432512,0.00000000,0.00000000,0.00000000,0.00000000,-0.02432512
4454,7,11,True,0.01697862,0.13656044,0.01315121,0.09141314,0.01269321,0.01269321,0.01269321,0.11958182,-0.00382741,0.07443452,-0.00428541,-0.00428541,-0.00428541,0.00610374,0.00610374,0.00428541,0.00428541,0.00428541
15120,17,7,True,0.04338409,0.62768143,0.05617183,0.41307312,0.02195786,0.02117456,0.02195786,0.58429736,0.01278774,0.36968902,-0.02142624,-0.02220953,-0.02142624,0.02841748,0.02671189,0.02142624,0.02220953,0.02142624
14109,15,15,True,0.35105729,1.24646175,0.51125181,1.44369721,0.30263236,0.30263227,0.30263227,0.89540446,0.16019452,1.09263992,-0.04842493,-0.04842502,-0.04842502,0.05164576,0.05164576,0.04842493,0.04842502,0.04842502
3834,3,6,True,0.00681611,0.00352464,0.58045149,0.23073064,0.00193064,0.00193064,0.00193064,-0.00329147,0.57363540,0.22391452,-0.00488548,-0.00488548,-0.00488548,0.00852882,0.00852882,0.00488548,0.00488548,0.00488548
14399,16,7,True,0.58373797,1.75287843,0.52944249,1.12822604,0.21794119,0.21794119,0.21794119,1.16914046,-0.05429548,0.54448807,-0.36579677,-0.36579677,-0.36579677,0.51572132,0.51572132,0.36579677,0.36579677,0.36579677
13675,16,19,True,0.00022206,0.06820312,0.00198275,0.15384334,0.00021741,0.00021741,0.00021741,0.06798106,0.00176069,0.15362129,-0.00000465,-0.00000465,-0.00000465,0.00000465,0.00000465,0.00000465,0.00000465,0.00000465
9054,12,3,False,3.54492784,4.41074991,5.21638918,6.01218176,3.51631951,3.27676535,3.27676535,0.86582208,1.67146134,2.46725392,-0.02860832,-0.26816249,-0.26816249,0.27021146,0.26816225,0.02860832,0.26816249,0.26816249
13274,16,16,True,0.03032200,0.27867621,0.12204143,0.64204806,0.02490831,0.02490831,0.02490831,0.24835421,0.09171943,0.61172605,-0.00541369,-0.00541369,-0.00541369,0.00571716,0.00571716,0.00541369,0.00541369,0.00541369
15796,18,1,True,1.49806011,2.56598091,1.53622830,2.65967393,1.49806011,1.49806011,1.49806011,1.06792080,0.03816819,1.16161382,0.00000000,0.00000000,0.00000000,0.00000000,0.00000000,0.00000000,0.00000000,0.00000000
5166,7,1,True,0.51857853,0.62898076,0.51925468,0.62943995,0.51857853,0.51857853,0.51857853,0.11040223,0.00067616,0.11086142,0.00000000,0.00000000,0.00000000,0.00000000,0.00000000,0.00000000,0.00000000,0.00000000
3776,5,4,False,5.14938831,1.27802753,6.09746552,1.91529906,1.19968963,1.19968963,1.19968963,-3.87136078,0.94807720,-3.23408937,-3.94969869,-3.94969869,-3.94969869,4.47180367,4.47180367,3.94969869,3.94969869,3.94969869
9827,12,1,True,0.01169197,0.03032917,0.02078560,0.04296200,0.01169197,0.01169197,0.01169197,0.01863720,0.00909363,0.03127003,0.00000000,0.00000000,0.00000000,0.00000000,0.00000000,0.00000000,0.00000000,0.00000000
13529,15,2,True,0.00009799,0.02665349,0.00023243,0.05504467,0.00009799,0.00009799,0.00977208,0.02655551,0.00013445,0.05494669,0.00000000,0.00000000,0.00967410,0.00000000,0.00000000,0.00000000,0.00000000,-0.00967410
14988,15,27,True,0.04155697,1.07092118,0.08198591,1.28417027,0.03818990,0.03818990,0.03819002,1.02936423,0.04042894,1.24261332,-0.00336707,-0.00336707,-0.00336695,0.00350420,0.00350420,0.00336707,0.00336707,0.00336695
11778,13,1,False,6.12972355,6.05052567,6.50775623,6.40256786,6.05052567,6.05052567,6.05052567,-0.07919788,0.37803268,0.27284431,-0.07919788,-0.07919788,-0.07919788,0.07919788,0.07919788,0.07919788,0.07919788,0.07919788
5726,8,3,True,0.02634817,0.05202805,0.02395287,0.04717290,0.02372624,0.02372624,0.02372624,0.02567988,-0.00239530,0.02082473,-0.00262193,-0.00262193,-0.00262193,0.00267711,0.00267711,0.00262193,0.00262193,0.00262193
10442,12,3,True,0.00372526,0.01386052,0.00901982,0.03579822,0.00372526,0.00372526,0.00372526,0.01013526,0.00529456,0.03207296,0.00000000,0.00000000,0.00000000,0.00000000,0.00000000,0.00000000,0.00000000,0.00000000
14588,16,1,True,1.06356239,1.33201110,1.18836749,1.49560702,1.06356239,1.06356239,1.06356239,0.26844871,0.12480509,0.43204463,0.00000000,0.00000000,0.00000000,0.00000000,0.00000000,0.00000000,0.00000000,0.00000000
923,1,5,True,0.02113126,0.10990408,0.04353053,0.18612786,0.01334873,0.01334873,0.01704847,0.08877282,0.02239927,0.16499659,-0.00778253,-0.00778253,-0.00408279,0.00845087,0.00845087,0.00778253,0.00778253,0.00408279
14494,16,9,True,0.00024340,0.13805993,0.00968968,0.09548423,0.00015067,0.00020550,0.00038152,0.13781653,0.00944628,0.09524084,-0.00009273,-0.00003790,0.00013812,0.00005768,0.00004136,0.00009273,0.00003790,-0.00013812
6220,8,10,True,0.12031839,2.13526940,0.00371872,0.21968921,0.00371872,0.00371872,0.00371872,2.01495099,-0.11659966,0.09937081,-0.11659966,-0.11659966,-0.11659966,0.33345771,0.33345771,0.11659966,0.11659966,0.11659966
15544,17,8,True,0.13073856,1.52459359,0.49528188,2.58861423,0.08616701,0.10937303,0.09619196,1.39385509,0.36454332,2.45787573,-0.04457155,-0.02136553,-0.03454660,0.03471066,0.02976404,0.04457155,0.02136553,0.03454660
15290,17,2,True,0.44567770,0.56789351,0.94942272,1.03390801,0.43700767,0.43700767,0.43700767,0.12221581,0.50374502,0.58823031,-0.00867003,-0.00867003,-0.00867003,0.00866947,0.00866947,0.00867003,0.00867003,0.00867003
1478,1,1,True,0.02094520,0.34726217,0.06642473,0.53886527,0.02094520,0.02094520,0.34726217,0.32631698,0.04547954,0.51792008,0.00000000,0.00000000,0.32631698,0.00000000,0.00000000,0.00000000,0.00000000,-0.32631698
6634,9,1,False,1.42829657,2.09675336,2.12026215,2.94349337,1.42829657,1.42829657,1.42829657,0.66845679,0.69196558,1.51519680,0.00000000,0.00000000,0.00000000,0.00000000,0.00000000,0.00000000,0.00000000,0.00000000
11756,13,16,True,0.00113935,0.05714225,0.00407829,0.13601662,0.00105659,0.00105659,0.00105659,0.05600290,0.00293894,0.13487728,-0.00008276,-0.00008276,-0.00008276,0.00008323,0.00008323,0.00008276,0.00008276,0.00008276
7788,9,68,False,8.64405727,4.02611256,11.39918423,7.72223425,3.11974430,3.11974478,3.11974478,-4.61794472,2.75512695,-0.92182302,-5.52431297,-5.52431250,-5.52431250,5.86271858,5.86271858,5.52431297,5.52431250,5.52431250
15547,18,36,True,0.48063731,2.05453849,0.17597316,0.69919646,0.06554769,0.06554769,0.06554769,1.57390118,-0.30466413,0.21855915,-0.41508961,-0.41508961,-0.41508961,1.01595044,1.01595044,0.41508961,0.41508961,0.41508961
12704,14,1,True,0.00028046,0.02052170,0.00051140,0.02777924,0.00028046,0.00028046,0.02052170,0.02024124,0.00023094,0.02749878,0.00000000,0.00000000,0.02024124,0.00000000,0.00000000,0.00000000,0.00000000,-0.02024124
5037,8,2,True,0.06074870,0.10311894,0.05041300,0.08469340,0.05041300,0.05041300,0.05041300,0.04237024,-0.01033571,0.02394470,-0.01033571,-0.01033571,-0.01033571,0.01078807,0.01078807,0.01033571,0.01033571,0.01033571
16060,17,1,False,4.73526287,5.11410236,3.85240698,3.97395039,3.85240698,3.85240698,3.85240698,0.37883949,-0.88285589,-0.76131248,-0.88285589,-0.88285589,-0.88285589,0.88285565,0.88285565,0.88285589,0.88285589,0.88285589
6673,9,18,True,0.00341048,0.58589691,0.01849829,0.47374976,0.01595351,0.01595351,0.01595351,0.58248645,0.01508781,0.47033927,0.01254304,0.01254304,0.01254304,0.00342371,0.00342371,-0.01254304,-0.01254304,-0.01254304
4653,7,44,True,0.01650877,1.83279598,0.01025644,1.08400953,0.00916996,0.00916996,0.00916996,1.81628716,-0.00625233,1.06750071,-0.00733880,-0.00733880,-0.00733880,0.01471887,0.01471887,0.00733880,0.00733880,0.00733880
14540,16,1,True,0.01396268,0.03030361,0.02418573,0.04989169,0.01396268,0.01396268,0.03030361,0.01634093,0.01022305,0.03592901,0.00000000,0.00000000,0.01634093,0.00000000,0.00000000,0.00000000,0.00000000,-0.01634093
7972,10,2,True,0.01519615,0.24734348,0.03277837,0.56481600,0.01519615,0.01519615,0.24734348,0.23214734,0.01758222,0.54961985,0.00000000,0.00000000,0.23214734,0.00000000,0.00000000,0.00000000,0.00000000,-0.23214734
4026,8,94,True,0.00000453,13.08900833,0.00000024,0.12763129,-0.00000000,-0.00000000,-0.00000000,13.08900356,-0.00000429,0.12762676,-0.00000453,-0.00000453,-0.00000453,0.00005341,0.00005329,0.00000453,0.00000453,0.00000453
9854,12,5,True,0.55929148,0.84063804,2.25634003,1.71561432,0.44471070,0.53676468,0.44471070,0.28134656,1.69704854,1.15632284,-0.11458078,-0.02252680,-0.11458078,0.25557187,0.08112735,0.11458078,0.02252680,0.11458078
3770,3,4,True,0.11294512,0.14099452,0.42433870,0.58702981,0.08099149,0.10091906,0.10918034,0.02804939,0.31139356,0.47408468,-0.03195363,-0.01202606,-0.00376479,0.03551807,0.01202639,0.03195363,0.01202606,0.00376479
2699,5,1,False,2.48895502,2.37097955,2.88479853,2.70584202,2.37097955,2.37097955,2.37097955,-0.11797547,0.39584351,0.21688700,-0.11797547,-0.11797547,-0.11797547,0.11797476,0.11797476,0.11797547,0.11797547,0.11797547
6605,11,1,True,0.09271534,0.07520927,0.08089343,0.06513821,0.06513821,0.06513821,0.06513821,-0.01750607,-0.01182191,-0.02757713,-0.02757713,-0.02757713,-0.02757713,0.02757735,0.02757735,0.02757713,0.02757713,0.02757713
3819,5,4,True,0.10241438,0.06447732,0.29070655,0.16472882,0.06215471,0.06215471,0.06215471,-0.03793705,0.18829218,0.06231444,-0.04025966,-0.04025966,-0.04025966,0.05356266,0.05356266,0.04025966,0.04025966,0.04025966
14866,16,7,False,4.29275084,3.23666382,5.05458546,4.07751179,2.81622291,2.81622291,2.81622291,-1.05608702,0.76183462,-0.21523905,-1.47652793,-1.47652793,-1.47652793,1.52022552,1.52022552,1.47652793,1.47652793,1.47652793
11437,13,18,True,0.00005722,0.10863414,0.00037615,0.03852111,0.00005722,0.00005722,0.00005722,0.10857692,0.00031893,0.03846389,0.00000000,0.00000000,0.00000000,0.00000000,0.00000000,0.00000000,0.00000000,0.00000000
11611,13,2,True,0.01060057,0.04036523,0.01210168,0.04086487,0.01060057,0.01124980,0.01060057,0.02976467,0.00150111,0.03026430,0.00000000,0.00064923,0.00000000,0.00000000,-0.00064924,0.00000000,-0.00064923,0.00000000
5413,7,140,True,0.00035220,2.77827787,0.00717752,2.63487005,0.00020407,0.00020407,0.00020407,2.77792573,0.00682532,2.63451791,-0.00014814,-0.00014814,-0.00014814,0.00021689,0.00021689,0.00014814,0.00014814,0.00014814
2996,5,5,False,9.06692791,6.01753044,9.29664898,6.31446552,5.74438238,5.74438238,5.74438238,-3.04939747,0.22972107,-2.75246239,-3.32254553,-3.32254553,-3.32254553,3.51460028,3.51460028,3.32254553,3.32254553,3.32254553
5787,8,2,True,0.61546206,0.92847794,0.59871072,0.90761858,0.59871072,0.59871072,0.59871072,0.31301588,-0.01675135,0.29215652,-0.01675135,-0.01675135,-0.01675135,0.01944113,0.01944113,0.01675135,0.01675135,0.01675135
4374,7,139,True,0.00005734,4.55866814,0.00022302,1.97663450,0.00022671,0.00017248,0.00017880,4.55861092,0.00016568,1.97657716,0.00016937,0.00011514,0.00012146,0.00010871,0.00010847,-0.00016937,-0.00011514,-0.00012146
4724,7,25,True,0.00178238,0.05803592,0.00289129,0.06183371,0.00159446,0.00159446,0.00159446,0.05625354,0.00110891,0.06005133,-0.00018791,-0.00018791,-0.00018791,0.00019409,0.00019409,0.00018791,0.00018791,0.00018791
13251,16,1,False,1.93740535,2.65462375,2.46118188,3.20634484,1.93740535,1.93740535,1.93740535,0.71721840,0.52377653,1.26893950,0.00000000,0.00000000,0.00000000,0.00000000,0.00000000,0.00000000,0.00000000,0.00000000
15008,16,19,True,0.36095554,1.53180313,0.80860710,1.82732511,0.31634477,0.31634483,0.31634483,1.17084765,0.44765157,1.46636963,-0.04461077,-0.04461071,-0.04461071,0.04985693,0.04985693,0.04461077,0.04461071,0.04461071
15007,15,19,True,0.11663713,2.10296082,0.12024049,1.88480985,0.07363702,0.07363702,0.07363702,1.98632371,0.00360337,1.76817274,-0.04300011,-0.04300011,-0.04300011,0.07449800,0.07449800,0.04300011,0.04300011,0.04300011
14592,16,2,True,0.15477507,0.44181713,0.32654938,0.75085819,0.15477507,0.15477507,0.15477507,0.28704208,0.17177431,0.59608310,0.00000000,0.00000000,0.00000000,0.00000000,0.00000000,0.00000000,0.00000000,0.00000000
4143,7,2,True,0.22300336,0.40025690,0.20108971,0.39574578,0.20108971,0.20108971,0.20108971,0.17725354,-0.02191365,0.17274243,-0.02191365,-0.02191365,-0.02191365,0.02520689,0.02520689,0.02191365,0.02191365,0.02191365
15194,17,4,True,0.00587973,0.16571905,0.02343656,0.12644462,0.00587973,0.00587973,0.00587973,0.15983932,0.01755683,0.12056490,0.00000000,0.00000000,0.00000000,0.00000000,0.00000000,0.00000000,0.00000000,0.00000000
2986,4,8,False,2.21788192,1.62291598,2.32552886,1.70477438,1.46359515,1.46359515,1.46359515,-0.59496593,0.10764694,-0.51310754,-0.75428677,-0.75428677,-0.75428677,0.86619532,0.86619532,0.75428677,0.75428677,0.75428677
13248,15,5,True,0.18761684,1.59266150,0.20347780,1.60233855,0.16728137,0.16728137,0.16728137,1.40504467,0.01586096,1.41472173,-0.02033547,-0.02033547,-0.02033547,0.02033526,0.02033526,0.02033547,0.02033547,0.02033547
9315,12,33,True,0.01014765,0.11153372,0.02152498,0.21816972,0.00861169,0.00861169,0.00861169,0.10138608,0.01137734,0.20802207,-0.00153596,-0.00153596,-0.00153596,0.00173463,0.00173463,0.00153596,0.00153596,0.00153596
4311,7,33,True,0.01848179,0.50820500,0.02796090,0.37202692,0.01165627,0.01157249,0.01165627,0.48972321,0.00947912,0.35354513,-0.00682551,-0.00690929,-0.00682551,0.00808671,0.00803101,0.00682551,0.00690929,0.00682551
10791,13,30,True,0.00003958,0.45156756,0.00004554,0.12569302,0.00001931,0.00001931,0.00001931,0.45152798,0.00000596,0.12565345,-0.00002026,-0.00002026,-0.00002026,0.00006020,0.00006020,0.00002026,0.00002026,0.00002026
181,0,1,True,0.48990077,1.08618069,0.84241074,1.49990141,0.48990077,0.48990077,0.48990077,0.59627992,0.35250998,1.01000071,0.00000000,0.00000000,0.00000000,0.00000000,0.00000000,0.00000000,0.00000000,0.00000000
3562,3,1,False,1.53448880,0.45065483,4.40618658,2.38409185,0.45065483,0.45065483,0.45065483,-1.08383393,2.87169790,0.84960306,-1.08383393,-1.08383393,-1.08383393,1.08383381,1.08383381,1.08383393,1.08383393,1.08383393
780,1,3,False,3.89764142,4.61380482,4.17215824,4.96602058,3.89764142,3.89764142,3.89764142,0.71616340,0.27451682,1.06837916,0.00000000,0.00000000,0.00000000,0.00000000,0.00000000,0.00000000,0.00000000,0.00000000
11647,13,6,True,0.00034732,0.48784173,0.00030358,0.14826469,0.00024888,0.00024888,0.00420816,0.48749441,-0.00004374,0.14791737,-0.00009844,-0.00009844,0.00386085,0.00025110,0.00025110,0.00009844,0.00009844,-0.00386085
11440,13,5,True,0.08401990,0.71278977,0.23681594,1.23663139,0.08239537,0.08239537,0.08239526,0.62876987,0.15279604,1.15261149,-0.00162453,-0.00162453,-0.00162464,0.00162464,0.00162464,0.00162453,0.00162453,0.00162464
16362,17,7,True,0.00149829,0.31375504,0.00263439,0.66950512,0.00138699,0.00143746,0.00205080,0.31225675,0.00113610,0.66800684,-0.00011130,-0.00006083,0.00055251,0.00029199,0.00028747,0.00011130,0.00006083,-0.00055251
15618,17,1,True,0.75491399,0.46713075,0.76814359,0.50669724,0.46713075,0.46713075,0.46713075,-0.28778324,0.01322961,-0.24821675,-0.28778324,-0.28778324,-0.28778324,0.28778303,0.28778303,0.28778324,0.28778324,0.28778324
12380,14,10,True,0.07260056,0.55235350,0.10423759,0.31221986,0.06380472,0.06380472,0.06380472,0.47975296,0.03163703,0.23961930,-0.00879584,-0.00879584,-0.00879584,0.02400548,0.02400548,0.00879584,0.00879584,0.00879584
8075,10,4,True,0.00784720,0.16041207,0.01011838,0.23074020,0.00773944,0.00773944,0.00794997,0.15256488,0.00227118,0.22289301,-0.00010776,-0.00010776,0.00010278,0.00010764,0.00010764,0.00010776,0.00010776,-0.00010278
9361,12,13,False,1.58711195,1.50074565,1.70741761,1.77288032,0.67256504,0.67256504,0.67256504,-0.08636630,0.12030566,0.18576837,-0.91454691,-0.91454691,-0.91454691,1.14970720,1.14970720,0.91454691,0.91454691,0.91454691
7762,9,13,True,0.00474292,0.01007708,0.03113653,0.02251153,0.00335476,0.00335476,0.00335476,0.00533416,0.02639361,0.01776861,-0.00138816,-0.00138816,-0.00138816,0.00291110,0.00291110,0.00138816,0.00138816,0.00138816
3315,3,3,True,0.63134629,0.58640081,2.48288178,2.10371113,0.49241668,0.49241668,0.49241668,-0.04494548,1.85153556,1.47236490,-0.13892961,-0.13892961,-0.13892961,0.16902447,0.16902447,0.13892961,0.13892961,0.13892961
5756,7,3,True,0.03388146,0.17616400,0.04194456,0.19526711,0.03388146,0.03388146,0.03388146,0.14228255,0.00806310,0.16138566,0.00000000,0.00000000,0.00000000,0.00000000,0.00000000,0.00000000,0.00000000,0.00000000
12175,14,2,True,0.04334928,0.06272376,0.05310288,0.07573556,0.04334928,0.04334928,0.04334928,0.01937448,0.00975360,0.03238628,0.00000000,0.00000000,0.00000000,0.00000000,0.00000000,0.00000000,0.00000000,0.00000000
3952,7,2,True,0.02826214,0.12008584,0.05241737,0.17868367,0.02826214,0.02826214,0.08669927,0.09182370,0.02415523,0.15042153,0.00000000,0.00000000,0.05843713,0.00000000,0.00000000,0.00000000,0.00000000,-0.05843713
2572,5,1,True,0.58056152,2.88345623,1.57614887,2.65104961,0.58056152,0.58056152,0.58056152,2.30289459,0.99558735,2.07048798,0.00000000,0.00000000,0.00000000,0.00000000,0.00000000,0.00000000,0.00000000,0.00000000
2809,5,6,True,0.04461180,0.35983276,1.86449909,1.97727263,0.03191334,0.02743564,0.19046324,0.31522095,1.81988728,1.93266082,-0.01269846,-0.01717616,0.14585145,0.02200432,0.02184161,0.01269846,0.01717616,-0.14585145
4129,8,1,True,0.02216775,0.03353776,0.01255643,0.01740749,0.01255643,0.01255643,0.01255643,0.01137001,-0.00961132,-0.00476026,-0.00961132,-0.00961132,-0.00961132,0.00961132,0.00961132,0.00961132,0.00961132,0.00961132
11561,13,18,True,0.01682461,0.65184236,0.01994448,0.51946330,0.01242268,0.01242268,0.01242268,0.63501775,0.00311987,0.50263870,-0.00440192,-0.00440192,-0.00440192,0.01232181,0.01232181,0.00440192,0.00440192,0.00440192
9506,12,5,False,0.96557420,0.26167467,2.56196022,0.83829474,0.19664817,0.19664817,0.19664817,-0.70389950,1.59638596,-0.12727946,-0.76892602,-0.76892602,-0.76892602,1.11096263,1.11096263,0.76892602,0.76892602,0.76892602
172,1,13,True,0.00016843,0.00331163,0.00234805,0.02483365,0.00008297,0.00008297,0.00008297,0.00314320,0.00217962,0.02466523,-0.00008546,-0.00008546,-0.00008546,0.00010632,0.00010632,0.00008546,0.00008546,0.00008546
13258,16,2,True,0.01824888,0.04025543,0.02043235,0.04329882,0.01824888,0.01824888,0.01824888,0.02200655,0.00218347,0.02504995,0.00000000,0.00000000,0.00000000,0.00000000,0.00000000,0.00000000,0.00000000,0.00000000
708,1,5,True,0.62356585,0.72113848,0.91386050,0.69748628,0.30666885,0.30666885,0.30666885,0.09757262,0.29029465,0.07392043,-0.31689700,-0.31689700,-0.31689700,0.41638875,0.41638875,0.31689700,0.31689700,0.31689700
6490,9,2,True,0.02374591,0.09136962,0.02533135,0.11273321,0.02313130,0.02313130,0.02533135,0.06762371,0.00158544,0.08898730,-0.00061461,-0.00061461,0.00158544,0.00061461,0.00061461,0.00061461,0.00061461,-0.00158544
11498,13,7,True,0.00008285,0.01047093,0.00027700,0.01353563,0.00008285,0.00008285,0.00008285,0.01038808,0.00019416,0.01345278,0.00000000,0.00000000,0.00000000,0.00000000,0.00000000,0.00000000,0.00000000,0.00000000
13327,15,3,True,0.01455581,0.10783019,0.01989026,0.13683879,0.01455581,0.01455581,0.01735442,0.09327438,0.00533444,0.12228298,0.00000000,0.00000000,0.00279861,0.00000000,0.00000000,0.00000000,0.00000000,-0.00279861
12020,13,12,False,4.04846334,3.93224478,4.01121902,3.65144920,1.67518651,1.67518651,1.67518651,-0.11621857,-0.03724432,-0.39701414,-2.37327671,-2.37327671,-2.37327671,3.43215013,3.43215013,2.37327671,2.37327671,2.37327671
8116,11,1,True,0.00865045,0.01035130,0.00870966,0.01039802,0.00865045,0.00865045,0.00865045,0.00170085,0.00005921,0.00174757,0.00000000,0.00000000,0.00000000,0.00000000,0.00000000,0.00000000,0.00000000,0.00000000
3878,7,10,True,0.16805124,0.30155772,0.29039577,0.44199759,0.11000009,0.11000009,0.11000009,0.13350648,0.12234452,0.27394634,-0.05805115,-0.05805115,-0.05805115,0.06415933,0.06415933,0.05805115,0.05805115,0.05805115
1396,0,6,True,0.00606293,0.10474207,0.06435873,0.53699738,0.00385815,0.00385815,0.00611435,0.09867915,0.05829581,0.53093445,-0.00220478,-0.00220478,0.00005142,0.00220478,0.00220478,0.00220478,0.00220478,-0.00005142
15878,17,3,True,1.08831143,1.46896291,1.26157963,1.64486814,1.04578352,1.04578352,1.04578352,0.38065147,0.17326820,0.55655670,-0.04252791,-0.04252791,-0.04252791,0.04252720,0.04252720,0.04252791,0.04252791,0.04252791
5404,7,16,False,1.40051758,3.97032356,1.75653720,3.71928644,0.85426968,0.85426998,0.85426968,2.56980610,0.35601962,2.31876898,-0.54624790,-0.54624760,-0.54624790,0.64337146,0.64337146,0.54624790,0.54624760,0.54624790
7749,10,8,True,0.00255508,0.02343085,0.00293824,0.02749792,0.00255508,0.00255508,0.00256127,0.02087577,0.00038316,0.02494284,0.00000000,0.00000000,0.00000618,0.00000000,0.00000000,0.00000000,0.00000000,-0.00000618
3845,5,13,False,0.80425978,0.33886069,1.98184085,0.95663118,0.28126600,0.28126600,0.28126600,-0.46539909,1.17758107,0.15237141,-0.52299380,-0.52299380,-0.52299380,0.75584704,0.75584704,0.52299380,0.52299380,0.52299380
10043,12,8,True,0.02013879,0.10553876,0.02891530,0.15864135,0.01969578,0.01969578,0.01969578,0.08539996,0.00877651,0.13850257,-0.00044301,-0.00044301,-0.00044301,0.00044301,0.00044301,0.00044301,0.00044301,0.00044301
10240,12,8,True,0.00728084,0.01417156,0.01801357,0.03381381,0.00670374,0.00670374,0.00670374,0.00689072,0.01073273,0.02653297,-0.00057710,-0.00057710,-0.00057710,0.00067610,0.00067610,0.00057710,0.00057710,0.00057710
3196,3,2,True,0.05358761,0.05073361,0.53723234,0.41685790,0.04738394,0.04738394,0.05358761,-0.00285400,0.48364472,0.36327028,-0.00620367,-0.00620367,0.00000000,0.00620355,0.00620355,0.00620367,0.00620367,0.00000000
5198,8,3,False,3.73977900,4.97969723,3.42431355,4.62340784,3.35834718,3.35834718,3.35834718,1.23991823,-0.31546545,0.88362885,-0.38143182,-0.38143182,-0.38143182,0.38686180,0.38686180,0.38143182,0.38143182,0.38143182
5692,7,2,True,1.05954838,1.70513129,0.93342388,1.54327428,0.93342388,0.93342388,0.93342388,0.64558291,-0.12612450,0.48372591,-0.12612450,-0.12612450,-0.12612450,0.13601249,0.13601249,0.12612450,0.12612450,0.12612450
14033,16,10,False,5.89005280,3.78953409,6.22322321,4.14377260,3.78953409,3.78953409,3.78953409,-2.10051870,0.33317041,-1.74628019,-2.10051870,-2.10051870,-2.10051870,2.20200682,2.20200682,2.10051870,2.10051870,2.10051870
7767,9,1,True,0.01110139,0.13300392,0.00767142,0.12634987,0.00767142,0.01110139,0.12634987,0.12190253,-0.00342997,0.11524848,-0.00342997,0.00000000,0.11524848,0.00343009,0.00000000,0.00342997,0.00000000,-0.11524848
15013,16,32,True,0.00540107,0.74089408,0.01169374,0.65890872,0.00330688,0.00330688,0.00330688,0.73549300,0.00629268,0.65350765,-0.00209419,-0.00209419,-0.00209419,0.00300857,0.00300857,0.00209419,0.00209419,0.00209419
2406,5,1,True,0.86697501,1.46795583,2.11876154,2.09206390,0.86697501,0.86697501,0.86697501,0.60098082,1.25178647,1.22508883,0.00000000,0.00000000,0.00000000,0.00000000,0.00000000,0.00000000,0.00000000,0.00000000
198,0,9,True,0.11179440,0.21903431,0.70247930,0.84112662,0.09078977,0.09078977,0.10111485,0.10723992,0.59068489,0.72933221,-0.02100462,-0.02100462,-0.01067954,0.02219852,0.02219852,0.02100462,0.02100462,0.01067954
6344,9,16,True,0.04728445,0.57810819,0.22437075,0.85829997,0.02617376,0.02617376,0.02617376,0.53082377,0.17708629,0.81101555,-0.02111069,-0.02111069,-0.02111069,0.02475102,0.02475102,0.02111069,0.02111069,0.02111069
13865,15,5,True,0.01295013,0.48881656,0.00994324,0.36431867,0.00939980,0.00939980,0.01101909,0.47586644,-0.00300689,0.35136855,-0.00355033,-0.00355033,-0.00193103,0.00399136,0.00399136,0.00355033,0.00355033,0.00193103
6205,8,3,True,0.03957744,0.06782836,0.03533033,0.06051668,0.03533033,0.03533033,0.03533033,0.02825093,-0.00424711,0.02093924,-0.00424711,-0.00424711,-0.00424711,0.00444619,0.00444619,0.00424711,0.00424711,0.00424711
5306,7,3,True,0.06529299,1.08739173,0.05510289,0.92414206,0.05510289,0.05510289,0.05783061,1.02209878,-0.01019010,0.85884905,-0.01019010,-0.01019010,-0.00746238,0.01099607,0.01099607,0.01019010,0.01019010,0.00746238
781,1,1,True,0.14516015,0.41603190,0.26884487,0.39301175,0.14516015,0.14516015,0.26884487,0.27087176,0.12368472,0.24785160,0.00000000,0.00000000,0.12368472,0.00000000,0.00000000,0.00000000,0.00000000,-0.12368472
3931,7,23,True,0.13992983,0.66962373,0.12057193,0.51318401,0.06934948,0.06934948,0.06934948,0.52969390,-0.01935790,0.37325418,-0.07058035,-0.07058035,-0.07058035,0.08432911,0.08432911,0.07058035,0.07058035,0.07058035
3506,5,1,False,2.52251434,1.34609628,3.10003209,1.85086262,1.34609628,1.34609628,1.34609628,-1.17641807,0.57751775,-0.67165172,-1.17641807,-1.17641807,-1.17641807,1.17642021,1.17642021,1.17641807,1.17641807,1.17641807
6907,9,6,True,0.18976063,0.85172546,0.16678630,0.74035025,0.13304858,0.13304858,0.13304858,0.66196483,-0.02297433,0.55058962,-0.05671205,-0.05671205,-0.05671205,0.07361883,0.07361883,0.05671205,0.05671205,0.05671205
10869,13,27,True,0.00023589,0.10517805,0.00095096,0.09201144,0.00016140,0.00015830,0.00016140,0.10494217,0.00071507,0.09177556,-0.00007449,-0.00007759,-0.00007449,0.00011406,0.00011406,0.00007449,0.00007759,0.00007449
13884,16,3,True,0.00362525,0.08026082,0.00646132,0.10987973,0.00299339,0.00299339,0.00646144,0.07663557,0.00283607,0.10625448,-0.00063186,-0.00063186,0.00283619,0.00063186,0.00063186,0.00063186,0.00063186,-0.00283619
16338,18,1,True,0.07557343,0.38939053,0.07202436,0.36992785,0.07202436,0.07202436,0.36992785,0.31381708,-0.00354907,0.29435444,-0.00354907,-0.00354907,0.29435444,0.00354895,0.00354895,0.00354907,0.00354907,-0.29435444
16924,17,1,True,0.02112881,1.15421152,0.02078105,1.10992205,0.02078105,0.02112881,1.10992205,1.13308275,-0.00034776,1.08879328,-0.00034776,0.00000000,1.08879328,0.00034773,0.00000000,0.00034776,0.00000000,-1.08879328
12114,13,5,True,0.34153897,2.80202341,0.69203085,3.20519471,0.34153897,0.34153911,0.34153897,2.46048450,0.35049188,2.86365581,0.00000000,0.00000015,0.00000000,0.00000000,0.00000000,0.00000000,-0.00000015,0.00000000
2244,5,10,True,0.37795821,0.08228262,1.36877322,0.39798352,0.05832935,0.05770785,0.05832935,-0.29567558,0.99081504,0.02002531,-0.31962886,-0.32025036,-0.31962886,0.63357544,0.62502486,0.31962886,0.32025036,0.31962886
3003,4,2,False,3.44130969,3.84823465,3.00051594,3.33879995,3.00051594,3.00051594,3.00051594,0.40692496,-0.44079375,-0.10250974,-0.44079375,-0.44079375,-0.44079375,0.44738317,0.44738317,0.44079375,0.44079375,0.44079375
2110,5,12,True,0.71979952,0.60885048,2.26303625,0.97857827,0.19694974,0.19694974,0.19694974,-0.11094904,1.54323673,0.25877875,-0.52284980,-0.52284980,-0.52284980,1.66129422,1.66129398,0.52284980,0.52284980,0.52284980
10371,12,8,True,0.04139766,0.02921671,0.04655739,0.05148787,0.00920516,0.00920516,0.01031496,-0.01218094,0.00515974,0.01009022,-0.03219249,-0.03219249,-0.03108269,0.05303677,0.05303677,0.03219249,0.03219249,0.03108269
6399,9,15,True,0.00001407,0.00163314,0.00012778,0.00949463,0.00001407,0.00001407,0.00002062,0.00161908,0.00011372,0.00948056,0.00000000,0.00000000,0.00000656,0.00000000,0.00000000,0.00000000,0.00000000,-0.00000656
7116,9,1,False,2.53981376,1.48414183,2.55852485,1.49640501,1.48414183,1.48414183,1.48414183,-1.05567193,0.01871109,-1.04340875,-1.05567193,-1.05567193,-1.05567193,1.05567133,1.05567133,1.05567193,1.05567193,1.05567193
7582,10,1,True,0.00210374,0.00448566,0.00218070,0.00461288,0.00210374,0.00210374,0.00210374,0.00238193,0.00007696,0.00250914,0.00000000,0.00000000,0.00000000,0.00000000,0.00000000,0.00000000,0.00000000,0.00000000
11792,13,11,True,0.05222505,1.45019329,0.07695016,1.27765608,0.04980334,0.04980334,0.04980334,1.39796829,0.02472511,1.22543108,-0.00242171,-0.00242171,-0.00242171,0.01038247,0.01038247,0.00242171,0.00242171,0.00242171
687,1,1,True,0.02611221,0.15607478,0.05614704,0.29877555,0.02611221,0.02611221,0.15607478,0.12996256,0.03003483,0.27266335,0.00000000,0.00000000,0.12996256,0.00000000,0.00000000,0.00000000,0.00000000,-0.12996256
14222,15,8,True,0.19089493,1.53037739,0.19128567,1.49476612,0.16106771,0.16106771,0.16106771,1.33948243,0.00039074,1.30387115,-0.02982722,-0.02982722,-0.02982722,0.03101243,0.03101243,0.02982722,0.02982722,0.02982722
9790,12,31,True,0.00222281,0.01261682,0.00756672,0.04112221,0.00217808,0.00217808,0.00217808,0.01039401,0.00534391,0.03889940,-0.00004472,-0.00004472,-0.00004472,0.00004472,0.00004472,0.00004472,0.00004472,0.00004472
13509,15,11,True,0.06511452,0.44348609,0.08800368,0.50551540,0.05854390,0.05854390,0.05854390,0.37837157,0.02288916,0.44040087,-0.00657062,-0.00657062,-0.00657062,0.00676285,0.00676285,0.00657062,0.00657062,0.00657062
7091,11,3,True,1.37822175,1.04955661,1.35466576,0.96821493,0.96821493,0.96821493,0.96821493,-0.32866514,-0.02355599,-0.41000682,-0.41000682,-0.41000682,-0.41000682,0.51143146,0.51143146,0.41000682,0.41000682,0.41000682
16647,17,14,False,4.99845457,4.33240318,3.22850204,2.60375547,1.75753546,1.75753498,1.75753546,-0.66605139,-1.76995254,-2.39469910,-3.24091911,-3.24091959,-3.24091911,3.43910360,3.43910360,3.24091911,3.24091959,3.24091911
2846,5,4,True,0.26222172,0.67073542,1.29389620,1.79790604,0.26222172,0.26222172,0.26222172,0.40851370,1.03167450,1.53568435,0.00000000,0.00000000,0.00000000,0.00000000,0.00000000,0.00000000,0.00000000,0.00000000
9293,12,8,True,0.00509203,0.01203243,0.06106254,0.10346061,0.00418513,0.00377074,0.00418513,0.00694039,0.05597051,0.09836858,-0.00090690,-0.00132129,-0.00090690,0.00153829,0.00152275,0.00090690,0.00132129,0.00090690
14321,16,3,True,0.52423084,0.38017240,0.50166202,0.36401454,0.36189276,0.36189276,0.36189276,-0.14405844,-0.02256882,-0.16021630,-0.16233808,-0.16233808,-0.16233808,0.17991003,0.17991003,0.16233808,0.16233808,0.16233808
10331,12,40,True,0.00774914,0.08867472,0.05020510,0.37378868,0.00771081,0.00771081,0.00771081,0.08092558,0.04245596,0.36603954,-0.00003833,-0.00003833,-0.00003833,0.00003833,0.00003833,0.00003833,0.00003833,0.00003833
16101,17,2,True,0.19935428,0.62028402,0.22894534,0.70352280,0.19335088,0.19935428,0.22894534,0.42092973,0.02959107,0.50416851,-0.00600339,0.00000000,0.02959107,0.00600396,0.00000000,0.00600339,0.00000000,-0.02959107
7489,9,3,True,0.48877060,0.81166875,1.25851750,0.88885438,0.48877060,0.48158714,0.49857962,0.32289815,0.76974690,0.40008378,0.00000000,-0.00718346,0.00980902,0.00000000,-0.03651053,0.00000000,0.00718346,-0.00980902
2122,5,1,False,1.38561082,1.02051520,1.44743371,1.07833481,1.02051520,1.02051520,1.02051520,-0.36509562,0.06182289,-0.30727601,-0.36509562,-0.36509562,-0.36509562,0.36509681,0.36509681,0.36509562,0.36509562,0.36509562
14933,16,3,True,0.28945723,0.97461486,0.37229082,1.01771617,0.27134880,0.27134880,0.27134889,0.68515766,0.08283359,0.72825897,-0.01810843,-0.01810843,-0.01810834,0.02542159,0.02542159,0.01810843,0.01810843,0.01810834
664,1,4,True,0.04134962,0.05070177,0.07579558,0.08786481,0.03214724,0.03214724,0.03214724,0.00935215,0.03444596,0.04651519,-0.00920238,-0.00920238,-0.00920238,0.01037911,0.01037911,0.00920238,0.00920238,0.00920238
15834,17,3,True,0.00615819,0.01697206,0.00610487,0.01588629,0.00610487,0.00610487,0.00610487,0.01081388,-0.00005332,0.00972810,-0.00005332,-0.00005332,-0.00005332,0.00018341,0.00018341,0.00005332,0.00005332,0.00005332
2115,3,1,True,0.65519899,1.01306927,1.30932486,1.89616370,0.65519899,0.65519899,0.65519899,0.35787028,0.65412587,1.24096465,0.00000000,0.00000000,0.00000000,0.00000000,0.00000000,0.00000000,0.00000000,0.00000000
15998,17,2,True,0.00734569,0.17238326,0.02437538,0.32792991,0.00734569,0.00734569,0.05840279,0.16503757,0.01702969,0.32058424,0.00000000,0.00000000,0.05105710,0.00000000,0.00000000,0.00000000,0.00000000,-0.05105710
4163,8,2,True,0.00030692,0.00045849,0.00028594,0.00042525,0.00028594,0.00028594,0.00028594,0.00015158,-0.00002097,0.00011833,-0.00002097,-0.00002097,-0.00002097,0.00002145,0.00002145,0.00002097,0.00002097,0.00002097
14179,16,1,True,0.49605307,0.45975286,0.64094287,0.59039491,0.45975286,0.45975286,0.45975286,-0.03630021,0.14488980,0.09434184,-0.03630021,-0.03630021,-0.03630021,0.03629994,0.03629994,0.03630021,0.03630021,0.03630021
2400,5,1,True,1.03516603,0.86417425,2.22646904,1.49249077,0.86417425,0.86417425,0.86417425,-0.17099178,1.19130301,0.45732474,-0.17099178,-0.17099178,-0.17099178,0.17099148,0.17099148,0.17099178,0.17099178,0.17099178
1301,1,2,True,0.00264485,0.00289807,0.02224657,0.02182735,0.00253903,0.00253903,0.00289807,0.00025321,0.01960171,0.01918250,-0.00010582,-0.00010582,0.00025321,0.00010582,0.00010582,0.00010582,0.00010582,-0.00025321
15068,17,1,True,0.26594657,0.21921308,0.28076854,0.23212618,0.21921308,0.21921308,0.21921308,-0.04673348,0.01482198,-0.03382039,-0.04673348,-0.04673348,-0.04673348,0.04673377,0.04673377,0.04673348,0.04673348,0.04673348
5733,7,6,True,0.03428932,1.20330310,0.01641812,0.50803089,0.01641812,0.01641812,0.01641812,1.16901374,-0.01787120,0.47374156,-0.01787120,-0.01787120,-0.01787120,0.03234213,0.03234213,0.01787120,0.01787120,0.01787120
9001,12,1,True,0.16720927,0.49391896,0.42000338,0.31176698,0.16720927,0.16720927,0.31176698,0.32670969,0.25279412,0.14455771,0.00000000,0.00000000,0.14455771,0.00000000,0.00000000,0.00000000,0.00000000,-0.14455771
13702,16,2,False,7.22501850,4.56632948,7.28082752,4.65556097,4.53343868,4.53343868,4.53343868,-2.65868902,0.05580902,-2.56945753,-2.69157982,-2.69157982,-2.69157982,2.84083891,2.84083891,2.69157982,2.69157982,2.69157982
604,1,1,True,0.01012877,0.03360843,0.01424713,0.04558302,0.01012877,0.01012877,0.01424713,0.02347966,0.00411836,0.03545425,0.00000000,0.00000000,0.00411836,0.00000000,0.00000000,0.00000000,0.00000000,-0.00411836
15696,18,2,True,0.00214739,0.65160388,0.00179142,0.49735254,0.00179142,0.00179142,0.49735254,0.64945650,-0.00035597,0.49520513,-0.00035597,-0.00035597,0.49520513,0.00037153,0.00037153,0.00035597,0.00035597,-0.49520513
11039,13,11,True,0.34693158,4.27538013,0.18822072,3.17988586,0.18822072,0.18822072,0.18822072,3.92844868,-0.15871085,2.83295441,-0.15871085,-0.15871085,-0.15871085,0.36207059,0.36207059,0.15871085,0.15871085,0.15871085
10642,12,4,True,0.49947184,0.75332808,0.50740862,0.74848676,0.45060825,0.45060819,0.45060819,0.25385624,0.00793678,0.24901491,-0.04886359,-0.04886365,-0.04886365,0.06011713,0.06011713,0.04886359,0.04886365,0.04886365
3025,5,1,True,0.00953158,0.28755924,0.01711035,0.34245205,0.00953158,0.00953158,0.34245205,0.27802765,0.00757877,0.33292046,0.00000000,0.00000000,0.33292046,0.00000000,0.00000000,0.00000000,0.00000000,-0.33292046
9636,12,18,True,0.01982213,0.10479875,0.03547485,0.15745477,0.01982213,0.01982213,0.01982213,0.08497662,0.01565273,0.13763265,0.00000000,0.00000000,0.00000000,0.00000000,0.00000000,0.00000000,0.00000000,0.00000000
13941,16,4,True,0.12110309,0.22449942,0.14077821,0.23084885,0.11681650,0.12110309,0.11681650,0.10339633,0.01967513,0.10974576,-0.00428659,0.00000000,-0.00428659,0.00678344,0.00000000,0.00428659,0.00000000,0.00428659
13094,15,5,False,3.01614857,3.37114906,2.83354688,3.16452312,2.58707166,2.58707166,2.58707166,0.35500050,-0.18260169,0.14837456,-0.42907691,-0.42907691,-0.42907691,0.43661237,0.43661237,0.42907691,0.42907691,0.42907691
12008,13,11,True,0.00285955,2.41299391,0.02460664,1.76655102,0.00239455,0.00239455,0.01812983,2.41013432,0.02174709,1.76369143,-0.00046500,-0.00046500,0.01527027,0.00050941,0.00050941,0.00046500,0.00046500,-0.01527027
7163,10,7,True,0.01306921,0.13374753,0.01962425,0.18999963,0.01306921,0.01306921,0.01306921,0.12067833,0.00655504,0.17693041,0.00000000,0.00000000,0.00000000,0.00000000,0.00000000,0.00000000,0.00000000,0.00000000
14926,16,4,True,0.01751140,0.03521779,0.03626635,0.06854223,0.01509223,0.01509223,0.01509223,0.01770639,0.01875494,0.05103083,-0.00241917,-0.00241917,-0.00241917,0.00240734,0.00240734,0.00241917,0.00241917,0.00241917
15164,17,2,False,1.18579865,2.30546594,0.65889752,1.09390855,0.65889752,0.65889752,0.65889752,1.11966729,-0.52690113,-0.09189010,-0.52690113,-0.52690113,-0.52690113,0.66246152,0.66246152,0.52690113,0.52690113,0.52690113
6065,8,1,False,5.04512978,4.77289772,2.24739337,2.04037905,2.04037905,2.24739337,2.04037905,-0.27223206,-2.79773641,-3.00475073,-3.00475073,-2.79773641,-3.00475073,3.00475669,2.79773927,3.00475073,2.79773641,3.00475073
5171,8,5,True,0.01221662,0.29637355,0.00755927,0.18860283,0.00755927,0.00755927,0.00913736,0.28415692,-0.00465736,0.17638621,-0.00465736,-0.00465736,-0.00307926,0.00612619,0.00612619,0.00465736,0.00465736,0.00307926
1662,1,2,True,0.00912685,0.11418238,0.01774823,0.21243733,0.00912685,0.00912685,0.01774823,0.10505553,0.00862138,0.20331049,0.00000000,0.00000000,0.00862138,0.00000000,0.00000000,0.00000000,0.00000000,-0.00862138
263,2,1,False,8.24454594,6.70972395,7.40859461,5.91552734,5.91552734,5.91552734,5.91552734,-1.53482199,-0.83595133,-2.32901859,-2.32901859,-2.32901859,-2.32901859,2.32902145,2.32902145,2.32901859,2.32901859,2.32901859
15415,17,1,True,0.02134063,1.15692317,0.03770971,1.38169956,0.02134063,0.02134063,1.15692317,1.13558257,0.01636908,1.36035895,0.00000000,0.00000000,1.13558257,0.00000000,0.00000000,0.00000000,0.00000000,-1.13558257
11279,13,7,True,0.00077003,0.46607041,0.00055048,0.13876234,0.00055048,0.00055048,0.00069856,0.46530038,-0.00021956,0.13799231,-0.00021956,-0.00021956,-0.00007147,0.00070202,0.00070202,0.00021956,0.00021956,0.00007147
7557,9,1,False,4.28522491,4.40466022,3.48166323,3.66227770,3.48166323,3.48166323,3.48166323,0.11943531,-0.80356169,-0.62294722,-0.80356169,-0.80356169,-0.80356169,0.80356145,0.80356145,0.80356169,0.80356169,0.80356169
8377,12,37,True,0.00070571,0.05083989,0.00710283,0.09446454,0.00065401,0.00065413,0.00065413,0.05013419,0.00639713,0.09375883,-0.00005170,-0.00005158,-0.00005158,0.00005242,0.00005242,0.00005170,0.00005158,0.00005158
3765,6,4,False,3.90777707,4.15216351,3.50675583,3.75327778,3.45702720,3.45702720,3.45702720,0.24438643,-0.40102124,-0.15449929,-0.45074987,-0.45074987,-0.45074987,0.48663330,0.48663330,0.45074987,0.45074987,0.45074987
16026,17,1,True,0.04236057,0.09956677,0.03716737,0.08670845,0.03716737,0.03716737,0.03716737,0.05720619,-0.00519321,0.04434787,-0.00519321,-0.00519321,-0.00519321,0.00519321,0.00519321,0.00519321,0.00519321,0.00519321
8160,11,2,True,0.35147268,0.32242715,0.38910475,0.35555157,0.32242715,0.32242715,0.32242715,-0.02904552,0.03763208,0.00407889,-0.02904552,-0.02904552,-0.02904552,0.02711433,0.02711433,0.02904552,0.02904552,0.02904552
5288,7,2,False,3.25402808,4.08199835,3.19915771,4.02989674,3.06948209,3.06948209,3.06948209,0.82797027,-0.05487037,0.77586865,-0.18454599,-0.18454599,-0.18454599,0.18454599,0.18454599,0.18454599,0.18454599,0.18454599
10828,13,21,True,0.00012898,0.13602339,0.00012302,0.04412350,0.00006962,0.00006962,0.00006175,0.13589442,-0.00000596,0.04399452,-0.00005936,-0.00005936,-0.00006723,0.00016973,0.00016973,0.00005936,0.00005936,0.00006723
9943,12,5,True,0.01729994,0.05293466,0.07731555,0.19180332,0.01729994,0.01729994,0.01729994,0.03563472,0.06001561,0.17450339,0.00000000,0.00000000,0.00000000,0.00000000,0.00000000,0.00000000,0.00000000,0.00000000
5444,7,1,True,0.00000548,0.03843576,0.00002408,0.01993759,0.00000548,0.00000548,0.01993759,0.03843028,0.00001860,0.01993210,0.00000000,0.00000000,0.01993210,0.00000000,0.00000000,0.00000000,0.00000000,-0.01993210
7368,10,4,True,0.13734122,0.36681685,0.17196420,0.43910092,0.13734122,0.13734122,0.13734122,0.22947563,0.03462298,0.30175972,0.00000000,0.00000000,0.00000000,0.00000000,0.00000000,0.00000000,0.00000000,0.00000000
6463,9,16,False,0.96195143,0.58705747,2.43022823,1.42778015,0.16260287,0.16260287,0.16260277,-0.37489396,1.46827674,0.46582872,-0.79934859,-0.79934859,-0.79934865,1.25032389,1.25032389,0.79934859,0.79934859,0.79934865
6955,9,1,False,2.95702219,3.03116441,3.37523270,2.65940285,2.65940285,3.03116441,2.65940285,0.07414222,0.41821051,-0.29761934,-0.29761934,0.07414222,-0.29761934,0.29762053,-0.07414269,0.29761934,-0.07414222,0.29761934
5848,7,21,True,0.03311772,1.06363845,0.03617587,0.85546625,0.02915292,0.02915292,0.02915292,1.03052068,0.00305815,0.82234854,-0.00396480,-0.00396480,-0.00396480,0.00482086,0.00482086,0.00396480,0.00396480,0.00396480
7028,9,23,True,0.00744781,0.03109204,0.23038560,0.41727534,0.00408410,0.00408410,0.00408410,0.02364423,0.22293779,0.40982753,-0.00336371,-0.00336371,-0.00336371,0.00440369,0.00440369,0.00336371,0.00336371,0.00336371
4533,7,13,True,0.05014659,0.37506345,0.07019675,0.43028706,0.03289973,0.03301830,0.03649119,0.32491684,0.02005015,0.38014048,-0.01724687,-0.01712829,-0.01365541,0.01973601,0.01959187,0.01724687,0.01712829,0.01365541
10620,12,15,True,0.42373708,0.69544864,0.89927852,1.39592624,0.27685744,0.26487619,0.27685744,0.27171156,0.47554144,0.97218919,-0.14687964,-0.15886089,-0.14687964,0.19682828,0.19637379,0.14687964,0.15886089,0.14687964
16062,19,2,True,0.64714289,1.26866853,0.50760198,1.00356746,0.50760198,0.50760198,0.50760198,0.62152565,-0.13954091,0.35642457,-0.13954091,-0.13954091,-0.13954091,0.14906347,0.14906347,0.13954091,0.13954091,0.13954091
11404,13,2,True,0.42144009,2.84929705,0.62220114,2.66255331,0.41811904,0.42144009,0.41811904,2.42785692,0.20076105,2.24111319,-0.00332105,0.00000000,-0.00332105,0.00331971,0.00000000,0.00332105,0.00000000,0.00332105
4343,8,18,True,0.20073564,1.72054660,0.04238251,0.75561082,0.03316673,0.03316673,0.03316673,1.51981091,-0.15835313,0.55487520,-0.16756892,-0.16756892,-0.16756892,0.35061443,0.35061443,0.16756892,0.16756892,0.16756892
16661,19,13,True,0.03160962,2.06069160,0.02078992,0.88480091,0.02256666,0.02078992,0.02256666,2.02908206,-0.01081970,0.85319132,-0.00904296,-0.01081970,-0.00904296,0.04668882,0.04562203,0.00904296,0.01081970,0.00904296
10310,12,1,True,0.00689117,0.02766062,0.01904429,0.05809182,0.00689117,0.00689117,0.02766062,0.02076945,0.01215312,0.05120065,0.00000000,0.00000000,0.02076945,0.00000000,0.00000000,0.00000000,0.00000000,-0.02076945
16531,17,2,True,0.24156199,1.02832270,0.32891309,1.04058552,0.23384035,0.23384035,0.23384035,0.78676069,0.08735110,0.79902351,-0.00772165,-0.00772165,-0.00772165,0.00772138,0.00772138,0.00772165,0.00772165,0.00772165
9161,12,3,True,1.24679911,1.03359437,1.62709785,1.31933391,0.96244967,0.96244967,0.96244967,-0.21320474,0.38029873,0.07253480,-0.28434944,-0.28434944,-0.28434944,0.28434986,0.28434986,0.28434944,0.28434944,0.28434944
7011,10,3,True,0.10366741,0.79010957,0.27109432,1.52575660,0.10366741,0.10366741,0.10366741,0.68644214,0.16742691,1.42208922,0.00000000,0.00000000,0.00000000,0.00000000,0.00000000,0.00000000,0.00000000,0.00000000
812,1,1,True,0.00072739,0.01969730,0.00420971,0.10839233,0.00072739,0.00072739,0.10839233,0.01896991,0.00348232,0.10766494,0.00000000,0.00000000,0.10766494,0.00000000,0.00000000,0.00000000,0.00000000,-0.10766494
3949,7,2,True,0.03805519,0.92325521,0.06603290,0.66918832,0.03775666,0.03775666,0.03805519,0.88520002,0.02797772,0.63113314,-0.00029853,-0.00029853,0.00000000,0.00029853,0.00029853,0.00029853,0.00029853,0.00000000
4353,8,11,True,0.00103170,0.01964178,0.00036364,0.00708461,0.00036364,0.00036364,0.00036364,0.01861008,-0.00066806,0.00605291,-0.00066806,-0.00066806,-0.00066806,0.00104767,0.00104767,0.00066806,0.00066806,0.00066806
14141,16,6,True,0.50007689,0.43624362,0.73917556,0.58753282,0.33079171,0.33079171,0.33079171,-0.06383327,0.23909867,0.08745593,-0.16928518,-0.16928518,-0.16928518,0.18440044,0.18440044,0.16928518,0.16928518,0.16928518
3502,6,6,False,4.48969078,3.74965811,5.83154249,4.11758900,3.61861420,3.61861420,3.61861420,-0.74003267,1.34185171,-0.37210178,-0.87107658,-0.87107658,-0.87107658,1.35101223,1.35101223,0.87107658,0.87107658,0.87107658
11729,13,22,True,0.03787305,1.36065435,0.10891781,1.80025268,0.04298518,0.03984404,0.04298518,1.32278132,0.07104476,1.76237965,0.00511213,0.00197099,0.00511213,0.00665791,0.00665561,-0.00511213,-0.00197099,-0.00511213
495,1,4,True,0.00106945,0.02648563,0.00358237,0.06477536,0.00106945,0.00106945,0.00472026,0.02541618,0.00251292,0.06370591,0.00000000,0.00000000,0.00365081,0.00000000,0.00000000,0.00000000,0.00000000,-0.00365081
9537,12,3,False,0.92330599,2.41032338,0.52850485,1.70954764,0.52850485,0.52850485,0.52850485,1.48701739,-0.39480114,0.78624165,-0.39480114,-0.39480114,-0.39480114,0.46624511,0.46624511,0.39480114,0.39480114,0.39480114
15247,18,1,True,0.52007878,0.85573739,0.44121200,0.77834088,0.44121200,0.44121200,0.44121200,0.33565861,-0.07886678,0.25826210,-0.07886678,-0.07886678,-0.07886678,0.07886600,0.07886600,0.07886678,0.07886678,0.07886678
14856,15,1,False,3.53747439,3.46446753,3.68097115,3.62655449,3.46446753,3.53747439,3.46446753,-0.07300687,0.14349675,0.08908010,-0.07300687,0.00000000,-0.07300687,0.07300663,0.00000000,0.07300687,0.00000000,0.07300687
16597,17,4,True,0.00044610,0.07564958,0.00059206,0.06797037,0.00033683,0.00033683,0.00283293,0.07520348,0.00014596,0.06752427,-0.00010927,-0.00010927,0.00238683,0.00010927,0.00010927,0.00010927,0.00010927,-0.00238683
16251,17,2,True,0.61233592,2.00458574,0.98094010,1.58662426,0.43824238,0.43824238,0.43824238,1.39224982,0.36860418,0.97428834,-0.17409354,-0.17409354,-0.17409354,0.17409307,0.17409307,0.17409354,0.17409354,0.17409354
1636,1,3,True,0.00211313,0.05188058,0.01737340,0.43165326,0.00211313,0.00211313,0.01077182,0.04976745,0.01526027,0.42954013,0.00000000,0.00000000,0.00865868,0.00000000,0.00000000,0.00000000,0.00000000,-0.00865868
12566,14,2,False,1.34864187,0.55794704,2.08279610,0.92227960,0.26187232,0.26187232,0.26187232,-0.79069483,0.73415422,-0.42636228,-1.08676958,-1.08676958,-1.08676958,1.08676982,1.08676982,1.08676958,1.08676958,1.08676958
3726,4,3,False,3.25318623,3.95313120,2.90479612,3.68993378,2.82877779,2.82877779,2.82877779,0.69994497,-0.34839010,0.43674755,-0.42440844,-0.42440844,-0.42440844,0.44684935,0.44684935,0.42440844,0.42440844,0.42440844
12591,14,14,True,0.01203007,0.18514980,0.02215481,0.43051773,0.00646926,0.00646926,0.00646926,0.17311974,0.01012474,0.41848767,-0.00556081,-0.00556081,-0.00556081,0.00690325,0.00690325,0.00556081,0.00556081,0.00556081
3883,7,19,True,0.15448850,2.65954375,0.14516397,2.40017033,0.13991958,0.13991958,0.13991958,2.50505519,-0.00932454,2.24568176,-0.01456892,-0.01456892,-0.01456892,0.02513278,0.02513278,0.01456892,0.01456892,0.01456892
14975,16,20,False,1.04962349,0.79681671,2.20166659,1.74280834,0.48816299,0.48816320,0.48816320,-0.25280678,1.15204310,0.69318485,-0.56146049,-0.56146026,-0.56146026,0.73801225,0.73801225,0.56146049,0.56146026,0.56146026
12953,14,1,True,0.17185086,0.16122580,0.19555214,0.18212648,0.16122580,0.16122580,0.16122580,-0.01062506,0.02370128,0.01027562,-0.01062506,-0.01062506,-0.01062506,0.01062515,0.01062515,0.01062506,0.01062506,0.01062506
2180,3,1,True,0.01408881,0.04731140,0.05569253,0.19415711,0.01408881,0.01408881,0.04731140,0.03322259,0.04160371,0.18006830,0.00000000,0.00000000,0.03322259,0.00000000,0.00000000,0.00000000,0.00000000,-0.03322259
4894,7,1,True,0.00564766,0.03852742,0.01328733,0.07105052,0.00564766,0.00564766,0.03852742,0.03287976,0.00763967,0.06540287,0.00000000,0.00000000,0.03287976,0.00000000,0.00000000,0.00000000,0.00000000,-0.03287976
12267,14,3,True,0.12379374,0.23332117,0.22854903,0.35995281,0.11163555,0.12379374,0.17464022,0.10952743,0.10475529,0.23615906,-0.01215819,0.00000000,0.05084648,0.01215842,0.00000000,0.01215819,0.00000000,-0.05084648
5859,8,10,True,0.05792376,1.69462216,0.00873069,0.41999593,0.00840696,0.00840696,0.00840696,1.63669837,-0.04919307,0.36207217,-0.04951680,-0.04951680,-0.04951680,0.10637324,0.10637323,0.04951680,0.04951680,0.04951680
8212,10,10,True,0.00688810,0.10418882,0.01049134,0.16422743,0.00688810,0.00688810,0.00688810,0.09730072,0.00360324,0.15733933,0.00000000,0.00000000,0.00000000,0.00000000,0.00000000,0.00000000,0.00000000,0.00000000
16158,17,3,True,0.06855370,1.42039251,0.19651851,2.45664930,0.06855370,0.06855370,0.19651851,1.35183883,0.12796481,2.38809562,0.00000000,0.00000000,0.12796481,0.00000000,0.00000000,0.00000000,0.00000000,-0.12796481
903,1,3,True,0.00017868,0.03355033,0.00049781,0.03508267,0.00015055,0.00014125,0.06121572,0.03337165,0.00031913,0.03490399,-0.00002813,-0.00003743,0.06103704,0.00009583,0.00003743,0.00002813,0.00003743,-0.06103704
7287,9,3,True,0.62199903,0.99200583,0.85756922,1.15996063,0.62199891,0.62199903,0.62199903,0.37000680,0.23557019,0.53796160,-0.00000012,0.00000000,0.00000000,0.00000000,0.00000000,0.00000012,0.00000000,0.00000000
4104,8,1,True,0.00943913,0.01023709,0.00768656,0.00844727,0.00768656,0.00768656,0.00768656,0.00079797,-0.00175256,-0.00099185,-0.00175256,-0.00175256,-0.00175256,0.00175245,0.00175245,0.00175256,0.00175256,0.00175256
6524,9,5,False,12.70731640,6.50403357,14.87731266,8.63470650,6.40068626,6.40068626,6.40068626,-6.20328283,2.16999626,-4.07260990,-6.30663013,-6.30663013,-6.30663013,6.32934475,6.32934475,6.30663013,6.30663013,6.30663013
5314,8,24,True,0.00010168,0.77100956,0.00002229,0.08223200,0.00001979,0.00001979,0.00001979,0.77090788,-0.00007939,0.08213032,-0.00008189,-0.00008189,-0.00008189,0.00024531,0.00024531,0.00008189,0.00008189,0.00008189
14661,16,3,True,0.38190311,0.38403761,0.69941896,0.63330358,0.26231864,0.26231864,0.26231864,0.00213450,0.31751585,0.25140047,-0.11958447,-0.11958447,-0.11958447,0.13719374,0.13719374,0.11958447,0.11958447,0.11958447
8245,10,8,True,0.00044741,0.01814856,0.00082495,0.02620685,0.00043478,0.00043478,0.00043478,0.01770115,0.00037753,0.02575944,-0.00001263,-0.00001263,-0.00001263,0.00001263,0.00001263,0.00001263,0.00001263,0.00001263
13962,16,6,True,0.00867338,0.09519846,0.03338455,0.22017284,0.00867338,0.00867338,0.00867338,0.08652508,0.02471117,0.21149945,0.00000000,0.00000000,0.00000000,0.00000000,0.00000000,0.00000000,0.00000000,0.00000000
150,1,1,True,0.00599254,0.03170571,0.02441250,0.09311891,0.00599254,0.00599254,0.03170571,0.02571317,0.01841995,0.08712637,0.00000000,0.00000000,0.02571317,0.00000000,0.00000000,0.00000000,0.00000000,-0.02571317
5459,7,19,True,0.12800089,1.76296806,0.11128514,1.30907941,0.10532408,0.10532408,0.10532419,1.63496721,-0.01671574,1.18107855,-0.02267680,-0.02267680,-0.02267669,0.07217634,0.07217634,0.02267680,0.02267680,0.02267669
7319,9,7,False,2.52120113,2.44451618,3.74106503,3.53687954,1.82853842,1.82853842,1.82853842,-0.07668495,1.21986389,1.01567841,-0.69266272,-0.69266272,-0.69266272,0.81302285,0.81302285,0.69266272,0.69266272,0.69266272
6,1,1,True,0.00147115,0.02059399,0.01502765,0.16924736,0.00147115,0.00147115,0.02059399,0.01912283,0.01355650,0.16777621,0.00000000,0.00000000,0.01912283,0.00000000,0.00000000,0.00000000,0.00000000,-0.01912283
12865,14,4,True,0.43373460,0.53058827,0.55219817,0.63536870,0.33555841,0.33555841,0.33555841,0.09685367,0.11846358,0.20163411,-0.09817618,-0.09817618,-0.09817618,0.09881938,0.09881938,0.09817618,0.09817618,0.09817618
10386,12,6,True,0.12329700,0.20443381,0.20911336,0.32903424,0.07453024,0.07453024,0.07453024,0.08113682,0.08581636,0.20573723,-0.04876676,-0.04876676,-0.04876676,0.05714847,0.05714847,0.04876676,0.04876676,0.04876676
7807,9,1,False,4.76437187,5.79017687,4.98198605,6.01134777,4.76437187,4.76437187,4.76437187,1.02580500,0.21761417,1.24697590,0.00000000,0.00000000,0.00000000,0.00000000,0.00000000,0.00000000,0.00000000,0.00000000
11624,13,3,True,0.00013219,0.01066273,0.00016378,0.00950702,0.00013160,0.00016378,0.00194979,0.01053053,0.00003159,0.00937483,-0.00000060,0.00003159,0.00181760,0.00000060,-0.00000632,0.00000060,-0.00003159,-0.00181760
16761,17,2,True,0.48826015,0.77352035,0.45539612,0.71021473,0.45539612,0.45539612,0.45539612,0.28526020,-0.03286403,0.22195458,-0.03286403,-0.03286403,-0.03286403,0.03823763,0.03823763,0.03286403,0.03286403,0.03286403
2603,5,2,False,5.86308241,5.65037918,5.76946402,5.55782700,5.36104298,5.36104298,5.36104298,-0.21270323,-0.09361839,-0.30525541,-0.50203943,-0.50203943,-0.50203943,0.50293350,0.50293350,0.50203943,0.50203943,0.50203943
7772,9,7,False,2.58504391,1.66795826,2.15936208,1.32329392,1.11190319,1.11190319,1.11190319,-0.91708565,-0.42568183,-1.26174998,-1.47314072,-1.47314072,-1.47314072,1.67115188,1.67115188,1.47314072,1.47314072,1.47314072
3240,5,2,False,4.63918686,3.54135442,4.82778454,3.69225192,3.54135442,3.54135442,3.54135442,-1.09783244,0.18859768,-0.94693494,-1.09783244,-1.09783244,-1.09783244,1.12792397,1.12792397,1.09783244,1.09783244,1.09783244
2810,5,3,True,0.00694007,0.02849540,0.06108632,0.20372461,0.00694007,0.00694007,0.01680491,0.02155533,0.05414625,0.19678454,0.00000000,0.00000000,0.00986485,0.00000000,0.00000000,0.00000000,0.00000000,-0.00986485
5781,7,1,False,1.32226992,1.77433991,1.37100208,1.83679652,1.32226992,1.32226992,1.32226992,0.45207000,0.04873216,0.51452661,0.00000000,0.00000000,0.00000000,0.00000000,0.00000000,0.00000000,0.00000000,0.00000000
3979,8,1,True,0.00978011,0.19661948,0.00788540,0.17104895,0.00788540,0.00788540,0.17104895,0.18683937,-0.00189471,0.16126885,-0.00189471,-0.00189471,0.16126885,0.00189471,0.00189471,0.00189471,0.00189471,-0.16126885
4095,8,2,True,0.02134039,0.02783257,0.02021531,0.02636338,0.02021531,0.02021531,0.02021531,0.00649218,-0.00112508,0.00502298,-0.00112508,-0.00112508,-0.00112508,0.00113625,0.00113625,0.00112508,0.00112508,0.00112508
12332,14,2,True,0.03289500,0.17491978,0.03016505,0.16428144,0.03016505,0.03133030,0.03016505,0.14202479,-0.00272994,0.13138644,-0.00272994,-0.00156470,-0.00272994,0.00306841,0.00156470,0.00272994,0.00156470,0.00272994
15993,17,2,True,0.00007081,0.28726080,0.00039224,0.17009868,0.00007081,0.00009918,0.17009868,0.28718999,0.00032143,0.17002787,0.00000000,0.00002837,0.17002787,0.00000000,-0.00002837,0.00000000,-0.00002837,-0.17002787
4655,7,2,True,0.00658047,0.12279357,0.01109808,0.18913746,0.00628329,0.00628329,0.08881337,0.11621310,0.00451762,0.18255699,-0.00029718,-0.00029718,0.08223290,0.00029706,0.00029706,0.00029718,0.00029718,-0.08223290
14324,16,26,True,0.00997263,0.14468917,0.24473065,0.95649552,0.00638078,0.00638078,0.00638078,0.13471654,0.23475802,0.94652289,-0.00359185,-0.00359185,-0.00359185,0.00516518,0.00516518,0.00359185,0.00359185,0.00359185
1026,1,4,True,0.00000072,0.00162172,0.00000238,0.00213883,0.00000072,0.00000072,0.00004971,0.00162100,0.00000167,0.00213811,0.00000000,0.00000000,0.00004899,0.00000000,0.00000000,0.00000000,0.00000000,-0.00004899
6649,10,11,True,0.00015579,0.00941799,0.00023255,0.01067653,0.00013398,0.00013398,0.00013398,0.00926219,0.00007676,0.01052073,-0.00002181,-0.00002181,-0.00002181,0.00002181,0.00002181,0.00002181,0.00002181,0.00002181
14805,16,15,True,0.00943865,0.14068346,0.03623542,0.29384422,0.00812310,0.00812310,0.00891172,0.13124481,0.02679677,0.28440556,-0.00131555,-0.00131555,-0.00052694,0.00136262,0.00136262,0.00131555,0.00131555,0.00052694
7664,10,11,True,0.00197882,0.03141301,0.00327598,0.05239701,0.00197882,0.00197882,0.00197882,0.02943419,0.00129716,0.05041819,0.00000000,0.00000000,0.00000000,0.00000000,0.00000000,0.00000000,0.00000000,0.00000000
11600,13,1,True,0.02014440,0.61731845,0.03016714,0.68569028,0.02014440,0.02014440,0.61731845,0.59717405,0.01002274,0.66554588,0.00000000,0.00000000,0.59717405,0.00000000,0.00000000,0.00000000,0.00000000,-0.59717405
3516,5,1,True,0.80023682,1.48463869,1.76839375,2.32521534,0.80023682,0.80023682,0.80023682,0.68440187,0.96815693,1.52497852,0.00000000,0.00000000,0.00000000,0.00000000,0.00000000,0.00000000,0.00000000,0.00000000
3161,5,2,True,0.21380183,0.41619185,0.55610478,0.89536965,0.17307182,0.17307182,0.17307182,0.20239002,0.34230295,0.68156779,-0.04073001,-0.04073001,-0.04073001,0.04073030,0.04073030,0.04073001,0.04073001,0.04073001
5458,7,21,True,0.02963898,0.72812742,0.02090667,0.35523081,0.01990837,0.01990837,0.01990837,0.69848841,-0.00873231,0.32559183,-0.00973061,-0.00973061,-0.00973061,0.02533916,0.02533916,0.00973061,0.00973061,0.00973061
4010,8,1,True,0.27330643,0.31703460,0.25275970,0.29306161,0.25275970,0.25275970,0.25275970,0.04372817,-0.02054673,0.01975518,-0.02054673,-0.02054673,-0.02054673,0.02054647,0.02054647,0.02054673,0.02054673,0.02054673
16963,17,1,True,0.13531092,1.34884453,0.07449704,1.00423777,0.07449704,0.07449704,0.07449704,1.21353364,-0.06081388,0.86892688,-0.06081388,-0.06081388,-0.06081388,0.06081372,0.06081372,0.06081388,0.06081388,0.06081388
3893,7,11,True,0.04266744,0.61251211,0.03785342,0.34680730,0.03123348,0.03123348,0.03017940,0.56984466,-0.00481403,0.30413985,-0.01143397,-0.01143397,-0.01248805,0.02291739,0.02291739,0.01143397,0.01143397,0.01248805
8612,12,1,True,0.69916093,0.84620726,0.67181438,0.81489092,0.67181438,0.67181438,0.67181438,0.14704633,-0.02734655,0.11572999,-0.02734655,-0.02734655,-0.02734655,0.02734858,0.02734858,0.02734655,0.02734655,0.02734655
16744,17,2,False,3.90696120,3.98017120,3.87021208,3.83084106,3.60740113,3.60740113,3.64928794,0.07321000,-0.03674912,-0.07612014,-0.29956007,-0.29956007,-0.25767326,0.28118706,0.28118706,0.29956007,0.29956007,0.25767326
7461,9,10,True,0.00031764,0.01471688,0.00024554,0.01409681,0.00024554,0.00024554,0.00024554,0.01439923,-0.00007210,0.01377916,-0.00007210,-0.00007210,-0.00007210,0.00022571,0.00022571,0.00007210,0.00007210,0.00007210
15809,17,1,True,0.22035713,0.39620695,0.19441037,0.33219361,0.19441037,0.19441037,0.19441037,0.17584981,-0.02594677,0.11183648,-0.02594677,-0.02594677,-0.02594677,0.02594659,0.02594659,0.02594677,0.02594677,0.02594677
10162,12,11,True,0.04086212,0.31533739,0.17068057,0.58890152,0.03389425,0.03389425,0.03389425,0.27447528,0.12981844,0.54803938,-0.00696787,-0.00696787,-0.00696787,0.00675385,0.00675385,0.00696787,0.00696787,0.00696787
6565,10,38,True,0.00044944,0.51975840,0.00091821,0.95932370,0.00044539,0.00044539,0.00044539,0.51930898,0.00046877,0.95887429,-0.00000405,-0.00000405,-0.00000405,0.00000441,0.00000441,0.00000405,0.00000405,0.00000405
15688,17,1,True,0.12525527,0.27431634,0.15345906,0.31690913,0.12525527,0.12525527,0.15345906,0.14906107,0.02820379,0.19165386,0.00000000,0.00000000,0.02820379,0.00000000,0.00000000,0.00000000,0.00000000,-0.02820379
11041,13,2,False,3.06244421,3.83355713,3.19437170,3.97947931,3.06244421,3.06244421,3.06244421,0.77111292,0.13192749,0.91703510,0.00000000,0.00000000,0.00000000,0.00000000,0.00000000,0.00000000,0.00000000,0.00000000
8884,12,41,True,0.00232093,0.04902998,0.05041640,0.35215667,0.00230571,0.00230583,0.00230583,0.04670905,0.04809547,0.34983572,-0.00001522,-0.00001510,-0.00001510,0.00001570,0.00001570,0.00001522,0.00001510,0.00001510
13373,16,2,True,0.01184007,0.03942056,0.02903111,0.08876145,0.01184007,0.01184007,0.02333326,0.02758049,0.01719104,0.07692138,0.00000000,0.00000000,0.01149319,0.00000000,0.00000000,0.00000000,0.00000000,-0.01149319
10646,12,5,True,0.08665980,0.25980520,0.18835373,0.43594834,0.08665980,0.08665980,0.08665980,0.17314540,0.10169393,0.34928852,0.00000000,0.00000000,0.00000000,0.00000000,0.00000000,0.00000000,0.00000000,0.00000000
12660,14,1,True,0.32653537,0.30625030,0.33356217,0.31333625,0.30625030,0.30625030,0.30625030,-0.02028507,0.00702679,-0.01319912,-0.02028507,-0.02028507,-0.02028507,0.02028513,0.02028513,0.02028507,0.02028507,0.02028507
13035,14,2,True,0.07608407,0.06498048,0.06644493,0.05639168,0.05670058,0.05670058,0.05670058,-0.01110359,-0.00963914,-0.01969239,-0.01938349,-0.01938349,-0.01938349,0.02077944,0.02077944,0.01938349,0.01938349,0.01938349
9633,12,1,False,1.51859450,0.90118200,2.98547840,1.48311555,0.90118200,0.90118200,0.90118200,-0.61741251,1.46688390,-0.03547895,-0.61741251,-0.61741251,-0.61741251,0.61741143,0.61741143,0.61741251,0.61741251,0.61741251
12120,13,15,True,0.00888442,0.72787243,0.02231348,0.75716996,0.00769744,0.00760683,0.00769744,0.71898800,0.01342906,0.74828553,-0.00118698,-0.00127760,-0.00118698,0.00140739,0.00135882,0.00118698,0.00127760,0.00118698
8862,12,2,False,1.30798078,1.37949908,1.27106702,1.38292599,1.27106702,1.25562692,1.27106702,0.07151830,-0.03691375,0.07494521,-0.03691375,-0.05235386,-0.03691375,0.05741239,0.05235386,0.03691375,0.05235386,0.03691375
15614,18,1,False,1.69685531,2.48181176,1.76239598,2.51650906,1.69685531,1.69685531,1.69685531,0.78495646,0.06554067,0.81965375,0.00000000,0.00000000,0.00000000,0.00000000,0.00000000,0.00000000,0.00000000,0.00000000
907,1,10,True,0.00004756,0.00284885,0.00145889,0.02807740,0.00004756,0.00004756,0.00004756,0.00280129,0.00141133,0.02802984,0.00000000,0.00000000,0.00000000,0.00000000,0.00000000,0.00000000,0.00000000,0.00000000
11805,13,1,True,0.02634585,0.02486575,0.02756055,0.02564964,0.02486575,0.02486575,0.02486575,-0.00148010,0.00121470,-0.00069620,-0.00148010,-0.00148010,-0.00148010,0.00147998,0.00147998,0.00148010,0.00148010,0.00148010
8539,12,5,True,0.25395903,0.73439467,0.39787140,0.94865370,0.24595776,0.25395903,0.24595794,0.48043564,0.14391237,0.69469464,-0.00800127,0.00000000,-0.00800109,0.00800109,0.00000000,0.00800127,0.00000000,0.00800109
6985,9,12,True,0.00021300,0.00847576,0.00067223,0.01811695,0.00021300,0.00021300,0.00021300,0.00826276,0.00045923,0.01790394,0.00000000,0.00000000,0.00000000,0.00000000,0.00000000,0.00000000,0.00000000,0.00000000
3500,5,8,True,0.33288217,0.70512259,0.79155731,0.99754179,0.31568354,0.31581524,0.31568354,0.37224042,0.45867515,0.66465962,-0.01719862,-0.01706693,-0.01719862,0.02003914,0.01849505,0.01719862,0.01706693,0.01719862
10269,12,2,True,0.10556278,0.40196711,0.30921480,0.88844693,0.10556278,0.10556278,0.21081381,0.29640433,0.20365202,0.78288412,0.00000000,0.00000000,0.10525102,0.00000000,0.00000000,0.00000000,0.00000000,-0.10525102
14015,15,4,True,0.02373427,0.34096515,0.04851942,0.56268668,0.02373427,0.02373427,0.03050263,0.31723088,0.02478515,0.53895241,0.00000000,0.00000000,0.00676836,0.00000000,0.00000000,0.00000000,0.00000000,-0.00676836
1817,1,1,True,0.00057228,0.00209065,0.00107933,0.00367335,0.00057228,0.00057228,0.00107933,0.00151837,0.00050706,0.00310108,0.00000000,0.00000000,0.00050706,0.00000000,0.00000000,0.00000000,0.00000000,-0.00050706
16785,17,3,True,0.04470152,0.09697471,0.02091519,0.06983174,0.02124575,0.02124575,0.02124575,0.05227319,-0.02378633,0.02513022,-0.02345577,-0.02345577,-0.02345577,0.03646991,0.03646991,0.02345577,0.02345577,0.02345577
943,0,2,True,1.23373997,2.03455281,1.99234664,2.57427764,1.23373997,1.23373997,1.23373997,0.80081284,0.75860667,1.34053767,0.00000000,0.00000000,0.00000000,0.00000000,0.00000000,0.00000000,0.00000000,0.00000000
9885,12,1,True,0.01648016,0.10251746,0.01602754,0.27131173,0.01602754,0.01648016,0.10251746,0.08603731,-0.00045261,0.25483158,-0.00045261,0.00000000,0.08603731,0.00045261,0.00000000,0.00045261,0.00000000,-0.08603731
8836,12,7,True,0.10863126,0.11052238,0.72477067,0.59077770,0.06388871,0.06388871,0.06388871,0.00189112,0.61613941,0.48214644,-0.04474255,-0.04474255,-0.04474255,0.07549581,0.07549581,0.04474255,0.04474255,0.04474255
7474,11,2,True,0.00749549,0.00697546,0.00779905,0.00728498,0.00682689,0.00682689,0.00682689,-0.00052003,0.00030356,-0.00021051,-0.00066861,-0.00066861,-0.00066861,0.00066837,0.00066837,0.00066861,0.00066861,0.00066861
1767,1,1,False,3.31101942,0.15392420,4.23859215,0.38437843,0.15392420,0.15392420,0.15392420,-3.15709519,0.92757273,-2.92664099,-3.15709519,-3.15709519,-3.15709519,3.15709972,3.15709972,3.15709519,3.15709519,3.15709519
7573,9,1,True,0.85232246,1.16741741,1.28707612,1.72901034,0.85232246,0.85232246,0.85232246,0.31509495,0.43475366,0.87668788,0.00000000,0.00000000,0.00000000,0.00000000,0.00000000,0.00000000,0.00000000,0.00000000
13588,15,22,True,0.00425398,0.17853002,0.00491174,0.22476073,0.00199560,0.00199560,0.00199560,0.17427604,0.00065776,0.22050674,-0.00225839,-0.00225839,-0.00225839,0.00301669,0.00301669,0.00225839,0.00225839,0.00225839
8621,12,8,True,0.10328753,0.06783393,0.36675376,0.18721388,0.06030582,0.06145207,0.06030582,-0.03545360,0.26346624,0.08392635,-0.04298171,-0.04183546,-0.04298171,0.06900042,0.06817042,0.04298171,0.04183546,0.04298171
5485,8,3,True,0.12631677,0.22522259,0.07487340,0.13201031,0.07487340,0.07487340,0.07487340,0.09890582,-0.05144337,0.00569354,-0.05144337,-0.05144337,-0.05144337,0.06318346,0.06318346,0.05144337,0.05144337,0.05144337
16416,18,28,False,3.31778479,4.83888578,2.11807442,3.02721643,1.84486914,1.85353065,1.84486914,1.52110100,-1.19971037,-0.29056835,-1.47291565,-1.46425414,-1.47291565,1.98679519,1.98677874,1.47291565,1.46425414,1.47291565
4626,7,22,True,0.00556373,2.57443261,0.00072143,0.53155839,0.00065794,0.00065794,0.00065794,2.56886888,-0.00484229,0.52599466,-0.00490579,-0.00490579,-0.00490579,0.01417146,0.01417146,0.00490579,0.00490579,0.00490579
3490,3,1,False,2.13918352,1.31937516,2.81513762,1.92448270,1.31937516,1.31937516,1.31937516,-0.81980836,0.67595410,-0.21470082,-0.81980836,-0.81980836,-0.81980836,0.81980646,0.81980646,0.81980836,0.81980836,0.81980836
94,2,1,False,3.34329414,2.55633545,4.10699749,3.14301682,2.55633545,2.55633545,2.55633545,-0.78695869,0.76370335,-0.20027733,-0.78695869,-0.78695869,-0.78695869,0.78695917,0.78695917,0.78695869,0.78695869,0.78695869
9016,12,1,False,0.76534069,0.87438196,0.77069485,0.88343781,0.76534069,0.76534069,0.76534069,0.10904127,0.00535417,0.11809713,0.00000000,0.00000000,0.00000000,0.00000000,0.00000000,0.00000000,0.00000000,0.00000000
561,1,1,True,0.00004887,0.02115133,0.00035911,0.11294342,0.00004887,0.00004887,0.11294342,0.02110246,0.00031024,0.11289454,0.00000000,0.00000000,0.11289454,0.00000000,0.00000000,0.00000000,0.00000000,-0.11289454
374,1,5,True,0.00007629,0.05164332,0.00024137,0.10348158,0.00007570,0.00007570,0.00710402,0.05156703,0.00016508,0.10340528,-0.00000060,-0.00000060,0.00702773,0.00000060,0.00000060,0.00000060,0.00000060,-0.00702773
1121,1,4,True,0.00030918,0.13758403,0.01814914,1.88884091,0.00030918,0.00030918,0.06931611,0.13727485,0.01783996,1.88853168,0.00000000,0.00000000,0.06900693,0.00000000,0.00000000,0.00000000,0.00000000,-0.06900693
8961,12,3,True,0.02759220,0.05094095,0.08870003,0.15660973,0.02512049,0.02497691,0.02512049,0.02334875,0.06110782,0.12901753,-0.00247172,-0.00261530,-0.00247172,0.00310015,0.00261530,0.00247172,0.00261530,0.00247172
2733,5,2,False,1.51617777,1.32481849,2.14887953,2.02029562,1.32481849,1.41692030,1.32481849,-0.19135928,0.63270175,0.50411785,-0.19135928,-0.09925747,-0.19135928,0.18729138,0.09925771,0.19135928,0.09925747,0.19135928
8960,12,32,True,0.01173227,0.14999898,0.08472965,0.58396459,0.01059054,0.01059066,0.01059066,0.13826671,0.07299738,0.57223231,-0.00114173,-0.00114161,-0.00114161,0.00132550,0.00132550,0.00114173,0.00114161,0.00114161
11881,13,2,True,0.07004349,0.20182639,0.05321253,0.14817496,0.05321253,0.05321253,0.05321253,0.13178290,-0.01683096,0.07813147,-0.01683096,-0.01683096,-0.01683096,0.01921269,0.01921269,0.01683096,0.01683096,0.01683096
16944,18,4,True,0.71902919,0.82936347,0.65198565,0.76761204,0.60041910,0.60041910,0.60041910,0.11033428,-0.06704354,0.04858285,-0.11861008,-0.11861008,-0.11861008,0.11449748,0.11449748,0.11861008,0.11861008,0.11861008
13003,14,1,True,0.02447124,0.02603799,0.02524847,0.02699631,0.02447124,0.02447124,0.02447124,0.00156675,0.00077723,0.00252507,0.00000000,0.00000000,0.00000000,0.00000000,0.00000000,0.00000000,0.00000000,0.00000000
214,1,3,True,0.81848943,0.55946398,0.78734964,0.51027471,0.41637602,0.41637602,0.41637602,-0.25902545,-0.03113979,-0.30821472,-0.40211341,-0.40211341,-0.40211341,0.40971565,0.40971565,0.40211341,0.40211341,0.40211341
4761,7,11,True,0.00616766,0.28573972,0.00579724,0.22626729,0.00546722,0.00579724,0.00546722,0.27957207,-0.00037043,0.22009963,-0.00070044,-0.00037043,-0.00070044,0.00119640,0.00117187,0.00070044,0.00037043,0.00070044
6851,9,1,False,4.63241434,4.07777786,5.71657228,5.28546906,4.07777786,4.07777786,4.07777786,-0.55463648,1.08415794,0.65305471,-0.55463648,-0.55463648,-0.55463648,0.55463648,0.55463648,0.55463648,0.55463648,0.55463648
12496,14,7,True,0.20548657,1.06442869,0.29439321,1.20549023,0.15275258,0.15275258,0.15275258,0.85894215,0.08890665,1.00000370,-0.05273399,-0.05273399,-0.05273399,0.05139591,0.05139591,0.05273399,0.05273399,0.05273399
6882,9,1,False,5.26520157,5.25952387,5.44460201,5.42715216,5.25952387,5.26520157,5.25952387,-0.00567770,0.17940044,0.16195059,-0.00567770,0.00000000,-0.00567770,0.00567818,0.00000000,0.00567770,0.00000000,0.00567770
16213,17,1,True,0.30031368,0.38616672,0.39137343,0.47479206,0.30031368,0.30031368,0.30031368,0.08585304,0.09105974,0.17447838,0.00000000,0.00000000,0.00000000,0.00000000,0.00000000,0.00000000,0.00000000,0.00000000
7341,11,3,True,0.27925739,0.35208255,0.30821627,0.38614079,0.26258191,0.26258191,0.26258191,0.07282516,0.02895889,0.10688341,-0.01667547,-0.01667547,-0.01667547,0.01682165,0.01682165,0.01667547,0.01667547,0.01667547
6752,9,17,True,0.00298911,0.19638491,0.01267650,0.24684525,0.00525213,0.00429612,0.00525213,0.19339579,0.00968738,0.24385613,0.00226302,0.00130701,0.00226302,0.00075834,0.00075787,-0.00226302,-0.00130701,-0.00226302
13575,16,81,True,0.00006485,0.26408815,0.00807296,0.15976495,0.00003231,0.00003302,0.00003231,0.26402330,0.00800811,0.15970010,-0.00003254,-0.00003183,-0.00003254,0.00005150,0.00005126,0.00003254,0.00003183,0.00003254
4942,7,1,True,0.33600318,0.60314596,0.32675430,0.58898550,0.32675430,0.32675430,0.32675430,0.26714277,-0.00924888,0.25298232,-0.00924888,-0.00924888,-0.00924888,0.00924838,0.00924838,0.00924888,0.00924888,0.00924888
13143,16,39,True,0.00340169,0.13077223,0.04025497,0.32418084,0.00214835,0.00214835,0.00214835,0.12737055,0.03685328,0.32077914,-0.00125334,-0.00125334,-0.00125334,0.00148829,0.00148829,0.00125334,0.00125334,0.00125334
2840,3,3,True,0.08883028,0.09211365,0.42232445,0.48798445,0.06830044,0.06830044,0.09211365,0.00328337,0.33349419,0.39915419,-0.02052984,-0.02052984,0.00328337,0.02134773,0.02134773,0.02052984,0.02052984,-0.00328337
8774,12,1,True,0.36631492,0.24340476,0.57355618,0.35314456,0.24340476,0.24340476,0.24340476,-0.12291016,0.20724127,-0.01317036,-0.12291016,-0.12291016,-0.12291016,0.12290971,0.12290971,0.12291016,0.12291016,0.12291016
16704,18,3,True,0.03350802,0.87945515,0.03901399,0.93066257,0.03268180,0.03268180,0.03769294,0.84594715,0.00550596,0.89715457,-0.00082622,-0.00082622,0.00418492,0.00082611,0.00082611,0.00082622,0.00082622,-0.00418492
16682,18,2,True,0.87730926,1.43467367,0.92210740,1.40519047,0.87730926,0.88389504,0.92301494,0.55736440,0.04479814,0.52788121,0.00000000,0.00658578,0.04570568,0.00000000,-0.00658262,0.00000000,-0.00658578,-0.04570568
7541,11,3,True,0.03728256,0.03183147,0.03874166,0.03280064,0.03183147,0.03183147,0.03183147,-0.00545110,0.00145910,-0.00448193,-0.00545110,-0.00545110,-0.00545110,0.00558436,0.00558436,0.00545110,0.00545110,0.00545110
13074,15,20,True,0.58745211,1.89012969,0.37937525,1.30515003,0.18883677,0.18762040,0.18883668,1.30267763,-0.20807686,0.71769792,-0.39861536,-0.39983171,-0.39861542,0.58887440,0.58774114,0.39861536,0.39983171,0.39861542
14940,16,26,True,0.00041262,0.46883076,0.00543652,0.73480386,0.00037401,0.00037401,0.00036448,0.46841815,0.00502390,0.73439121,-0.00003861,-0.00003861,-0.00004814,0.00010736,0.00010736,0.00003861,0.00003861,0.00004814
9963,12,4,True,0.13634515,0.39949322,0.44963825,0.68400353,0.09653731,0.10562735,0.12843627,0.26314807,0.31329310,0.54765838,-0.03980784,-0.03071780,-0.00790888,0.03980783,0.03071864,0.03980784,0.03071780,0.00790888
3483,5,19,False,1.49734676,0.37005985,3.05544949,1.19501662,0.28909087,0.28909114,0.28909087,-1.12728691,1.55810273,-0.30233014,-1.20825589,-1.20825565,-1.20825589,2.73720360,2.73720360,1.20825589,1.20825565,1.20825589
7225,9,1,True,0.04736722,0.10799263,0.07845350,0.17771029,0.04736722,0.04736722,0.07845350,0.06062541,0.03108628,0.13034308,0.00000000,0.00000000,0.03108628,0.00000000,0.00000000,0.00000000,0.00000000,-0.03108628
9402,12,3,True,0.02931986,0.04001803,0.14347591,0.18114451,0.01944188,0.01944188,0.01944188,0.01069817,0.11415604,0.15182464,-0.00987799,-0.00987799,-0.00987799,0.00987799,0.00987799,0.00987799,0.00987799,0.00987799
2146,3,4,True,0.73809808,0.42413405,1.17189646,0.74181771,0.38086277,0.38086277,0.38086277,-0.31396404,0.43379837,0.00371963,-0.35723531,-0.35723531,-0.35723531,0.41140574,0.41140574,0.35723531,0.35723531,0.35723531
13788,16,23,True,0.00260146,0.34489581,0.00980820,0.51428008,0.00254521,0.00254521,0.00254521,0.34229437,0.00720675,0.51167864,-0.00005624,-0.00005624,-0.00005624,0.00059537,0.00059537,0.00005624,0.00005624,0.00005624
9204,12,15,False,2.44262075,2.72433209,3.19375324,3.19748855,1.26328731,1.26328731,1.26328731,0.28171134,0.75113249,0.75486779,-1.17933345,-1.17933345,-1.17933345,1.47444892,1.47444892,1.17933345,1.17933345,1.17933345
3964,7,1,True,0.16218475,0.53687173,0.17675835,0.53038514,0.16218475,0.17675835,0.16218475,0.37468699,0.01457360,0.36820039,0.00000000,0.01457360,0.00000000,0.00000000,-0.01457313,0.00000000,-0.01457360,0.00000000
13205,15,11,True,0.01060375,0.07628544,0.02418317,0.14465545,0.00839514,0.00839514,0.00839514,0.06568169,0.01357942,0.13405170,-0.00220861,-0.00220861,-0.00220861,0.00238485,0.00238485,0.00220861,0.00220861,0.00220861
8217,11,2,True,0.80605865,0.88408357,0.84327954,0.92035234,0.80605865,0.80605865,0.80605865,0.07802492,0.03722090,0.11429369,0.00000000,0.00000000,0.00000000,0.00000000,0.00000000,0.00000000,0.00000000,0.00000000
1371,1,3,False,2.46999526,1.82983398,2.59179902,1.94277668,1.82546937,1.82546937,1.82546937,-0.64016128,0.12180376,-0.52721858,-0.64452589,-0.64452589,-0.64452589,0.67175269,0.67175269,0.64452589,0.64452589,0.64452589
9486,12,3,True,0.03274353,0.22758144,0.14104286,0.52188385,0.03274353,0.03274353,0.12671992,0.19483791,0.10829933,0.48914033,0.00000000,0.00000000,0.09397639,0.00000000,0.00000000,0.00000000,0.00000000,-0.09397639
7127,10,2,True,0.02759232,1.00170255,0.04198400,1.21740842,0.02759232,0.02759232,0.03732299,0.97411025,0.01439168,1.18981612,0.00000000,0.00000000,0.00973067,0.00000000,0.00000000,0.00000000,0.00000000,-0.00973067
2287,3,1,False,1.58026028,1.31000185,3.23233819,2.83658552,1.31000185,1.58026028,1.31000185,-0.27025843,1.65207791,1.25632524,-0.27025843,0.00000000,-0.27025843,0.27025640,0.00000000,0.27025843,0.00000000,0.27025843
4523,7,22,True,0.10395313,0.26978409,0.12457445,0.28525999,0.05426802,0.05340704,0.05426802,0.16583097,0.02062132,0.18130687,-0.04968511,-0.05054609,-0.04968511,0.06584428,0.06543490,0.04968511,0.05054609,0.04968511
6823,9,2,True,0.08756637,0.74683487,0.99747443,0.45859909,0.08749341,0.08749341,0.08756637,0.65926850,0.90990806,0.37103271,-0.00007296,-0.00007296,0.00000000,0.00007340,0.00007340,0.00007296,0.00007296,0.00000000
10264,12,2,False,2.20555544,3.04381394,2.16274500,3.04296470,2.12637448,2.12637448,2.12637448,0.83825850,-0.04281044,0.83740926,-0.07918096,-0.07918096,-0.07918096,0.07918167,0.07918167,0.07918096,0.07918096,0.07918096
10208,12,9,True,0.06465346,0.08344454,0.49834853,0.53786647,0.04492436,0.04041767,0.04492436,0.01879108,0.43369508,0.47321302,-0.01972909,-0.02423579,-0.01972909,0.04778120,0.04769862,0.01972909,0.02423579,0.01972909
3852,5,11,False,1.65986049,0.65880704,4.16042614,2.23390532,0.75850773,0.75850773,0.75850773,-1.00105345,2.50056553,0.57404482,-0.90135276,-0.90135276,-0.90135276,1.56554782,1.56554782,0.90135276,0.90135276,0.90135276
13279,16,6,True,0.23052827,0.35324293,0.75982165,0.96758318,0.10344395,0.10344395,0.10344395,0.12271467,0.52929342,0.73705494,-0.12708431,-0.12708431,-0.12708431,0.15403140,0.15403140,0.12708431,0.12708431,0.12708431
7240,9,7,False,4.42281580,3.60193324,6.64289808,4.91086245,2.92997456,2.92997479,2.92997456,-0.82088256,2.22008228,0.48804665,-1.49284124,-1.49284101,-1.49284124,1.60781956,1.60781956,1.49284124,1.49284101,1.49284124
11206,13,28,True,0.00021491,1.33458316,0.00021277,0.17768635,0.00014268,0.00014721,0.00014268,1.33436823,-0.00000215,0.17747144,-0.00007223,-0.00006770,-0.00007223,0.00032716,0.00032704,0.00007223,0.00006770,0.00007223
1151,1,2,True,0.00005376,0.00279905,0.00060028,0.02160222,0.00005376,0.00005376,0.00279905,0.00274528,0.00054652,0.02154846,0.00000000,0.00000000,0.00274528,0.00000000,0.00000000,0.00000000,0.00000000,-0.00274528
12116,13,6,True,0.01261646,0.27134708,0.01127856,0.23608257,0.00865352,0.00865340,0.00989048,0.25873062,-0.00133790,0.22346611,-0.00396294,-0.00396306,-0.00272598,0.00523437,0.00523437,0.00396294,0.00396306,0.00272598
6979,11,1,False,1.13560319,0.40195173,1.21321857,0.44434568,0.40195173,0.40195173,0.40195173,-0.73365146,0.07761538,-0.69125748,-0.73365146,-0.73365146,-0.73365146,0.73365247,0.73365247,0.73365146,0.73365146,0.73365146
11933,13,1,True,0.98952049,1.63474035,0.99709928,1.63528705,0.98952049,0.98952049,0.98952049,0.64521986,0.00757879,0.64576656,0.00000000,0.00000000,0.00000000,0.00000000,0.00000000,0.00000000,0.00000000,0.00000000
1494,1,3,True,0.04652553,0.03273384,0.05043136,0.03533632,0.03101392,0.03109077,0.03101392,-0.01379169,0.00390583,-0.01118921,-0.01551161,-0.01543476,-0.01551161,0.01744299,0.01737813,0.01551161,0.01543476,0.01551161
140,1,2,False,3.88101649,3.22141266,4.12928629,3.46568227,3.22141266,3.22141266,3.22141266,-0.65960383,0.24826980,-0.41533422,-0.65960383,-0.65960383,-0.65960383,0.66202545,0.66202545,0.65960383,0.65960383,0.65960383
487,0,4,True,0.10312034,1.22847247,0.38002786,2.36407852,0.10312034,0.10312034,0.24314725,1.12535214,0.27690750,2.26095819,0.00000000,0.00000000,0.14002691,0.00000000,0.00000000,0.00000000,0.00000000,-0.14002691
1058,1,13,True,0.00010812,0.00631883,0.00389211,0.07360812,0.00008380,0.00008380,0.00008380,0.00621071,0.00378399,0.07350000,-0.00002432,-0.00002432,-0.00002432,0.00002432,0.00002432,0.00002432,0.00002432,0.00002432
6322,7,1,True,0.46982399,0.80988383,0.44792730,0.77610677,0.44792730,0.44792730,0.44792730,0.34005985,-0.02189669,0.30628279,-0.02189669,-0.02189669,-0.02189669,0.02189708,0.02189708,0.02189669,0.02189669,0.02189669
7819,9,1,False,4.34559393,4.53221655,4.53144407,4.61942720,4.34559393,4.34559393,4.34559393,0.18662262,0.18585014,0.27383327,0.00000000,0.00000000,0.00000000,0.00000000,0.00000000,0.00000000,0.00000000,0.00000000
7547,11,5,False,2.96265554,0.21598624,4.08487654,0.36528352,0.16495971,0.09831960,0.16495971,-2.74666929,1.12222099,-2.59737206,-2.79769588,-2.86433601,-2.79769588,5.31550264,5.27908087,2.79769588,2.86433601,2.79769588
8129,9,10,False,4.60718155,2.46940494,3.55503297,1.54690909,1.16580033,1.16580033,1.16580033,-2.13777661,-1.05214858,-3.06027246,-3.44138122,-3.44138122,-3.44138122,3.76855350,3.76855350,3.44138122,3.44138122,3.44138122
15901,18,19,False,1.57864165,2.98943281,1.28991485,2.57030272,1.15487051,1.17885971,1.15487051,1.41079116,-0.28872681,0.99166107,-0.42377114,-0.39978194,-0.42377114,0.53163111,0.52629566,0.42377114,0.39978194,0.42377114
12735,14,2,False,3.14749289,4.66145182,3.49972916,4.87600565,3.14749289,3.14749289,3.14749289,1.51395893,0.35223627,1.72851276,0.00000000,0.00000000,0.00000000,0.00000000,0.00000000,0.00000000,0.00000000,0.00000000
12964,14,2,True,0.01393753,0.04026287,0.01738887,0.04928364,0.01393753,0.01393753,0.01393753,0.02632535,0.00345134,0.03534611,0.00000000,0.00000000,0.00000000,0.00000000,0.00000000,0.00000000,0.00000000,0.00000000
7037,10,1,True,0.00534795,0.02581636,0.00589952,0.02922609,0.00534795,0.00534795,0.00589952,0.02046842,0.00055157,0.02387814,0.00000000,0.00000000,0.00055157,0.00000000,0.00000000,0.00000000,0.00000000,-0.00055157
14946,16,10,True,0.01314051,0.11829355,0.10289311,0.52543390,0.01314051,0.01314051,0.01314051,0.10515304,0.08975260,0.51229340,0.00000000,0.00000000,0.00000000,0.00000000,0.00000000,0.00000000,0.00000000,0.00000000
3588,3,4,False,2.47767520,1.92356074,3.70944738,3.10364509,1.91408539,1.91408539,1.91408455,-0.55411446,1.23177218,0.62596989,-0.56358981,-0.56358981,-0.56359065,0.57437730,0.57437730,0.56358981,0.56358981,0.56359065
3383,3,1,False,2.78358221,1.54921591,3.12027812,1.84837425,1.54921591,1.54921591,1.54921591,-1.23436630,0.33669591,-0.93520796,-1.23436630,-1.23436630,-1.23436630,1.23436666,1.23436666,1.23436630,1.23436630,1.23436630
12996,14,11,True,0.06384789,0.51947671,0.13470630,0.24507339,0.06382955,0.06486207,0.06382944,0.45562881,0.07085841,0.18122551,-0.00001834,0.00101417,-0.00001846,0.00001846,-0.00068331,0.00001834,-0.00101417,0.00001846
349,2,1,False,3.50443268,3.26444674,2.80822945,2.61753082,2.61753082,2.61753082,2.61753082,-0.23998594,-0.69620323,-0.88690186,-0.88690186,-0.88690186,-0.88690186,0.88690400,0.88690400,0.88690186,0.88690186,0.88690186
8575,12,3,True,0.00449623,0.01448403,0.02127621,0.12849614,0.00449623,0.00449623,0.09846611,0.00998780,0.01677999,0.12399992,0.00000000,0.00000000,0.09396988,0.00000000,0.00000000,0.00000000,0.00000000,-0.09396988
4420,7,41,True,0.00323606,0.86430502,0.00801431,0.60661381,0.00259920,0.00260348,0.00259920,0.86106896,0.00477825,0.60337776,-0.00063686,-0.00063258,-0.00063686,0.00071988,0.00069944,0.00063686,0.00063258,0.00063686
2925,3,2,True,0.23074408,0.07742445,2.74511909,1.19667125,0.06941844,0.07742445,0.23074408,-0.15331963,2.51437497,0.96592718,-0.16132563,-0.15331963,0.00000000,0.16132569,0.15805352,0.16132563,0.15331963,0.00000000
10874,13,4,True,0.14607404,1.64313030,0.61171222,2.29049397,0.11495149,0.11495149,0.11495149,1.49705625,0.46563816,2.14441991,-0.03112255,-0.03112255,-0.03112255,0.03112255,0.03112255,0.03112255,0.03112255,0.03112255
11258,13,5,True,0.70979303,4.06283426,0.22393946,2.71622729,0.22393946,0.22393946,0.22393946,3.35304117,-0.48585355,2.00643420,-0.48585355,-0.48585355,-0.48585355,0.68021762,0.68021762,0.48585355,0.48585355,0.48585355
3112,4,10,False,2.73814583,3.40876818,2.74351883,2.96644974,2.65342212,2.40093327,2.65342212,0.67062235,0.00537300,0.22830391,-0.08472371,-0.33721256,-0.08472371,0.57506299,0.48031902,0.08472371,0.33721256,0.08472371
3598,4,3,False,4.94827652,4.06418848,4.05856800,3.24468446,3.24468446,3.24468446,3.24468446,-0.88408804,-0.88970852,-1.70359206,-1.70359206,-1.70359206,-1.70359206,1.89130735,1.89130735,1.70359206,1.70359206,1.70359206
4971,8,1,True,0.01388274,0.11810342,0.00328561,0.06374623,0.00328561,0.00328561,0.06374623,0.10422068,-0.01059713,0.04986349,-0.01059713,-0.01059713,0.04986349,0.01059713,0.01059713,0.01059713,0.01059713,-0.04986349
3294,4,9,False,2.05035329,2.55185175,1.72076225,2.35760593,1.57257140,1.57257140,1.76248419,0.50149846,-0.32959104,0.30725265,-0.47778189,-0.47778189,-0.28786910,0.58115256,0.58115256,0.47778189,0.47778189,0.28786910
16494,19,6,True,0.02695106,0.27681133,0.01737305,0.13331027,0.01649200,0.01561170,0.01992298,0.24986027,-0.00957801,0.10635921,-0.01045906,-0.01133936,-0.00702808,0.01659156,0.01636658,0.01045906,0.01133936,0.00702808
13010,14,2,True,0.07054785,0.07638220,0.08459197,0.09448038,0.06371815,0.06371815,0.06371815,0.00583435,0.01404412,0.02393253,-0.00682970,-0.00682970,-0.00682970,0.00682970,0.00682970,0.00682970,0.00682970,0.00682970
9797,12,1,True,0.05876615,0.03115860,0.28784239,0.09328952,0.03115860,0.03115860,0.03115860,-0.02760755,0.22907624,0.03452337,-0.02760755,-0.02760755,-0.02760755,0.02760743,0.02760743,0.02760755,0.02760755,0.02760755
4780,7,2,False,0.99770039,0.89304864,0.86166024,0.80063909,0.68004531,0.68004531,0.68004531,-0.10465175,-0.13604015,-0.19706130,-0.31765509,-0.31765509,-0.31765509,0.32603621,0.32603621,0.31765509,0.31765509,0.31765509
2866,3,7,True,0.01316533,0.02877504,0.29977837,0.57614768,0.00818719,0.00818719,0.01512382,0.01560971,0.28661305,0.56298232,-0.00497815,-0.00497815,0.00195848,0.00512711,0.00512711,0.00497815,0.00497815,-0.00195848
13040,14,3,True,0.21523818,0.43932620,0.32006630,0.57066804,0.13000534,0.13000534,0.13000534,0.22408801,0.10482812,0.35542986,-0.08523284,-0.08523284,-0.08523284,0.08523235,0.08523235,0.08523284,0.08523284,0.08523284
12922,14,4,True,0.06248054,0.10405938,0.05410530,0.09737105,0.04826080,0.04826080,0.04826080,0.04157884,-0.00837524,0.03489051,-0.01421974,-0.01421974,-0.01421974,0.01779157,0.01779157,0.01421974,0.01421974,0.01421974
3941,7,7,True,0.25110662,0.74041176,0.27535230,0.81769520,0.18050399,0.18050399,0.18050399,0.48930514,0.02424568,0.56658858,-0.07060263,-0.07060263,-0.07060263,0.08108640,0.08108640,0.07060263,0.07060263,0.07060263
3717,3,1,False,1.14937663,0.31548321,2.49996567,1.09740019,0.31548321,0.31548321,0.31548321,-0.83389342,1.35058904,-0.05197644,-0.83389342,-0.83389342,-0.83389342,0.83389157,0.83389157,0.83389342,0.83389342,0.83389342
1320,1,4,True,0.00015734,0.06383682,0.00265555,0.15915155,0.00015568,0.00015568,0.00096263,0.06367948,0.00249821,0.15899421,-0.00000167,-0.00000167,0.00080528,0.00000167,0.00000167,0.00000167,0.00000167,-0.00080528
7144,10,5,True,0.00238420,0.19488803,0.00359746,0.28740337,0.00238420,0.00238420,0.00272201,0.19250382,0.00121325,0.28501916,0.00000000,0.00000000,0.00033781,0.00000000,0.00000000,0.00000000,0.00000000,-0.00033781
9323,12,13,True,0.01262576,0.04415669,0.06267225,0.15114154,0.01203678,0.01203678,0.01203678,0.03153093,0.05004649,0.13851577,-0.00058898,-0.00058898,-0.00058898,0.00058898,0.00058898,0.00058898,0.00058898,0.00058898
10786,13,2,True,0.02477725,0.17802103,0.03201552,0.21633753,0.02284599,0.02284599,0.02372181,0.15324378,0.00723826,0.19156028,-0.00193126,-0.00193126,-0.00105544,0.00264408,0.00264408,0.00193126,0.00193126,0.00105544
7808,9,1,False,3.95544386,1.16031528,5.02606964,1.83033442,1.16031528,1.16031528,1.16031528,-2.79512858,1.07062578,-2.12510943,-2.79512858,-2.79512858,-2.79512858,2.79512882,2.79512882,2.79512858,2.79512858,2.79512858
9755,12,4,True,0.62708098,0.56883699,0.79485500,0.80804873,0.45089576,0.45089576,0.51364136,-0.05824399,0.16777402,0.18096775,-0.17618522,-0.17618522,-0.11343962,0.18790826,0.18790826,0.17618522,0.17618522,0.11343962
928,1,5,True,0.01053510,0.25789306,0.05762233,0.70151669,0.01053510,0.01053510,0.01934425,0.24735795,0.04708723,0.69098157,0.00000000,0.00000000,0.00880915,0.00000000,0.00000000,0.00000000,0.00000000,-0.00880915
14557,16,3,True,0.01847348,0.10058180,0.03002937,0.12397658,0.01707367,0.01825169,0.01707367,0.08210833,0.01155589,0.10550310,-0.00139981,-0.00022179,-0.00139981,0.00176661,0.00058565,0.00139981,0.00022179,0.00139981
13289,16,34,False,3.99888015,1.69130230,3.36415267,1.36559200,0.69424140,0.69424140,0.69424140,-2.30757785,-0.63472748,-2.63328815,-3.30463886,-3.30463886,-3.30463886,4.05552483,4.05552483,3.30463886,3.30463886,3.30463886
10287,12,20,True,0.00222899,0.02770039,0.00717693,0.04698673,0.00172526,0.00172526,0.00172526,0.02547140,0.00494794,0.04475773,-0.00050374,-0.00050374,-0.00050374,0.00050374,0.00050374,0.00050374,0.00050374,0.00050374
7416,9,1,False,6.88780212,7.62783575,7.14825869,7.92993975,6.88780212,6.88780212,6.88780212,0.74003363,0.26045656,1.04213762,0.00000000,0.00000000,0.00000000,0.00000000,0.00000000,0.00000000,0.00000000,0.00000000
1051,1,1,True,0.00591113,0.01218753,0.04910070,0.08887292,0.00591113,0.00591113,0.04910070,0.00627640,0.04318957,0.08296180,0.00000000,0.00000000,0.04318957,0.00000000,0.00000000,0.00000000,0.00000000,-0.04318957
3329,5,1,False,4.01385975,2.28967476,4.00794744,2.29666185,2.28967476,2.28967476,2.28967476,-1.72418499,-0.00591230,-1.71719790,-1.72418499,-1.72418499,-1.72418499,1.72418737,1.72418737,1.72418499,1.72418499,1.72418499
6465,9,7,True,0.28334677,1.32880688,0.38617513,1.36162293,0.28121212,0.28121212,0.28121212,1.04546010,0.10282835,1.07827616,-0.00213465,-0.00213465,-0.00213465,0.01369479,0.01369479,0.00213465,0.00213465,0.00213465
13537,16,13,False,1.52213180,1.71458066,2.38283682,2.16183615,0.97943079,0.97943079,0.97943103,0.19244885,0.86070502,0.63970435,-0.54270101,-0.54270101,-0.54270077,0.62492096,0.62492096,0.54270101,0.54270101,0.54270077
8386,12,25,True,0.00063244,0.02938342,0.00594917,0.12961012,0.00050949,0.00050949,0.00050949,0.02875097,0.00531673,0.12897767,-0.00012295,-0.00012295,-0.00012295,0.00013022,0.00013022,0.00012295,0.00012295,0.00012295
10890,13,3,True,0.02937115,0.09508736,0.02934047,0.08950022,0.02731803,0.02731803,0.02731803,0.06571622,-0.00003068,0.06012907,-0.00205312,-0.00205312,-0.00205312,0.00287244,0.00287244,0.00205312,0.00205312,0.00205312
12690,14,1,True,0.31335881,0.41859910,0.27885652,0.42767090,0.27885652,0.31335881,0.27885652,0.10524029,-0.03450230,0.11431208,-0.03450230,0.00000000,-0.03450230,0.03450218,0.00000000,0.03450230,0.00000000,0.03450230
3390,5,1,True,0.02671002,0.10022459,0.13991491,0.33930868,0.02671002,0.02671002,0.10022459,0.07351457,0.11320490,0.31259868,0.00000000,0.00000000,0.07351457,0.00000000,0.00000000,0.00000000,0.00000000,-0.07351457
4840,7,31,True,0.00045265,0.11830191,0.00141068,0.11636296,0.00031812,0.00031812,0.00031812,0.11784926,0.00095803,0.11591031,-0.00013454,-0.00013454,-0.00013454,0.00015872,0.00015872,0.00013454,0.00013454,0.00013454
5203,8,1,True,0.00877075,0.01384829,0.00890002,0.01403698,0.00877075,0.00877075,0.00877075,0.00507754,0.00012927,0.00526622,0.00000000,0.00000000,0.00000000,0.00000000,0.00000000,0.00000000,0.00000000,0.00000000
9357,12,19,True,0.08952725,0.53247237,0.48452365,1.89468205,0.08919802,0.08919802,0.08919802,0.44294512,0.39499640,1.80515480,-0.00032923,-0.00032923,-0.00032923,0.00032880,0.00032880,0.00032923,0.00032923,0.00032923
9712,12,1,True,1.15738654,0.43613836,1.74379849,0.52386564,0.43613836,0.43613836,0.43613836,-0.72124815,0.58641195,-0.63352090,-0.72124815,-0.72124815,-0.72124815,0.72124892,0.72124892,0.72124815,0.72124815,0.72124815
95,1,4,True,0.00000596,0.00034291,0.00001502,0.00082137,0.00000596,0.00000596,0.00000978,0.00033695,0.00000906,0.00081541,0.00000000,0.00000000,0.00000381,0.00000000,0.00000000,0.00000000,0.00000000,-0.00000381
5913,7,44,True,0.00062267,0.21698824,0.00043883,0.05469429,0.00021253,0.00021253,0.00021253,0.21636556,-0.00018384,0.05407162,-0.00041015,-0.00041015,-0.00041015,0.00107870,0.00107870,0.00041015,0.00041015,0.00041015
7338,9,1,False,1.58502984,1.11661661,1.81429529,1.30933821,1.11661661,1.11661661,1.11661661,-0.46841323,0.22926545,-0.27569163,-0.46841323,-0.46841323,-0.46841323,0.46841228,0.46841228,0.46841323,0.46841323,0.46841323
1206,1,1,True,0.00252012,0.00387560,0.00339278,0.00450833,0.00252012,0.00252012,0.00252012,0.00135548,0.00087265,0.00198821,0.00000000,0.00000000,0.00000000,0.00000000,0.00000000,0.00000000,0.00000000,0.00000000
5928,7,1,True,0.33624357,0.47652522,0.34089097,0.48226565,0.33624357,0.33624357,0.33624357,0.14028165,0.00464740,0.14602208,0.00000000,0.00000000,0.00000000,0.00000000,0.00000000,0.00000000,0.00000000,0.00000000
5234,8,1,True,0.46990728,0.65747249,0.46661252,0.65313363,0.46661252,0.46661252,0.46661252,0.18756521,-0.00329477,0.18322635,-0.00329477,-0.00329477,-0.00329477,0.00329250,0.00329250,0.00329477,0.00329477,0.00329477
15950,17,5,True,0.31720555,0.76806980,0.49412388,1.00621939,0.20990446,0.20990446,0.20990446,0.45086426,0.17691833,0.68901384,-0.10730109,-0.10730109,-0.10730109,0.12077948,0.12077948,0.10730109,0.10730109,0.10730109
9220,12,19,True,0.06664190,0.23391800,0.26750213,0.78603375,0.06156473,0.06156473,0.06156473,0.16727610,0.20086023,0.71939182,-0.00507717,-0.00507717,-0.00507717,0.00514530,0.00514530,0.00507717,0.00507717,0.00507717
6218,8,15,True,0.09291502,3.49581552,0.03306017,2.13835740,0.02930169,0.02930169,0.03206493,3.40290046,-0.05985485,2.04544234,-0.06361333,-0.06361333,-0.06085009,0.12295228,0.12295228,0.06361333,0.06361333,0.06085009
3772,3,17,True,0.31508079,0.02825785,4.50215816,1.88756144,0.01627246,0.01627246,0.01627246,-0.28682294,4.18707752,1.57248068,-0.29880834,-0.29880834,-0.29880834,0.76094902,0.76094902,0.29880834,0.29880834,0.29880834
8685,12,6,True,0.07516637,0.24665347,0.08527570,0.26517683,0.07175100,0.07175100,0.07175100,0.17148709,0.01010934,0.19001046,-0.00341537,-0.00341537,-0.00341537,0.00353162,0.00353162,0.00341537,0.00341537,0.00341537
5668,8,77,True,0.24537750,5.88166523,0.02184088,0.31375861,0.00154055,0.00154055,0.00154055,5.63628769,-0.22353661,0.06838112,-0.24383695,-0.24383695,-0.24383695,1.64329731,1.64329720,0.24383695,0.24383695,0.24383695
705,1,4,True,0.05390348,0.14553796,0.13084367,0.34300250,0.01503916,0.01503916,0.01607717,0.09163448,0.07694019,0.28909904,-0.03886432,-0.03886432,-0.03782631,0.03886444,0.03886444,0.03886432,0.03886432,0.03782631
7452,9,5,True,0.00394887,0.01599352,0.00711053,0.02745048,0.00394887,0.00394887,0.00394887,0.01204465,0.00316166,0.02350162,0.00000000,0.00000000,0.00000000,0.00000000,0.00000000,0.00000000,0.00000000,0.00000000
3633,4,3,False,2.85056400,2.64376688,2.74382567,2.60202694,2.60202694,2.60202694,2.60202694,-0.20679712,-0.10673833,-0.24853706,-0.24853706,-0.24853706,-0.24853706,0.48600388,0.48600388,0.24853706,0.24853706,0.24853706
1467,1,1,True,0.93735749,1.95061612,1.47920632,2.66429019,0.93735749,0.93735749,0.93735749,1.01325870,0.54184884,1.72693276,0.00000000,0.00000000,0.00000000,0.00000000,0.00000000,0.00000000,0.00000000,0.00000000
6838,9,13,True,0.10374435,0.55304688,0.34444273,0.50222462,0.09239530,0.09239541,0.09701258,0.44930252,0.24069837,0.39848027,-0.01134905,-0.01134894,-0.00673177,0.01189680,0.01189680,0.01134905,0.01134894,0.00673177
6316,8,1,True,0.00393260,0.00952261,0.00348473,0.00842659,0.00348473,0.00348473,0.00348473,0.00559001,-0.00044787,0.00449399,-0.00044787,-0.00044787,-0.00044787,0.00044787,0.00044787,0.00044787,0.00044787,0.00044787
13595,15,19,True,0.00045980,0.05399564,0.00070773,0.07748447,0.00039844,0.00039844,0.00039844,0.05353584,0.00024793,0.07702467,-0.00006137,-0.00006137,-0.00006137,0.00006446,0.00006446,0.00006137,0.00006137,0.00006137
3511,5,14,True,0.59648001,0.60248113,1.65309346,1.24802852,0.53446221,0.53446209,0.53446209,0.00600111,1.05661345,0.65154850,-0.06201780,-0.06201792,-0.06201792,0.19765550,0.19765550,0.06201780,0.06201792,0.06201792
16425,19,7,False,1.67173529,2.59674335,1.37032294,2.18162441,1.32680738,1.32680738,1.32680738,0.92500806,-0.30141234,0.50988913,-0.34492791,-0.34492791,-0.34492791,0.36559176,0.36559176,0.34492791,0.34492791,0.34492791
14875,15,8,True,0.26767179,0.91513634,0.22197290,0.74960059,0.17602775,0.17602775,0.17602775,0.64746451,-0.04569890,0.48192880,-0.09164405,-0.09164405,-0.09164405,0.10492994,0.10492994,0.09164405,0.09164405,0.09164405
9258,12,3,True,0.15164985,0.36513510,0.18871289,0.44261551,0.15164985,0.15164985,0.15164985,0.21348526,0.03706305,0.29096568,0.00000000,0.00000000,0.00000000,0.00000000,0.00000000,0.00000000,0.00000000,0.00000000
5703,8,8,True,0.31018588,3.50376201,0.08554780,1.74246740,0.08554780,0.08554780,0.08554780,3.19357610,-0.22463807,1.43228149,-0.22463807,-0.22463807,-0.22463807,0.42984435,0.42984432,0.22463807,0.22463807,0.22463807
15126,18,6,True,0.62966716,0.85536206,0.62925524,0.85545272,0.57091027,0.57091027,0.57091027,0.22569489,-0.00041193,0.22578555,-0.05875689,-0.05875689,-0.05875689,0.06038260,0.06038260,0.05875689,0.05875689,0.05875689
12146,13,7,True,0.01315992,0.15808845,0.02252027,0.23293641,0.01297778,0.01297778,0.01297778,0.14492853,0.00936035,0.21977650,-0.00018214,-0.00018214,-0.00018214,0.00035475,0.00035475,0.00018214,0.00018214,0.00018214
9456,12,9,True,0.00019084,0.01098443,0.07163028,0.11740425,0.00018738,0.00019715,0.00018738,0.01079359,0.07143944,0.11721341,-0.00000346,0.00000632,-0.00000346,0.00000346,0.00000024,0.00000346,-0.00000632,0.00000346
13849,16,1,True,0.40011311,0.75733668,0.46661916,0.84952044,0.40011311,0.40011311,0.40011311,0.35722357,0.06650606,0.44940734,0.00000000,0.00000000,0.00000000,0.00000000,0.00000000,0.00000000,0.00000000,0.00000000
13692,16,33,True,0.00491708,0.26905057,0.07310940,0.93663657,0.00364521,0.00364521,0.00364521,0.26413348,0.06819232,0.93171948,-0.00127187,-0.00127187,-0.00127187,0.00137488,0.00137488,0.00127187,0.00127187,0.00127187
11447,13,2,True,0.02757840,0.21764705,0.04196982,0.28650981,0.02757840,0.02757840,0.03476967,0.19006865,0.01439142,0.25893140,0.00000000,0.00000000,0.00719126,0.00000000,0.00000000,0.00000000,0.00000000,-0.00719126
6744,9,17,True,0.00097227,0.03325068,0.00304188,0.07811454,0.00096453,0.00096453,0.00096453,0.03227840,0.00206961,0.07714226,-0.00000774,-0.00000774,-0.00000774,0.00000774,0.00000774,0.00000774,0.00000774,0.00000774
3638,5,1,False,3.64133716,1.53904939,3.78363752,1.67547429,1.53904939,1.53904939,1.53904939,-2.10228777,0.14230037,-1.96586287,-2.10228777,-2.10228777,-2.10228777,2.10229087,2.10229087,2.10228777,2.10228777,2.10228777
12288,14,13,True,0.19474548,0.25606310,0.13543075,0.20308985,0.13665195,0.13665195,0.13665195,0.06131762,-0.05931473,0.00834437,-0.05809353,-0.05809353,-0.05809353,0.09203057,0.09203057,0.05809353,0.05809353,0.05809353
5515,7,3,True,0.01298308,0.03683778,0.01864140,0.04789883,0.01294860,0.01294860,0.01294860,0.02385470,0.00565832,0.03491575,-0.00003448,-0.00003448,-0.00003448,0.00003448,0.00003448,0.00003448,0.00003448,0.00003448
7750,11,3,True,0.28096724,0.12405609,0.33317962,0.14795208,0.12405609,0.12405609,0.12405609,-0.15691115,0.05221239,-0.13301516,-0.15691115,-0.15691115,-0.15691115,0.19100036,0.19100036,0.15691115,0.15691115,0.15691115
3619,5,3,True,0.77959317,0.43456021,2.05970049,1.34424305,0.43456021,0.43456021,0.43456021,-0.34503296,1.28010726,0.56464988,-0.34503296,-0.34503296,-0.34503296,0.41139674,0.41139674,0.34503296,0.34503296,0.34503296
12776,14,32,True,0.00173716,0.00719267,0.00246376,0.01931081,0.00229298,0.00200012,0.00229298,0.00545551,0.00072660,0.01757365,0.00055582,0.00026296,0.00055582,0.00121494,0.00119054,-0.00055582,-0.00026296,-0.00055582
7196,9,7,True,0.13480079,0.30501622,0.20322995,0.31227595,0.09132469,0.09132469,0.09132469,0.17021543,0.06842916,0.17747515,-0.04347610,-0.04347610,-0.04347610,0.05862125,0.05862125,0.04347610,0.04347610,0.04347610
16800,17,1,False,2.29845262,2.66174960,3.18618774,3.53757572,2.29845262,2.29845262,2.29845262,0.36329699,0.88773513,1.23912311,0.00000000,0.00000000,0.00000000,0.00000000,0.00000000,0.00000000,0.00000000,0.00000000
12515,14,10,True,0.38782480,0.37411624,0.11721957,0.09885234,0.04424771,0.04424771,0.04424771,-0.01370856,-0.27060524,-0.28897247,-0.34357709,-0.34357709,-0.34357709,0.74625081,0.74625087,0.34357709,0.34357709,0.34357709
7637,11,1,False,3.94151354,2.88425827,4.12487507,3.06191397,2.88425827,2.88425827,2.88425827,-1.05725527,0.18336153,-0.87959957,-1.05725527,-1.05725527,-1.05725527,1.05725765,1.05725765,1.05725527,1.05725527,1.05725527
6717,11,2,True,0.66900212,0.63427836,0.73372579,0.69641554,0.63427836,0.63427836,0.63427836,-0.03472376,0.06472367,0.02741343,-0.03472376,-0.03472376,-0.03472376,0.03231359,0.03231359,0.03472376,0.03472376,0.03472376
4186,8,1,True,0.01089717,0.01596677,0.01041065,0.01524428,0.01041065,0.01041065,0.01041065,0.00506960,-0.00048653,0.00434711,-0.00048653,-0.00048653,-0.00048653,0.00048653,0.00048653,0.00048653,0.00048653,0.00048653
8640,12,3,True,0.00575576,0.02757098,0.01156413,0.06083217,0.00575576,0.00575576,0.00770076,0.02181523,0.00580837,0.05507641,0.00000000,0.00000000,0.00194500,0.00000000,0.00000000,0.00000000,0.00000000,-0.00194500
8139,10,2,True,0.00038366,0.02143188,0.00049055,0.02930875,0.00038366,0.00038366,0.00430396,0.02104822,0.00010688,0.02892509,0.00000000,0.00000000,0.00392029,0.00000000,0.00000000,0.00000000,0.00000000,-0.00392029
5562,7,11,True,0.00033814,0.02144775,0.00033480,0.01728213,0.00022468,0.00022468,0.00022468,0.02110961,-0.00000334,0.01694399,-0.00011346,-0.00011346,-0.00011346,0.00011596,0.00011596,0.00011346,0.00011346,0.00011346
7117,9,48,True,0.51292533,0.47051731,2.00485945,1.93603921,0.31834438,0.31834438,0.31834438,-0.04240802,1.49193406,1.42311382,-0.19458094,-0.19458094,-0.19458094,0.23445582,0.23445582,0.19458094,0.19458094,0.19458094
499,1,4,True,0.34794703,0.64106309,0.25508556,0.40134582,0.05705623,0.05705623,0.05705623,0.29311606,-0.09286147,0.05339879,-0.29089081,-0.29089081,-0.29089081,0.33654988,0.33654988,0.29089081,0.29089081,0.29089081
10465,12,7,True,0.10243849,0.19332525,0.21557283,0.43379903,0.05180565,0.05180565,0.05180565,0.09088676,0.11313435,0.33136055,-0.05063284,-0.05063284,-0.05063284,0.06117950,0.06117950,0.05063284,0.05063284,0.05063284
8752,12,4,True,0.08127277,0.17236130,0.11723600,0.23517746,0.08127277,0.08127289,0.08127277,0.09108853,0.03596323,0.15390468,0.00000000,0.00000011,0.00000000,0.00000000,0.00000000,0.00000000,-0.00000011,0.00000000
7959,9,1,False,7.52005911,5.03420258,6.34686947,3.86433554,3.86433554,3.86433554,3.86433554,-2.48585653,-1.17318964,-3.65572357,-3.65572357,-3.65572357,-3.65572357,3.65572667,3.65572667,3.65572357,3.65572357,3.65572357
12470,14,15,True,0.00210302,0.22273320,0.00406511,0.10693828,0.00339206,0.00339206,0.00294680,0.22063017,0.00196208,0.10483526,0.00128904,0.00128904,0.00084378,0.00151901,0.00151901,-0.00128904,-0.00128904,-0.00084378
7050,9,25,True,0.71866655,0.97804898,1.54028189,1.88789690,0.69941723,0.69941723,0.69941723,0.25938243,0.82161534,1.16923034,-0.01924932,-0.01924932,-0.01924932,0.02333689,0.02333689,0.01924932,0.01924932,0.01924932
4708,8,1,True,0.02112449,0.05242212,0.01737938,0.04030833,0.01737938,0.01737938,0.01737938,0.03129764,-0.00374511,0.01918384,-0.00374511,-0.00374511,-0.00374511,0.00374511,0.00374511,0.00374511,0.00374511,0.00374511
2032,5,2,True,0.97435963,0.55908239,1.67181945,1.29846179,0.55620742,0.97435963,0.55620742,-0.41527724,0.69745982,0.32410216,-0.41815221,0.00000000,-0.41815221,0.41815227,0.00000000,0.41815221,0.00000000,0.41815221
15369,17,21,True,0.00263962,0.17989175,0.13538973,0.26975733,0.00140759,0.00140759,0.00141175,0.17725213,0.13275011,0.26711771,-0.00123204,-0.00123204,-0.00122787,0.00407433,0.00407433,0.00123204,0.00123204,0.00122787
7326,11,4,True,0.13144539,0.09661837,0.13991512,0.10240642,0.09661837,0.09661837,0.09661837,-0.03482702,0.00846973,-0.02903897,-0.03482702,-0.03482702,-0.03482702,0.03911748,0.03911748,0.03482702,0.03482702,0.03482702
6647,11,4,True,0.55844533,0.14543818,0.37950340,0.10587049,0.10642687,0.10642687,0.10642687,-0.41300714,-0.17894194,-0.45257485,-0.45201847,-0.45201847,-0.45201847,0.65648270,0.65648264,0.45201847,0.45201847,0.45201847
8764,12,1,True,0.05826087,0.22288641,0.09393965,0.31908461,0.05826087,0.05826087,0.22288641,0.16462554,0.03567879,0.26082376,0.00000000,0.00000000,0.16462554,0.00000000,0.00000000,0.00000000,0.00000000,-0.16462554
7030,11,1,True,0.43266261,0.35286179,0.44503218,0.36247399,0.35286179,0.35286179,0.35286179,-0.07980081,0.01236957,-0.07018861,-0.07980081,-0.07980081,-0.07980081,0.07980034,0.07980034,0.07980081,0.07980081,0.07980081
8911,12,4,True,0.04470779,0.16270773,0.37772545,0.81097895,0.04470779,0.04470779,0.04470779,0.11799994,0.33301765,0.76627117,0.00000000,0.00000000,0.00000000,0.00000000,0.00000000,0.00000000,0.00000000,0.00000000
2373,3,3,True,0.10352618,0.14343831,0.58231050,0.84204811,0.07555585,0.07555585,0.07555585,0.03991213,0.47878432,0.73852193,-0.02797033,-0.02797033,-0.02797033,0.03043401,0.03043401,0.02797033,0.02797033,0.02797033
8568,12,2,True,0.03188285,0.12857570,0.05976527,0.17630152,0.03188285,0.03188285,0.03188285,0.09669285,0.02788242,0.14441867,0.00000000,0.00000000,0.00000000,0.00000000,0.00000000,0.00000000,0.00000000,0.00000000
10474,12,17,True,0.42012963,0.76787645,0.38851050,0.71371830,0.22252013,0.22252004,0.22251993,0.34774682,-0.03161913,0.29358867,-0.19760950,-0.19760959,-0.19760969,0.25446332,0.25446332,0.19760950,0.19760959,0.19760969
16673,17,26,True,0.03265262,4.92628860,0.02406774,1.80680168,0.02278528,0.02278528,0.01957550,4.89363575,-0.00858488,1.77414906,-0.00986733,-0.00986733,-0.01307712,0.05620481,0.05620481,0.00986733,0.00986733,0.01307712
15669,17,2,True,0.20736410,0.37308469,0.17595796,0.29550022,0.17595796,0.17595796,0.17595796,0.16572060,-0.03140613,0.08813612,-0.03140613,-0.03140613,-0.03140613,0.03429689,0.03429689,0.03140613,0.03140613,0.03140613
10021,12,1,False,1.99396408,2.62749910,1.85300374,2.47208428,1.85300374,1.85300374,1.85300374,0.63353503,-0.14096034,0.47812021,-0.14096034,-0.14096034,-0.14096034,0.14096260,0.14096260,0.14096034,0.14096034,0.14096034
6528,9,1,True,0.03898154,0.16337048,0.07632796,0.33819237,0.03898154,0.03898154,0.07632796,0.12438893,0.03734642,0.29921085,0.00000000,0.00000000,0.03734642,0.00000000,0.00000000,0.00000000,0.00000000,-0.03734642
6294,8,4,True,0.35446772,2.50626731,0.01142966,0.27010190,0.00792526,0.00792526,0.00792526,2.15179968,-0.34303805,-0.08436581,-0.34654248,-0.34654248,-0.34654248,0.79214656,0.79214656,0.34654248,0.34654248,0.34654248
10200,12,6,True,0.39430493,0.41777033,1.25685859,1.05902362,0.23417787,0.23417778,0.23417787,0.02346539,0.86255366,0.66471869,-0.16012706,-0.16012715,-0.16012706,0.18746036,0.18746036,0.16012706,0.16012715,0.16012706
14473,15,1,True,0.00934063,0.18053176,0.00975319,0.18687385,0.00934063,0.00934063,0.18053176,0.17119113,0.00041256,0.17753322,0.00000000,0.00000000,0.17119113,0.00000000,0.00000000,0.00000000,0.00000000,-0.17119113
1140,1,4,True,0.00008738,0.02221649,0.00084424,0.05629332,0.00007343,0.00007343,0.00669818,0.02212911,0.00075686,0.05620594,-0.00001395,-0.00001395,0.00661080,0.00001395,0.00001395,0.00001395,0.00001395,-0.00661080
9443,12,1,True,0.09143610,0.10597675,0.27353796,0.27722141,0.09143610,0.09143610,0.10597675,0.01454065,0.18210188,0.18578532,0.00000000,0.00000000,0.01454065,0.00000000,0.00000000,0.00000000,0.00000000,-0.01454065
10460,12,3,True,0.45278347,0.27366444,0.46421796,0.38395277,0.17440896,0.17440896,0.17440896,-0.17911902,0.01143450,-0.06883070,-0.27837449,-0.27837449,-0.27837449,0.34768063,0.34768063,0.27837449,0.27837449,0.27837449
5631,7,4,True,0.78314030,0.86707157,0.79404235,0.86920661,0.57761234,0.57761234,0.57761234,0.08393127,0.01090205,0.08606631,-0.20552796,-0.20552796,-0.20552796,0.21813875,0.21813875,0.20552796,0.20552796,0.20552796
1668,1,1,True,0.00016450,0.00274722,0.00061874,0.00709999,0.00016450,0.00016450,0.00274722,0.00258272,0.00045425,0.00693550,0.00000000,0.00000000,0.00258272,0.00000000,0.00000000,0.00000000,0.00000000,-0.00258272
9889,12,18,True,0.01954464,0.09817341,0.10885003,0.35407290,0.01913938,0.01922007,0.01913938,0.07862877,0.08930539,0.33452827,-0.00040526,-0.00032457,-0.00040526,0.00045259,0.00032446,0.00040526,0.00032457,0.00040526
11634,13,139,False,8.56277943,9.14454269,9.39088631,7.50794792,2.13456345,2.17945051,2.13456392,0.58176327,0.82810688,-1.05483150,-6.42821598,-6.38332891,-6.42821550,7.58105183,7.57981491,6.42821598,6.38332891,6.42821550
10695,12,21,True,0.39159900,0.68113667,1.41355002,1.86723769,0.21683729,0.21683729,0.21683729,0.28953767,1.02195096,1.47563863,-0.17476171,-0.17476171,-0.17476171,0.21872056,0.21872056,0.17476171,0.17476171,0.17476171
10377,12,9,True,0.01687243,0.03228991,0.22395480,0.25827211,0.01477619,0.01477619,0.01477619,0.01541748,0.20708236,0.24139968,-0.00209624,-0.00209624,-0.00209624,0.00603527,0.00603527,0.00209624,0.00209624,0.00209624
13213,15,9,True,0.00174620,0.10355477,0.00279619,0.16057290,0.00166480,0.00166480,0.00182117,0.10180857,0.00104999,0.15882669,-0.00008140,-0.00008140,0.00007497,0.00008140,0.00008140,0.00008140,0.00008140,-0.00007497
5653,8,3,True,0.00017486,0.00864218,0.00014066,0.00625012,0.00014066,0.00014066,0.00016807,0.00846731,-0.00003421,0.00607526,-0.00003421,-0.00003421,-0.00000679,0.00003838,0.00003838,0.00003421,0.00003421,0.00000679
11377,13,1,True,0.01397009,0.10224543,0.01745377,0.12576671,0.01397009,0.01397009,0.10224543,0.08827534,0.00348368,0.11179662,0.00000000,0.00000000,0.08827534,0.00000000,0.00000000,0.00000000,0.00000000,-0.08827534
1904,1,4,True,0.04994646,0.13582432,0.23645633,0.54235852,0.04994646,0.04994646,0.04994646,0.08587787,0.18650988,0.49241206,0.00000000,0.00000000,0.00000000,0.00000000,0.00000000,0.00000000,0.00000000,0.00000000
4911,8,2,True,0.00144508,0.01907411,0.00103527,0.01339708,0.00103527,0.00103527,0.01253771,0.01762903,-0.00040981,0.01195199,-0.00040981,-0.00040981,0.01109262,0.00048931,0.00048931,0.00040981,0.00040981,-0.01109262
6547,10,12,True,0.00071560,0.02659081,0.00199726,0.04380521,0.00071560,0.00071560,0.00071560,0.02587521,0.00128167,0.04308962,0.00000000,0.00000000,0.00000000,0.00000000,0.00000000,0.00000000,0.00000000,0.00000000
4487,7,13,True,0.04260210,2.21956778,0.01641355,0.94312286,0.01151864,0.01151864,0.01151864,2.17696571,-0.02618855,0.90052074,-0.03108346,-0.03108346,-0.03108346,0.04978789,0.04978789,0.03108346,0.03108346,0.03108346
4569,8,1,True,0.02682399,0.18424547,0.01781475,0.07859755,0.01781475,0.01781475,0.07859755,0.15742148,-0.00900924,0.05177356,-0.00900924,-0.00900924,0.05177356,0.00900924,0.00900924,0.00900924,0.00900924,-0.05177356
16261,19,4,True,0.01479804,0.61333364,0.01481249,0.31773266,0.01317980,0.01481249,0.01212559,0.59853560,0.00001445,0.30293462,-0.00161824,0.00001445,-0.00267245,0.00376690,0.00370665,0.00161824,-0.00001445,0.00267245
6354,9,5,False,2.16642690,2.69128799,1.61504102,1.93088770,1.43208158,1.43208158,1.43208158,0.52486110,-0.55138588,-0.23553920,-0.73434532,-0.73434532,-0.73434532,0.82305908,0.82305908,0.73434532,0.73434532,0.73434532
7021,11,48,False,15.63695431,7.51936388,16.57007217,3.55923748,3.47198820,3.54263496,3.47198820,-8.11758995,0.93311787,-12.07771683,-12.16496658,-12.09431934,-12.16496658,12.85432434,12.78918839,12.16496658,12.09431934,12.16496658
719,1,10,True,0.00005007,0.00389579,0.00151305,0.02902902,0.00002158,0.00002158,0.00008320,0.00384572,0.00146298,0.02897896,-0.00002849,-0.00002849,0.00003314,0.00003671,0.00003671,0.00002849,0.00002849,-0.00003314
9292,12,39,True,0.00150115,0.12013161,0.02920039,0.57935369,0.00150115,0.00150115,0.00150115,0.11863046,0.02769924,0.57785255,0.00000000,0.00000000,0.00000000,0.00000000,0.00000000,0.00000000,0.00000000,0.00000000
10741,12,15,True,0.00236339,0.04225567,0.01533351,0.06673156,0.00197038,0.00179868,0.00373642,0.03989228,0.01297012,0.06436817,-0.00039302,-0.00056471,0.00137303,0.00066027,0.00064730,0.00039302,0.00056471,-0.00137303
7776,9,3,False,4.23264790,4.37554550,4.07907677,4.30548573,3.89064217,3.89064217,3.89064217,0.14289761,-0.15357113,0.07283783,-0.34200573,-0.34200573,-0.34200573,0.43138123,0.43138123,0.34200573,0.34200573,0.34200573
4638,7,53,True,0.01039625,2.35624838,0.00340109,0.89602268,0.00209779,0.00209779,0.00209779,2.34585214,-0.00699516,0.88562644,-0.00829846,-0.00829846,-0.00829846,0.03220177,0.03220177,0.00829846,0.00829846,0.00829846
8996,12,3,True,0.02126046,0.01930438,1.07464111,0.27837116,0.01930438,0.01930438,0.01865240,-0.00195608,1.05338061,0.25711069,-0.00195608,-0.00195608,-0.00260806,0.02455111,0.02455111,0.00195608,0.00195608,0.00260806
11613,13,1,True,0.00003624,0.02308133,0.00028570,0.01617241,0.00003624,0.00003624,0.01617241,0.02304509,0.00024946,0.01613618,0.00000000,0.00000000,0.01613618,0.00000000,0.00000000,0.00000000,0.00000000,-0.01613618
9128,12,12,True,0.25843564,0.36397296,0.37756211,0.43559894,0.18399221,0.19058679,0.18399221,0.10553733,0.11912647,0.17716330,-0.07444343,-0.06784885,-0.07444343,0.08180763,0.07699420,0.07444343,0.06784885,0.07444343
12618,14,13,True,0.01961817,0.05391183,0.02243728,0.04998264,0.00732593,0.00732593,0.00732593,0.03429367,0.00281912,0.03036447,-0.01229224,-0.01229224,-0.01229224,0.01837202,0.01837202,0.01229224,0.01229224,0.01229224
7438,10,2,True,0.00212325,0.00563082,0.00242285,0.00627310,0.00212325,0.00212325,0.00212325,0.00350758,0.00029961,0.00414986,0.00000000,0.00000000,0.00000000,0.00000000,0.00000000,0.00000000,0.00000000,0.00000000
6584,10,3,True,0.00353664,0.01445841,0.00399696,0.01636371,0.00353664,0.00353664,0.00353664,0.01092177,0.00046032,0.01282707,0.00000000,0.00000000,0.00000000,0.00000000,0.00000000,0.00000000,0.00000000,0.00000000
7155,9,8,True,0.00496239,0.04210493,0.00772240,0.03793985,0.00494922,0.00494922,0.00494922,0.03714254,0.00276001,0.03297746,-0.00001317,-0.00001317,-0.00001317,0.00080396,0.00080396,0.00001317,0.00001317,0.00001317
8705,12,7,True,0.01417908,0.05834982,0.03485636,0.17145476,0.01417908,0.01417908,0.01417908,0.04417074,0.02067728,0.15727568,0.00000000,0.00000000,0.00000000,0.00000000,0.00000000,0.00000000,0.00000000,0.00000000
6894,10,14,True,0.00001192,0.00383630,0.00005960,0.00612241,0.00001192,0.00001192,0.00001192,0.00382438,0.00004768,0.00611048,0.00000000,0.00000000,0.00000000,0.00000000,0.00000000,0.00000000,0.00000000,0.00000000
13468,16,25,False,6.80420923,5.57265711,6.28418922,5.09274626,4.90453815,4.90453815,4.90453815,-1.23155212,-0.52002001,-1.71146297,-1.89967108,-1.89967108,-1.89967108,1.93509245,1.93509245,1.89967108,1.89967108,1.89967108
5766,7,1,True,0.03860174,0.06344095,0.04257194,0.07031798,0.03860174,0.03860174,0.03860174,0.02483921,0.00397020,0.03171624,0.00000000,0.00000000,0.00000000,0.00000000,0.00000000,0.00000000,0.00000000,0.00000000
5613,8,1,True,0.03661405,0.10496287,0.02161832,0.05461890,0.02161832,0.02161832,0.02161832,0.06834882,-0.01499573,0.01800485,-0.01499573,-0.01499573,-0.01499573,0.01499562,0.01499562,0.01499573,0.01499573,0.01499573
7200,9,11,True,0.62767142,0.92476594,1.10429072,1.19836116,0.24172837,0.24172837,0.24172837,0.29709452,0.47661930,0.57068974,-0.38594306,-0.38594306,-0.38594306,0.50428176,0.50428176,0.38594306,0.38594306,0.38594306
1707,1,53,True,0.01702902,0.12526001,1.88620186,0.19552813,0.00105921,0.00105921,0.00105921,0.10823099,1.86917281,0.17849912,-0.01596981,-0.01596981,-0.01596981,0.07017704,0.07017704,0.01596981,0.01596981,0.01596981
13775,16,2,True,0.28308067,0.69293410,0.48031503,1.00966632,0.28308067,0.28308067,0.28308067,0.40985343,0.19723436,0.72658563,0.00000000,0.00000000,0.00000000,0.00000000,0.00000000,0.00000000,0.00000000,0.00000000
3230,5,1,False,2.19598389,1.86694980,3.07020807,2.62722778,1.86694980,1.86694980,1.86694980,-0.32903409,0.87422419,0.43124390,-0.32903409,-0.32903409,-0.32903409,0.32903373,0.32903373,0.32903409,0.32903409,0.32903409
2853,5,1,False,2.20676374,2.64395428,2.88775063,2.75305700,2.20676374,2.20676374,2.20676374,0.43719053,0.68098688,0.54629326,0.00000000,0.00000000,0.00000000,0.00000000,0.00000000,0.00000000,0.00000000,0.00000000
14209,15,2,True,0.58758050,1.91161418,0.68150276,2.00301933,0.58758050,0.59147084,0.58758050,1.32403374,0.09392226,1.41543889,0.00000000,0.00389034,0.00000000,0.00000000,-0.00388920,0.00000000,-0.00389034,0.00000000
9239,12,9,True,0.01915271,0.09673947,0.04897334,0.24064974,0.01490633,0.01490633,0.01490633,0.07758676,0.02982064,0.22149704,-0.00424637,-0.00424637,-0.00424637,0.00424614,0.00424614,0.00424637,0.00424637,0.00424637
4275,8,2,False,0.98907495,1.34232569,0.97313875,1.32346845,0.97280371,0.97280371,0.97280371,0.35325074,-0.01593620,0.33439350,-0.01627123,-0.01627123,-0.01627123,0.01627469,0.01627469,0.01627123,0.01627123,0.01627123
15001,15,4,True,1.69019878,2.68755627,1.66552377,2.65250564,1.51338899,1.51338899,1.51338899,0.99735749,-0.02467501,0.96230686,-0.17680979,-0.17680979,-0.17680979,0.17905259,0.17905259,0.17680979,0.17680979,0.17680979
2266,3,3,True,0.06868237,0.21241401,0.63595450,1.34382463,0.06868237,0.06868237,0.10909291,0.14373164,0.56727213,1.27514219,0.00000000,0.00000000,0.04041054,0.00000000,0.00000000,0.00000000,0.00000000,-0.04041054
3943,7,20,True,0.33520898,1.17670465,0.33123177,1.00521171,0.13919920,0.13919920,0.13919920,0.84149563,-0.00397721,0.67000270,-0.19600978,-0.19600978,-0.19600978,0.27589214,0.27589214,0.19600978,0.19600978,0.19600978
3545,5,1,False,2.25296140,1.93603730,3.21946383,2.79286790,1.93603730,1.93603730,1.93603730,-0.31692410,0.96650243,0.53990650,-0.31692410,-0.31692410,-0.31692410,0.31692290,0.31692290,0.31692410,0.31692410,0.31692410
11673,13,5,True,0.00361658,0.02928351,0.00265377,0.01952675,0.00265686,0.00265686,0.00265686,0.02566693,-0.00096281,0.01591017,-0.00095972,-0.00095972,-0.00095972,0.00141552,0.00141552,0.00095972,0.00095972,0.00095972
16013,17,6,True,0.26758450,0.67869508,0.20128223,0.45978010,0.20128223,0.20128223,0.20128223,0.41111058,-0.06630227,0.19219559,-0.06630227,-0.06630227,-0.06630227,0.09245823,0.09245823,0.06630227,0.06630227,0.06630227
14105,15,2,True,0.49112055,2.39253569,0.69622105,2.82353258,0.49112055,0.49112055,0.49112055,1.90141511,0.20510051,2.33241200,0.00000000,0.00000000,0.00000000,0.00000000,0.00000000,0.00000000,0.00000000,0.00000000
5769,7,8,True,0.25871271,1.47245932,0.20971349,1.27081633,0.20363028,0.20363028,0.20363028,1.21374655,-0.04899922,1.01210356,-0.05508243,-0.05508243,-0.05508243,0.06794971,0.06794971,0.05508243,0.05508243,0.05508243
15676,18,4,True,0.00127366,1.57373536,0.00153388,1.70984590,0.00127366,0.00128389,1.28693938,1.57246172,0.00026023,1.70857227,0.00000000,0.00001024,1.28566575,0.00000000,-0.00001024,0.00000000,-0.00001024,-1.28566575
12285,14,23,True,0.17360078,0.24110274,0.09646164,0.15876748,0.08918460,0.08918460,0.08918460,0.06750196,-0.07713914,-0.01483330,-0.08441617,-0.08441617,-0.08441617,0.14183365,0.14183365,0.08441617,0.08441617,0.08441617
13998,15,10,True,0.03784344,1.09082246,0.10917799,1.87570274,0.03364796,0.03364796,0.04675911,1.05297899,0.07133456,1.83785927,-0.00419547,-0.00419547,0.00891568,0.00419536,0.00419536,0.00419547,0.00419547,-0.00891568
12673,14,15,True,0.01503563,0.17476605,0.02492691,0.22182557,0.00964505,0.00964505,0.00964505,0.15973042,0.00989128,0.20678994,-0.00539058,-0.00539058,-0.00539058,0.00609556,0.00609556,0.00539058,0.00539058,0.00539058
10108,12,4,False,3.00935531,2.64534998,3.33008099,2.95156860,2.45880413,2.45880413,2.45880413,-0.36400533,0.32072568,-0.05778670,-0.55055118,-0.55055118,-0.55055118,0.64572334,0.64572334,0.55055118,0.55055118,0.55055118
700,1,2,True,0.00063566,0.00845106,0.00422039,0.05362071,0.00063566,0.00063566,0.00647033,0.00781540,0.00358473,0.05298505,0.00000000,0.00000000,0.00583467,0.00000000,0.00000000,0.00000000,0.00000000,-0.00583467
5991,8,9,True,0.76282483,2.34445524,0.40486404,1.37188339,0.29097605,0.29430687,0.29097632,1.58163047,-0.35796079,0.60905856,-0.47184879,-0.46851796,-0.47184852,0.65902394,0.65872514,0.47184879,0.46851796,0.47184852
9742,12,5,True,0.01876799,0.04700698,0.14918900,0.11596899,0.00958968,0.00958968,0.00958968,0.02823898,0.13042100,0.09720100,-0.00917831,-0.00917831,-0.00917831,0.00917831,0.00917831,0.00917831,0.00917831,0.00917831
3400,5,8,True,0.08811459,0.10924265,0.83152544,0.77008343,0.05146738,0.05146738,0.05146738,0.02112806,0.74341083,0.68196881,-0.03664721,-0.03664721,-0.03664721,0.07507318,0.07507319,0.03664721,0.03664721,0.03664721
12802,14,1,True,0.08895832,0.11426500,0.11068119,0.14130403,0.08895832,0.08895832,0.08895832,0.02530668,0.02172287,0.05234571,0.00000000,0.00000000,0.00000000,0.00000000,0.00000000,0.00000000,0.00000000,0.00000000
15236,17,6,True,0.10505518,0.81043726,0.97456080,1.72579277,0.06478497,0.06889314,0.06478497,0.70538211,0.86950564,1.62073755,-0.04027020,-0.03616203,-0.04027020,0.04839485,0.03616203,0.04027020,0.03616203,0.04027020
10596,12,3,False,2.97414351,0.87311113,3.70023108,1.40628421,0.87311113,0.87311113,0.87311113,-2.10103226,0.72608757,-1.56785929,-2.10103226,-2.10103226,-2.10103226,2.51459789,2.51459789,2.10103226,2.10103226,2.10103226
6244,8,2,True,0.04792996,0.09984697,0.04775269,0.09864542,0.04702881,0.04702881,0.04702881,0.05191700,-0.00017728,0.05071545,-0.00090115,-0.00090115,-0.00090115,0.00090093,0.00090093,0.00090115,0.00090115,0.00090115
13876,15,15,False,2.74531174,2.91872358,2.72504020,2.87321424,2.10620070,2.10627151,2.10620070,0.17341185,-0.02027154,0.12790251,-0.63911104,-0.63904023,-0.63911104,0.65841055,0.65825272,0.63911104,0.63904023,0.63911104
1997,5,5,True,0.00376623,0.16612218,0.03443733,0.47966897,0.00376623,0.00376623,0.00549734,0.16235596,0.03067110,0.47590274,0.00000000,0.00000000,0.00173111,0.00000000,0.00000000,0.00000000,0.00000000,-0.00173111
15791,17,2,False,3.48568869,3.82850075,3.26431394,3.60334110,3.05545807,3.05545807,3.05545807,0.34281206,-0.22137475,0.11765242,-0.43023062,-0.43023062,-0.43023062,0.44604373,0.44604373,0.43023062,0.43023062,0.43023062
17034,17,1,False,7.48035574,3.46983290,7.25104761,3.42159390,3.42159390,3.46983290,3.42159390,-4.01052284,-0.22930813,-4.05876160,-4.05876160,-4.01052284,-4.05876160,4.05876160,4.01052189,4.05876160,4.01052284,4.05876160
2954,5,2,True,0.06008582,0.13558306,0.52295542,0.34240973,0.02365254,0.02365254,0.06303451,0.07549724,0.46286958,0.28232390,-0.03643327,-0.03643327,0.00294869,0.03643338,0.03643338,0.03643327,0.03643327,-0.00294869
9424,12,7,False,1.08777845,0.49080771,1.81709051,0.94654602,0.38949057,0.38949057,0.38949057,-0.59697074,0.72931206,-0.14123243,-0.69828784,-0.69828784,-0.69828784,0.93667477,0.93667477,0.69828784,0.69828784,0.69828784
9649,12,11,False,1.81653762,1.21390748,3.30417228,2.39630771,0.90222764,0.90222764,0.90222764,-0.60263014,1.48763466,0.57977009,-0.91430998,-0.91430998,-0.91430998,1.09082186,1.09082186,0.91430998,0.91430998,0.91430998
7076,10,16,True,0.00006747,0.00840212,0.00022409,0.01443515,0.00006747,0.00006747,0.00006747,0.00833465,0.00015662,0.01436768,0.00000000,0.00000000,0.00000000,0.00000000,0.00000000,0.00000000,0.00000000,0.00000000
17024,18,11,False,3.68903804,5.92997980,2.41871357,4.07739973,1.47641587,1.47641575,1.47641587,2.24094176,-1.27032447,0.38836169,-2.21262217,-2.21262217,-2.21262217,2.70676327,2.70676327,2.21262217,2.21262217,2.21262217
624,1,1,True,0.00412839,0.01254559,0.00839136,0.02512502,0.00412839,0.00412839,0.01254559,0.00841721,0.00426297,0.02099663,0.00000000,0.00000000,0.00841721,0.00000000,0.00000000,0.00000000,0.00000000,-0.00841721
3388,5,31,True,0.23662797,0.60221082,2.83236384,2.64161325,0.08700889,0.10056531,0.08700878,0.36558285,2.59573579,2.40498519,-0.14961907,-0.13606265,-0.14961919,0.37241167,0.37082466,0.14961907,0.13606265,0.14961919
5298,8,6,True,0.00988446,0.45087284,0.00481197,0.30898580,0.00481197,0.00481197,0.00481197,0.44098839,-0.00507249,0.29910135,-0.00507249,-0.00507249,-0.00507249,0.00692684,0.00692684,0.00507249,0.00507249,0.00507249
12604,14,10,True,0.46196932,2.84276199,0.14967911,1.46216011,0.14967911,0.14967911,0.14967911,2.38079262,-0.31229019,1.00019073,-0.31229019,-0.31229019,-0.31229019,0.55100977,0.55100977,0.31229019,0.31229019,0.31229019
14794,15,12,True,0.10683137,2.87279344,0.14530417,3.06448078,0.10367977,0.10367977,0.11020767,2.76596212,0.03847280,2.95764947,-0.00315160,-0.00315160,0.00337630,0.00336690,0.00336690,0.00315160,0.00315160,-0.00337630
10125,12,1,True,0.12995499,0.15782724,0.29045781,0.30851471,0.12995499,0.12995499,0.15782724,0.02787225,0.16050282,0.17855972,0.00000000,0.00000000,0.02787225,0.00000000,0.00000000,0.00000000,0.00000000,-0.02787225
1680,1,6,True,0.00000715,0.00093440,0.00007844,0.00255829,0.00000703,0.00000703,0.00007784,0.00092725,0.00007128,0.00255114,-0.00000012,-0.00000012,0.00007069,0.00000012,0.00000012,0.00000012,0.00000012,-0.00007069
2709,5,4,False,5.25255823,1.39773703,5.99152279,2.15484619,1.39625204,1.39000607,1.39625204,-3.85482121,0.73896456,-3.09771204,-3.85630608,-3.86255217,-3.85630608,4.19748831,4.19739962,3.85630608,3.86255217,3.85630608
3454,3,1,True,0.50575054,0.55549610,1.21931863,1.24873400,0.50575054,0.50575054,0.55549610,0.04974556,0.71356809,0.74298346,0.00000000,0.00000000,0.04974556,0.00000000,0.00000000,0.00000000,0.00000000,-0.04974556
2555,5,1,False,7.89329624,5.06357670,8.46262550,5.60427618,5.06357670,5.06357670,5.06357670,-2.82971954,0.56932926,-2.28902006,-2.82971954,-2.82971954,-2.82971954,2.82972240,2.82972240,2.82971954,2.82971954,2.82971954
14094,16,1,True,0.11078332,0.15262078,0.16565794,0.22740141,0.11078332,0.11078332,0.11078332,0.04183746,0.05487462,0.11661809,0.00000000,0.00000000,0.00000000,0.00000000,0.00000000,0.00000000,0.00000000,0.00000000
7363,9,9,False,4.05386114,3.60493398,1.03523529,0.52766538,0.38556647,0.38556647,0.38556647,-0.44892716,-3.01862574,-3.52619576,-3.66829467,-3.66829467,-3.66829467,5.36669397,5.36669350,3.66829467,3.66829467,3.66829467
7966,9,12,True,0.00258838,0.34123299,0.01733884,0.76661795,0.00258826,0.00258838,0.00278371,0.33864462,0.01475046,0.76402956,-0.00000012,0.00000000,0.00019534,0.00000000,0.00000000,0.00000012,0.00000000,-0.00019534
12428,14,4,False,1.66433012,1.44241476,1.79597044,1.56019330,1.30009174,1.30009174,1.30009174,-0.22191536,0.13164032,-0.10413682,-0.36423838,-0.36423838,-0.36423838,0.41952860,0.41952860,0.36423838,0.36423838,0.36423838
7955,9,2,False,4.65180063,5.20836449,1.96589708,2.85943460,1.64427185,1.64427185,1.64427185,0.55656385,-2.68590355,-1.79236603,-3.00752878,-3.00752878,-3.00752878,3.55122828,3.55122828,3.00752878,3.00752878,3.00752878
3072,4,7,False,1.69071400,3.23268509,1.17437065,2.06332064,1.17133927,1.17133915,1.17133915,1.54197109,-0.51634336,0.37260664,-0.51937473,-0.51937485,-0.51937485,0.75315189,0.75315189,0.51937473,0.51937485,0.51937485
12438,14,15,True,0.11597886,2.32484150,0.18962090,2.32660460,0.08649856,0.08576139,0.10195254,2.20886254,0.07364204,2.21062565,-0.02948030,-0.03021747,-0.01402632,0.03296246,0.03293560,0.02948030,0.03021747,0.01402632
16723,17,6,True,0.00318235,1.61054981,0.00038283,0.13540326,0.00038283,0.00038283,0.02626143,1.60736752,-0.00279952,0.13222091,-0.00279952,-0.00279952,0.02307908,0.00707979,0.00707979,0.00279952,0.00279952,-0.02307908
8233,9,14,True,0.04127458,0.93309546,0.00530312,0.23478833,0.00512915,0.00512915,0.00512915,0.89182085,-0.03597146,0.19351375,-0.03614543,-0.03614543,-0.03614543,0.08120298,0.08120298,0.03614543,0.03614543,0.03614543
9242,12,1,True,0.90212572,0.89146608,1.04757416,1.02416205,0.89146608,0.89146608,0.89146608,-0.01065964,0.14544845,0.12203634,-0.01065964,-0.01065964,-0.01065964,0.01066029,0.01066029,0.01065964,0.01065964,0.01065964
2686,5,3,True,0.09731589,0.64739907,0.35001802,0.86791396,0.09731589,0.09731589,0.09731589,0.55008316,0.25270212,0.77059805,0.00000000,0.00000000,0.00000000,0.00000000,0.00000000,0.00000000,0.00000000,0.00000000
8147,9,10,True,0.00097847,0.13858375,0.00425185,0.14178228,0.00095775,0.00097227,0.00095775,0.13760528,0.00327338,0.14080381,-0.00002072,-0.00000619,-0.00002072,0.00002072,0.00001739,0.00002072,0.00000619,0.00002072
7376,10,10,True,0.00015460,0.01329215,0.00017010,0.01456392,0.00013684,0.00013684,0.00014829,0.01313755,0.00001549,0.01440932,-0.00001776,-0.00001776,-0.00000632,0.00001871,0.00001871,0.00001776,0.00001776,0.00000632
8411,12,4,True,0.00857966,0.01495366,0.04979528,0.04423995,0.00707005,0.00707005,0.00707005,0.00637401,0.04121563,0.03566030,-0.00150961,-0.00150961,-0.00150961,0.00150961,0.00150961,0.00150961,0.00150961,0.00150961
10784,13,11,True,0.00000143,0.54325712,0.00000370,0.06428127,0.00000262,0.00000167,0.00001562,0.54325569,0.00000226,0.06427984,0.00000119,0.00000024,0.00001419,0.00000155,0.00000143,-0.00000119,-0.00000024,-0.00001419
3869,7,4,True,0.50469226,1.28389621,0.58830851,1.36465895,0.47267675,0.47267675,0.47267675,0.77920395,0.08361626,0.85996670,-0.03201550,-0.03201550,-0.03201550,0.03521049,0.03521049,0.03201550,0.03201550,0.03201550
1684,1,3,True,0.44287506,0.89868414,1.03263187,1.37888551,0.44287506,0.44287506,0.44287506,0.45580909,0.58975685,0.93601048,0.00000000,0.00000000,0.00000000,0.00000000,0.00000000,0.00000000,0.00000000,0.00000000
7324,9,2,True,0.26816487,0.64023334,0.24021155,0.36480805,0.24021155,0.24021165,0.24021155,0.37206846,-0.02795333,0.09664318,-0.02795333,-0.02795322,-0.02795333,0.15868588,0.15868588,0.02795333,0.02795322,0.02795333
9344,12,19,True,0.02042219,0.13088875,0.12154043,0.35157567,0.01663047,0.01663047,0.01663047,0.11046655,0.10111824,0.33115348,-0.00379172,-0.00379172,-0.00379172,0.00523479,0.00523479,0.00379172,0.00379172,0.00379172
13808,16,8,True,0.01283150,0.09956104,0.08942173,0.28633267,0.01094705,0.01094705,0.01094705,0.08672954,0.07659023,0.27350116,-0.00188445,-0.00188445,-0.00188445,0.00188445,0.00188445,0.00188445,0.00188445,0.00188445
120,2,1,True,0.82337737,1.29358101,1.20383620,1.75286674,0.82337737,0.82337737,0.82337737,0.47020364,0.38045883,0.92948937,0.00000000,0.00000000,0.00000000,0.00000000,0.00000000,0.00000000,0.00000000,0.00000000
225,1,1,False,5.22391176,5.84739780,5.44064999,6.10844231,5.22391176,5.22391176,5.22391176,0.62348604,0.21673822,0.88453054,0.00000000,0.00000000,0.00000000,0.00000000,0.00000000,0.00000000,0.00000000,0.00000000
3285,3,4,True,0.04342427,0.06319276,0.33851993,0.36955276,0.03229453,0.03229453,0.06319276,0.01976849,0.29509565,0.32612848,-0.01112974,-0.01112974,0.01976849,0.01548550,0.01548550,0.01112974,0.01112974,-0.01976849
1972,5,3,True,0.03512376,0.63926971,0.20157550,1.23853421,0.03512376,0.03512365,0.05983579,0.60414594,0.16645174,1.20341051,0.00000000,-0.00000012,0.02471203,0.00000000,0.00000000,0.00000000,0.00000012,-0.02471203
7810,11,4,True,0.08161046,0.06768232,0.08495908,0.06962516,0.06768232,0.06768232,0.06768232,-0.01392814,0.00334863,-0.01198529,-0.01392814,-0.01392814,-0.01392814,0.01539544,0.01539544,0.01392814,0.01392814,0.01392814
3090,3,2,True,0.15681796,0.25605580,2.02707672,1.64404380,0.15681796,0.15681796,0.23229979,0.09923784,1.87025881,1.48722589,0.00000000,0.00000000,0.07548183,0.00000000,0.00000000,0.00000000,0.00000000,-0.07548183
10347,12,3,True,0.06234850,0.11348780,0.42666438,0.49763834,0.06009379,0.06234850,0.08230699,0.05113930,0.36431587,0.43528986,-0.00225471,0.00000000,0.01995849,0.00225471,0.00000000,0.00225471,0.00000000,-0.01995849
4064,8,1,True,0.00000453,0.00352749,0.00000501,0.00374901,0.00000453,0.00000453,0.00352749,0.00352296,0.00000048,0.00374448,0.00000000,0.00000000,0.00352296,0.00000000,0.00000000,0.00000000,0.00000000,-0.00352296
1084,1,2,True,0.00056668,0.00394649,0.00107421,0.00640530,0.00056668,0.00056668,0.00077623,0.00337981,0.00050753,0.00583862,0.00000000,0.00000000,0.00020955,0.00000000,0.00000000,0.00000000,0.00000000,-0.00020955
8361,12,33,True,0.00232129,0.00822478,0.00872904,0.02456837,0.00218201,0.00218201,0.00218201,0.00590349,0.00640775,0.02224708,-0.00013928,-0.00013928,-0.00013928,0.00014118,0.00014118,0.00013928,0.00013928,0.00013928
10754,13,6,False,3.96346831,3.57556534,3.09303236,2.51010370,2.00942183,2.05527067,2.00942183,-0.38790298,-0.87043595,-1.45336461,-1.95404649,-1.90819764,-1.95404649,2.08054972,2.07338452,1.95404649,1.90819764,1.95404649
3526,3,1,False,2.17230582,2.10414028,3.89881659,3.70341063,2.10414028,2.10414028,2.10414028,-0.06816554,1.72651076,1.53110480,-0.06816554,-0.06816554,-0.06816554,0.06816578,0.06816578,0.06816554,0.06816554,0.06816554
1367,1,5,True,0.00008177,0.00147687,0.00784850,0.08656645,0.00007272,0.00007272,0.00074907,0.00139509,0.00776672,0.08648467,-0.00000906,-0.00000906,0.00066729,0.00000906,0.00000906,0.00000906,0.00000906,-0.00066729
1282,1,8,True,0.00022063,0.02101197,0.00084567,0.05116614,0.00022063,0.00022063,0.00024161,0.02079134,0.00062504,0.05094551,0.00000000,0.00000000,0.00002098,0.00000000,0.00000000,0.00000000,0.00000000,-0.00002098
5383,7,2,True,0.20052408,0.54832840,0.14187457,0.39622644,0.13994497,0.13994497,0.14187457,0.34780431,-0.05864951,0.19570236,-0.06057911,-0.06057911,-0.05864951,0.06057881,0.06057881,0.06057911,0.06057911,0.05864951
16713,17,3,True,0.03536140,0.15578550,0.04990813,0.13636127,0.03406052,0.03406052,0.03406052,0.12042410,0.01454673,0.10099987,-0.00130088,-0.00130088,-0.00130088,0.00130088,0.00130088,0.00130088,0.00130088,0.00130088
4985,7,65,True,0.00120900,1.65989172,0.00698647,0.79271728,0.00041762,0.00042227,0.00041762,1.65868270,0.00577747,0.79150826,-0.00079138,-0.00078674,-0.00079138,0.00121811,0.00121728,0.00079138,0.00078674,0.00079138
8918,12,3,True,0.15675192,0.31844229,0.17199109,0.34662381,0.15245436,0.15245436,0.15245436,0.16169037,0.01523918,0.18987189,-0.00429755,-0.00429755,-0.00429755,0.00429776,0.00429776,0.00429755,0.00429755,0.00429755
4285,7,12,True,0.03117940,0.31347331,0.03674678,0.30834055,0.03056796,0.03056796,0.03056796,0.28229392,0.00556738,0.27716115,-0.00061145,-0.00061145,-0.00061145,0.00105359,0.00105359,0.00061145,0.00061145,0.00061145
12336,14,5,False,0.96803921,1.52479553,0.31372118,0.57927871,0.31372118,0.31372118,0.31372118,0.55675632,-0.65431803,-0.38876051,-0.65431803,-0.65431803,-0.65431803,1.02944303,1.02944303,0.65431803,0.65431803,0.65431803
7877,9,15,True,0.00314848,0.24113113,0.00309310,0.17018758,0.00267172,0.00275542,0.00267172,0.23798265,-0.00005538,0.16703910,-0.00047676,-0.00039306,-0.00047676,0.00140723,0.00140497,0.00047676,0.00039306,0.00047676
7950,9,5,True,0.00712816,0.03563546,0.01196517,0.05913095,0.00712816,0.00712816,0.00712816,0.02850729,0.00483700,0.05200279,0.00000000,0.00000000,0.00000000,0.00000000,0.00000000,0.00000000,0.00000000,0.00000000
16735,18,4,True,1.05571008,2.44902658,1.05011010,2.08205914,0.89576697,0.89576697,0.89576697,1.39331651,-0.00559998,1.02634907,-0.15994310,-0.15994310,-0.15994310,0.13211966,0.13211966,0.15994310,0.15994310,0.15994310
1215,1,13,True,0.00001609,0.00292921,0.00011658,0.00502265,0.00000656,0.00000656,0.00000811,0.00291311,0.00010049,0.00500655,-0.00000954,-0.00000954,-0.00000799,0.00001585,0.00001585,0.00000954,0.00000954,0.00000799
13234,15,3,True,0.03351701,0.58900630,0.05446718,0.62128007,0.03351701,0.03351701,0.03351701,0.55548930,0.02095017,0.58776307,0.00000000,0.00000000,0.00000000,0.00000000,0.00000000,0.00000000,0.00000000,0.00000000
12342,14,1,True,0.52155703,0.68804377,0.59780204,0.77079207,0.52155703,0.52155703,0.52155703,0.16648674,0.07624501,0.24923503,0.00000000,0.00000000,0.00000000,0.00000000,0.00000000,0.00000000,0.00000000,0.00000000
15035,17,6,True,0.02183960,0.02755892,0.07330815,0.04939677,0.00689271,0.00689271,0.00689271,0.00571932,0.05146856,0.02755717,-0.01494688,-0.01494688,-0.01494688,0.01659624,0.01659624,0.01494688,0.01494688,0.01494688
10833,13,20,True,0.00052474,0.06485860,0.00639263,0.08235672,0.00046660,0.00046660,0.00046660,0.06433386,0.00586788,0.08183198,-0.00005815,-0.00005815,-0.00005815,0.00005934,0.00005934,0.00005815,0.00005815,0.00005815
10328,12,3,True,0.00980077,0.06714708,0.02592068,0.14145605,0.00980077,0.00980077,0.01471359,0.05734631,0.01611991,0.13165529,0.00000000,0.00000000,0.00491282,0.00000000,0.00000000,0.00000000,0.00000000,-0.00491282
9749,12,4,True,0.52521050,0.47037849,0.60930496,0.50772345,0.32260901,0.32260901,0.32260901,-0.05483201,0.08409446,-0.01748705,-0.20260149,-0.20260149,-0.20260149,0.24391624,0.24391624,0.20260149,0.20260149,0.20260149
11642,13,1,True,0.01143226,0.22151345,0.01322439,0.15256120,0.01143226,0.01322439,0.15256120,0.21008119,0.00179213,0.14112894,0.00000000,0.00179213,0.14112894,0.00000000,-0.00179225,0.00000000,-0.00179213,-0.14112894
5817,7,10,True,0.22194625,1.65075445,0.16456835,1.26940084,0.10092963,0.10092963,0.10092963,1.42880821,-0.05737790,1.04745460,-0.12101663,-0.12101663,-0.12101663,0.14584637,0.14584637,0.12101663,0.12101663,0.12101663
12454,14,1,True,0.04770916,0.03684697,0.10308453,0.07852966,0.03684697,0.04770916,0.03684697,-0.01086219,0.05537537,0.03082050,-0.01086219,0.00000000,-0.01086219,0.01086230,0.00000000,0.01086219,0.00000000,0.01086219
1223,2,4,False,1.91997218,1.78419018,2.08726263,1.95959759,1.69532251,1.69532251,1.69532251,-0.13578200,0.16729045,0.03962541,-0.22464967,-0.22464967,-0.22464967,0.22464848,0.22464848,0.22464967,0.22464967,0.22464967
13584,16,10,True,0.00097168,0.03308000,0.02335690,0.20378937,0.00090975,0.00090975,0.00261251,0.03210833,0.02238522,0.20281769,-0.00006193,-0.00006193,0.00164083,0.00006193,0.00006193,0.00006193,0.00006193,-0.00164083
14092,16,4,True,0.31196341,1.00948822,0.62460095,1.61024439,0.30657551,0.30657551,0.30657551,0.69752479,0.31263754,1.29828095,-0.00538790,-0.00538790,-0.00538790,0.00538707,0.00538707,0.00538790,0.00538790,0.00538790
9358,12,21,True,0.00044896,0.01860197,0.00785973,0.08064151,0.00042251,0.00042251,0.00076908,0.01815300,0.00741077,0.08019255,-0.00002645,-0.00002645,0.00032012,0.00002860,0.00002860,0.00002645,0.00002645,-0.00032012
3797,3,3,True,0.90573239,0.45177737,3.54939699,2.12008524,0.35871908,0.35871908,0.35871908,-0.45395502,2.64366460,1.21435285,-0.54701328,-0.54701328,-0.54701328,0.67378825,0.67378825,0.54701328,0.54701328,0.54701328
10432,12,6,True,0.27248597,0.17297958,1.39638138,0.89293456,0.12320447,0.12320437,0.12320447,-0.09950639,1.12389541,0.62044859,-0.14928150,-0.14928161,-0.14928150,0.18150805,0.18150805,0.14928150,0.14928161,0.14928150
14942,16,3,True,0.22398797,0.38720000,0.73526025,0.63349026,0.21161062,0.22903295,0.21161062,0.16321203,0.51127231,0.40950230,-0.01237735,0.00504498,-0.01237735,0.01237726,-0.00504489,0.01237735,-0.00504498,0.01237735
1665,1,5,True,0.02496702,0.20919324,0.03227525,0.30798799,0.02464432,0.02464432,0.02634399,0.18422621,0.00730823,0.28302097,-0.00032270,-0.00032270,0.00137696,0.00032282,0.00032282,0.00032270,0.00032270,-0.00137696
15710,17,1,True,0.55746496,1.46706724,0.48571643,0.76738560,0.48571643,0.55746496,0.76738560,0.90960228,-0.07174852,0.20992064,-0.07174852,0.00000000,0.20992064,0.07174739,0.00000000,0.07174852,0.00000000,-0.20992064
16317,17,2,False,3.77296591,3.07706952,4.17226362,3.30595255,3.07706952,3.07706952,3.07706952,-0.69589639,0.39929771,-0.46701336,-0.69589639,-0.69589639,-0.69589639,0.79982996,0.79982996,0.69589639,0.69589639,0.69589639
2665,4,3,False,3.45741320,3.67674327,3.34525442,3.56508064,3.34525442,3.34525442,3.34525442,0.21933007,-0.11215878,0.10766745,-0.11215878,-0.11215878,-0.11215878,0.11269689,0.11269689,0.11215878,0.11215878,0.11215878
12252,14,5,False,2.39452791,1.21599376,2.30054188,1.03621483,1.00770521,1.00770521,1.00770521,-1.17853415,-0.09398603,-1.35831308,-1.38682270,-1.38682270,-1.38682270,1.58696938,1.58696938,1.38682270,1.38682270,1.38682270
2977,3,16,True,0.01560430,0.01161798,1.63170195,1.53225994,0.00346406,0.00346406,0.00346406,-0.00398632,1.61609769,1.51665568,-0.01214025,-0.01214025,-0.01214025,0.01950779,0.01950779,0.01214025,0.01214025,0.01214025
1335,1,1,True,0.00524182,0.06740253,0.11592132,0.19454727,0.00524182,0.00524182,0.19454727,0.06216072,0.11067950,0.18930545,0.00000000,0.00000000,0.18930545,0.00000000,0.00000000,0.00000000,0.00000000,-0.18930545
799,1,8,True,0.00023517,0.22453266,0.00504874,0.12239812,0.00022743,0.00056596,0.00036042,0.22429749,0.00481357,0.12216295,-0.00000775,0.00033079,0.00012525,0.00004231,0.00000274,0.00000775,-0.00033079,-0.00012525
16775,17,2,True,0.00566852,0.35507837,0.00786683,0.66454071,0.00469273,0.00566852,0.66454071,0.34940985,0.00219831,0.65887219,-0.00097579,0.00000000,0.65887219,0.00097578,0.00000000,0.00097579,0.00000000,-0.65887219
13097,15,19,True,0.01728143,0.43886352,0.05573425,0.75835788,0.01475681,0.01475681,0.01475681,0.42158207,0.03845282,0.74107647,-0.00252462,-0.00252462,-0.00252462,0.00301374,0.00301374,0.00252462,0.00252462,0.00252462
16542,17,1,True,0.83359498,1.48303473,1.02976322,1.43449116,0.83359498,0.83359498,0.83359498,0.64943975,0.19616824,0.60089618,0.00000000,0.00000000,0.00000000,0.00000000,0.00000000,0.00000000,0.00000000,0.00000000
971,1,2,False,1.88128984,1.63008964,2.79086995,2.48826671,1.61779642,1.61779642,1.61779642,-0.25120020,0.90958011,0.60697687,-0.26349342,-0.26349342,-0.26349342,0.26349425,0.26349425,0.26349342,0.26349342,0.26349342
3640,3,1,True,0.05497630,0.10066815,0.15487024,0.28424639,0.05497630,0.05497630,0.10066815,0.04569185,0.09989394,0.22927009,0.00000000,0.00000000,0.04569185,0.00000000,0.00000000,0.00000000,0.00000000,-0.04569185
9862,12,5,True,0.01754361,0.09515435,0.04992231,0.19351044,0.01754361,0.01754361,0.02533344,0.07761074,0.03237869,0.17596683,0.00000000,0.00000000,0.00778983,0.00000000,0.00000000,0.00000000,0.00000000,-0.00778983
11252,13,1,True,0.08663106,0.09957518,0.10607582,0.12571846,0.08663106,0.08663106,0.08663106,0.01294412,0.01944476,0.03908740,0.00000000,0.00000000,0.00000000,0.00000000,0.00000000,0.00000000,0.00000000,0.00000000
1031,1,1,False,2.34275103,0.02763534,4.98767567,0.31262255,0.02763534,0.02763534,0.31262255,-2.31511569,2.64492464,-2.03012848,-2.31511569,-2.31511569,-2.03012848,2.31511664,2.31511664,2.31511569,2.31511569,2.03012848
4627,8,2,True,0.05809947,0.03459326,0.02953516,0.01455722,0.00987596,0.00987596,0.00987596,-0.02350621,-0.02856431,-0.04354225,-0.04822351,-0.04822351,-0.04822351,0.05880387,0.05880387,0.04822351,0.04822351,0.04822351
12274,14,1,True,0.20733474,0.18861035,0.21099000,0.19210026,0.18861035,0.18861035,0.18861035,-0.01872440,0.00365525,-0.01523449,-0.01872440,-0.01872440,-0.01872440,0.01872461,0.01872461,0.01872440,0.01872440,0.01872440
5853,8,20,True,0.00125687,0.10871167,0.00018249,0.00841808,0.00017463,0.00017463,0.00017463,0.10745481,-0.00107438,0.00716121,-0.00108224,-0.00108224,-0.00108224,0.00297059,0.00297059,0.00108224,0.00108224,0.00108224
10393,12,7,True,0.07696726,0.22167774,0.07316380,0.22525981,0.04260507,0.04260507,0.04260507,0.14471048,-0.00380346,0.14829254,-0.03436219,-0.03436219,-0.03436219,0.04326592,0.04326592,0.03436219,0.03436219,0.03436219
4844,8,1,True,0.14053607,0.20575927,0.11006694,0.16354449,0.11006694,0.11006694,0.11006694,0.06522320,-0.03046913,0.02300842,-0.03046913,-0.03046913,-0.03046913,0.03046924,0.03046924,0.03046913,0.03046913,0.03046913
8010,9,8,False,1.70477712,3.23345184,3.30683470,4.96733618,1.50298250,1.50298250,1.50298285,1.52867472,1.60205758,3.26255894,-0.20179462,-0.20179462,-0.20179427,0.20208609,0.20208609,0.20179462,0.20179462,0.20179427
8829,12,1,True,0.06662795,0.12053949,0.20063557,0.27092075,0.06662795,0.06662795,0.12053949,0.05391154,0.13400762,0.20429280,0.00000000,0.00000000,0.05391154,0.00000000,0.00000000,0.00000000,0.00000000,-0.05391154
9997,12,8,True,0.07147057,0.44596151,0.61722863,1.07385254,0.05205124,0.05205124,0.05205124,0.37449092,0.54575807,1.00238192,-0.01941933,-0.01941933,-0.01941933,0.02632415,0.02632415,0.01941933,0.01941933,0.01941933
11787,13,4,True,0.01454689,0.14592054,0.02701476,0.20026535,0.01439520,0.01485912,0.01439508,0.13137366,0.01246788,0.18571846,-0.00015169,0.00031223,-0.00015181,0.00015181,-0.00031223,0.00015169,-0.00031223,0.00015181
617,0,1,False,4.18834066,2.01029062,4.29075336,2.10282135,2.01029062,2.01029062,2.01029062,-2.17805004,0.10241270,-2.08551931,-2.17805004,-2.17805004,-2.17805004,2.17804909,2.17804909,2.17805004,2.17805004,2.17805004
10702,12,67,True,0.00115661,0.11556211,0.00496488,0.16610825,0.00097859,0.00097859,0.00097859,0.11440550,0.00380827,0.16495164,-0.00017803,-0.00017803,-0.00017803,0.00019504,0.00019504,0.00017803,0.00017803,0.00017803
15342,18,4,True,0.48302752,2.67604756,0.43412900,2.50374317,0.43412900,0.41265604,0.43412900,2.19302011,-0.04889852,2.02071571,-0.04889852,-0.07037148,-0.04889852,0.07366133,0.07227546,0.04889852,0.07037148,0.04889852
14564,16,2,False,3.61325264,3.64381218,2.71887374,2.76049614,2.68320251,2.68320251,2.68320251,0.03055954,-0.89437890,-0.85275650,-0.93005013,-0.93005013,-0.93005013,0.97621584,0.97621584,0.93005013,0.93005013,0.93005013
10806,13,7,True,0.00086068,0.02323590,0.00063316,0.01573422,0.00056311,0.00056311,0.00056311,0.02237522,-0.00022752,0.01487354,-0.00029757,-0.00029757,-0.00029757,0.00036627,0.00036627,0.00029757,0.00029757,0.00029757
5574,8,1,True,0.25801381,0.96802551,0.19222538,0.72510809,0.19222538,0.19222538,0.19222538,0.71001172,-0.06578843,0.46709427,-0.06578843,-0.06578843,-0.06578843,0.06578857,0.06578857,0.06578843,0.06578843,0.06578843
16197,17,7,True,0.01001028,0.55061293,0.01663774,0.90513802,0.00719906,0.00719906,0.02872836,0.54060262,0.00662746,0.89512771,-0.00281122,-0.00281122,0.01871808,0.00319983,0.00319983,0.00281122,0.00281122,-0.01871808
14362,16,13,True,0.46575952,2.60768032,0.54622507,2.51999998,0.41398895,0.41398895,0.41398895,2.14192080,0.08046556,2.05424047,-0.05177057,-0.05177057,-0.05177057,0.12740931,0.12740931,0.05177057,0.05177057,0.05177057
867,1,8,False,2.16436553,3.27304578,2.63987947,3.75363541,1.51370406,1.51370406,1.51370406,1.10868025,0.47551394,1.58926988,-0.65066147,-0.65066147,-0.65066147,0.67558455,0.67558455,0.65066147,0.65066147,0.65066147
8797,12,6,True,0.03748077,0.07555320,0.32977799,0.15832545,0.04126566,0.04126566,0.04126566,0.03807243,0.29229721,0.12084468,0.00378489,0.00378489,0.00378489,0.02460030,0.02460030,-0.00378489,-0.00378489,-0.00378489
842,1,1,True,0.00062732,0.02583019,0.00043240,0.02437748,0.00043240,0.00062732,0.02437748,0.02520287,-0.00019492,0.02375016,-0.00019492,0.00000000,0.02375016,0.00019492,0.00000000,0.00019492,0.00000000,-0.02375016
11539,13,13,True,0.00292742,1.03753877,0.00189923,0.36192065,0.00179701,0.00179701,0.00179701,1.03461134,-0.00102820,0.35899323,-0.00113041,-0.00113041,-0.00113041,0.00300414,0.00300414,0.00113041,0.00113041,0.00113041
488,1,1,True,0.00009953,0.00065996,0.00030882,0.00200262,0.00009953,0.00009953,0.00065996,0.00056043,0.00020929,0.00190308,0.00000000,0.00000000,0.00056043,0.00000000,0.00000000,0.00000000,0.00000000,-0.00056043
10005,12,1,True,0.05717580,0.05371347,0.06241626,0.06027484,0.05371347,0.05717580,0.05371347,-0.00346233,0.00524046,0.00309904,-0.00346233,0.00000000,-0.00346233,0.00346233,0.00000000,0.00346233,0.00000000,0.00346233
3940,7,29,True,0.11241909,1.73689163,0.12744661,1.67791164,0.06450773,0.06450784,0.06450773,1.62447250,0.01502752,1.56549251,-0.04791136,-0.04791125,-0.04791136,0.05980066,0.05980066,0.04791136,0.04791125,0.04791136
2609,3,7,True,0.13863181,0.07572485,1.78059828,1.33120680,0.04509496,0.04509485,0.04509485,-0.06290696,1.64196646,1.19257498,-0.09353684,-0.09353696,-0.09353696,0.13129090,0.13129090,0.09353684,0.09353696,0.09353696
2649,4,2,False,6.58561134,7.06522083,5.57121277,6.04582167,5.57121277,5.57121277,5.57121277,0.47960949,-1.01439857,-0.53978968,-1.01439857,-1.01439857,-1.01439857,1.01502275,1.01502275,1.01439857,1.01439857,1.01439857
7752,11,2,True,0.17256175,0.14706829,0.17854239,0.14967848,0.14523315,0.14706829,0.14523315,-0.02549346,0.00598064,-0.02288327,-0.02732860,-0.02549346,-0.02732860,0.02685849,0.02675600,0.02732860,0.02549346,0.02732860
7470,9,4,False,3.64854550,4.36078501,3.16878295,3.77193666,2.99316692,2.99316692,2.99316692,0.71223950,-0.47976255,0.12339115,-0.65537858,-0.65537858,-0.65537858,0.69232798,0.69232798,0.65537858,0.65537858,0.65537858
12016,13,9,True,0.00720652,0.03401547,0.01409069,0.03904953,0.00559917,0.00559917,0.00559917,0.02680895,0.00688418,0.03184301,-0.00160735,-0.00160735,-0.00160735,0.00174759,0.00174759,0.00160735,0.00160735,0.00160735
4266,7,3,True,0.71619660,1.06983995,0.56713605,0.87583244,0.52776110,0.52776110,0.52776110,0.35364336,-0.14906055,0.15963584,-0.18843549,-0.18843549,-0.18843549,0.21261472,0.21261472,0.18843549,0.18843549,0.18843549
9372,12,13,False,1.49271500,1.63386583,2.43690729,2.38931322,1.17268705,1.17268705,1.17268705,0.14115083,0.94419229,0.89659822,-0.32002795,-0.32002795,-0.32002795,0.38506472,0.38506472,0.32002795,0.32002795,0.32002795
11045,13,5,True,0.07619056,0.97402215,0.29204145,1.15023065,0.07619056,0.07666875,0.07619056,0.89783156,0.21585089,1.07404006,0.00000000,0.00047819,0.00000000,0.00000000,-0.00142863,0.00000000,-0.00047819,0.00000000
6301,8,2,True,0.02826365,0.11344577,0.02153000,0.08544219,0.02153000,0.02153000,0.02153000,0.08518212,-0.00673365,0.05717854,-0.00673365,-0.00673365,-0.00673365,0.00716172,0.00716172,0.00673365,0.00673365,0.00673365
14333,15,2,True,0.52351105,0.69871920,0.60179424,0.86600816,0.52351105,0.52351105,0.56323171,0.17520815,0.07828319,0.34249711,0.00000000,0.00000000,0.03972065,0.00000000,0.00000000,0.00000000,0.00000000,-0.03972065
16448,19,1,True,0.00937205,0.31116229,0.00781041,0.14112641,0.00781041,0.00781041,0.14112641,0.30179024,-0.00156164,0.13175437,-0.00156164,-0.00156164,0.13175437,0.00156164,0.00156164,0.00156164,0.00156164,-0.13175437
10232,12,1,True,0.62783486,0.66247368,0.69344956,0.72872281,0.62783486,0.62783486,0.62783486,0.03463882,0.06561470,0.10088795,0.00000000,0.00000000,0.00000000,0.00000000,0.00000000,0.00000000,0.00000000,0.00000000
11013,13,19,True,0.07722066,0.56326741,0.30173415,0.86395037,0.02725318,0.02725318,0.02725306,0.48604676,0.22451350,0.78672969,-0.04996748,-0.04996748,-0.04996759,0.07119729,0.07119729,0.04996748,0.04996748,0.04996759
83,1,2,True,0.13445185,0.42636150,0.14680164,0.44168913,0.13445185,0.13445185,0.13445185,0.29190964,0.01234978,0.30723727,0.00000000,0.00000000,0.00000000,0.00000000,0.00000000,0.00000000,0.00000000,0.00000000
6095,7,20,True,0.18490222,1.37901402,0.14576724,1.07234466,0.11378956,0.11339532,0.11378945,1.19411182,-0.03913498,0.88744247,-0.07111266,-0.07150690,-0.07111277,0.09000359,0.08997466,0.07111266,0.07150690,0.07111277
16578,17,30,True,0.00013935,0.12364143,0.00093095,0.53072745,0.00004709,0.00004172,0.00007903,0.12350208,0.00079160,0.53058809,-0.00009226,-0.00009762,-0.00006031,0.00018570,0.00018558,0.00009226,0.00009762,0.00006031
11271,13,1,True,0.05443986,0.06025846,0.06444592,0.07298085,0.05443986,0.05443986,0.05443986,0.00581859,0.01000606,0.01854099,0.00000000,0.00000000,0.00000000,0.00000000,0.00000000,0.00000000,0.00000000,0.00000000
1076,1,26,True,0.00002563,0.40332389,0.00040118,0.60359299,0.00002205,0.00002217,0.00010406,0.40329826,0.00037555,0.60356736,-0.00000358,-0.00000346,0.00007843,0.00000608,0.00000608,0.00000358,0.00000346,-0.00007843
141,1,8,True,0.00000024,0.00013589,0.00000095,0.00048685,0.00000060,0.00000012,0.00000048,0.00013565,0.00000072,0.00048661,0.00000036,-0.00000012,0.00000024,0.00000024,0.00000024,-0.00000036,0.00000012,-0.00000024
6864,9,1,True,0.00121674,0.00225064,0.00162529,0.00296142,0.00121674,0.00121674,0.00121674,0.00103390,0.00040855,0.00174467,0.00000000,0.00000000,0.00000000,0.00000000,0.00000000,0.00000000,0.00000000,0.00000000
3289,5,2,True,0.04522270,0.99362022,0.38862351,1.42687821,0.04522270,0.04522270,0.12998766,0.94839752,0.34340081,1.38165557,0.00000000,0.00000000,0.08476496,0.00000000,0.00000000,0.00000000,0.00000000,-0.08476496
6821,11,1,True,0.19318523,0.22044703,0.19550097,0.22245829,0.19318523,0.19318523,0.19318523,0.02726181,0.00231574,0.02927306,0.00000000,0.00000000,0.00000000,0.00000000,0.00000000,0.00000000,0.00000000,0.00000000
4861,7,2,True,0.25038624,2.49945617,0.24144730,2.52496099,0.23552567,0.25038624,0.23552567,2.24906993,-0.00893894,2.27457476,-0.01486057,0.00000000,-0.01486057,0.01486146,0.00000000,0.01486057,0.00000000,0.01486057
2968,3,2,False,1.33038568,0.38931614,2.69772410,0.92315304,0.38931614,0.38931614,0.38931614,-0.94106954,1.36733842,-0.40723264,-0.94106954,-0.94106954,-0.94106954,1.28620934,1.28620934,0.94106954,0.94106954,0.94106954
10113,12,4,True,0.01232001,0.07243946,0.07520971,0.41139761,0.01232001,0.01232001,0.02094940,0.06011945,0.06288970,0.39907759,0.00000000,0.00000000,0.00862939,0.00000000,0.00000000,0.00000000,0.00000000,-0.00862939
10982,13,11,True,0.00093095,0.06161304,0.00098764,0.03910834,0.00077897,0.00068617,0.00071202,0.06068209,0.00005669,0.03817739,-0.00015198,-0.00024478,-0.00021893,0.00054728,0.00053478,0.00015198,0.00024478,0.00021893
7095,9,4,False,5.35373545,1.43485260,6.64419794,2.35206127,1.45075107,1.45075107,1.45075107,-3.91888285,1.29046249,-3.00167418,-3.90298438,-3.90298438,-3.90298438,4.57077980,4.57077980,3.90298438,3.90298438,3.90298438
12261,14,22,True,0.12134808,0.07796182,0.25514570,0.21242461,0.03062796,0.03062796,0.03062796,-0.04338625,0.13379762,0.09107653,-0.09072012,-0.09072012,-0.09072012,0.24239396,0.24239397,0.09072012,0.09072012,0.09072012
15794,17,1,True,0.34065697,0.43677068,0.35575330,0.43319973,0.34065697,0.34065697,0.34065697,0.09611371,0.01509634,0.09254277,0.00000000,0.00000000,0.00000000,0.00000000,0.00000000,0.00000000,0.00000000,0.00000000
6705,11,2,True,0.73900378,0.74996161,0.75424069,0.76718116,0.73042506,0.73042506,0.73042506,0.01095784,0.01523691,0.02817738,-0.00857872,-0.00857872,-0.00857872,0.00857848,0.00857848,0.00857872,0.00857872,0.00857872
7434,9,44,True,0.00205496,0.23855665,0.33779627,1.25181556,0.00087092,0.00081172,0.00087092,0.23650169,0.33574131,1.24976063,-0.00118404,-0.00124324,-0.00118404,0.00242150,0.00241484,0.00118404,0.00124324,0.00118404
14135,15,6,True,0.00027879,0.03537371,0.00079815,0.08665773,0.00027879,0.00027879,0.00191481,0.03509492,0.00051935,0.08637894,0.00000000,0.00000000,0.00163602,0.00000000,0.00000000,0.00000000,0.00000000,-0.00163602
14389,16,2,True,0.49228057,1.21530449,0.74339992,1.62452650,0.49228057,0.49228057,0.49228057,0.72302389,0.25111935,1.13224590,0.00000000,0.00000000,0.00000000,0.00000000,0.00000000,0.00000000,0.00000000,0.00000000
13739,15,1,False,1.70226896,1.90119958,1.71310246,1.91197944,1.70226896,1.70226896,1.70226896,0.19893062,0.01083350,0.20971048,0.00000000,0.00000000,0.00000000,0.00000000,0.00000000,0.00000000,0.00000000,0.00000000
11525,13,27,True,0.00002503,0.01853363,0.00008166,0.02718729,0.00002456,0.00002456,0.00002456,0.01850859,0.00005662,0.02716225,-0.00000048,-0.00000048,-0.00000048,0.00000060,0.00000048,0.00000048,0.00000048,0.00000048
8844,12,5,True,0.03474434,0.07088339,0.07536361,0.13459961,0.03208848,0.03208848,0.03208848,0.03613906,0.04061928,0.09985527,-0.00265586,-0.00265586,-0.00265586,0.00265574,0.00265574,0.00265586,0.00265586,0.00265586
9555,12,1,True,0.05849814,0.08090882,0.07830150,0.10786240,0.05849814,0.05849814,0.05849814,0.02241068,0.01980337,0.04936426,0.00000000,0.00000000,0.00000000,0.00000000,0.00000000,0.00000000,0.00000000,0.00000000
16422,17,4,True,0.00653701,1.00698113,0.02067514,0.73795003,0.00566307,0.00705809,0.00939661,1.00044417,0.01413814,0.73141301,-0.00087394,0.00052109,0.00285961,0.00063573,0.00012527,0.00087394,-0.00052109,-0.00285961
4161,8,1,False,4.57871675,4.58444166,4.53935051,4.54536772,4.53935051,4.53935051,4.53935051,0.00572491,-0.03936625,-0.03334904,-0.03936625,-0.03936625,-0.03936625,0.03936625,0.03936625,0.03936625,0.03936625,0.03936625
12233,14,8,True,0.00477970,0.08653223,0.00165695,0.03709661,0.00158232,0.00158232,0.00158232,0.08175253,-0.00312275,0.03231691,-0.00319738,-0.00319738,-0.00319738,0.00501545,0.00501545,0.00319738,0.00319738,0.00319738
2567,5,2,False,1.21781218,2.07763600,1.70148730,2.60900903,1.21781218,1.21781218,1.23800826,0.85982382,0.48367512,1.39119685,0.00000000,0.00000000,0.02019608,0.00000000,0.00000000,0.00000000,0.00000000,-0.02019608
5851,8,3,True,0.01723597,0.08048896,0.01294730,0.05812388,0.01294730,0.01294730,0.01294730,0.06325300,-0.00428866,0.04088791,-0.00428866,-0.00428866,-0.00428866,0.00497385,0.00497385,0.00428866,0.00428866,0.00428866
11543,13,16,True,0.00033147,0.23426531,0.00017975,0.05614557,0.00016986,0.00016986,0.00016986,0.23393385,-0.00015171,0.05581411,-0.00016161,-0.00016161,-0.00016161,0.00041627,0.00041627,0.00016161,0.00016161,0.00016161
12822,14,2,True,1.25864017,1.90399146,1.35107160,1.89200127,1.20253098,1.20253098,1.20253098,0.64535129,0.09243143,0.63336110,-0.05610919,-0.05610919,-0.05610919,0.05610955,0.05610955,0.05610919,0.05610919,0.05610919
6439,11,2,True,0.24201524,0.25229368,0.24573214,0.25577432,0.23581395,0.23581395,0.23581395,0.01027843,0.00371690,0.01375908,-0.00620130,-0.00620130,-0.00620130,0.00620119,0.00620119,0.00620130,0.00620130,0.00620130
13671,15,14,True,0.02662923,0.61917710,0.01684911,0.36184719,0.01221368,0.01221368,0.01221368,0.59254789,-0.00978012,0.33521795,-0.01441555,-0.01441555,-0.01441555,0.02019236,0.02019236,0.01441555,0.01441555,0.01441555
16715,17,5,True,0.78426534,1.75386596,0.62334567,1.37121451,0.45355147,0.52804357,0.51385897,0.96960062,-0.16091967,0.58694917,-0.33071387,-0.25622177,-0.27040637,0.39820838,0.31852365,0.33071387,0.25622177,0.27040637
15147,19,1,True,0.09701344,0.27540287,0.10326689,0.25446233,0.09701344,0.10326689,0.09701344,0.17838943,0.00625345,0.15744889,0.00000000,0.00625345,0.00000000,0.00000000,-0.00625302,0.00000000,-0.00625345,0.00000000
8658,12,4,True,0.18203774,0.31246635,1.78983510,1.84357786,0.10350533,0.10350533,0.10350533,0.13042861,1.60779738,1.66154015,-0.07853241,-0.07853241,-0.07853241,0.09068252,0.09068252,0.07853241,0.07853241,0.07853241
12955,14,1,False,4.12289238,3.71190429,2.17217088,1.91495788,1.91495788,2.17217088,1.91495788,-0.41098809,-1.95072150,-2.20793438,-2.20793438,-1.95072150,-2.20793438,2.20793438,1.95072353,2.20793438,1.95072150,2.20793438
12594,14,3,False,1.59547710,2.91850996,1.13091040,2.00383377,1.13091040,1.13091040,1.13091040,1.32303286,-0.46456671,0.40835667,-0.46456671,-0.46456671,-0.46456671,0.55008435,0.55008435,0.46456671,0.46456671,0.46456671
12577,14,1,True,0.04511604,0.04182418,0.04594355,0.04265351,0.04182418,0.04182418,0.04182418,-0.00329186,0.00082751,-0.00246254,-0.00329186,-0.00329186,-0.00329186,0.00329186,0.00329186,0.00329186,0.00329186,0.00329186
4698,8,1,True,1.05083001,1.22087133,0.88973188,0.99797386,0.88973188,0.88973188,0.88973188,0.17004132,-0.16109812,-0.05285615,-0.16109812,-0.16109812,-0.16109812,0.16109967,0.16109967,0.16109812,0.16109812,0.16109812
4463,8,9,True,0.00031574,0.01592782,0.00021193,0.00674282,0.00021193,0.00021193,0.00021193,0.01561209,-0.00010380,0.00642708,-0.00010380,-0.00010380,-0.00010380,0.00024776,0.00024776,0.00010380,0.00010380,0.00010380
4366,7,19,True,0.03857628,0.61457688,0.04476798,0.53721601,0.03569458,0.03571529,0.03472960,0.57600057,0.00619170,0.49863973,-0.00288169,-0.00286099,-0.00384668,0.00391267,0.00377598,0.00288169,0.00286099,0.00384668
11145,13,2,True,0.65294611,2.82351780,0.79387426,2.90045023,0.65294611,0.66994733,0.65294611,2.17057180,0.14092815,2.24750423,0.00000000,0.01700121,0.00000000,0.00000000,-0.01700175,0.00000000,-0.01700121,0.00000000
4286,8,2,True,0.12982602,0.29232931,0.10642590,0.21032746,0.10642590,0.10642590,0.10642590,0.16250329,-0.02340012,0.08050144,-0.02340012,-0.02340012,-0.02340012,0.03038599,0.03038599,0.02340012,0.02340012,0.02340012
9157,12,1,True,0.01891071,0.02479737,0.03015892,0.03831887,0.01891071,0.01891071,0.01891071,0.00588666,0.01124821,0.01940815,0.00000000,0.00000000,0.00000000,0.00000000,0.00000000,0.00000000,0.00000000,0.00000000
11181,13,1,False,3.64982486,3.28947306,3.76071048,3.44609380,3.28947306,3.64982486,3.28947306,-0.36035180,0.11088562,-0.20373106,-0.36035180,0.00000000,-0.36035180,0.36035490,0.00000000,0.36035180,0.00000000,0.36035180
11885,13,1,True,0.02979149,0.03973326,0.03166263,0.04213133,0.02979149,0.02979149,0.02979149,0.00994177,0.00187113,0.01233984,0.00000000,0.00000000,0.00000000,0.00000000,0.00000000,0.00000000,0.00000000,0.00000000
16142,17,1,True,0.00411663,0.04145404,0.00501007,0.05889574,0.00411663,0.00411663,0.04145404,0.03733741,0.00089344,0.05477911,0.00000000,0.00000000,0.03733741,0.00000000,0.00000000,0.00000000,0.00000000,-0.03733741
1994,3,11,False,2.79561162,0.03618058,7.93333006,1.98117507,0.02508643,0.02508643,0.02508643,-2.75943112,5.13771820,-0.81443655,-2.77052522,-2.77052522,-2.77052522,5.96584511,5.96584511,2.77052522,2.77052522,2.77052522
2619,3,1,True,0.04826387,0.15500379,0.34331334,1.15656078,0.04826387,0.04826387,0.15500379,0.10673992,0.29504946,1.10829687,0.00000000,0.00000000,0.10673992,0.00000000,0.00000000,0.00000000,0.00000000,-0.10673992
14114,15,16,True,0.02625098,0.61044168,0.06313088,0.87866157,0.01932542,0.01932542,0.02051247,0.58419073,0.03687990,0.85241061,-0.00692556,-0.00692556,-0.00573851,0.00795896,0.00795896,0.00692556,0.00692556,0.00573851
6703,10,10,True,0.00227586,0.04531430,0.00319304,0.06005483,0.00224386,0.00224386,0.00224386,0.04303845,0.00091719,0.05777898,-0.00003199,-0.00003199,-0.00003199,0.00003199,0.00003199,0.00003199,0.00003199,0.00003199
1298,1,1,True,0.00239122,0.06733210,0.00446062,0.10454377,0.00239122,0.00239122,0.06733210,0.06494088,0.00206940,0.10215255,0.00000000,0.00000000,0.06494088,0.00000000,0.00000000,0.00000000,0.00000000,-0.06494088
2447,5,1,True,0.22940594,0.63683414,0.32727152,0.75679791,0.22940594,0.22940594,0.22940594,0.40742821,0.09786558,0.52739197,0.00000000,0.00000000,0.00000000,0.00000000,0.00000000,0.00000000,0.00000000,0.00000000
10401,12,1,True,0.02151437,0.04258805,0.02657723,0.05109422,0.02151437,0.02151437,0.02151437,0.02107368,0.00506286,0.02957985,0.00000000,0.00000000,0.00000000,0.00000000,0.00000000,0.00000000,0.00000000,0.00000000
14823,16,13,True,0.14503807,0.19707377,0.35123467,0.41400620,0.09020228,0.09020228,0.09020228,0.05203570,0.20619661,0.26896814,-0.05483579,-0.05483579,-0.05483579,0.06388380,0.06388380,0.05483579,0.05483579,0.05483579
5988,7,16,True,0.09467776,1.71989393,0.09855231,1.57811856,0.05071129,0.05071129,0.05174068,1.62521613,0.00387455,1.48344076,-0.04396647,-0.04396647,-0.04293709,0.05315144,0.05315144,0.04396647,0.04396647,0.04293709
6203,8,4,True,1.31419611,1.77019346,1.12309170,1.55101883,1.05263448,1.05263448,1.05263448,0.45599735,-0.19110441,0.23682272,-0.26156163,-0.26156163,-0.26156163,0.27585876,0.27585876,0.26156163,0.26156163,0.26156163
8170,10,5,True,0.00002456,0.01503317,0.00006461,0.04051956,0.00002456,0.00002456,0.00005329,0.01500861,0.00004005,0.04049500,0.00000000,0.00000000,0.00002873,0.00000000,0.00000000,0.00000000,0.00000000,-0.00002873
2165,3,7,False,1.10525870,0.15513302,5.19182110,2.67113566,0.14329205,0.22697759,0.14329205,-0.95012569,4.08656216,1.56587696,-0.96196663,-0.87828112,-0.96196663,1.49909902,1.46086335,0.96196663,0.87828112,0.96196663
13909,16,1,True,0.63461208,0.46371418,0.70743555,0.51093984,0.46371418,0.46371418,0.46371418,-0.17089790,0.07282346,-0.12367225,-0.17089790,-0.17089790,-0.17089790,0.17089784,0.17089784,0.17089790,0.17089790,0.17089790
8616,12,3,False,4.34118128,1.97971678,3.17937422,1.36039448,0.90241110,0.90241110,0.90241110,-2.36146450,-1.16180706,-2.98078680,-3.43877029,-3.43877029,-3.43877029,3.72880697,3.72880697,3.43877029,3.43877029,3.43877029
5251,8,1,True,0.00953371,0.00898320,0.00861819,0.00850330,0.00850330,0.00861819,0.00850330,-0.00055051,-0.00091552,-0.00103041,-0.00103041,-0.00091552,-0.00103041,0.00103053,0.00091564,0.00103041,0.00091552,0.00103041
16320,17,4,False,1.47332287,2.03193188,1.58580613,2.17891455,1.37379825,1.37379825,1.37379825,0.55860901,0.11248326,0.70559168,-0.09952462,-0.09952462,-0.09952462,0.10304761,0.10304761,0.09952462,0.09952462,0.09952462
6473,11,3,True,0.64193028,0.81175685,0.90451705,0.98710632,0.52942818,0.52942818,0.52942818,0.16982657,0.26258677,0.34517604,-0.11250210,-0.11250210,-0.11250210,0.11250246,0.11250246,0.11250210,0.11250210,0.11250210
3376,5,8,False,1.29989862,0.71708947,2.54242826,1.60909605,0.43542904,0.43542904,0.43542904,-0.58280915,1.24252963,0.30919743,-0.86446959,-0.86446959,-0.86446959,1.37078190,1.37078190,0.86446959,0.86446959,0.86446959
12608,14,1,True,0.01684594,0.01577036,0.01717199,0.01609371,0.01577036,0.01577036,0.01577036,-0.00107558,0.00032605,-0.00075223,-0.00107558,-0.00107558,-0.00107558,0.00107558,0.00107558,0.00107558,0.00107558,0.00107558
2484,3,1,True,0.03472614,0.01678639,0.18957306,0.08650774,0.01678639,0.01678639,0.03472614,-0.01793975,0.15484692,0.05178159,-0.01793975,-0.01793975,0.00000000,0.01793963,0.01793963,0.01793975,0.01793975,0.00000000
1595,1,1,True,0.01086510,0.00516023,0.01682742,0.00808999,0.00516023,0.00516023,0.00516023,-0.00570487,0.00596232,-0.00277511,-0.00570487,-0.00570487,-0.00570487,0.00570487,0.00570487,0.00570487,0.00570487,0.00570487
5337,7,1,True,0.21853079,0.61291879,0.21832487,0.59289813,0.21832487,0.21853079,0.21832487,0.39438802,-0.00020592,0.37436736,-0.00020592,0.00000000,-0.00020592,0.00020647,0.00000000,0.00020592,0.00000000,0.00020592
12226,14,9,True,0.97927368,0.37934539,1.42464459,0.15609497,0.02783512,0.02783512,0.02783512,-0.59992826,0.44537091,-0.82317871,-0.95143855,-0.95143855,-0.95143855,2.70582652,2.70582676,0.95143855,0.95143855,0.95143855
4278,8,2,True,1.17629516,1.36663377,1.15065300,1.33819652,1.14538908,1.14538908,1.14538908,0.19033861,-0.02564216,0.16190135,-0.03090608,-0.03090608,-0.03090608,0.03028166,0.03028166,0.03090608,0.03090608,0.03090608
8198,9,11,True,0.00002456,0.00097478,0.00012707,0.00355826,0.00002062,0.00002062,0.00002062,0.00095022,0.00010251,0.00353370,-0.00000393,-0.00000393,-0.00000393,0.00000393,0.00000393,0.00000393,0.00000393,0.00000393
12926,14,3,True,0.00174584,0.01501813,0.00268861,0.02360749,0.00174584,0.00174584,0.00198287,0.01327229,0.00094276,0.02186164,0.00000000,0.00000000,0.00023702,0.00000000,0.00000000,0.00000000,0.00000000,-0.00023702
14559,16,10,True,1.21389878,2.38935137,1.98720932,2.71450257,0.85825050,0.86381280,0.85825044,1.17545259,0.77331054,1.50060380,-0.35564828,-0.35008597,-0.35564834,0.49936533,0.49660718,0.35564828,0.35008597,0.35564834
1389,1,1,True,0.48238155,1.46491551,0.45287150,1.43411541,0.45287150,0.48238155,0.45287150,0.98253393,-0.02951005,0.95173383,-0.02951005,0.00000000,-0.02951005,0.02951157,0.00000000,0.02951005,0.00000000,0.02951005
7396,9,2,False,1.76853776,1.81662250,0.95423204,0.69885480,0.69885480,0.71860218,0.69885480,0.04808474,-0.81430572,-1.06968296,-1.06968296,-1.04993558,-1.06968296,1.30216789,1.18495214,1.06968296,1.04993558,1.06968296
5394,7,2,False,3.09216762,3.37325525,3.12124777,3.39993620,3.09216762,3.09216762,3.09216762,0.28108764,0.02908015,0.30776858,0.00000000,0.00000000,0.00000000,0.00000000,0.00000000,0.00000000,0.00000000,0.00000000
1341,1,2,True,0.00098252,0.00181236,0.00568808,0.01122800,0.00066115,0.00066115,0.00181236,0.00082985,0.00470556,0.01024548,-0.00032136,-0.00032136,0.00082985,0.00032136,0.00032136,0.00032136,0.00032136,-0.00082985
15090,17,5,True,0.01411091,0.51212996,0.03109170,0.49364293,0.00823129,0.00823129,0.02354974,0.49801904,0.01698079,0.47953200,-0.00587962,-0.00587962,0.00943883,0.00679801,0.00679801,0.00587962,0.00587962,-0.00943883
10158,12,2,True,0.10845918,0.18304792,0.16655219,0.27664900,0.10845918,0.10845918,0.10845918,0.07458874,0.05809300,0.16818982,0.00000000,0.00000000,0.00000000,0.00000000,0.00000000,0.00000000,0.00000000,0.00000000
10164,12,4,True,0.03464347,0.26684716,0.04971963,0.31166083,0.03464347,0.03464347,0.03464347,0.23220369,0.01507616,0.27701735,0.00000000,0.00000000,0.00000000,0.00000000,0.00000000,0.00000000,0.00000000,0.00000000
1532,1,1,True,0.01243175,0.01347071,0.02491354,0.02437445,0.01243175,0.01243175,0.01347071,0.00103896,0.01248179,0.01194270,0.00000000,0.00000000,0.00103896,0.00000000,0.00000000,0.00000000,0.00000000,-0.00103896
5646,8,15,False,1.00478125,0.59378839,0.07724902,0.05078200,0.01269898,0.01269898,0.01269898,-0.41099286,-0.92753220,-0.95399928,-0.99208230,-0.99208230,-0.99208230,2.91766024,2.91766024,0.99208230,0.99208230,0.99208230
9639,12,28,True,0.00064876,0.00798380,0.00279512,0.03396846,0.00052307,0.00050079,0.00052307,0.00733503,0.00214636,0.03331970,-0.00012569,-0.00014797,-0.00012569,0.00019181,0.00017239,0.00012569,0.00014797,0.00012569
15621,17,3,True,0.19092634,1.08088565,0.11341596,0.60231978,0.11341596,0.10665052,0.11341596,0.88995934,-0.07751038,0.41139343,-0.07751038,-0.08427583,-0.07751038,0.10215498,0.09220815,0.07751038,0.08427583,0.07751038
9811,12,3,True,1.06415939,0.62552768,2.92445135,2.30355453,0.62552768,1.01184058,0.62552768,-0.43863171,1.86029196,1.23939514,-0.43863171,-0.05231881,-0.43863171,0.53006101,0.06096482,0.43863171,0.05231881,0.43863171
10900,13,18,True,0.00087569,0.75879019,0.00284755,0.80228144,0.00087318,0.00087318,0.00087318,0.75791448,0.00197186,0.80140573,-0.00000250,-0.00000250,-0.00000250,0.00000250,0.00000250,0.00000250,0.00000250,0.00000250
3334,5,1,False,3.64110923,2.82017279,4.45062828,3.59725261,2.82017279,2.82017279,2.82017279,-0.82093644,0.80951905,-0.04385662,-0.82093644,-0.82093644,-0.82093644,0.82093573,0.82093573,0.82093644,0.82093644,0.82093644
4121,8,1,True,0.05925522,0.07278224,0.04908685,0.06076688,0.04908685,0.04908685,0.04908685,0.01352702,-0.01016837,0.00151166,-0.01016837,-0.01016837,-0.01016837,0.01016825,0.01016825,0.01016837,0.01016837,0.01016837
4308,7,15,True,0.00393878,0.12594751,0.00593092,0.12019166,0.00380043,0.00380043,0.00380043,0.12200873,0.00199215,0.11625288,-0.00013834,-0.00013834,-0.00013834,0.00016007,0.00016007,0.00013834,0.00013834,0.00013834
6069,7,1,True,0.05337268,0.48524413,0.07026842,0.55047554,0.05337268,0.05337268,0.48524413,0.43187144,0.01689574,0.49710286,0.00000000,0.00000000,0.43187144,0.00000000,0.00000000,0.00000000,0.00000000,-0.43187144
16411,17,8,True,0.00823247,0.26728681,0.03399254,0.32038540,0.00671120,0.00671120,0.01104208,0.25905433,0.02576008,0.31215292,-0.00152126,-0.00152126,0.00280961,0.00159800,0.00159800,0.00152126,0.00152126,-0.00280961
2769,3,6,True,0.27528232,0.20805919,1.00381207,0.66852051,0.19036302,0.19036302,0.19036302,-0.06722313,0.72852975,0.39323819,-0.08491930,-0.08491930,-0.08491930,0.25814113,0.25814113,0.08491930,0.08491930,0.08491930
13197,15,5,True,0.00524028,0.42807570,0.01192276,0.79238832,0.00524028,0.00524028,0.00808692,0.42283544,0.00668249,0.78714806,0.00000000,0.00000000,0.00284664,0.00000000,0.00000000,0.00000000,0.00000000,-0.00284664
582,1,1,True,0.05278608,0.15709978,0.27122775,0.61844659,0.05278608,0.05278608,0.15709978,0.10431370,0.21844167,0.56566048,0.00000000,0.00000000,0.10431370,0.00000000,0.00000000,0.00000000,0.00000000,-0.10431370
14797,15,4,True,0.61050850,0.82729781,0.54112148,0.73607981,0.52849650,0.52849650,0.52849650,0.21678931,-0.06938702,0.12557131,-0.08201200,-0.08201200,-0.08201200,0.08435273,0.08435273,0.08201200,0.08201200,0.08201200
14469,16,12,False,4.71771622,3.90119076,4.28540277,3.48071957,3.10400057,3.10400057,3.10400057,-0.81652546,-0.43231344,-1.23699665,-1.61371565,-1.61371565,-1.61371565,1.75405931,1.75405931,1.61371565,1.61371565,1.61371565
5629,7,15,True,0.11627499,0.59842044,0.33085164,1.06062663,0.07669481,0.07669481,0.07669492,0.48214546,0.21457666,0.94435161,-0.03958018,-0.03958018,-0.03958007,0.04493111,0.04493111,0.03958018,0.03958018,0.03958007
11315,13,3,True,0.51463503,1.95812166,0.58832657,1.71757305,0.44230106,0.44230106,0.44230106,1.44348669,0.07369155,1.20293808,-0.07233396,-0.07233396,-0.07233396,0.09008652,0.09008652,0.07233396,0.07233396,0.07233396
1482,1,3,True,0.32866511,0.39698502,0.91281801,0.91414469,0.18366012,0.18366012,0.18366012,0.06831992,0.58415294,0.58547962,-0.14500499,-0.14500499,-0.14500499,0.16487241,0.16487241,0.14500499,0.14500499,0.14500499
8243,10,7,True,0.00082780,0.01831115,0.00123306,0.02741337,0.00082780,0.00082780,0.00082780,0.01748334,0.00040525,0.02658557,0.00000000,0.00000000,0.00000000,0.00000000,0.00000000,0.00000000,0.00000000,0.00000000
4610,7,15,True,0.00334561,0.13972585,0.00510579,0.13693006,0.00320754,0.00320754,0.00385933,0.13638024,0.00176018,0.13358445,-0.00013807,-0.00013807,0.00051373,0.00108980,0.00108980,0.00013807,0.00013807,-0.00051373
1805,1,3,True,0.00024959,0.00481031,0.00058467,0.01140904,0.00024959,0.00024959,0.00148782,0.00456072,0.00033508,0.01115945,0.00000000,0.00000000,0.00123822,0.00000000,0.00000000,0.00000000,0.00000000,-0.00123822
12809,14,6,True,0.07897391,0.20489952,0.03725064,0.13525479,0.03566364,0.03566375,0.03566375,0.12592560,-0.04172327,0.05628087,-0.04331027,-0.04331016,-0.04331016,0.06569564,0.06569564,0.04331027,0.04331016,0.04331016
14012,16,7,True,0.09659976,0.32608756,0.28185424,0.71493858,0.08358457,0.08358457,0.08358457,0.22948781,0.18525448,0.61833882,-0.01301519,-0.01301519,-0.01301519,0.01355583,0.01355583,0.01301519,0.01301519,0.01301519
2128,5,10,True,0.35984907,0.55665290,1.06354105,1.45939744,0.32751468,0.32751468,0.32751468,0.19680384,0.70369196,1.09954834,-0.03233439,-0.03233439,-0.03233439,0.03528383,0.03528383,0.03233439,0.03233439,0.03233439
8679,12,4,True,0.77005959,1.01281321,1.36889720,1.66287732,0.77005959,0.77005959,0.77005959,0.24275362,0.59883761,0.89281774,0.00000000,0.00000000,0.00000000,0.00000000,0.00000000,0.00000000,0.00000000,0.00000000
4002,7,3,True,0.78491569,1.10554075,0.77751380,1.00586486,0.70216984,0.70216984,0.70216984,0.32062507,-0.00740188,0.22094917,-0.08274585,-0.08274585,-0.08274585,0.12010568,0.12010568,0.08274585,0.08274585,0.08274585
1296,1,2,True,0.00595166,0.08044431,0.01826737,0.10169931,0.00595166,0.00595166,0.05276697,0.07449265,0.01231571,0.09574765,0.00000000,0.00000000,0.04681531,0.00000000,0.00000000,0.00000000,0.00000000,-0.04681531
5934,8,1,False,1.16871703,2.56004572,0.93563217,2.24704981,0.93563217,0.93563217,0.93563217,1.39132869,-0.23308486,1.07833278,-0.23308486,-0.23308486,-0.23308486,0.23308229,0.23308229,0.23308486,0.23308486,0.23308486
14340,15,10,True,0.00827137,0.67357254,0.01842596,0.84413069,0.00538209,0.00538209,0.00840862,0.66530120,0.01015460,0.83585930,-0.00288927,-0.00288927,0.00013725,0.00315295,0.00315295,0.00288927,0.00288927,-0.00013725
8210,9,15,True,0.00454239,0.16613136,0.00565951,0.14171878,0.00565951,0.00565951,0.00565951,0.16158897,0.00111712,0.13717638,0.00111712,0.00111712,0.00111712,0.00234883,0.00234883,-0.00111712,-0.00111712,-0.00111712
6438,9,1,True,0.13630728,0.10387770,0.09852336,0.08298855,0.08298855,0.13630728,0.08298855,-0.03242958,-0.03778393,-0.05331873,-0.05331873,0.00000000,-0.05331873,0.05331884,0.00000000,0.05331873,0.00000000,0.05331873
6553,10,1,True,0.00700399,0.01219566,0.00784944,0.01340966,0.00700399,0.00700399,0.00700399,0.00519167,0.00084545,0.00640567,0.00000000,0.00000000,0.00000000,0.00000000,0.00000000,0.00000000,0.00000000,0.00000000
2919,5,1,True,0.04614438,0.04755889,0.10632376,0.06510559,0.04614438,0.04614438,0.06510559,0.00141452,0.06017939,0.01896121,0.00000000,0.00000000,0.01896121,0.00000000,0.00000000,0.00000000,0.00000000,-0.01896121
3597,5,1,False,1.87980139,1.76029563,2.14155149,2.03385019,1.76029563,1.76029563,1.76029563,-0.11950576,0.26175010,0.15404880,-0.11950576,-0.11950576,-0.11950576,0.11950672,0.11950672,0.11950576,0.11950576,0.11950576
11224,13,16,True,0.00525676,0.21576558,0.03132464,0.26965228,0.00251347,0.00251347,0.00251347,0.21050882,0.02606788,0.26439551,-0.00274329,-0.00274329,-0.00274329,0.00325567,0.00325567,0.00274329,0.00274329,0.00274329
3578,3,7,False,0.80396897,0.50947547,2.02811742,1.59067285,0.43174058,0.43174058,0.43174058,-0.29449350,1.22414851,0.78670388,-0.37222838,-0.37222838,-0.37222838,0.58919150,0.58919150,0.37222838,0.37222838,0.37222838
7141,11,1,True,0.66833276,0.56927973,0.58873862,0.49681425,0.49681425,0.49681425,0.49681425,-0.09905303,-0.07959414,-0.17151850,-0.17151850,-0.17151850,-0.17151850,0.17151874,0.17151874,0.17151850,0.17151850,0.17151850
45,1,5,True,0.00000238,0.00091094,0.00003910,0.00360054,0.00000238,0.00000238,0.00001168,0.00090856,0.00003672,0.00359816,0.00000000,0.00000000,0.00000930,0.00000000,0.00000000,0.00000000,0.00000000,-0.00000930
11578,13,8,True,0.00176036,0.65647644,0.00409906,0.55005038,0.00076551,0.00076551,0.00107886,0.65471607,0.00233870,0.54829001,-0.00099486,-0.00099486,-0.00068151,0.00107393,0.00107393,0.00099486,0.00099486,0.00068151
12198,14,4,True,0.08048731,0.13774629,0.12458319,0.17452981,0.11676590,0.08048731,0.11676601,0.05725898,0.04409588,0.09404249,0.03627859,0.00000000,0.03627869,0.02033248,0.00000000,-0.03627859,0.00000000,-0.03627869
9056,12,3,True,0.01655051,0.14748004,0.02250431,0.18396355,0.01595223,0.01595223,0.01675791,0.13092953,0.00595380,0.16741304,-0.00059828,-0.00059828,0.00020740,0.00059817,0.00059817,0.00059828,0.00059828,-0.00020740
8321,9,2,True,0.14689787,0.28499153,0.17007545,0.32502520,0.14689787,0.14689787,0.14689787,0.13809367,0.02317758,0.17812733,0.00000000,0.00000000,0.00000000,0.00000000,0.00000000,0.00000000,0.00000000,0.00000000
306,1,2,True,0.00071953,0.00078588,0.00732179,0.00623709,0.00039784,0.00039784,0.00078588,0.00006635,0.00660226,0.00551756,-0.00032169,-0.00032169,0.00006635,0.00032169,0.00032169,0.00032169,0.00032169,-0.00006635
5849,8,2,True,0.07585072,0.60527802,0.03551282,0.29429811,0.03551282,0.03551282,0.04690984,0.52942729,-0.04033790,0.21844739,-0.04033790,-0.04033790,-0.02894088,0.04817798,0.04817798,0.04033790,0.04033790,0.02894088
15558,17,5,True,0.01925269,0.62061590,0.11380445,0.94603473,0.01294213,0.01335697,0.05638188,0.60136318,0.09455176,0.92678201,-0.00631057,-0.00589572,0.03712919,0.00631057,0.00589572,0.00631057,0.00589572,-0.03712919
2847,3,2,True,0.12734775,0.04937521,1.71930766,0.97512454,0.04937521,0.04937521,0.12565023,-0.07797255,1.59195995,0.84777677,-0.07797255,-0.07797255,-0.00169753,0.07861508,0.07861508,0.07797255,0.07797255,0.00169753
33,1,10,False,2.15112448,0.79216087,4.40659952,2.41007352,0.54319108,0.54319108,0.54319108,-1.35896361,2.25547504,0.25894904,-1.60793340,-1.60793340,-1.60793340,2.11753321,2.11753321,1.60793340,1.60793340,1.60793340
14129,16,55,True,0.00130020,0.04044606,0.03255742,0.16228904,0.00073811,0.00073811,0.00073811,0.03914586,0.03125722,0.16098884,-0.00056209,-0.00056209,-0.00056209,0.00085688,0.00085688,0.00056209,0.00056209,0.00056209
3839,5,22,False,1.07362378,0.40615755,1.84862792,0.87440050,0.27255678,0.27255687,0.27255687,-0.66746622,0.77500415,-0.19922328,-0.80106699,-0.80106688,-0.80106688,1.76005411,1.76005375,0.80106699,0.80106688,0.80106688
483,1,4,True,0.00038890,0.00420531,0.00299672,0.00783087,0.00020121,0.00020121,0.00061672,0.00381641,0.00260781,0.00744197,-0.00018770,-0.00018770,0.00022781,0.00020950,0.00020950,0.00018770,0.00018770,-0.00022781
10052,12,75,False,4.14439297,5.73859262,5.79190111,1.36727905,0.38098991,0.38098934,0.38098991,1.59419966,1.64750814,-2.77711391,-3.76340294,-3.76340365,-3.76340294,9.66556358,9.66556358,3.76340294,3.76340365,3.76340294
2655,3,1,False,1.58532965,1.68093574,1.81864250,1.92015123,1.58532965,1.58532965,1.58532965,0.09560609,0.23331285,0.33482158,0.00000000,0.00000000,0.00000000,0.00000000,0.00000000,0.00000000,0.00000000,0.00000000
13336,15,22,True,0.00376053,0.20556527,0.01003624,0.41104662,0.00376053,0.00376053,0.00376053,0.20180474,0.00627571,0.40728611,0.00000000,0.00000000,0.00000000,0.00000000,0.00000000,0.00000000,0.00000000,0.00000000
9029,12,1,False,5.53145504,4.78473759,4.45708370,4.41217422,4.41217422,5.53145504,4.41217422,-0.74671745,-1.07437134,-1.11928082,-1.11928082,0.00000000,-1.11928082,1.11927938,0.00000000,1.11928082,0.00000000,1.11928082
16525,17,2,False,2.05464172,2.63277221,2.45053077,2.14445806,1.89272809,1.89272809,1.89272809,0.57813048,0.39588904,0.08981633,-0.16191363,-0.16191363,-0.16191363,0.16191506,0.16191506,0.16191363,0.16191363,0.16191363
1867,1,3,True,0.00478836,0.02982968,0.00888880,0.05013185,0.00478836,0.00478836,0.00478836,0.02504132,0.00410043,0.04534349,0.00000000,0.00000000,0.00000000,0.00000000,0.00000000,0.00000000,0.00000000,0.00000000
11331,13,6,True,0.06998925,0.25832129,0.08025631,0.26157779,0.06797449,0.06572385,0.06797449,0.18833204,0.01026706,0.19158854,-0.00201476,-0.00426540,-0.00201476,0.00559414,0.00528131,0.00201476,0.00426540,0.00201476
5041,8,1,True,0.09034344,0.13656054,0.08470424,0.12803780,0.08470424,0.08470424,0.08470424,0.04621711,-0.00563920,0.03769436,-0.00563920,-0.00563920,-0.00563920,0.00563941,0.00563941,0.00563920,0.00563920,0.00563920
8410,12,7,True,0.01979349,0.07626335,0.07476622,0.28341106,0.01892346,0.01352140,0.01892346,0.05646986,0.05497273,0.26361758,-0.00087003,-0.00627210,-0.00087003,0.00840662,0.00800660,0.00087003,0.00627210,0.00087003
12109,13,2,True,0.00002384,0.01015012,0.00004673,0.00952580,0.00002336,0.00002336,0.00299684,0.01012628,0.00002289,0.00950196,-0.00000048,-0.00000048,0.00297300,0.00000048,0.00000048,0.00000048,0.00000048,-0.00297300
16290,17,11,True,0.02155788,0.42008537,0.01719976,0.17799260,0.01318498,0.01258538,0.01531379,0.39852747,-0.00435812,0.15643471,-0.00837290,-0.00897250,-0.00624410,0.01376269,0.01375663,0.00837290,0.00897250,0.00624410
14567,16,4,True,0.22798763,1.01581287,0.32788989,1.23782611,0.22466466,0.22466466,0.22844763,0.78782523,0.09990226,1.00983846,-0.00332297,-0.00332297,0.00046000,0.00332308,0.00332308,0.00332297,0.00332297,-0.00046000
12864,14,1,False,2.65890765,2.67509222,2.60759592,2.64822721,2.60759592,2.60759592,2.65890765,0.01618457,-0.05131173,-0.01068044,-0.05131173,-0.05131173,0.00000000,0.05131149,0.05131149,0.05131173,0.05131173,0.00000000
2568,4,16,True,1.08716297,3.85305595,1.11109447,2.96817303,0.79109460,0.81581360,0.79109472,2.76589298,0.02393150,1.88101006,-0.29606837,-0.27134937,-0.29606825,0.56788933,0.56766629,0.29606837,0.27134937,0.29606825
16388,19,2,True,0.13784070,1.20443392,0.09620084,0.70224589,0.09620084,0.09620084,0.10049178,1.06659317,-0.04163986,0.56440520,-0.04163986,-0.04163986,-0.03734892,0.06224665,0.06224665,0.04163986,0.04163986,0.03734892
4862,7,1,False,1.35938787,1.17228127,1.27528226,1.11749363,1.11749363,1.11749363,1.11749363,-0.18710661,-0.08410561,-0.24189425,-0.24189425,-0.24189425,-0.24189425,0.24189544,0.24189544,0.24189425,0.24189425,0.24189425
13767,16,61,True,0.02800472,1.76920843,0.34914115,1.89927197,0.01347859,0.01528514,0.01347859,1.74120367,0.32113642,1.87126720,-0.01452614,-0.01271958,-0.01452614,0.02910897,0.02902239,0.01452614,0.01271958,0.01452614
14556,16,19,True,0.19231704,0.36858931,0.70786321,0.83298469,0.05344693,0.05344693,0.05344693,0.17627227,0.51554620,0.64066768,-0.13887012,-0.13887012,-0.13887012,0.23711625,0.23711625,0.13887012,0.13887012,0.13887012
1456,1,6,True,0.00003588,0.00099824,0.00341713,0.01920358,0.00002778,0.00002778,0.00009036,0.00096236,0.00338125,0.01916770,-0.00000811,-0.00000811,0.00005448,0.00000823,0.00000823,0.00000811,0.00000811,-0.00005448
8254,11,5,True,0.02824256,0.15623650,0.01871113,0.05341483,0.01871113,0.01871113,0.01871113,0.12799394,-0.00953143,0.02517228,-0.00953143,-0.00953143,-0.00953143,0.02049374,0.02049374,0.00953143,0.00953143,0.00953143
11481,13,2,True,0.86299354,2.31195736,1.08582544,2.60317135,0.86299354,0.86299354,0.86299354,1.44896388,0.22283190,1.74017787,0.00000000,0.00000000,0.00000000,0.00000000,0.00000000,0.00000000,0.00000000,0.00000000
15962,17,8,True,0.06649021,0.68365699,0.28204623,1.08788633,0.05590166,0.05590166,0.06444547,0.61716676,0.21555603,1.02139616,-0.01058855,-0.01058855,-0.00204474,0.01155396,0.01155396,0.01058855,0.01058855,0.00204474
6444,9,2,True,0.43748644,0.67357904,1.38294768,1.52794814,0.29131079,0.29131079,0.29131079,0.23609260,0.94546127,1.09046173,-0.14617565,-0.14617565,-0.14617565,0.14617580,0.14617580,0.14617565,0.14617565,0.14617565
9014,12,11,True,0.00392750,0.02285496,0.02204870,0.05323423,0.00392750,0.00392750,0.00392750,0.01892747,0.01812120,0.04930673,0.00000000,0.00000000,0.00000000,0.00000000,0.00000000,0.00000000,0.00000000,0.00000000
4120,8,4,True,0.01244211,0.01178458,0.01062262,0.00984126,0.00848912,0.00848912,0.00848912,-0.00065753,-0.00181949,-0.00260085,-0.00395299,-0.00395299,-0.00395299,0.00561892,0.00561892,0.00395299,0.00395299,0.00395299
10110,12,18,True,0.37729910,0.17909467,1.63215852,0.41489944,0.08044178,0.08044178,0.08044178,-0.19820443,1.25485945,0.03760034,-0.29685733,-0.29685733,-0.29685733,0.84278595,0.84278595,0.29685733,0.29685733,0.29685733
12082,13,12,True,0.13385673,0.25893715,0.23879093,0.35106769,0.04820264,0.04820264,0.04820264,0.12508042,0.10493420,0.21721096,-0.08565409,-0.08565409,-0.08565409,0.12094605,0.12094605,0.08565409,0.08565409,0.08565409
785,1,2,True,0.02062470,0.04339882,0.04285099,0.08953685,0.02062470,0.02062470,0.02410090,0.02277412,0.02222630,0.06891215,0.00000000,0.00000000,0.00347621,0.00000000,0.00000000,0.00000000,0.00000000,-0.00347621
14992,16,16,True,0.01988371,0.06947004,0.09010381,0.20940907,0.01386381,0.01386381,0.01386381,0.04958633,0.07022009,0.18952537,-0.00601990,-0.00601990,-0.00601990,0.00691543,0.00691543,0.00601990,0.00601990,0.00601990
3986,7,10,True,0.01373730,0.18048687,0.01459294,0.16417128,0.01232519,0.01232519,0.01232519,0.16674957,0.00085564,0.15043397,-0.00141211,-0.00141211,-0.00141211,0.00145571,0.00145571,0.00141211,0.00141211,0.00141211
2999,3,1,True,0.34047127,0.31614092,0.56182671,0.52750945,0.31614092,0.31614092,0.31614092,-0.02433035,0.22135544,0.18703818,-0.02433035,-0.02433035,-0.02433035,0.02432948,0.02432948,0.02433035,0.02433035,0.02433035
15591,17,2,True,0.12373223,0.50555295,0.21002564,0.77744436,0.12373223,0.12373223,0.17775062,0.38182071,0.08629341,0.65371215,0.00000000,0.00000000,0.05401839,0.00000000,0.00000000,0.00000000,0.00000000,-0.05401839
13859,16,1,False,2.92159867,5.43396902,1.43250275,3.61325598,1.43250275,1.43250275,1.43250275,2.51237035,-1.48909593,0.69165730,-1.48909593,-1.48909593,-1.48909593,1.48909450,1.48909450,1.48909593,1.48909593,1.48909593
11048,13,5,True,0.00318294,0.06771573,0.00606565,0.07560238,0.00316726,0.00315252,0.00316726,0.06453279,0.00288271,0.07241944,-0.00001569,-0.00003042,-0.00001569,0.00001569,0.00000986,0.00001569,0.00003042,0.00001569
10771,13,25,True,0.00004744,0.05032390,0.00005793,0.01901809,0.00002253,0.00002563,0.00002575,0.05027646,0.00001049,0.01897065,-0.00002491,-0.00002181,-0.00002170,0.00004673,0.00004661,0.00002491,0.00002181,0.00002170
12545,14,2,True,0.41478536,0.63111329,0.51343536,0.76609510,0.41478536,0.41478536,0.41478536,0.21632794,0.09865001,0.35130975,0.00000000,0.00000000,0.00000000,0.00000000,0.00000000,0.00000000,0.00000000,0.00000000
13347,16,17,True,0.66406882,1.27618182,1.10622740,1.87398481,0.37256461,0.37256461,0.37256461,0.61211300,0.44215858,1.20991600,-0.29150420,-0.29150420,-0.29150420,0.36648875,0.36648875,0.29150420,0.29150420,0.29150420
11332,13,15,True,0.00046433,0.92958540,0.00018309,0.25222468,0.00018309,0.00018309,0.00018309,0.92912108,-0.00028124,0.25176036,-0.00028124,-0.00028124,-0.00028124,0.00079431,0.00079431,0.00028124,0.00028124,0.00028124
4018,8,3,True,0.77220714,0.90930301,0.70042741,0.82360798,0.69392914,0.69392914,0.69392914,0.13709587,-0.07177973,0.05140084,-0.07827801,-0.07827801,-0.07827801,0.07826829,0.07826829,0.07827801,0.07827801,0.07827801
10954,13,16,True,0.00267458,0.16467270,0.02048070,0.14638343,0.00133032,0.00133021,0.00133032,0.16199812,0.01780613,0.14370885,-0.00134425,-0.00134437,-0.00134425,0.00220906,0.00220906,0.00134425,0.00134437,0.00134425
6417,9,1,True,0.24199970,0.28258017,0.13252957,0.24079894,0.13252957,0.24199970,0.13252957,0.04058047,-0.10947013,-0.00120077,-0.10947013,0.00000000,-0.10947013,0.10947040,0.00000000,0.10947013,0.00000000,0.10947013
12301,14,27,True,0.14078215,0.22668959,0.05650559,0.10874514,0.05850050,0.05850050,0.05850050,0.08590744,-0.08427656,-0.03203700,-0.08228165,-0.08228165,-0.08228165,0.14977214,0.14977214,0.08228165,0.08228165,0.08228165
3637,5,24,True,0.51900887,0.35536951,1.43455529,1.20978475,0.11963166,0.11963166,0.11963166,-0.16363937,0.91554642,0.69077587,-0.39937723,-0.39937723,-0.39937723,0.71750140,0.71750134,0.39937723,0.39937723,0.39937723
12927,14,3,True,0.00186222,0.02317370,0.00289355,0.03381139,0.00186222,0.00186222,0.00221638,0.02131148,0.00103133,0.03194917,0.00000000,0.00000000,0.00035416,0.00000000,0.00000000,0.00000000,0.00000000,-0.00035416
5840,8,1,True,0.06105682,0.11182915,0.05762514,0.10498036,0.05762514,0.05762514,0.05762514,0.05077232,-0.00343168,0.04392354,-0.00343168,-0.00343168,-0.00343168,0.00343168,0.00343168,0.00343168,0.00343168,0.00343168
7347,9,17,True,0.00019382,0.00866369,0.00129151,0.02568555,0.00008034,0.00008034,0.00008034,0.00846987,0.00109770,0.02549173,-0.00011347,-0.00011347,-0.00011347,0.00011347,0.00011347,0.00011347,0.00011347,0.00011347
12560,14,8,True,0.81795442,2.00641203,0.80122340,2.00646234,0.66694635,0.66294038,0.66694635,1.18845761,-0.01673102,1.18850791,-0.15100807,-0.15501404,-0.15100807,0.16066307,0.16035599,0.15100807,0.15501404,0.15100807
9475,12,1,False,1.26987076,1.79130733,0.99228323,1.26984799,0.99228323,0.99228323,0.99228323,0.52143657,-0.27758753,-0.00002277,-0.27758753,-0.27758753,-0.27758753,0.27758777,0.27758777,0.27758753,0.27758753,0.27758753
12647,14,4,False,3.89918184,3.20301747,3.75267768,3.05501103,3.05501103,3.05501103,3.05501103,-0.69616437,-0.14650416,-0.84417081,-0.84417081,-0.84417081,-0.84417081,0.92832661,0.92832661,0.84417081,0.84417081,0.84417081
12686,14,1,True,0.57693523,0.56592673,0.26971772,0.43195066,0.26971772,0.26971772,0.26971772,-0.01100850,-0.30721751,-0.14498457,-0.30721751,-0.30721751,-0.30721751,0.30721849,0.30721849,0.30721751,0.30721751,0.30721751
8634,12,3,True,0.01768089,0.06181970,0.07581767,0.17065474,0.01768089,0.01768089,0.03468331,0.04413881,0.05813678,0.15297386,0.00000000,0.00000000,0.01700242,0.00000000,0.00000000,0.00000000,0.00000000,-0.01700242
6074,8,1,False,1.58399224,2.09108734,1.52644742,2.02854943,1.52644742,1.52644742,1.52644742,0.50709510,-0.05754483,0.44455719,-0.05754483,-0.05754483,-0.05754483,0.05754328,0.05754328,0.05754483,0.05754483,0.05754483
8067,9,1,False,1.12146485,1.13216305,0.79931992,0.92876655,0.79931992,1.12146485,0.79931992,0.01069820,-0.32214493,-0.19269830,-0.32214493,0.00000000,-0.32214493,0.32214445,0.00000000,0.32214493,0.00000000,0.32214493
4226,7,6,True,0.12206496,0.17862435,0.10587938,0.15900168,0.04255652,0.04255652,0.04255652,0.05655938,-0.01618558,0.03693672,-0.07950844,-0.07950844,-0.07950844,0.11631299,0.11631299,0.07950844,0.07950844,0.07950844
5496,8,2,False,1.03746295,0.92296743,0.72927189,0.66883206,0.47079903,0.47079903,0.47079903,-0.11449552,-0.30819106,-0.36863089,-0.56666392,-0.56666392,-0.56666392,0.56666440,0.56666440,0.56666392,0.56666392,0.56666392
8391,12,5,True,0.01640745,0.03377474,0.12079138,0.13754228,0.01312839,0.01312839,0.01312839,0.01736729,0.10438392,0.12113483,-0.00327906,-0.00327906,-0.00327906,0.00632652,0.00632652,0.00327906,0.00327906,0.00327906
8090,10,2,True,0.01444478,0.08190002,0.01686798,0.09957054,0.01444478,0.01444478,0.01686798,0.06745524,0.00242320,0.08512576,0.00000000,0.00000000,0.00242320,0.00000000,0.00000000,0.00000000,0.00000000,-0.00242320
7230,11,2,False,2.09691811,2.11021614,2.11748934,2.13085842,2.05863237,2.05863237,2.05863237,0.01329803,0.02057123,0.03394032,-0.03828573,-0.03828573,-0.03828573,0.03828621,0.03828621,0.03828573,0.03828573,0.03828573
15103,19,1,True,0.08723332,0.53939283,0.17283235,0.60731149,0.08723332,0.08723332,0.53939283,0.45215952,0.08559904,0.52007818,0.00000000,0.00000000,0.45215952,0.00000000,0.00000000,0.00000000,0.00000000,-0.45215952
5359,8,1,True,0.02838961,0.04395935,0.02837443,0.04395365,0.02837443,0.02838961,0.02837443,0.01556974,-0.00001518,0.01556404,-0.00001518,0.00000000,-0.00001518,0.00001518,0.00000000,0.00001518,0.00000000,0.00001518
4263,7,11,True,0.93076384,1.67607474,1.17803824,1.83685899,0.70998502,0.70998502,0.70998502,0.74531090,0.24727440,0.90609515,-0.22077882,-0.22077882,-0.22077882,0.28288484,0.28288484,0.22077882,0.22077882,0.22077882
10655,12,2,True,0.56714940,0.13136177,0.46408066,0.10646502,0.10646502,0.10321239,0.10646502,-0.43578762,-0.10306874,-0.46068439,-0.46068439,-0.46393701,-0.46068439,0.62306488,0.62276340,0.46068439,0.46393701,0.46068439
2519,5,19,False,2.02824759,1.77036965,3.08818007,2.02821159,0.20086369,0.20086369,0.20086358,-0.25787795,1.05993247,-0.00003600,-1.82738388,-1.82738388,-1.82738400,3.48870969,3.48870969,1.82738388,1.82738388,1.82738400
12818,14,6,True,0.29715288,0.48161882,0.79885703,0.96699023,0.12183883,0.12183883,0.12183893,0.18446594,0.50170416,0.66983736,-0.17531404,-0.17531404,-0.17531395,0.20637630,0.20637630,0.17531404,0.17531404,0.17531395
13313,16,3,True,0.25698379,1.06243896,0.40308988,1.35064936,0.25459182,0.25459182,0.25459182,0.80545521,0.14610609,1.09366560,-0.00239196,-0.00239196,-0.00239196,0.00239170,0.00239170,0.00239196,0.00239196,0.00239196
8956,12,1,True,0.07004071,0.07441349,0.09630088,0.10085354,0.07004071,0.07004071,0.07004071,0.00437278,0.02626017,0.03081283,0.00000000,0.00000000,0.00000000,0.00000000,0.00000000,0.00000000,0.00000000,0.00000000
4209,8,6,True,0.01686388,0.17214696,0.02714877,0.15492752,0.01656915,0.01748048,0.01656915,0.15528308,0.01028489,0.13806364,-0.00029472,0.00061660,-0.00029472,0.00026623,-0.00008852,0.00029472,-0.00061660,0.00029472
699,1,1,True,0.00451925,0.00777658,0.00934382,0.01643806,0.00451925,0.00451925,0.00777658,0.00325733,0.00482457,0.01191881,0.00000000,0.00000000,0.00325733,0.00000000,0.00000000,0.00000000,0.00000000,-0.00325733
4509,7,44,True,0.00002789,0.03343643,0.00003409,0.01536661,0.00001860,0.00001800,0.00001800,0.03340853,0.00000620,0.01533872,-0.00000930,-0.00000989,-0.00000989,0.00003052,0.00003052,0.00000930,0.00000989,0.00000989
5617,8,1,True,0.15384313,0.22328211,0.14513871,0.21006110,0.14513871,0.14513871,0.14513871,0.06943898,-0.00870442,0.05621797,-0.00870442,-0.00870442,-0.00870442,0.00870474,0.00870474,0.00870442,0.00870442,0.00870442
10720,12,1,True,0.06783516,0.11915380,0.10652461,0.17504138,0.06783516,0.06783516,0.06783516,0.05131864,0.03868945,0.10720622,0.00000000,0.00000000,0.00000000,0.00000000,0.00000000,0.00000000,0.00000000,0.00000000
11750,13,4,True,0.00795955,0.14657979,0.01087996,0.15961526,0.00796133,0.00790515,0.06479547,0.13862023,0.00292041,0.15165570,0.00000177,-0.00005440,0.05683592,0.00006434,0.00005440,-0.00000177,0.00005440,-0.05683592
4191,8,3,True,1.19924855,1.82510483,0.87912905,1.43267834,0.87378156,0.87378156,0.87378156,0.62585628,-0.32011950,0.23342979,-0.32546699,-0.32546699,-0.32546699,0.33027446,0.33027446,0.32546699,0.32546699,0.32546699
15317,17,3,False,3.47766948,3.79667330,2.95416522,3.18814516,2.29025269,2.29025269,2.29025269,0.31900382,-0.52350426,-0.28952432,-1.18741679,-1.18741679,-1.18741679,1.19858050,1.19858050,1.18741679,1.18741679,1.18741679
14215,15,19,True,0.00251061,0.15956466,0.00419688,0.17781129,0.00221793,0.00221793,0.00238218,0.15705405,0.00168627,0.17530069,-0.00029268,-0.00029268,-0.00012843,0.00031121,0.00031121,0.00029268,0.00029268,0.00012843
13410,15,3,True,0.82239252,2.20751309,1.02677369,2.54007959,0.82239252,0.82239252,0.82239252,1.38512063,0.20438117,1.71768713,0.00000000,0.00000000,0.00000000,0.00000000,0.00000000,0.00000000,0.00000000,0.00000000
12473,14,3,False,1.82107317,1.83106303,2.07045984,1.75843835,1.06144679,1.08562243,1.06144691,0.00998986,0.24938667,-0.06263483,-0.75962639,-0.73545074,-0.75962627,0.75962651,0.73545086,0.75962639,0.73545074,0.75962627
6274,8,2,True,0.01068584,0.04455662,0.00827870,0.03221950,0.00827870,0.00827870,0.00899099,0.03387078,-0.00240715,0.02153366,-0.00240715,-0.00240715,-0.00169485,0.00283175,0.00283175,0.00240715,0.00240715,0.00169485
14764,16,16,True,0.00473734,0.48318550,0.00557131,0.38059613,0.00026223,0.00026223,0.00030668,0.47844815,0.00083397,0.37585878,-0.00447512,-0.00447512,-0.00443067,0.01062210,0.01062210,0.00447512,0.00447512,0.00443067
8460,12,22,True,0.00472453,0.21141312,0.05221272,0.34515280,0.00462308,0.00462308,0.00462308,0.20668858,0.04748819,0.34042826,-0.00010145,-0.00010145,-0.00010145,0.00010750,0.00010750,0.00010145,0.00010145,0.00010145
3113,3,3,True,0.36989674,0.58685690,1.03304112,1.52704442,0.36989674,0.36989674,0.38102567,0.21696016,0.66314435,1.15714765,0.00000000,0.00000000,0.01112893,0.00000000,0.00000000,0.00000000,0.00000000,-0.01112893
8780,12,21,True,0.00053880,0.00865494,0.00937984,0.04210493,0.00045623,0.00045623,0.00045623,0.00811614,0.00884104,0.04156613,-0.00008257,-0.00008257,-0.00008257,0.00009365,0.00009365,0.00008257,0.00008257,0.00008257
8842,12,23,True,0.00115650,0.01315969,0.00283697,0.02934452,0.00101979,0.00101979,0.00101979,0.01200319,0.00168047,0.02818803,-0.00013670,-0.00013670,-0.00013670,0.00014254,0.00014254,0.00013670,0.00013670,0.00013670
16481,17,1,False,2.65503216,2.86993885,2.66609335,2.94269466,2.65503216,2.65503216,2.66609335,0.21490669,0.01106119,0.28766251,0.00000000,0.00000000,0.01106119,0.00000000,0.00000000,0.00000000,0.00000000,-0.01106119
10340,12,29,True,0.01590729,0.30190092,0.06075364,0.68908995,0.01052036,0.01052036,0.01052036,0.28599364,0.04484635,0.67318267,-0.00538693,-0.00538693,-0.00538693,0.00620837,0.00620837,0.00538693,0.00538693,0.00538693
11373,13,5,True,0.01347341,0.34972137,0.01710484,0.37889940,0.01328086,0.01292765,0.01495225,0.33624795,0.00363143,0.36542597,-0.00019255,-0.00054576,0.00147884,0.00077985,0.00075904,0.00019255,0.00054576,-0.00147884
11825,13,4,True,0.01129801,0.15880236,0.09081013,0.45033288,0.00911527,0.00911527,0.08401299,0.14750434,0.07951212,0.43903488,-0.00218274,-0.00218274,0.07271498,0.00218262,0.00218262,0.00218274,0.00218274,-0.07271498
7525,9,2,False,3.82985735,2.15161586,5.61477566,3.55479145,2.15161586,2.15161586,2.15161586,-1.67824149,1.78491831,-0.27506590,-1.67824149,-1.67824149,-1.67824149,1.89625144,1.89625144,1.67824149,1.67824149,1.67824149
3320,5,30,True,0.39196751,0.57915622,1.73677278,1.70538652,0.14372921,0.14144923,0.14372911,0.18718871,1.34480524,1.31341898,-0.24823830,-0.25051826,-0.24823840,0.47261837,0.47259235,0.24823830,0.25051826,0.24823840
1242,1,1,True,0.05665575,0.02827732,0.10184294,0.05135573,0.02827732,0.02827732,0.02827732,-0.02837843,0.04518719,-0.00530003,-0.02837843,-0.02837843,-0.02837843,0.02837843,0.02837843,0.02837843,0.02837843,0.02837843
15320,17,8,True,0.98145539,4.48288488,1.37923265,3.66666412,0.81055194,0.81055194,0.73877746,3.50142956,0.39777726,2.68520880,-0.17090344,-0.17090344,-0.24267793,0.32483304,0.32483304,0.17090344,0.17090344,0.24267793
905,1,2,True,0.00000620,0.00248457,0.00003231,0.01179695,0.00000620,0.00000620,0.00248457,0.00247837,0.00002611,0.01179075,0.00000000,0.00000000,0.00247837,0.00000000,0.00000000,0.00000000,0.00000000,-0.00247837
4204,7,4,True,0.15752240,1.06873846,0.29774812,1.44694102,0.15752240,0.15752240,0.15752240,0.91121608,0.14022572,1.28941858,0.00000000,0.00000000,0.00000000,0.00000000,0.00000000,0.00000000,0.00000000,0.00000000
2737,3,4,True,0.05841099,0.04968209,0.46880376,0.29871365,0.04576866,0.04576866,0.04576866,-0.00872891,0.41039276,0.24030265,-0.01264234,-0.01264234,-0.01264234,0.01669134,0.01669134,0.01264234,0.01264234,0.01264234
4023,8,6,True,0.00178678,0.00383416,0.00149543,0.00310416,0.00149543,0.00149543,0.00149543,0.00204738,-0.00029135,0.00131737,-0.00029135,-0.00029135,-0.00029135,0.00032630,0.00032630,0.00029135,0.00029135,0.00029135
4743,7,10,True,0.08618451,0.60144377,0.12406862,0.66601712,0.08471421,0.08471421,0.08471421,0.51525927,0.03788411,0.57983261,-0.00147030,-0.00147030,-0.00147030,0.00148311,0.00148311,0.00147030,0.00147030,0.00147030
2819,5,1,True,0.25755349,0.42456484,0.46051025,0.75791907,0.25755349,0.25755349,0.25755349,0.16701135,0.20295677,0.50036561,0.00000000,0.00000000,0.00000000,0.00000000,0.00000000,0.00000000,0.00000000,0.00000000
13138,16,1,True,0.00452649,0.14252169,0.09646001,0.58573163,0.00452649,0.00452649,0.58573163,0.13799521,0.09193353,0.58120513,0.00000000,0.00000000,0.58120513,0.00000000,0.00000000,0.00000000,0.00000000,-0.58120513
16455,17,1,False,1.21793163,1.36702871,2.95877004,1.22225308,1.21793163,1.21793163,1.22225308,0.14909708,1.74083841,0.00432146,0.00000000,0.00000000,0.00432146,0.00000000,0.00000000,0.00000000,0.00000000,-0.00432146
10211,12,5,True,0.13932417,0.17137852,0.26145995,0.30337441,0.13283421,0.13283421,0.13283421,0.03205435,0.12213577,0.16405024,-0.00648996,-0.00648996,-0.00648996,0.00919306,0.00919306,0.00648996,0.00648996,0.00648996
1374,0,41,True,0.07243392,0.15285386,1.44237590,0.31694257,0.05115278,0.05115289,0.05115289,0.08041994,1.36994195,0.24450865,-0.02128114,-0.02128103,-0.02128103,0.24262385,0.24262385,0.02128114,0.02128103,0.02128103
10574,12,2,False,4.45545053,2.42774153,4.68492937,2.69804335,2.42774153,2.42774153,2.42774153,-2.02770901,0.22947884,-1.75740719,-2.02770901,-2.02770901,-2.02770901,2.18232465,2.18232465,2.02770901,2.02770901,2.02770901
14994,16,29,True,0.25609162,1.56541133,1.32468534,3.33768773,0.17526379,0.17526379,0.17526379,1.30931973,1.06859374,3.08159614,-0.08082783,-0.08082783,-0.08082783,0.09511189,0.09511189,0.08082783,0.08082783,0.08082783
14202,15,1,True,0.00023172,0.04756469,0.00046540,0.08290111,0.00023172,0.00023172,0.04756469,0.04733298,0.00023369,0.08266939,0.00000000,0.00000000,0.04733298,0.00000000,0.00000000,0.00000000,0.00000000,-0.04733298
9732,12,6,True,0.00310202,0.01858652,0.00644131,0.04036913,0.00245639,0.00245639,0.00245639,0.01548450,0.00333929,0.03726711,-0.00064563,-0.00064563,-0.00064563,0.00064575,0.00064575,0.00064563,0.00064563,0.00064563
11324,13,2,True,0.00616612,0.02413116,0.00661943,0.01974663,0.00555614,0.00517636,0.00577365,0.01796504,0.00045331,0.01358050,-0.00060998,-0.00098977,-0.00039247,0.00089186,0.00085737,0.00060998,0.00098977,0.00039247
12023,13,9,True,0.01620092,0.18225762,0.01443609,0.12973420,0.01044321,0.01044321,0.01044321,0.16605671,-0.00176483,0.11353329,-0.00575771,-0.00575771,-0.00575771,0.00842650,0.00842650,0.00575771,0.00575771,0.00575771
1671,1,4,True,0.00011658,0.00500236,0.00069546,0.01499371,0.00011658,0.00011658,0.00052689,0.00488578,0.00057888,0.01487713,0.00000000,0.00000000,0.00041031,0.00000000,0.00000000,0.00000000,0.00000000,-0.00041031
8834,12,15,True,0.41241685,0.59928071,0.86245352,1.15554118,0.23369314,0.23369314,0.23369314,0.18686387,0.45003667,0.74312437,-0.17872371,-0.17872371,-0.17872371,0.22553086,0.22553086,0.17872371,0.17872371,0.17872371
14916,16,5,False,2.48788238,1.90916991,1.94802356,1.55321300,1.29493070,1.23109722,1.29493070,-0.57871246,-0.53985882,-0.93466938,-1.19295168,-1.25678515,-1.19295168,1.44197917,1.43939137,1.19295168,1.25678515,1.19295168
12268,14,1,True,0.30041927,0.30246261,0.28343755,0.28585446,0.28343755,0.28343755,0.28343755,0.00204334,-0.01698172,-0.01456481,-0.01698172,-0.01698172,-0.01698172,0.01698208,0.01698208,0.01698172,0.01698172,0.01698172
8181,10,24,True,0.00003207,0.11613765,0.00049150,0.26461494,0.00003207,0.00003207,0.00003207,0.11610559,0.00045943,0.26458287,0.00000000,0.00000000,0.00000000,0.00000000,0.00000000,0.00000000,0.00000000,0.00000000
16192,17,2,True,0.25594118,0.62421644,0.39840227,1.09819329,0.23407157,0.25594118,0.39840227,0.36827525,0.14246109,0.84225214,-0.02186961,0.00000000,0.14246109,0.02187054,0.00000000,0.02186961,0.00000000,-0.14246109
3433,5,2,True,0.67962599,0.49787980,1.35988355,0.95053738,0.38653868,0.38653868,0.38653868,-0.18174618,0.68025756,0.27091140,-0.29308730,-0.29308730,-0.29308730,0.29308710,0.29308710,0.29308730,0.29308730,0.29308730
7812,9,2,True,0.04285362,0.03501603,0.07649926,0.05894497,0.03128582,0.03128582,0.03128582,-0.00783759,0.03364564,0.01609135,-0.01156780,-0.01156780,-0.01156780,0.01156792,0.01156792,0.01156780,0.01156780,0.01156780
8070,9,6,False,2.63836193,2.62035680,3.13837862,3.10945368,2.54399490,2.54399490,2.54399490,-0.01800513,0.50001669,0.47109175,-0.09436703,-0.09436703,-0.09436703,0.09846473,0.09846473,0.09436703,0.09436703,0.09436703
3448,3,1,True,0.03385957,0.09445652,0.38882861,0.89792764,0.03385957,0.03385957,0.09445652,0.06059695,0.35496902,0.86406809,0.00000000,0.00000000,0.06059695,0.00000000,0.00000000,0.00000000,0.00000000,-0.06059695
7142,10,9,True,0.06845330,0.50270820,0.07865540,0.56167680,0.06755073,0.06755073,0.06902132,0.43425488,0.01020210,0.49322349,-0.00090256,-0.00090256,0.00056802,0.00122075,0.00122075,0.00090256,0.00090256,-0.00056802
5471,8,1,True,0.00723504,0.01171271,0.00713527,0.01148729,0.00713527,0.00713527,0.00713527,0.00447767,-0.00009977,0.00425225,-0.00009977,-0.00009977,-0.00009977,0.00009977,0.00009977,0.00009977,0.00009977,0.00009977
14112,15,7,True,0.00513165,0.24328035,0.00767308,0.31542236,0.00513165,0.00513165,0.00568926,0.23814870,0.00254143,0.31029072,0.00000000,0.00000000,0.00055762,0.00000000,0.00000000,0.00000000,0.00000000,-0.00055762
2894,4,46,False,4.99167633,10.26195431,2.14982367,4.38288403,1.47908664,1.49167418,1.47908700,5.27027798,-2.84185266,-0.60879230,-3.51258969,-3.50000215,-3.51258945,5.05902767,5.01073122,3.51258969,3.50000215,3.51258945
2823,4,1,True,0.92018831,1.86594510,0.95475972,1.84169042,0.92018831,0.95475972,0.92018831,0.94575679,0.03457141,0.92150211,0.00000000,0.03457141,0.00000000,0.00000000,-0.03457189,0.00000000,-0.03457141,0.00000000
1431,1,1,True,0.00149020,0.05122108,0.00984208,0.21928595,0.00149020,0.00149020,0.05122108,0.04973088,0.00835189,0.21779576,0.00000000,0.00000000,0.04973088,0.00000000,0.00000000,0.00000000,0.00000000,-0.04973088
1496,1,2,True,0.15804030,0.36869434,0.30755439,0.67126912,0.10372598,0.10372598,0.11638970,0.21065404,0.14951409,0.51322883,-0.05431432,-0.05431432,-0.04165060,0.05431430,0.05431430,0.05431432,0.05431432,0.04165060
5011,8,1,True,0.37789008,0.48693532,0.39048013,0.49856144,0.37789008,0.37789008,0.37789008,0.10904524,0.01259005,0.12067136,0.00000000,0.00000000,0.00000000,0.00000000,0.00000000,0.00000000,0.00000000,0.00000000
11633,13,9,True,0.00177762,0.23565546,0.00251454,0.15413144,0.00152793,0.00152793,0.00128270,0.23387784,0.00073692,0.15235382,-0.00024969,-0.00024969,-0.00049491,0.00089009,0.00089009,0.00024969,0.00024969,0.00049491
893,1,5,True,0.00070833,0.00767461,0.00303463,0.01614485,0.00070833,0.00070833,0.00070833,0.00696628,0.00232630,0.01543652,0.00000000,0.00000000,0.00000000,0.00000000,0.00000000,0.00000000,0.00000000,0.00000000
8695,12,5,True,0.00153626,0.02099656,0.00235566,0.03161597,0.00139937,0.00139937,0.00197026,0.01946030,0.00081940,0.03007971,-0.00013689,-0.00013689,0.00043399,0.00013689,0.00013689,0.00013689,0.00013689,-0.00043399
3197,5,1,False,1.08860183,0.67421252,1.03834510,0.80597657,0.67421252,1.08860183,0.67421252,-0.41438931,-0.05025673,-0.28262526,-0.41438931,0.00000000,-0.41438931,0.41438919,0.00000000,0.41438931,0.00000000,0.41438931
2247,3,1,True,0.34154072,0.31600237,0.70970005,0.61709130,0.31600237,0.34154072,0.31600237,-0.02553836,0.36815932,0.27555057,-0.02553836,0.00000000,-0.02553836,0.02553669,0.00000000,0.02553836,0.00000000,0.02553836
11580,13,3,True,0.14049442,1.46388221,0.19736445,1.67180181,0.14049442,0.14049442,0.14049442,1.32338774,0.05687003,1.53130734,0.00000000,0.00000000,0.00000000,0.00000000,0.00000000,0.00000000,0.00000000,0.00000000
10875,13,1,True,0.16891013,0.07493446,0.11959644,0.05416188,0.05416188,0.05416188,0.05416188,-0.09397567,-0.04931369,-0.11474825,-0.11474825,-0.11474825,-0.11474825,0.11474858,0.11474858,0.11474825,0.11474825,0.11474825
7770,9,2,False,4.06961012,3.95350289,3.71804190,3.62375546,3.49871111,3.49871111,3.49871111,-0.11610723,-0.35156822,-0.44585466,-0.57089901,-0.57089901,-0.57089901,0.62737441,0.62737441,0.57089901,0.57089901,0.57089901
12457,14,1,True,0.27347440,0.24127771,0.30608109,0.27328277,0.24127771,0.24127771,0.24127771,-0.03219669,0.03260669,-0.00019163,-0.03219669,-0.03219669,-0.03219669,0.03219704,0.03219704,0.03219669,0.03219669,0.03219669
5901,7,1,True,0.19338125,0.28709695,0.19057487,0.28355399,0.19057487,0.19057487,0.19057487,0.09371570,-0.00280638,0.09017274,-0.00280638,-0.00280638,-0.00280638,0.00280677,0.00280677,0.00280638,0.00280638,0.00280638
11558,13,14,True,0.06175964,1.12400794,0.07618559,0.90297782,0.03137871,0.03137871,0.03137871,1.06224835,0.01442596,0.84121817,-0.03038093,-0.03038093,-0.03038093,0.03848799,0.03848799,0.03038093,0.03038093,0.03038093
7655,10,2,True,0.01721265,0.61621183,0.03057963,0.89171433,0.01693842,0.01721265,0.16168967,0.59899920,0.01336698,0.87450171,-0.00027423,0.00000000,0.14447702,0.00027423,0.00000000,0.00027423,0.00000000,-0.14447702
541,2,5,False,6.50464725,6.06508303,5.38024473,3.98245502,3.41980267,3.41980267,3.41980267,-0.43956423,-1.12440252,-2.52219224,-3.08484459,-3.08484459,-3.08484459,3.48148203,3.48148203,3.08484459,3.08484459,3.08484459
8030,9,1,True,0.05809868,0.21838506,0.03421490,0.13719231,0.03421490,0.03421490,0.03421490,0.16028637,-0.02388378,0.07909362,-0.02388378,-0.02388378,-0.02388378,0.02388401,0.02388401,0.02388378,0.02388378,0.02388378
5065,8,1,True,0.03299927,0.03555619,0.03240002,0.03494846,0.03240002,0.03240002,0.03240002,0.00255692,-0.00059925,0.00194919,-0.00059925,-0.00059925,-0.00059925,0.00059925,0.00059925,0.00059925,0.00059925,0.00059925
9111,12,16,True,0.03609044,0.16654220,0.04940528,0.32489780,0.01767960,0.01767960,0.01767960,0.13045177,0.01331484,0.28880736,-0.01841084,-0.01841084,-0.01841084,0.02356593,0.02356593,0.01841084,0.01841084,0.01841084
7567,9,2,True,0.68745190,1.30388236,0.33092427,0.63516957,0.33092427,0.33092427,0.33092427,0.61643046,-0.35652763,-0.05228233,-0.35652763,-0.35652763,-0.35652763,0.48539689,0.48539689,0.35652763,0.35652763,0.35652763
4099,8,3,True,0.00935008,0.01268497,0.00835105,0.01126241,0.00835105,0.00835105,0.00835105,0.00333489,-0.00099903,0.00191233,-0.00099903,-0.00099903,-0.00099903,0.00103695,0.00103695,0.00099903,0.00099903,0.00099903
10801,13,3,True,0.03055177,0.24133924,0.02346415,0.17477746,0.02346415,0.02346415,0.02346415,0.21078748,-0.00708761,0.14422569,-0.00708761,-0.00708761,-0.00708761,0.00924766,0.00924766,0.00708761,0.00708761,0.00708761
14872,15,7,False,1.44179976,2.13129473,1.92302644,2.57670164,1.15400052,1.15400076,1.15400052,0.68949497,0.48122668,1.13490188,-0.28779924,-0.28779900,-0.28779924,0.30220628,0.30220628,0.28779924,0.28779900,0.28779924
15341,19,10,False,1.65551233,4.35492182,0.19032173,1.62025273,0.14254506,0.14254496,0.14254496,2.69940948,-1.46519065,-0.03525960,-1.51296723,-1.51296735,-1.51296735,2.76954412,2.76954460,1.51296723,1.51296735,1.51296735
10623,12,19,True,0.00924343,0.05693530,0.06119823,0.16115113,0.00366587,0.00366587,0.00366587,0.04769186,0.05195480,0.15190770,-0.00557756,-0.00557756,-0.00557756,0.00821912,0.00821912,0.00557756,0.00557756,0.00557756
9185,12,2,False,2.34520555,2.37886095,2.42579484,2.43812418,2.01504302,2.01504302,2.01504302,0.03365541,0.08058929,0.09291863,-0.33016253,-0.33016253,-0.33016253,0.33016610,0.33016610,0.33016253,0.33016253,0.33016253
5580,7,19,True,0.00877111,0.93684798,0.00673418,0.31148082,0.00513402,0.00513402,0.00513402,0.92807686,-0.00203693,0.30270970,-0.00363709,-0.00363709,-0.00363709,0.01295030,0.01295030,0.00363709,0.00363709,0.00363709
292,1,6,True,0.00115626,0.01974978,0.00272879,0.06405108,0.00094393,0.00094393,0.00543924,0.01859352,0.00157253,0.06289482,-0.00021233,-0.00021233,0.00428299,0.00021233,0.00021233,0.00021233,0.00021233,-0.00428299
3475,5,1,False,2.31813741,1.71178102,3.16654253,2.46814632,1.71178102,1.71178102,1.71178102,-0.60635638,0.84840512,0.15000892,-0.60635638,-0.60635638,-0.60635638,0.60635662,0.60635662,0.60635638,0.60635638,0.60635638
6077,8,12,True,0.01439637,0.60557979,0.00308169,0.14174463,0.00278169,0.00278169,0.00278169,0.59118342,-0.01131468,0.12734826,-0.01161468,-0.01161468,-0.01161468,0.02185003,0.02185003,0.01161468,0.01161468,0.01161468
2327,4,6,False,1.95250869,3.33200336,1.68131793,2.93759203,1.68131793,1.68506527,1.68131793,1.37949467,-0.27119076,0.98508334,-0.27119076,-0.26744342,-0.27119076,0.28881741,0.28731143,0.27119076,0.26744342,0.27119076
2778,5,5,True,0.07571313,0.11831272,0.22040649,0.35925746,0.05448581,0.05448581,0.05448581,0.04259959,0.14469336,0.28354433,-0.02122732,-0.02122732,-0.02122732,0.02185857,0.02185857,0.02122732,0.02122732,0.02122732
1170,1,2,True,0.00000679,0.00041762,0.00006354,0.00163743,0.00000656,0.00000656,0.00041762,0.00041083,0.00005674,0.00163063,-0.00000024,-0.00000024,0.00041083,0.00000024,0.00000024,0.00000024,0.00000024,-0.00041083
16333,17,3,True,0.00000656,0.01120689,0.00056168,0.13262731,0.00000656,0.00000656,0.01120689,0.01120034,0.00055512,0.13262075,0.00000000,0.00000000,0.01120034,0.00000000,0.00000000,0.00000000,0.00000000,-0.01120034
15858,17,1,True,0.83584160,1.01792455,0.67963213,0.83172405,0.67963213,0.67963213,0.67963213,0.18208295,-0.15620947,-0.00411755,-0.15620947,-0.15620947,-0.15620947,0.15620935,0.15620935,0.15620947,0.15620947,0.15620947
14622,16,9,True,0.00980750,0.03403091,0.04117300,0.09405479,0.00920859,0.00920859,0.00920859,0.02422342,0.03136550,0.08424729,-0.00059891,-0.00059891,-0.00059891,0.00061395,0.00061395,0.00059891,0.00059891,0.00059891
7105,9,9,False,1.97267854,2.39720106,3.26040030,3.71206903,1.65455675,1.65455675,1.65455675,0.42452252,1.28772175,1.73939049,-0.31812179,-0.31812179,-0.31812179,0.32618046,0.32618046,0.31812179,0.31812179,0.31812179
13409,16,1,True,0.14967439,0.21910910,0.17219654,0.24742261,0.14967439,0.14967439,0.14967439,0.06943472,0.02252215,0.09774822,0.00000000,0.00000000,0.00000000,0.00000000,0.00000000,0.00000000,0.00000000,0.00000000
7232,11,1,False,5.98552513,5.27953625,4.62685585,3.92440820,3.92440820,3.92440820,3.92440820,-0.70598888,-1.35866928,-2.06111693,-2.06111693,-2.06111693,-2.06111693,2.06111622,2.06111622,2.06111693,2.06111693,2.06111693
4631,8,3,False,1.39012134,2.78198647,0.16052863,0.61359584,0.16052863,0.16052863,0.16052863,1.39186513,-1.22959268,-0.77652550,-1.22959268,-1.22959268,-1.22959268,1.86689746,1.86689746,1.22959268,1.22959268,1.22959268
10338,12,2,True,0.03804073,0.49496159,0.35611555,2.23253584,0.03804073,0.03804073,0.15519223,0.45692086,0.31807482,2.19449520,0.00000000,0.00000000,0.11715150,0.00000000,0.00000000,0.00000000,0.00000000,-0.11715150
9881,12,8,True,0.16066173,0.35449749,0.22517624,0.46185619,0.16066173,0.16066173,0.16066173,0.19383577,0.06451452,0.30119446,0.00000000,0.00000000,0.00000000,0.00000000,0.00000000,0.00000000,0.00000000,0.00000000
16953,17,2,False,5.78099298,5.63216305,5.29876280,5.21532059,5.15396261,5.15396261,5.15396261,-0.14882994,-0.48223019,-0.56567240,-0.62703037,-0.62703037,-0.62703037,0.64756298,0.64756298,0.62703037,0.62703037,0.62703037
9096,12,1,True,0.01723538,0.11175676,0.18263547,0.44847959,0.01723538,0.01723538,0.11175676,0.09452138,0.16540009,0.43124422,0.00000000,0.00000000,0.09452138,0.00000000,0.00000000,0.00000000,0.00000000,-0.09452138
14313,15,3,True,0.06963339,0.27422789,0.12057658,0.43808675,0.04854508,0.04854508,0.06525838,0.20459449,0.05094318,0.36845335,-0.02108831,-0.02108831,-0.00437502,0.02108819,0.02108819,0.02108831,0.02108831,0.00437502
465,1,3,True,0.01485231,0.10856902,0.06362106,0.37314567,0.01485231,0.01485231,0.02775454,0.09371671,0.04876875,0.35829335,0.00000000,0.00000000,0.01290223,0.00000000,0.00000000,0.00000000,0.00000000,-0.01290223
16819,17,3,False,0.94541949,1.92339611,0.92684406,1.90840852,0.88583535,0.88583535,0.88583529,0.97797662,-0.01857543,0.96298903,-0.05958414,-0.05958414,-0.05958420,0.05958515,0.05958515,0.05958414,0.05958414,0.05958420
3538,5,3,True,0.24443288,1.54927814,0.75848550,1.87709880,0.24443288,0.24443288,0.24443288,1.30484521,0.51405263,1.63266587,0.00000000,0.00000000,0.00000000,0.00000000,0.00000000,0.00000000,0.00000000,0.00000000
12479,14,1,True,0.30193442,0.45293730,0.32264388,0.47948819,0.30193442,0.30193442,0.30193442,0.15100288,0.02070946,0.17755377,0.00000000,0.00000000,0.00000000,0.00000000,0.00000000,0.00000000,0.00000000,0.00000000
4664,7,7,True,0.01318710,0.16131021,0.02201885,0.23668687,0.01318710,0.01318710,0.01318710,0.14812312,0.00883175,0.22349977,0.00000000,0.00000000,0.00000000,0.00000000,0.00000000,0.00000000,0.00000000,0.00000000
5205,7,1,True,0.22164449,0.35327879,0.21975169,0.34906650,0.21975169,0.21975169,0.21975169,0.13163429,-0.00189281,0.12742200,-0.00189281,-0.00189281,-0.00189281,0.00189309,0.00189309,0.00189281,0.00189281,0.00189281
14737,16,4,True,0.01741429,0.08505554,0.03660670,0.13833454,0.01741429,0.01741429,0.04393915,0.06764126,0.01919241,0.12092026,0.00000000,0.00000000,0.02652487,0.00000000,0.00000000,0.00000000,0.00000000,-0.02652487
565,1,13,True,0.53535736,1.78187847,1.90023088,2.84435987,0.31237540,0.31237531,0.31237531,1.24652112,1.36487353,2.30900240,-0.22298196,-0.22298205,-0.22298205,0.28189006,0.28189006,0.22298196,0.22298205,0.22298205
1303,1,1,True,0.00054559,0.00475360,0.00108648,0.00999836,0.00054559,0.00054559,0.00999836,0.00420801,0.00054089,0.00945277,0.00000000,0.00000000,0.00945277,0.00000000,0.00000000,0.00000000,0.00000000,-0.00945277
15744,19,6,False,3.39517307,4.14755964,1.83082747,3.01628542,1.62053537,1.62053537,1.62053537,0.75238657,-1.56434560,-0.37888765,-1.77463770,-1.77463770,-1.77463770,2.20513701,2.20513701,1.77463770,1.77463770,1.77463770
7699,10,18,True,0.00000083,0.01576027,0.00000846,0.02755533,0.00000083,0.00000083,0.00000203,0.01575943,0.00000763,0.02755449,0.00000000,0.00000000,0.00000119,0.00000000,0.00000000,0.00000000,0.00000000,-0.00000119
11055,13,7,True,0.00021110,0.07715875,0.00056489,0.09728637,0.00020240,0.00020240,0.00026103,0.07694765,0.00035380,0.09707527,-0.00000870,-0.00000870,0.00004994,0.00000870,0.00000870,0.00000870,0.00000870,-0.00004994
17047,18,9,True,0.01722730,0.21521339,0.01867427,0.24391414,0.01417908,0.01417908,0.01417908,0.19798610,0.00144698,0.22668685,-0.00304822,-0.00304822,-0.00304822,0.00319528,0.00319528,0.00304822,0.00304822,0.00304822
5923,7,17,True,0.13463962,0.75866079,0.06900497,0.42116591,0.05384553,0.05384553,0.05384553,0.62402117,-0.06563465,0.28652629,-0.08079410,-0.08079410,-0.08079410,0.13610648,0.13610648,0.08079410,0.08079410,0.08079410
8921,12,1,True,0.26292270,0.11113582,0.73671448,0.32328376,0.11113582,0.11113582,0.11113582,-0.15178689,0.47379178,0.06036106,-0.15178689,-0.15178689,-0.15178689,0.15178671,0.15178671,0.15178689,0.15178689,0.15178689
1831,1,7,True,0.71309328,1.05455470,1.68781912,1.58607078,0.23154031,0.26528600,0.23154031,0.34146142,0.97472584,0.87297750,-0.48155296,-0.44780728,-0.48155296,0.66039747,0.61304539,0.48155296,0.44780728,0.48155296
9356,12,76,True,0.00039010,0.03044192,0.00303570,0.07573512,0.00024113,0.00024113,0.00024113,0.03005183,0.00264561,0.07534502,-0.00014896,-0.00014896,-0.00014896,0.00025096,0.00025096,0.00014896,0.00014896,0.00014896
7575,9,8,True,0.00005686,0.00226848,0.00018547,0.00719279,0.00005686,0.00005686,0.00005686,0.00221162,0.00012861,0.00713593,0.00000000,0.00000000,0.00000000,0.00000000,0.00000000,0.00000000,0.00000000,0.00000000
12079,13,11,False,1.83168566,5.11338758,2.01124740,4.95811462,1.60872674,1.60872674,1.60872710,3.28170204,0.17956173,3.12642908,-0.22295892,-0.22295892,-0.22295856,0.22027171,0.22027171,0.22295892,0.22295892,0.22295856
1958,3,1,True,0.43999830,0.07269324,1.91567039,0.35036156,0.07269324,0.07269324,0.07269324,-0.36730507,1.47567213,-0.08963674,-0.36730507,-0.36730507,-0.36730507,0.36730513,0.36730513,0.36730507,0.36730507,0.36730507
14378,15,5,True,0.37122571,1.99762726,0.43826029,2.18779135,0.36403325,0.36403325,0.36403325,1.62640154,0.06703457,1.81656563,-0.00719246,-0.00719246,-0.00719246,0.00719178,0.00719178,0.00719246,0.00719246,0.00719246
4234,8,1,True,0.37524736,0.49897808,0.31278944,0.42149234,0.31278944,0.31278944,0.31278944,0.12373072,-0.06245792,0.04624498,-0.06245792,-0.06245792,-0.06245792,0.06245732,0.06245732,0.06245792,0.06245792,0.06245792
9774,12,1,True,0.50104606,0.17675546,2.61473894,0.72110844,0.17675546,0.17675546,0.72110844,-0.32429060,2.11369276,0.22006238,-0.32429060,-0.32429060,0.22006238,0.32428998,0.32428998,0.32429060,0.32429060,-0.22006238
10897,13,1,True,0.07083675,0.20587717,0.07938471,0.22364877,0.07083675,0.07083675,0.07083675,0.13504042,0.00854796,0.15281202,0.00000000,0.00000000,0.00000000,0.00000000,0.00000000,0.00000000,0.00000000,0.00000000
15478,19,4,True,0.04244581,1.17548776,0.03417366,0.60057372,0.03417366,0.03417366,0.03193539,1.13304198,-0.00827215,0.55812788,-0.00827215,-0.00827215,-0.01051042,0.02334023,0.02334023,0.00827215,0.00827215,0.01051042
9148,12,4,True,0.03762085,0.06787303,0.07510930,0.10694663,0.03447349,0.03447349,0.03447349,0.03025218,0.03748846,0.06932579,-0.00314735,-0.00314735,-0.00314735,0.00314724,0.00314724,0.00314735,0.00314735,0.00314735
12755,14,3,True,0.03129506,0.08240020,0.00620771,0.06079694,0.00620771,0.02288770,0.01114206,0.05110513,-0.02508735,0.02950188,-0.02508735,-0.00840736,-0.02015300,0.03316350,0.00888699,0.02508735,0.00840736,0.02015300
16410,17,2,True,0.11041895,0.38487244,0.16593720,0.39364073,0.05186236,0.05186236,0.05186236,0.27445349,0.05551825,0.28322178,-0.05855659,-0.05855659,-0.05855659,0.05855659,0.05855659,0.05855659,0.05855659,0.05855659
180,1,2,True,0.00566046,0.00932504,0.00719137,0.01219849,0.00566046,0.00566046,0.00586965,0.00366459,0.00153091,0.00653803,0.00000000,0.00000000,0.00020920,0.00000000,0.00000000,0.00000000,0.00000000,-0.00020920
4908,8,3,False,2.97215605,2.19695139,2.51345396,1.77562785,1.74760985,1.74760985,1.74760985,-0.77520466,-0.45870209,-1.19652820,-1.22454619,-1.22454619,-1.22454619,1.24673033,1.24673033,1.22454619,1.22454619,1.22454619
1315,1,1,True,0.05973147,0.58350843,0.22242832,0.94497448,0.05973147,0.05973147,0.22242832,0.52377695,0.16269685,0.88524300,0.00000000,0.00000000,0.16269685,0.00000000,0.00000000,0.00000000,0.00000000,-0.16269685
4683,8,6,True,0.00499513,0.07590187,0.00283067,0.04695807,0.00283067,0.00283067,0.00283067,0.07090674,-0.00216446,0.04196294,-0.00216446,-0.00216446,-0.00216446,0.00280815,0.00280815,0.00216446,0.00216446,0.00216446
169,1,1,True,0.02157830,0.03618805,0.12938139,0.13263920,0.02157830,0.02157830,0.13263920,0.01460975,0.10780309,0.11106090,0.00000000,0.00000000,0.11106090,0.00000000,0.00000000,0.00000000,0.00000000,-0.11106090
5658,7,5,True,0.26267311,1.25653064,0.40518749,1.58869290,0.26191187,0.26267311,0.26191187,0.99385750,0.14251438,1.32601976,-0.00076124,0.00000000,-0.00076124,0.00076115,0.00000000,0.00076124,0.00000000,0.00076124
13682,15,2,True,0.02381669,0.46717834,0.03711074,0.61082095,0.02381669,0.02381669,0.03711074,0.44336167,0.01329405,0.58700424,0.00000000,0.00000000,0.01329405,0.00000000,0.00000000,0.00000000,0.00000000,-0.01329405
6287,8,4,False,2.46084166,2.33177900,1.67348254,1.55543816,1.09891295,1.09891295,1.09891295,-0.12906265,-0.78735912,-0.90540349,-1.36192870,-1.36192870,-1.36192870,1.43635404,1.43635404,1.36192870,1.36192870,1.36192870
12543,14,4,False,3.17422581,3.73501897,3.29405522,3.26265121,2.73001766,2.61500645,2.73001766,0.56079316,0.11982942,0.08842540,-0.44420815,-0.55921936,-0.44420815,0.71988010,0.69578695,0.44420815,0.55921936,0.44420815
14855,15,3,True,0.05180599,0.25857693,0.06336520,0.29835379,0.05180599,0.05180599,0.05180599,0.20677094,0.01155921,0.24654780,0.00000000,0.00000000,0.00000000,0.00000000,0.00000000,0.00000000,0.00000000,0.00000000
4899,8,6,True,0.00012004,0.00131342,0.00002837,0.00026342,0.00002837,0.00002837,0.00002837,0.00119338,-0.00009167,0.00014338,-0.00009167,-0.00009167,-0.00009167,0.00016092,0.00016092,0.00009167,0.00009167,0.00009167
8125,9,1,True,0.01220037,0.03257277,0.01441036,0.03552732,0.01220037,0.01220037,0.01441036,0.02037240,0.00220998,0.02332695,0.00000000,0.00000000,0.00220998,0.00000000,0.00000000,0.00000000,0.00000000,-0.00220998
6604,9,7,True,0.00346608,0.02061244,0.01264377,0.05822983,0.00346608,0.00346608,0.00346608,0.01714636,0.00917770,0.05476375,0.00000000,0.00000000,0.00000000,0.00000000,0.00000000,0.00000000,0.00000000,0.00000000
16706,17,8,True,0.00383511,0.39518309,0.00735291,0.30794856,0.00139497,0.00128723,0.00289902,0.39134797,0.00351780,0.30411345,-0.00244014,-0.00254788,-0.00093609,0.00426926,0.00420383,0.00244014,0.00254788,0.00093609
12196,14,9,True,1.13954425,2.97413945,1.45335126,3.13955641,0.68681973,0.71676064,0.68681961,1.83459520,0.31380701,2.00001216,-0.45272452,-0.42278361,-0.45272464,0.48208499,0.48005486,0.45272452,0.42278361,0.45272464
3027,3,1,False,3.76222730,2.57167029,4.85074568,3.63121510,2.57167029,2.57167029,2.57167029,-1.19055700,1.08851838,-0.13101220,-1.19055700,-1.19055700,-1.19055700,1.19055820,1.19055820,1.19055700,1.19055700,1.19055700
1099,1,1,True,0.00081828,0.00397796,0.00547161,0.01321263,0.00081828,0.00081828,0.00397796,0.00315968,0.00465334,0.01239435,0.00000000,0.00000000,0.00315968,0.00000000,0.00000000,0.00000000,0.00000000,-0.00315968
6767,9,1,False,1.29086971,1.48900175,1.58136463,1.87753773,1.29086971,1.29086971,1.29086971,0.19813204,0.29049492,0.58666801,0.00000000,0.00000000,0.00000000,0.00000000,0.00000000,0.00000000,0.00000000,0.00000000
1782,0,4,True,0.01378433,0.35477358,0.06749681,0.87420893,0.01378433,0.01378433,0.04013336,0.34098923,0.05371247,0.86042458,0.00000000,0.00000000,0.02634902,0.00000000,0.00000000,0.00000000,0.00000000,-0.02634902
4692,7,4,True,0.00363558,0.21363479,0.00918756,0.29219225,0.00363238,0.00363238,0.11769667,0.20999920,0.00555198,0.28855667,-0.00000321,-0.00000321,0.11406109,0.00000321,0.00000321,0.00000321,0.00000321,-0.11406109
1022,1,3,True,0.01233308,0.02983188,0.02630962,0.06834508,0.01233308,0.01233308,0.01233308,0.01749879,0.01397654,0.05601200,0.00000000,0.00000000,0.00000000,0.00000000,0.00000000,0.00000000,0.00000000,0.00000000
11250,13,7,True,0.00059563,1.03769398,0.00558151,0.88316602,0.00059563,0.00059563,0.00509618,1.03709829,0.00498588,0.88257039,0.00000000,0.00000000,0.00450055,0.00000000,0.00000000,0.00000000,0.00000000,-0.00450055
9558,12,27,True,0.00483617,0.06124039,0.05260050,0.25064802,0.00435879,0.00435879,0.00435879,0.05640422,0.04776433,0.24581185,-0.00047738,-0.00047738,-0.00047738,0.00047738,0.00047738,0.00047738,0.00047738,0.00047738
16023,17,20,True,0.00846938,0.06796792,0.00910169,0.01996657,0.00282841,0.00283911,0.00282841,0.05949854,0.00063231,0.01149719,-0.00564097,-0.00563027,-0.00564097,0.00957823,0.00888129,0.00564097,0.00563027,0.00564097
3473,4,35,False,2.40550566,4.92995644,1.77076864,2.58986902,1.16571391,1.16571391,1.16571403,2.52445078,-0.63473701,0.18436337,-1.23979175,-1.23979175,-1.23979163,1.55481529,1.55481529,1.23979175,1.23979175,1.23979163
4279,8,1,True,0.16550015,0.23569915,0.15829167,0.22500443,0.15829167,0.15829167,0.15829167,0.07019900,-0.00720848,0.05950429,-0.00720848,-0.00720848,-0.00720848,0.00720859,0.00720859,0.00720848,0.00720848,0.00720848
12651,14,1,False,1.57093263,1.97425151,1.70229220,1.15235531,1.15235531,1.70229220,1.15235531,0.40331888,0.13135958,-0.41857731,-0.41857731,0.13135958,-0.41857731,0.41857779,-0.13135850,0.41857731,-0.13135958,0.41857731
1950,1,3,True,0.00013553,0.00920174,0.00016283,0.01041654,0.00011813,0.00011813,0.00164778,0.00906621,0.00002729,0.01028101,-0.00001740,-0.00001740,0.00151225,0.00001740,0.00001740,0.00001740,0.00001740,-0.00151225
15472,17,1,True,0.80939174,2.40341187,0.71362823,2.86025858,0.71362823,0.80939174,0.71362823,1.59402013,-0.09576350,2.05086684,-0.09576350,0.00000000,-0.09576350,0.09576368,0.00000000,0.09576350,0.00000000,0.09576350
7669,9,3,False,2.93406415,3.60963321,1.91691053,2.62151217,1.93249309,1.93249309,1.93249309,0.67556906,-1.01715362,-0.31255198,-1.00157106,-1.00157106,-1.00157106,1.09055495,1.09055495,1.00157106,1.00157106,1.00157106
3916,7,4,True,0.02928062,0.14153232,0.03593876,0.15580367,0.02928062,0.02928062,0.02928062,0.11225170,0.00665814,0.12652305,0.00000000,0.00000000,0.00000000,0.00000000,0.00000000,0.00000000,0.00000000,0.00000000
12507,14,1,True,0.57936472,0.14080358,0.40669721,0.09060676,0.09060676,0.09060676,0.09060676,-0.43856114,-0.17266750,-0.48875797,-0.48875797,-0.48875797,-0.48875797,0.48875719,0.48875719,0.48875797,0.48875797,0.48875797
270,1,7,True,0.00000203,0.00077480,0.00002265,0.00373844,0.00000131,0.00000131,0.00003004,0.00077277,0.00002062,0.00373641,-0.00000072,-0.00000072,0.00002801,0.00000095,0.00000095,0.00000072,0.00000072,-0.00002801
11169,13,28,True,0.00171288,0.99389672,0.00174489,0.40384629,0.00169134,0.00127854,0.00169134,0.99218386,0.00003201,0.40213341,-0.00002154,-0.00043434,-0.00002154,0.00202391,0.00201224,0.00002154,0.00043434,0.00002154
1540,0,14,True,0.00327943,0.53396058,0.00346002,0.32070887,0.00218736,0.00218736,0.00227645,0.53068113,0.00018059,0.31742945,-0.00109207,-0.00109207,-0.00100298,0.00231300,0.00231300,0.00109207,0.00109207,0.00100298
2884,3,6,True,0.01690795,0.02267679,0.44990292,0.50447553,0.01339084,0.01339084,0.01511619,0.00576884,0.43299496,0.48756757,-0.00351711,-0.00351711,-0.00179176,0.00370030,0.00370030,0.00351711,0.00351711,0.00179176
3747,3,1,True,0.58158660,0.07943217,5.27323866,2.15641880,0.07943217,0.07943217,0.07943217,-0.50215441,4.69165230,1.57483220,-0.50215441,-0.50215441,-0.50215441,0.50215518,0.50215518,0.50215441,0.50215441,0.50215441
1428,1,8,True,0.00000393,0.00084972,0.00022993,0.01072311,0.00000381,0.00000381,0.00001872,0.00084579,0.00022599,0.01071918,-0.00000012,-0.00000012,0.00001478,0.00000012,0.00000012,0.00000012,0.00000012,-0.00001478
10727,12,1,True,0.04469388,0.14479160,0.03307366,0.12779738,0.03307366,0.04469388,0.12779738,0.10009772,-0.01162022,0.08310349,-0.01162022,0.00000000,0.08310349,0.01162000,0.00000000,0.01162022,0.00000000,-0.08310349
8628,12,48,True,0.00143973,0.02998992,0.00505432,0.07969452,0.00119662,0.00119662,0.00119662,0.02855019,0.00361459,0.07825479,-0.00024310,-0.00024310,-0.00024310,0.00028225,0.00028225,0.00024310,0.00024310,0.00024310
612,1,3,False,2.91643381,1.94818950,4.03035975,1.57243514,1.45427465,1.94818950,1.64907765,-0.96824431,1.11392593,-1.34399867,-1.46215916,-0.96824431,-1.26735616,1.48854566,1.22491527,1.46215916,0.96824431,1.26735616
12215,14,8,False,1.30874443,1.23121512,1.45533264,1.21450806,0.66049373,0.66049373,0.66049373,-0.07752931,0.14658821,-0.09423637,-0.64825070,-0.64825070,-0.64825070,0.80134368,0.80134368,0.64825070,0.64825070,0.64825070
14059,15,9,True,0.10123369,0.27010009,0.14989400,0.39242384,0.08867603,0.08867603,0.08867603,0.16886640,0.04866031,0.29119015,-0.01255766,-0.01255766,-0.01255766,0.01255722,0.01255722,0.01255766,0.01255766,0.01255766
11970,13,2,True,0.02350141,0.74976361,0.04036672,0.97138393,0.02299256,0.02299256,0.40941110,0.72626221,0.01686531,0.94788253,-0.00050886,-0.00050886,0.38590968,0.00050886,0.00050886,0.00050886,0.00050886,-0.38590968
1139,1,5,True,0.38136685,0.85168540,1.11965978,1.57324469,0.33631110,0.33631137,0.33631128,0.47031856,0.73829293,1.19187784,-0.04505575,-0.04505548,-0.04505557,0.06902343,0.06902343,0.04505575,0.04505548,0.04505557
14146,15,3,True,0.51846993,0.61528230,0.68655598,0.79976028,0.37970743,0.37970743,0.37970743,0.09681237,0.16808605,0.28129035,-0.13876250,-0.13876250,-0.13876250,0.13876256,0.13876256,0.13876250,0.13876250,0.13876250
9553,12,1,True,0.01703687,0.03642130,0.03300308,0.06671762,0.01703687,0.01703687,0.03300308,0.01938443,0.01596620,0.04968075,0.00000000,0.00000000,0.01596620,0.00000000,0.00000000,0.00000000,0.00000000,-0.01596620
7623,10,31,True,0.00001276,0.00848226,0.00003326,0.01093538,0.00001192,0.00001192,0.00001192,0.00846951,0.00002050,0.01092262,-0.00000083,-0.00000083,-0.00000083,0.00000072,0.00000072,0.00000083,0.00000083,0.00000083
6850,9,12,True,0.00000548,0.00205746,0.00004327,0.01411596,0.00000548,0.00000548,0.00000942,0.00205198,0.00003779,0.01411048,0.00000000,0.00000000,0.00000393,0.00000000,0.00000000,0.00000000,0.00000000,-0.00000393
3375,4,9,False,1.56730556,2.30529642,1.62412465,2.46108675,1.54246199,1.46082771,1.54246187,0.73799086,0.05681908,0.89378119,-0.02484357,-0.10647786,-0.02484369,0.20124137,0.13826382,0.02484357,0.10647786,0.02484369
14475,16,4,False,1.56130934,2.05365992,1.32946599,1.79101777,0.92974752,0.92974752,0.92974752,0.49235058,-0.23184335,0.22970843,-0.63156182,-0.63156182,-0.63156182,0.69202900,0.69202900,0.63156182,0.63156182,0.63156182
7357,11,4,True,0.09267698,1.27152729,0.13683546,0.41781288,0.13683546,0.07687432,0.08066757,1.17885029,0.04415847,0.32513589,0.04415847,-0.01580267,-0.01200941,0.04892148,0.04625090,-0.04415847,0.01580267,0.01200941
12391,14,1,True,0.03940509,0.04868056,0.03180953,0.03804578,0.03180953,0.03180953,0.03180953,0.00927547,-0.00759556,-0.00135931,-0.00759556,-0.00759556,-0.00759556,0.00759556,0.00759556,0.00759556,0.00759556,0.00759556
3505,5,1,False,2.39628839,2.57594633,2.61044264,2.81998420,2.39628839,2.39628839,2.39628839,0.17965794,0.21415424,0.42369580,0.00000000,0.00000000,0.00000000,0.00000000,0.00000000,0.00000000,0.00000000,0.00000000
5313,8,3,True,0.00225016,0.01115161,0.00215691,0.01052968,0.00209279,0.00209279,0.00209279,0.00890144,-0.00009325,0.00827951,-0.00015737,-0.00015737,-0.00015737,0.00017176,0.00017176,0.00015737,0.00015737,0.00015737
3268,5,4,False,2.46077538,2.04160142,2.83652425,2.34627318,1.91633415,1.93004143,1.91633415,-0.41917396,0.37574887,-0.11450219,-0.54444122,-0.53073394,-0.54444122,0.61894345,0.60153413,0.54444122,0.53073394,0.54444122
16092,17,4,True,0.00042120,0.01877150,0.00220651,0.01962647,0.00042120,0.00042120,0.00649816,0.01835031,0.00178532,0.01920527,0.00000000,0.00000000,0.00607696,0.00000000,0.00000000,0.00000000,0.00000000,-0.00607696
4499,7,27,True,0.02295936,0.78749228,0.02459954,0.50540352,0.01106896,0.01106896,0.01071710,0.76453292,0.00164019,0.48244417,-0.01189039,-0.01189039,-0.01224226,0.01571343,0.01571343,0.01189039,0.01189039,0.01224226
6664,9,16,True,0.00022552,0.02981788,0.00265044,0.13104770,0.00021253,0.00020931,0.00021253,0.02959236,0.00242492,0.13082218,-0.00001299,-0.00001621,-0.00001299,0.00003504,0.00001776,0.00001299,0.00001621,0.00001299
14060,15,5,True,0.37082636,0.89931881,0.47363168,1.04065990,0.34669259,0.34669259,0.34669259,0.52849245,0.10280532,0.66983354,-0.02413377,-0.02413377,-0.02413377,0.02287200,0.02287200,0.02413377,0.02413377,0.02413377
12217,14,6,True,0.01789379,0.29486218,0.00797587,0.22337385,0.00797587,0.00797587,0.00797587,0.27696839,-0.00991792,0.20548005,-0.00991792,-0.00991792,-0.00991792,0.01528963,0.01528963,0.00991792,0.00991792,0.00991792
11102,13,4,True,0.00886115,0.33722210,0.01307180,0.22952260,0.00754152,0.00877524,0.00672435,0.32836094,0.00421065,0.22066146,-0.00131963,-0.00008590,-0.00213680,0.00277215,0.00259457,0.00131963,0.00008590,0.00213680
2211,5,3,False,2.30925322,1.94612968,2.62851501,2.21663046,1.94612968,1.94612968,1.94612968,-0.36312354,0.31926179,-0.09262276,-0.36312354,-0.36312354,-0.36312354,0.44603586,0.44603586,0.36312354,0.36312354,0.36312354
9142,12,29,True,0.00081637,0.02292662,0.00492597,0.09695513,0.00080172,0.00080172,0.00080172,0.02211025,0.00410960,0.09613876,-0.00001465,-0.00001465,-0.00001465,0.00001465,0.00001465,0.00001465,0.00001465,0.00001465
16196,17,5,False,3.12023354,4.99202681,4.59438801,3.80686283,1.97349608,1.97349632,1.97349632,1.87179327,1.47415447,0.68662930,-1.14673746,-1.14673722,-1.14673722,1.07135558,1.07135558,1.14673746,1.14673722,1.14673722
12529,14,2,True,0.04800905,0.08506113,0.04621597,0.08833025,0.04448787,0.04448787,0.04448787,0.03705208,-0.00179308,0.04032120,-0.00352118,-0.00352118,-0.00352118,0.00352107,0.00352107,0.00352118,0.00352118,0.00352118
4768,8,10,True,0.49839005,0.18519934,0.27790257,0.07828034,0.04856280,0.04840176,0.04856280,-0.31319070,-0.22048748,-0.42010969,-0.44982725,-0.44998828,-0.44982725,0.99935615,0.99898589,0.44982725,0.44998828,0.44982725
5243,7,34,True,0.00921320,1.32520878,0.00746165,0.42008695,0.00374557,0.00322465,0.00374557,1.31599557,-0.00175154,0.41087374,-0.00546763,-0.00598854,-0.00546763,0.02032685,0.02030660,0.00546763,0.00598854,0.00546763
3904,7,54,True,0.00017010,0.10392455,0.00031395,0.07232791,0.00011229,0.00011360,0.00011229,0.10375445,0.00014385,0.07215782,-0.00005781,-0.00005650,-0.00005781,0.00007485,0.00007449,0.00005781,0.00005650,0.00005781
11098,13,7,True,0.00668871,0.06565598,0.01923667,0.09109791,0.00305674,0.00305674,0.00438621,0.05896728,0.01254797,0.08440921,-0.00363197,-0.00363197,-0.00230250,0.00379363,0.00379363,0.00363197,0.00363197,0.00230250
1126,1,1,True,0.05131654,0.05265252,0.14470053,0.26479807,0.05131654,0.05131654,0.26479807,0.00133598,0.09338398,0.21348153,0.00000000,0.00000000,0.21348153,0.00000000,0.00000000,0.00000000,0.00000000,-0.21348153
15976,17,4,True,0.12116297,1.13561296,0.13800655,1.05446398,0.11118456,0.11118456,0.11118456,1.01444995,0.01684359,0.93330103,-0.00997841,-0.00997841,-0.00997841,0.02086616,0.02086616,0.00997841,0.00997841,0.00997841
4597,7,73,True,0.00000703,0.04017848,0.00003052,0.04817515,0.00000596,0.00000560,0.00000560,0.04017144,0.00002348,0.04816812,-0.00000107,-0.00000143,-0.00000143,0.00000095,0.00000060,0.00000107,0.00000143,0.00000143
11335,13,3,True,0.00044610,0.00460077,0.00058217,0.00494033,0.00044610,0.00044610,0.00047434,0.00415467,0.00013607,0.00449423,0.00000000,0.00000000,0.00002824,0.00000000,0.00000000,0.00000000,0.00000000,-0.00002824
11632,13,10,True,0.00085818,0.10718859,0.00370376,0.09523466,0.00081875,0.00081875,0.00081875,0.10633041,0.00284558,0.09437648,-0.00003943,-0.00003943,-0.00003943,0.00019093,0.00019093,0.00003943,0.00003943,0.00003943
5182,7,1,True,0.13313019,0.43558851,0.14584689,0.46019423,0.13313019,0.13313019,0.13313019,0.30245832,0.01271670,0.32706404,0.00000000,0.00000000,0.00000000,0.00000000,0.00000000,0.00000000,0.00000000,0.00000000
5051,7,5,True,0.04194411,0.26646230,0.03255523,0.20008881,0.03136114,0.03255523,0.03136114,0.22451819,-0.00938888,0.15814471,-0.01058296,-0.00938888,-0.01058296,0.01285499,0.01271508,0.01058296,0.00938888,0.01058296
8388,12,2,True,1.07650232,2.29585409,1.36713350,2.26803732,0.91647661,0.91647661,0.91647661,1.21935177,0.29063118,1.19153500,-0.16002572,-0.16002572,-0.16002572,0.16002727,0.16002727,0.16002572,0.16002572,0.16002572
3328,3,7,True,0.00121817,0.00299303,0.25822249,0.31389901,0.00068450,0.00068450,0.00105218,0.00177486,0.25700432,0.31268084,-0.00053367,-0.00053367,-0.00016599,0.00094103,0.00094103,0.00053367,0.00053367,0.00016599
4107,8,4,False,1.77589774,2.23804426,1.70834136,2.16862822,1.70834136,1.70834136,1.70834136,0.46214652,-0.06755638,0.39273047,-0.06755638,-0.06755638,-0.06755638,0.06813073,0.06813073,0.06755638,0.06755638,0.06755638
5982,7,12,True,0.02936559,0.69316149,0.02303275,0.54160881,0.02303275,0.02303275,0.02303275,0.66379589,-0.00633284,0.51224321,-0.00633284,-0.00633284,-0.00633284,0.00947900,0.00947900,0.00633284,0.00633284,0.00633284
11104,13,4,True,0.01892042,1.16422057,0.02438574,0.61049294,0.01720995,0.01670328,0.01539209,1.14530015,0.00546532,0.59157252,-0.00171047,-0.00221714,-0.00352834,0.00703423,0.00669168,0.00171047,0.00221714,0.00352834
16014,17,2,True,0.00859490,0.01894183,0.02196730,0.04791531,0.00859490,0.00859490,0.01894183,0.01034692,0.01337240,0.03932040,0.00000000,0.00000000,0.01034692,0.00000000,0.00000000,0.00000000,0.00000000,-0.01034692
3564,4,5,False,4.62763262,6.44629717,3.74552608,5.53861189,3.67855883,3.67855883,3.67855883,1.81866455,-0.88210654,0.91097927,-0.94907379,-0.94907379,-0.94907379,0.97650862,0.97650862,0.94907379,0.94907379,0.94907379
5573,8,4,True,0.07513938,0.18591397,0.03167083,0.06894333,0.03061224,0.03061224,0.03061224,0.11077458,-0.04346855,-0.00619605,-0.04452714,-0.04452714,-0.04452714,0.06720209,0.06720209,0.04452714,0.04452714,0.04452714
4712,7,1,False,3.01078749,3.38080788,3.42268109,3.48728871,3.01078749,3.01078749,3.01078749,0.37002039,0.41189361,0.47650123,0.00000000,0.00000000,0.00000000,0.00000000,0.00000000,0.00000000,0.00000000,0.00000000
14999,16,1,True,0.39761177,0.62079853,0.29028663,0.45333064,0.29028663,0.29028663,0.29028663,0.22318676,-0.10732514,0.05571887,-0.10732514,-0.10732514,-0.10732514,0.10732487,0.10732487,0.10732514,0.10732514,0.10732514
856,1,1,True,0.18664886,0.39739779,0.65545827,0.55800021,0.18664886,0.18664886,0.55800021,0.21074893,0.46880943,0.37135136,0.00000000,0.00000000,0.37135136,0.00000000,0.00000000,0.00000000,0.00000000,-0.37135136
14025,16,1,True,0.09759565,0.20608412,0.17439424,0.33914906,0.09759565,0.09759565,0.09759565,0.10848847,0.07679859,0.24155341,0.00000000,0.00000000,0.00000000,0.00000000,0.00000000,0.00000000,0.00000000,0.00000000
14849,16,48,True,0.00034958,0.27522275,0.00065734,0.12884088,0.00021980,0.00021980,0.00021980,0.27487317,0.00030776,0.12849130,-0.00012978,-0.00012978,-0.00012978,0.00031592,0.00031592,0.00012978,0.00012978,0.00012978
16675,18,2,True,0.31825742,0.69643480,0.34882355,0.78607035,0.31825742,0.31825742,0.31825742,0.37817737,0.03056613,0.46781293,0.00000000,0.00000000,0.00000000,0.00000000,0.00000000,0.00000000,0.00000000,0.00000000
16848,17,2,False,3.05900049,3.12437272,3.17819452,3.23635983,3.03718543,3.03718543,3.03718543,0.06537223,0.11919403,0.17735934,-0.02181506,-0.02181506,-0.02181506,0.02181673,0.02181673,0.02181506,0.02181506,0.02181506
15079,19,16,True,0.51489228,2.69576788,0.56114423,1.79690897,0.40344924,0.36946347,0.40344924,2.18087554,0.04625195,1.28201675,-0.11144304,-0.14542881,-0.11144304,0.35207060,0.33835277,0.11144304,0.14542881,0.11144304
14900,15,25,True,0.82272267,2.31307745,0.42269510,1.46048832,0.08198415,0.08198415,0.08198415,1.49035478,-0.40002757,0.63776565,-0.74073851,-0.74073851,-0.74073851,1.39544320,1.39544320,0.74073851,0.74073851,0.74073851
4298,8,1,True,0.49094325,0.71851116,0.37610084,0.52120358,0.37610084,0.37610084,0.37610084,0.22756791,-0.11484241,0.03026032,-0.11484241,-0.11484241,-0.11484241,0.11484212,0.11484212,0.11484241,0.11484241,0.11484241
2457,3,2,True,0.07969650,0.03964458,0.14974931,0.07502194,0.03964458,0.03964458,0.03964458,-0.04005192,0.07005281,-0.00467456,-0.04005192,-0.04005192,-0.04005192,0.04664787,0.04664787,0.04005192,0.04005192,0.04005192
2502,3,3,True,0.03204346,0.04596132,0.12360329,0.17698069,0.03193481,0.03193481,0.03193481,0.01391786,0.09155983,0.14493723,-0.00010864,-0.00010864,-0.00010864,0.00010888,0.00010888,0.00010864,0.00010864,0.00010864
2303,6,1,False,5.02324677,4.47337866,3.86083651,4.03863573,3.86083651,3.86083651,3.86083651,-0.54986811,-1.16241026,-0.98461103,-1.16241026,-1.16241026,-1.16241026,1.16241145,1.16241145,1.16241026,1.16241026,1.16241026
8689,12,21,True,0.03651464,0.32447425,0.24767222,1.20632410,0.03247780,0.03247780,0.03247780,0.28795961,0.21115758,1.16980946,-0.00403684,-0.00403684,-0.00403684,0.00414694,0.00414694,0.00403684,0.00403684,0.00403684
1596,1,3,True,0.00022969,0.00434550,0.00220282,0.03060888,0.00022969,0.00022969,0.00269348,0.00411581,0.00197313,0.03037919,0.00000000,0.00000000,0.00246379,0.00000000,0.00000000,0.00000000,0.00000000,-0.00246379
441,1,4,True,0.00022039,0.01572236,0.00224481,0.06303821,0.00022039,0.00022039,0.00258719,0.01550197,0.00202442,0.06281781,0.00000000,0.00000000,0.00236679,0.00000000,0.00000000,0.00000000,0.00000000,-0.00236679
6566,11,3,True,0.34567526,0.25370109,0.41667685,0.31019610,0.25370109,0.25370109,0.25370109,-0.09197417,0.07100159,-0.03547916,-0.09197417,-0.09197417,-0.09197417,0.14378464,0.14378464,0.09197417,0.09197417,0.09197417
7881,10,9,True,0.00002003,0.00577579,0.00005078,0.00991656,0.00002003,0.00002003,0.00002003,0.00575576,0.00003075,0.00989654,0.00000000,0.00000000,0.00000000,0.00000000,0.00000000,0.00000000,0.00000000,0.00000000
2483,5,2,True,1.06133056,1.44392633,1.30637789,1.56355250,1.06133056,1.06133056,1.06133056,0.38259578,0.24504733,0.50222194,0.00000000,0.00000000,0.00000000,0.00000000,0.00000000,0.00000000,0.00000000,0.00000000
6514,9,6,True,0.20570688,0.24429068,0.71110266,0.86439955,0.14227036,0.13864487,0.14227036,0.03858380,0.50539577,0.65869266,-0.06343652,-0.06706201,-0.06343652,0.07574676,0.07539238,0.06343652,0.06706201,0.06343652
3095,4,3,True,0.87534648,1.50406229,0.83995736,1.43814743,0.83324915,0.83324915,0.83324915,0.62871581,-0.03538913,0.56280094,-0.04209733,-0.04209733,-0.04209733,0.04284525,0.04284525,0.04209733,0.04209733,0.04209733
976,1,7,True,0.00025829,0.00765403,0.00073751,0.01865673,0.00019358,0.00019358,0.00025090,0.00739574,0.00047922,0.01839843,-0.00006472,-0.00006472,-0.00000739,0.00006650,0.00006650,0.00006472,0.00006472,0.00000739
7983,9,5,True,0.01352492,0.14958221,0.05053507,0.36256883,0.01352492,0.01352492,0.02241327,0.13605729,0.03701014,0.34904391,0.00000000,0.00000000,0.00888835,0.00000000,0.00000000,0.00000000,0.00000000,-0.00888835
186,1,5,True,0.10426616,0.18132064,0.23932734,0.30176890,0.08925536,0.09064421,0.09794623,0.07705448,0.13506117,0.19750273,-0.01501080,-0.01362195,-0.00631993,0.01548364,0.01415655,0.01501080,0.01362195,0.00631993
5068,7,3,True,0.04838802,0.70826030,0.06354880,0.70717454,0.03421536,0.03421536,0.05152739,0.65987229,0.01516078,0.65878654,-0.01417265,-0.01417265,0.00313937,0.01417277,0.01417277,0.01417265,0.01417265,-0.00313937
4979,7,14,True,0.00405893,0.29917568,0.00599183,0.22950982,0.00400206,0.00405870,0.00400206,0.29511675,0.00193290,0.22545089,-0.00005687,-0.00000024,-0.00005687,0.00008881,0.00008109,0.00005687,0.00000024,0.00005687
14803,16,3,False,1.74050808,3.09181643,1.50313139,2.83585143,1.50313139,1.50313127,1.50313139,1.35130835,-0.23737669,1.09534335,-0.23737669,-0.23737681,-0.23737669,0.28684068,0.28684068,0.23737669,0.23737681,0.23737669
8926,12,1,True,0.23628928,0.14043735,0.37729549,0.22544250,0.14043735,0.14043735,0.14043735,-0.09585193,0.14100622,-0.01084678,-0.09585193,-0.09585193,-0.09585193,0.09585193,0.09585193,0.09585193,0.09585193,0.09585193
4110,8,3,True,0.20804574,0.42287007,0.13981842,0.27565801,0.13728687,0.13981842,0.13728687,0.21482433,-0.06822732,0.06761228,-0.07075886,-0.06822732,-0.07075886,0.07688951,0.07594167,0.07075886,0.06822732,0.07075886
7721,9,1,False,13.47623634,4.74160385,12.94500065,4.54407692,4.54407692,4.54407692,4.54407692,-8.73463249,-0.53123569,-8.93215942,-8.93215942,-8.93215942,-8.93215942,8.93215942,8.93215942,8.93215942,8.93215942,8.93215942
16998,17,13,True,0.06301425,0.41087836,0.06747965,0.29382166,0.02198118,0.02198118,0.02198118,0.34786409,0.00446539,0.23080741,-0.04103307,-0.04103307,-0.04103307,0.07170220,0.07170220,0.04103307,0.04103307,0.04103307
1924,1,1,False,2.70266843,0.80234134,2.97069025,0.89315742,0.80234134,0.80234134,0.80234134,-1.90032709,0.26802182,-1.80951095,-1.90032709,-1.90032709,-1.90032709,1.90032780,1.90032780,1.90032709,1.90032709,1.90032709
1788,1,3,True,0.00674803,0.01035944,0.01975083,0.03018680,0.00656969,0.00674803,0.00929292,0.00361141,0.01300280,0.02343877,-0.00017834,0.00000000,0.00254489,0.00017834,0.00000000,0.00017834,0.00000000,-0.00254489
1486,1,2,True,0.00384758,0.00685021,0.00428698,0.00793578,0.00174239,0.00174239,0.00266816,0.00300263,0.00043940,0.00408820,-0.00210518,-0.00210518,-0.00117942,0.00210518,0.00210518,0.00210518,0.00210518,0.00117942
9684,12,7,False,2.96458030,2.99515533,5.48074102,5.71389771,1.98849964,1.98849964,1.98849964,0.03057504,2.51616073,2.74931741,-0.97608066,-0.97608066,-0.97608066,1.01222801,1.01222801,0.97608066,0.97608066,0.97608066
12403,14,5,True,0.09250192,0.66700149,0.04117426,0.27032045,0.04117426,0.04117426,0.04117426,0.57449955,-0.05132766,0.17781854,-0.05132766,-0.05132766,-0.05132766,0.08395242,0.08395242,0.05132766,0.05132766,0.05132766
14486,15,7,True,0.01936050,0.13573408,0.02633888,0.16540781,0.01895703,0.01895703,0.01895703,0.11637358,0.00697838,0.14604731,-0.00040347,-0.00040347,-0.00040347,0.00040347,0.00040347,0.00040347,0.00040347,0.00040347
16110,17,1,True,0.05086539,0.06020088,0.06249813,0.07354233,0.05086539,0.05086539,0.05086539,0.00933549,0.01163274,0.02267694,0.00000000,0.00000000,0.00000000,0.00000000,0.00000000,0.00000000,0.00000000,0.00000000
10818,13,1,True,0.00122270,0.39386329,0.00558589,0.36850074,0.00122270,0.00122270,0.36850074,0.39264059,0.00436320,0.36727804,0.00000000,0.00000000,0.36727804,0.00000000,0.00000000,0.00000000,0.00000000,-0.36727804
8594,12,9,True,0.05644847,0.17338380,0.21589786,0.29209441,0.05322858,0.05322858,0.05311758,0.11693533,0.15944938,0.23564593,-0.00321990,-0.00321990,-0.00333089,0.00322001,0.00322001,0.00321990,0.00321990,0.00333089
15038,19,1,True,0.09225986,0.78579330,0.08480916,0.52335906,0.08480916,0.08480916,0.09225986,0.69353342,-0.00745070,0.43109921,-0.00745070,-0.00745070,0.00000000,0.00745070,0.00745070,0.00745070,0.00745070,0.00000000
3546,6,11,True,1.11530495,1.87412381,1.79073608,1.57241094,1.29184151,1.05530238,1.29184151,0.75881886,0.67543113,0.45710599,0.17653656,-0.06000257,0.17653656,0.18893719,0.15534616,-0.17653656,0.06000257,-0.17653656
5522,8,2,True,0.09568423,0.14833479,0.05677706,0.08372327,0.05677706,0.05677706,0.05677706,0.05265056,-0.03890717,-0.01196096,-0.03890717,-0.03890717,-0.03890717,0.04244868,0.04244868,0.03890717,0.03890717,0.03890717
635,1,1,True,0.04765949,0.19075890,0.10703757,0.25717130,0.04765949,0.04765949,0.10703757,0.14309941,0.05937808,0.20951182,0.00000000,0.00000000,0.05937808,0.00000000,0.00000000,0.00000000,0.00000000,-0.05937808
3803,4,3,False,2.95546556,2.58751988,2.79904437,2.42678761,2.40178442,2.36405134,2.40178442,-0.36794567,-0.15642118,-0.52867794,-0.55368114,-0.59141421,-0.55368114,0.63638830,0.63069558,0.55368114,0.59141421,0.55368114
5935,8,5,True,0.00152364,0.04645088,0.00079493,0.02757678,0.00079493,0.00079493,0.00079493,0.04492724,-0.00072872,0.02605313,-0.00072872,-0.00072872,-0.00072872,0.00097772,0.00097772,0.00072872,0.00072872,0.00072872
14491,16,3,True,0.01362618,0.08039118,0.02862399,0.13142501,0.01362618,0.01362618,0.04335213,0.06676500,0.01499781,0.11779883,0.00000000,0.00000000,0.02972595,0.00000000,0.00000000,0.00000000,0.00000000,-0.02972595
16915,17,3,True,0.91940379,1.72092569,0.72165626,1.44180679,0.72165638,0.72165638,0.72165638,0.80152190,-0.19774753,0.52240300,-0.19774741,-0.19774741,-0.19774741,0.22037399,0.22037399,0.19774741,0.19774741,0.19774741
5821,8,4,True,0.02956283,0.37342587,0.01163848,0.17374748,0.01163848,0.01163848,0.01163848,0.34386304,-0.01792434,0.14418465,-0.01792434,-0.01792434,-0.01792434,0.02371660,0.02371660,0.01792434,0.01792434,0.01792434
13430,15,1,True,0.38806242,1.24457479,0.51145768,1.47173488,0.38806242,0.38806242,0.38806242,0.85651237,0.12339526,1.08367252,0.00000000,0.00000000,0.00000000,0.00000000,0.00000000,0.00000000,0.00000000,0.00000000
2642,4,6,False,1.96599245,3.24804449,2.02452374,3.26059246,1.94874310,1.94874310,1.94874310,1.28205204,0.05853128,1.29460001,-0.01724935,-0.01724935,-0.01724935,0.01724887,0.01724887,0.01724935,0.01724935,0.01724935
12143,13,83,True,0.00000048,3.00955701,0.00000060,0.11170346,0.00000072,0.00000024,0.00000024,3.00955653,0.00000012,0.11170299,0.00000024,-0.00000024,-0.00000024,0.00000000,0.00000000,-0.00000024,0.00000024,0.00000024
6527,9,13,True,0.00195515,0.21725006,0.00071178,0.05063967,0.00071178,0.00071178,0.00071178,0.21529491,-0.00124336,0.04868452,-0.00124336,-0.00124336,-0.00124336,0.00335712,0.00335712,0.00124336,0.00124336,0.00124336
14304,15,3,False,2.44232798,2.32432604,2.37078524,2.26024890,1.82947874,1.82947874,1.82947874,-0.11800194,-0.07154274,-0.18207908,-0.61284924,-0.61284924,-0.61284924,0.61513281,0.61513281,0.61284924,0.61284924,0.61284924
13647,15,21,True,0.00506902,0.07801894,0.01186422,0.14771928,0.00486013,0.00486013,0.00486013,0.07294992,0.00679519,0.14265026,-0.00020889,-0.00020889,-0.00020889,0.00020889,0.00020889,0.00020889,0.00020889,0.00020889
8846,12,42,True,0.00387786,0.02617271,0.03252950,0.09202711,0.00364247,0.00364247,0.00364247,0.02229485,0.02865164,0.08814924,-0.00023539,-0.00023539,-0.00023539,0.00024617,0.00024617,0.00023539,0.00023539,0.00023539
4726,7,4,True,0.01558294,0.20683536,0.02885658,0.26279393,0.01359678,0.01359678,0.08448231,0.19125241,0.01327364,0.24721098,-0.00198616,-0.00198616,0.06889937,0.00204364,0.00204364,0.00198616,0.00198616,-0.06889937
12825,14,1,True,1.14873958,0.92993152,1.17058408,0.88812625,0.88812625,0.88812625,0.88812625,-0.21880805,0.02184451,-0.26061332,-0.26061332,-0.26061332,-0.26061332,0.26061392,0.26061392,0.26061332,0.26061332,0.26061332
1481,1,13,True,0.00024530,1.23656237,0.19157834,0.96561807,0.00007760,0.00007760,0.00051938,1.23631704,0.19133304,0.96537280,-0.00016770,-0.00016770,0.00027408,0.00025220,0.00025220,0.00016770,0.00016770,-0.00027408
47,1,7,True,0.00154816,0.11518259,0.02067549,0.46949464,0.00152317,0.00152317,0.00994407,0.11363443,0.01912733,0.46794647,-0.00002500,-0.00002500,0.00839590,0.00004856,0.00004856,0.00002500,0.00002500,-0.00839590
1862,1,1,True,0.02528137,0.08875327,0.03751855,0.10769222,0.02528137,0.02528137,0.08875327,0.06347190,0.01223718,0.08241085,0.00000000,0.00000000,0.06347190,0.00000000,0.00000000,0.00000000,0.00000000,-0.06347190
13064,16,1,False,4.32490015,4.61564207,4.46879101,4.76599312,4.32490015,4.32490015,4.32490015,0.29074192,0.14389086,0.44109297,0.00000000,0.00000000,0.00000000,0.00000000,0.00000000,0.00000000,0.00000000,0.00000000
12909,14,7,True,0.21337625,1.05238771,0.29371405,1.01239169,0.12609842,0.13071930,0.12609842,0.83901143,0.08033779,0.79901540,-0.08727783,-0.08265695,-0.08727783,0.09480199,0.08528459,0.08727783,0.08265695,0.08727783
9880,12,15,True,0.01001630,0.01239431,0.36504376,0.05496671,0.00275280,0.00275280,0.00275280,0.00237801,0.35502747,0.04495041,-0.00726349,-0.00726349,-0.00726349,0.02472128,0.02472128,0.00726349,0.00726349,0.00726349
11623,13,5,True,0.04605832,0.30572447,0.08975896,0.33163804,0.04653577,0.04653577,0.04653577,0.25966614,0.04370065,0.28557971,0.00047746,0.00047746,0.00047746,0.00500888,0.00500888,-0.00047746,-0.00047746,-0.00047746
5721,7,4,True,0.00915095,0.12870505,0.01139513,0.10866762,0.00872809,0.00872809,0.00915095,0.11955411,0.00224419,0.09951667,-0.00042285,-0.00042285,0.00000000,0.00042273,0.00042273,0.00042285,0.00042285,0.00000000
143,1,7,True,0.01545348,0.03954788,0.01518664,0.02195576,0.00135402,0.00135402,0.00195265,0.02409440,-0.00026684,0.00650228,-0.01409946,-0.01409946,-0.01350083,0.02495813,0.02495813,0.01409946,0.01409946,0.01350083
162,1,4,True,0.11889228,0.27534187,0.29982561,0.49896049,0.07961977,0.07961977,0.07961977,0.15644959,0.18093333,0.38006821,-0.03927251,-0.03927251,-0.03927251,0.03927273,0.03927273,0.03927251,0.03927251,0.03927251
7257,11,2,True,0.01580615,0.01574325,0.01631656,0.01634881,0.01458683,0.01458683,0.01458683,-0.00006290,0.00051042,0.00054267,-0.00121932,-0.00121932,-0.00121932,0.00121905,0.00121905,0.00121932,0.00121932,0.00121932
11382,13,3,True,0.00268076,0.02048514,0.00518572,0.03376368,0.00268076,0.00268076,0.00286146,0.01780438,0.00250497,0.03108292,0.00000000,0.00000000,0.00018070,0.00000000,0.00000000,0.00000000,0.00000000,-0.00018070
16676,17,9,True,0.32334346,1.27985120,1.68520498,1.30814600,0.08764020,0.08764020,0.09909864,0.95650774,1.36186147,0.98480254,-0.23570326,-0.23570326,-0.22424482,0.37647814,0.37647814,0.23570326,0.23570326,0.22424482
14966,16,10,False,2.69246507,3.21269298,2.45453787,2.97473121,1.58564472,1.58564508,1.58564508,0.52022791,-0.23792720,0.28226614,-1.10682034,-1.10681999,-1.10681999,1.22669101,1.22669101,1.10682034,1.10681999,1.10681999
14137,15,3,True,0.47174639,2.42297578,0.51025575,2.48182392,0.42232022,0.42232022,0.42232022,1.95122933,0.03850937,2.01007748,-0.04942617,-0.04942617,-0.04942617,0.04942605,0.04942605,0.04942617,0.04942617,0.04942617
11589,13,18,True,0.00000274,0.01397949,0.00002122,0.01364229,0.00000334,0.00000274,0.00000429,0.01397675,0.00001848,0.01363955,0.00000060,0.00000000,0.00000155,0.00000000,0.00000000,-0.00000060,0.00000000,-0.00000155
2523,5,17,True,0.09068798,1.32855856,0.18570529,1.32906067,0.07567611,0.06967542,0.06998091,1.23787057,0.09501731,1.23837268,-0.01501187,-0.02101255,-0.02070706,0.03525443,0.03488506,0.01501187,0.02101255,0.02070706
16858,19,7,False,1.43774331,3.22414160,0.89668119,2.42417169,0.87091917,0.87091917,0.87091917,1.78639829,-0.54106212,0.98642838,-0.56682414,-0.56682414,-0.56682414,0.71408844,0.71408844,0.56682414,0.56682414,0.56682414
16440,17,1,True,0.80700672,1.45155001,0.50351757,0.89678973,0.50351757,0.50351757,0.50351757,0.64454329,-0.30348915,0.08978301,-0.30348915,-0.30348915,-0.30348915,0.30348855,0.30348855,0.30348915,0.30348915,0.30348915
1547,1,1,True,0.23664482,0.11374860,0.83155572,0.42995885,0.11374860,0.11374860,0.11374860,-0.12289622,0.59491092,0.19331403,-0.12289622,-0.12289622,-0.12289622,0.12289602,0.12289602,0.12289622,0.12289622,0.12289622
4151,7,1,True,0.22927496,0.58549452,0.22878367,0.58023417,0.22878367,0.22927496,0.22878367,0.35621956,-0.00049129,0.35095921,-0.00049129,0.00000000,-0.00049129,0.00049138,0.00000000,0.00049129,0.00000000,0.00049129
13210,15,2,True,0.00265615,0.09699722,0.00371956,0.13911974,0.00265615,0.00265615,0.02347859,0.09434107,0.00106341,0.13646360,0.00000000,0.00000000,0.02082245,0.00000000,0.00000000,0.00000000,0.00000000,-0.02082245
2190,5,11,False,4.96254158,3.19307494,4.64124775,2.56546402,1.83878517,1.83878517,1.83878517,-1.76946664,-0.32129383,-2.39707756,-3.12375641,-3.12375641,-3.12375641,3.84391809,3.84391809,3.12375641,3.12375641,3.12375641
12259,14,1,True,0.02737509,0.02427475,0.02840502,0.02525835,0.02427475,0.02427475,0.02427475,-0.00310035,0.00102993,-0.00211674,-0.00310035,-0.00310035,-0.00310035,0.00310046,0.00310046,0.00310035,0.00310035,0.00310035
16129,18,2,True,0.01031260,0.15116768,0.01069422,0.15416740,0.01011189,0.01011189,0.14625841,0.14085507,0.00038161,0.14385480,-0.00020071,-0.00020071,0.13594581,0.00020071,0.00020071,0.00020071,0.00020071,-0.13594581
7997,10,18,True,0.00000596,0.00956087,0.00003922,0.01713133,0.00000596,0.00000596,0.00000775,0.00955491,0.00003326,0.01712537,0.00000000,0.00000000,0.00000179,0.00000000,0.00000000,0.00000000,0.00000000,-0.00000179
1573,1,1,True,0.00427820,0.02595204,0.01145689,0.11177030,0.00427820,0.00427820,0.11177030,0.02167384,0.00717869,0.10749210,0.00000000,0.00000000,0.10749210,0.00000000,0.00000000,0.00000000,0.00000000,-0.10749210
5595,7,1,True,0.74341047,1.88021624,0.50694793,1.39633322,0.50694793,0.50694793,0.50694793,1.13680577,-0.23646253,0.65292275,-0.23646253,-0.23646253,-0.23646253,0.23646194,0.23646194,0.23646253,0.23646253,0.23646253
11622,13,14,True,0.00016652,0.06292560,0.00032396,0.03637659,0.00016009,0.00016688,0.00016009,0.06275908,0.00015744,0.03621007,-0.00000644,0.00000036,-0.00000644,0.00000644,0.00000489,0.00000644,-0.00000036,0.00000644
5995,8,5,True,0.00717799,0.02070328,0.00226099,0.00890238,0.00233687,0.00202094,0.00233687,0.01352529,-0.00491701,0.00172439,-0.00484112,-0.00515706,-0.00484112,0.00847424,0.00835345,0.00484112,0.00515706,0.00484112
12817,14,5,True,0.94446504,2.97811985,0.88994753,2.50146222,0.55942935,0.55942935,0.55942947,2.03365469,-0.05451751,1.55699718,-0.38503569,-0.38503569,-0.38503557,0.47166133,0.47166133,0.38503569,0.38503569,0.38503557
16993,17,6,True,0.00059646,0.07518107,0.00073025,0.03303399,0.00049066,0.00061362,0.00048483,0.07458461,0.00013378,0.03243752,-0.00010580,0.00001716,-0.00011164,0.00019420,0.00018908,0.00010580,-0.00001716,0.00011164
4052,8,4,False,0.79715908,2.10148335,0.29686013,1.10732090,0.29686013,0.29686013,0.29686013,1.30432427,-0.50029898,0.31016183,-0.50029898,-0.50029898,-0.50029898,0.62818909,0.62818909,0.50029898,0.50029898,0.50029898
3735,3,1,False,3.26989841,1.62924361,4.59722614,2.66799164,1.62924361,1.62924361,1.62924361,-1.64065480,1.32732773,-0.60190678,-1.64065480,-1.64065480,-1.64065480,1.64065003,1.64065003,1.64065480,1.64065480,1.64065480
14078,16,6,True,0.03148175,0.06006932,0.04811880,0.08365376,0.02777599,0.02777599,0.02777599,0.02858756,0.01663705,0.05217201,-0.00370576,-0.00370576,-0.00370576,0.00383527,0.00383527,0.00370576,0.00370576,0.00370576
1142,0,4,False,2.63875246,2.67421055,3.50788975,3.50557017,1.25653863,1.25653863,1.25653863,0.03545809,0.86913729,0.86681771,-1.38221383,-1.38221383,-1.38221383,1.48505473,1.48505473,1.38221383,1.38221383,1.38221383
9743,12,28,True,0.00538577,0.09269491,0.01893551,0.16918012,0.00521193,0.00521193,0.00521193,0.08730914,0.01354974,0.16379435,-0.00017384,-0.00017384,-0.00017384,0.00017763,0.00017763,0.00017384,0.00017384,0.00017384
5584,7,4,True,0.04438262,0.41396901,0.05065384,0.36758238,0.04399346,0.04447806,0.04399346,0.36958641,0.00627122,0.32319975,-0.00038916,0.00009545,-0.00038916,0.00038904,0.00030329,0.00038916,-0.00009545,0.00038916
14420,15,1,True,0.05496738,0.13865173,0.05933746,0.14454280,0.05496738,0.05496738,0.05496738,0.08368434,0.00437007,0.08957541,0.00000000,0.00000000,0.00000000,0.00000000,0.00000000,0.00000000,0.00000000,0.00000000
14101,15,2,True,0.05696750,0.23174843,0.05573954,0.22505298,0.05381526,0.05381526,0.05381526,0.17478094,-0.00122796,0.16808549,-0.00315224,-0.00315224,-0.00315224,0.00315224,0.00315224,0.00315224,0.00315224,0.00315224
8432,12,1,True,0.92917514,1.34870839,1.30972910,1.81865132,0.92917514,0.92917514,0.92917514,0.41953325,0.38055396,0.88947618,0.00000000,0.00000000,0.00000000,0.00000000,0.00000000,0.00000000,0.00000000,0.00000000
6239,8,2,True,0.15792955,0.29671589,0.16003965,0.29818445,0.15792945,0.15792955,0.15792955,0.13878633,0.00211009,0.14025490,-0.00000010,0.00000000,0.00000000,0.00000000,0.00000000,0.00000010,0.00000000,0.00000000
1619,1,3,True,0.00226408,0.00817938,0.01966025,0.05957570,0.00119865,0.00119865,0.00416863,0.00591530,0.01739617,0.05731162,-0.00106543,-0.00106543,0.00190455,0.00106543,0.00106543,0.00106543,0.00106543,-0.00190455
3687,3,4,True,0.13760482,0.05435496,1.07103300,0.60700393,0.05435496,0.05435496,0.05435496,-0.08324985,0.93342817,0.46939909,-0.08324985,-0.08324985,-0.08324985,0.11973626,0.11973626,0.08324985,0.08324985,0.08324985
15439,18,1,True,0.13332427,1.33614898,0.14926653,1.46572554,0.13332427,0.13332427,0.13332427,1.20282471,0.01594226,1.33240128,0.00000000,0.00000000,0.00000000,0.00000000,0.00000000,0.00000000,0.00000000,0.00000000
6256,8,3,True,1.28289497,1.50833201,1.28431118,1.47748470,1.11672473,1.11672473,1.11672473,0.22543705,0.00141621,0.19458973,-0.16617024,-0.16617024,-0.16617024,0.16617131,0.16617131,0.16617024,0.16617024,0.16617024
15782,19,1,True,0.48669708,0.93122363,0.44398433,0.81251800,0.44398433,0.44398433,0.44398433,0.44452655,-0.04271275,0.32582092,-0.04271275,-0.04271275,-0.04271275,0.04271331,0.04271331,0.04271275,0.04271275,0.04271275
15107,17,1,True,0.06215102,0.13513170,0.07381165,0.15398213,0.06215102,0.06215102,0.06215102,0.07298069,0.01166063,0.09183112,0.00000000,0.00000000,0.00000000,0.00000000,0.00000000,0.00000000,0.00000000,0.00000000
2856,6,3,False,1.62032151,1.60062361,1.72208524,1.68923318,1.58250582,1.58250582,1.58250582,-0.01969790,0.10176373,0.06891167,-0.03781569,-0.03781569,-0.03781569,0.04050469,0.04050469,0.03781569,0.03781569,0.03781569
6860,9,1,False,2.61550641,2.53747010,3.07372379,2.97896099,2.53747010,2.53747010,2.53747010,-0.07803631,0.45821738,0.36345458,-0.07803631,-0.07803631,-0.07803631,0.07803631,0.07803631,0.07803631,0.07803631,0.07803631
2592,5,10,False,2.43332195,2.96390581,2.97354579,3.44611597,2.08101058,2.08101082,2.08101058,0.53058386,0.54022384,1.01279402,-0.35231137,-0.35231113,-0.35231137,0.34147906,0.34147906,0.35231137,0.35231113,0.35231137
6108,8,2,True,0.03437629,0.06159611,0.03391338,0.06114766,0.03391338,0.03391338,0.03391338,0.02721982,-0.00046290,0.02677137,-0.00046290,-0.00046290,-0.00046290,0.00049619,0.00049619,0.00046290,0.00046290,0.00046290
11488,13,20,False,2.33615398,6.33010483,3.27434969,6.24565554,1.67622232,1.67771769,1.67622209,3.99395084,0.93819571,3.90950155,-0.65993166,-0.65843630,-0.65993190,0.68483031,0.67808270,0.65993166,0.65843630,0.65993190
15730,17,4,False,2.03966713,2.00188947,2.81451726,2.64356303,1.66547441,1.66547441,1.66547441,-0.03777766,0.77485013,0.60389590,-0.37419271,-0.37419271,-0.37419271,0.47897530,0.47897530,0.37419271,0.37419271,0.37419271
4321,8,5,True,0.00048852,0.02544734,0.00045206,0.00981186,0.00045206,0.00045206,0.00686087,0.02495882,-0.00003646,0.00932334,-0.00003646,-0.00003646,0.00637235,0.00021174,0.00021174,0.00003646,0.00003646,-0.00637235
13699,16,9,True,0.01005454,0.16272718,0.01108971,0.13601662,0.00612418,0.00612418,0.00612418,0.15267265,0.00103518,0.12596209,-0.00393035,-0.00393035,-0.00393035,0.00466270,0.00466270,0.00393035,0.00393035,0.00393035
7505,10,8,True,0.00186436,0.04267864,0.00286609,0.05934678,0.00186436,0.00186436,0.00186436,0.04081428,0.00100173,0.05748242,0.00000000,0.00000000,0.00000000,0.00000000,0.00000000,0.00000000,0.00000000,0.00000000
15773,17,7,True,0.05047613,0.12168801,0.14550383,0.20271760,0.03091395,0.03091395,0.03741257,0.07121187,0.09502770,0.15224147,-0.01956218,-0.01956218,-0.01306357,0.02962082,0.02962082,0.01956218,0.01956218,0.01306357
13421,16,20,True,0.15539554,0.51489496,0.69374782,1.29707921,0.09480809,0.09480809,0.09480809,0.35949942,0.53835225,1.14168370,-0.06058744,-0.06058744,-0.06058744,0.07848782,0.07848782,0.06058744,0.06058744,0.06058744
15610,17,3,True,1.24222398,1.74082184,1.68975294,1.95694709,1.21339691,1.24464083,1.20575047,0.49859786,0.44752896,0.71472311,-0.02882707,0.00241685,-0.03647351,0.02882755,0.00265086,0.02882707,-0.00241685,0.03647351
1413,1,8,True,0.00291697,0.04097507,0.01352257,0.14472073,0.00266031,0.00266031,0.00266031,0.03805810,0.01060561,0.14180377,-0.00025666,-0.00025666,-0.00025666,0.00025677,0.00025677,0.00025666,0.00025666,0.00025666
4471,8,2,False,4.59939909,3.25689483,3.98162341,2.64484954,2.56648207,2.56648207,2.56648207,-1.34250426,-0.61777568,-1.95454955,-2.03291702,-2.03291702,-2.03291702,2.04756951,2.04756951,2.03291702,2.03291702,2.03291702
1568,1,3,False,4.68490791,1.32185006,7.24044943,3.50236201,1.32185006,1.32185006,1.32185006,-3.36305785,2.55554152,-1.18254590,-3.36305785,-3.36305785,-3.36305785,3.69562650,3.69562650,3.36305785,3.36305785,3.36305785
5931,7,2,True,0.02850165,0.07177130,0.03381531,0.08221542,0.02850165,0.02850165,0.02850165,0.04326965,0.00531366,0.05371377,0.00000000,0.00000000,0.00000000,0.00000000,0.00000000,0.00000000,0.00000000,0.00000000
9620,12,12,True,0.00376492,0.18740930,0.01756013,0.31207561,0.00371576,0.00371587,0.00371576,0.18364437,0.01379521,0.30831069,-0.00004917,-0.00004905,-0.00004917,0.00007447,0.00007447,0.00004917,0.00004905,0.00004917
6138,8,1,True,0.00540474,0.01029408,0.00416163,0.00858119,0.00416163,0.00416163,0.00416163,0.00488934,-0.00124311,0.00317645,-0.00124311,-0.00124311,-0.00124311,0.00124311,0.00124311,0.00124311,0.00124311,0.00124311
15684,17,1,True,0.03836946,0.04652951,0.04938644,0.06003283,0.03836946,0.03836946,0.03836946,0.00816005,0.01101698,0.02166338,0.00000000,0.00000000,0.00000000,0.00000000,0.00000000,0.00000000,0.00000000,0.00000000
457,1,4,True,0.00003099,0.00103932,0.00010263,0.00220056,0.00003099,0.00003099,0.00006091,0.00100833,0.00007164,0.00216957,0.00000000,0.00000000,0.00002992,0.00000000,0.00000000,0.00000000,0.00000000,-0.00002992
8653,12,5,False,1.31926250,1.15162945,1.06915474,0.89091796,0.59088355,0.59088355,0.59088355,-0.16763306,-0.25010777,-0.42834455,-0.72837895,-0.72837895,-0.72837895,0.99800712,0.99800712,0.72837895,0.72837895,0.72837895
16358,19,9,True,0.02729575,0.38016564,0.04387538,0.28144002,0.02556099,0.02556099,0.02556099,0.35286987,0.01657963,0.25414425,-0.00173477,-0.00173477,-0.00173477,0.00173477,0.00173477,0.00173477,0.00173477,0.00173477
14204,15,15,True,0.00351882,0.08975395,0.00630118,0.14540035,0.00320528,0.00320528,0.00320528,0.08623513,0.00278236,0.14188153,-0.00031354,-0.00031354,-0.00031354,0.00032610,0.00032610,0.00031354,0.00031354,0.00031354
7548,9,2,False,4.88930178,5.41582155,4.31013060,4.68894625,3.87373757,3.87373757,3.87373757,0.52651978,-0.57917118,-0.20035553,-1.01556420,-1.01556420,-1.01556420,1.03958035,1.03958035,1.01556420,1.01556420,1.01556420
16545,17,14,True,1.07587206,1.68968451,0.53973919,0.97467470,0.53202271,0.53202277,0.53202271,0.61381245,-0.53613287,-0.10119736,-0.54384935,-0.54384929,-0.54384935,0.68588090,0.68588090,0.54384935,0.54384929,0.54384935
16787,17,3,True,0.11820850,0.69198543,0.30560565,1.24712336,0.11820850,0.11820850,0.11820850,0.57377696,0.18739715,1.12891483,0.00000000,0.00000000,0.00000000,0.00000000,0.00000000,0.00000000,0.00000000,0.00000000
12248,14,9,True,0.09431995,0.15681674,0.08066570,0.14146143,0.07947731,0.07947731,0.07947731,0.06249679,-0.01365425,0.04714148,-0.01484264,-0.01484264,-0.01484264,0.02759161,0.02759161,0.01484264,0.01484264,0.01484264
13737,15,22,True,0.19644661,1.70441270,0.38140631,2.12758040,0.16343212,0.16343212,0.16343223,1.50796604,0.18495969,1.93113375,-0.03301449,-0.03301449,-0.03301439,0.03660056,0.03660056,0.03301449,0.03301449,0.03301439
13195,15,15,True,0.43522996,4.09651947,0.64079189,4.45137310,0.42915797,0.42915797,0.42915797,3.66128945,0.20556194,4.01614332,-0.00607198,-0.00607198,-0.00607198,0.00607175,0.00607175,0.00607198,0.00607198,0.00607198
3467,5,2,True,0.17925631,0.66688186,1.64737296,1.73171365,0.17925631,0.17925631,0.17931151,0.48762554,1.46811664,1.55245733,0.00000000,0.00000000,0.00005521,0.00000000,0.00000000,0.00000000,0.00000000,-0.00005521
6148,8,2,True,0.17193368,0.25549367,0.15328471,0.22669417,0.15328471,0.15328471,0.15328471,0.08355999,-0.01864897,0.05476049,-0.01864897,-0.01864897,-0.01864897,0.01922865,0.01922865,0.01864897,0.01864897,0.01864897
15254,17,5,True,0.01188848,0.33440274,0.00510093,0.16690959,0.00510093,0.00510093,0.00601067,0.32251427,-0.00678756,0.15502110,-0.00678756,-0.00678756,-0.00587781,0.01005520,0.01005520,0.00678756,0.00678756,0.00587781
14406,16,1,True,0.06233618,1.58796859,0.16647477,2.11228943,0.06233618,0.06233618,0.06233618,1.52563238,0.10413860,2.04995322,0.00000000,0.00000000,0.00000000,0.00000000,0.00000000,0.00000000,0.00000000,0.00000000
7891,9,70,False,4.28257275,3.25946164,4.61901999,4.68108892,0.64380634,0.64380634,0.64380634,-1.02311110,0.33644724,0.39851618,-3.63876629,-3.63876629,-3.63876629,4.33364534,4.33364534,3.63876629,3.63876629,3.63876629
13061,15,15,True,0.00344374,0.16477340,0.00670078,0.20015439,0.00344374,0.00344374,0.00344374,0.16132966,0.00325704,0.19671065,0.00000000,0.00000000,0.00000000,0.00000000,0.00000000,0.00000000,0.00000000,0.00000000
13095,16,23,True,0.00019906,0.63122886,0.00263403,0.75031114,0.00003743,0.00003743,0.00003743,0.63102978,0.00243497,0.75011206,-0.00016163,-0.00016163,-0.00016163,0.00032824,0.00032824,0.00016163,0.00016163,0.00016163
13481,15,2,True,0.03809971,0.37782079,0.06563845,0.56253016,0.03809971,0.03809971,0.18182527,0.33972108,0.02753874,0.52443045,0.00000000,0.00000000,0.14372556,0.00000000,0.00000000,0.00000000,0.00000000,-0.14372556
10544,12,3,False,0.84933013,1.10658085,0.53653759,0.71564043,0.49333471,0.49333471,0.49333471,0.25725073,-0.31279254,-0.13368970,-0.35599542,-0.35599542,-0.35599542,0.42335808,0.42335808,0.35599542,0.35599542,0.35599542
7316,9,6,False,2.59030676,3.70981216,2.10312819,3.21861386,0.90990674,0.90990698,0.90990698,1.11950541,-0.48717856,0.62830710,-1.68040001,-1.68039978,-1.68039978,1.98348475,1.98348475,1.68040001,1.68039978,1.68039978
8952,12,10,True,0.43188286,0.94157869,0.60961676,1.21332216,0.28762531,0.28762531,0.28762531,0.50969583,0.17773390,0.78143930,-0.14425755,-0.14425755,-0.14425755,0.16255349,0.16255349,0.14425755,0.14425755,0.14425755
7917,9,2,True,0.67862350,0.87941265,0.77815259,0.96653515,0.67862350,0.67862350,0.67862350,0.20078915,0.09952909,0.28791165,0.00000000,0.00000000,0.00000000,0.00000000,0.00000000,0.00000000,0.00000000,0.00000000
7097,9,12,True,0.00213919,0.01225925,0.00399161,0.01770361,0.00191648,0.00191648,0.00191648,0.01012007,0.00185243,0.01556442,-0.00022271,-0.00022271,-0.00022271,0.00022770,0.00022770,0.00022271,0.00022271,0.00022271
370,0,1,False,3.13455248,3.46554017,3.05109692,3.35504937,3.05109692,3.05109692,3.05109692,0.33098769,-0.08345556,0.22049689,-0.08345556,-0.08345556,-0.08345556,0.08345366,0.08345366,0.08345556,0.08345556,0.08345556
11801,13,7,True,0.00154590,0.99359673,0.00238979,0.72001958,0.00142354,0.00142354,0.00161493,0.99205083,0.00084389,0.71847367,-0.00012237,-0.00012237,0.00006903,0.00016021,0.00016021,0.00012237,0.00012237,-0.00006903
42,1,1,True,0.30680788,0.49390936,0.42775026,0.61769599,0.30680788,0.30680788,0.30680788,0.18710148,0.12094238,0.31088811,0.00000000,0.00000000,0.00000000,0.00000000,0.00000000,0.00000000,0.00000000,0.00000000
7805,10,4,True,0.00244699,0.00766787,0.00288879,0.00870245,0.00213252,0.00213252,0.00213252,0.00522088,0.00044180,0.00625546,-0.00031447,-0.00031447,-0.00031447,0.00031447,0.00031447,0.00031447,0.00031447,0.00031447
9719,12,142,True,0.00088629,0.15097888,0.33235511,0.61319000,0.00112351,0.00112351,0.00112351,0.15009259,0.33146882,0.61230373,0.00023723,0.00023723,0.00023723,0.00357468,0.00357468,-0.00023723,-0.00023723,-0.00023723
15302,17,7,False,9.17124653,8.89548874,7.63378334,5.74616814,5.55636740,5.55636740,5.55636740,-0.27575779,-1.53746319,-3.42507839,-3.61487913,-3.61487913,-3.61487913,3.43237877,3.43237877,3.61487913,3.61487913,3.61487913
10257,12,1,True,0.32114416,0.29984689,0.48286086,0.45248127,0.29984689,0.29984689,0.29984689,-0.02129728,0.16171670,0.13133711,-0.02129728,-0.02129728,-0.02129728,0.02129760,0.02129760,0.02129728,0.02129728,0.02129728
17011,17,4,False,3.98415208,4.72939730,4.78700256,5.21137190,3.39397478,3.39397478,3.39397478,0.74524522,0.80285048,1.22721982,-0.59017730,-0.59017730,-0.59017730,0.74362302,0.74362302,0.59017730,0.59017730,0.59017730
4581,7,16,True,0.00050806,0.01102499,0.00081077,0.01536626,0.00050472,0.00050472,0.00050472,0.01051693,0.00030271,0.01485820,-0.00000334,-0.00000334,-0.00000334,0.00000334,0.00000334,0.00000334,0.00000334,0.00000334
10929,13,16,True,0.02029861,0.22205931,0.07567114,0.40330231,0.01644896,0.01647324,0.01644896,0.20176071,0.05537253,0.38300371,-0.00384964,-0.00382537,-0.00384964,0.00402153,0.00397819,0.00384964,0.00382537,0.00384964
15003,16,1,True,0.03191207,0.02433048,0.03394680,0.02622880,0.02433048,0.02433048,0.02433048,-0.00758159,0.00203473,-0.00568326,-0.00758159,-0.00758159,-0.00758159,0.00758171,0.00758171,0.00758159,0.00758159,0.00758159
8576,12,16,True,0.00633695,0.03022427,0.04262598,0.10494130,0.00468739,0.00455521,0.00468739,0.02388732,0.03628903,0.09860435,-0.00164956,-0.00178175,-0.00164956,0.00227896,0.00226759,0.00164956,0.00178175,0.00164956
6326,9,4,True,0.43852714,0.75176084,0.02011192,0.09703422,0.01644955,0.01644955,0.01644955,0.31323370,-0.41841522,-0.34149292,-0.42207760,-0.42207760,-0.42207760,0.90328622,0.90328622,0.42207760,0.42207760,0.42207760
6501,9,1,False,7.15178728,6.24888182,6.24066210,5.34476423,5.34476423,5.34476423,5.34476423,-0.90290546,-0.91112518,-1.80702305,-1.80702305,-1.80702305,-1.80702305,1.80702353,1.80702353,1.80702305,1.80702305,1.80702305
6187,7,7,True,0.07022786,0.33148700,0.05153203,0.21784917,0.04679017,0.04679017,0.04679017,0.26125914,-0.01869583,0.14762130,-0.02343769,-0.02343769,-0.02343769,0.03045958,0.03045958,0.02343769,0.02343769,0.02343769
4078,7,12,True,0.10240933,0.58187085,0.14890122,0.76465160,0.10046019,0.10046019,0.10046019,0.47946152,0.04649190,0.66224229,-0.00194913,-0.00194913,-0.00194913,0.00214405,0.00214405,0.00194913,0.00194913,0.00194913
2541,5,6,True,0.51682955,0.67019737,0.74622804,0.71916693,0.41958573,0.41958573,0.41958565,0.15336782,0.22939849,0.20233738,-0.09724382,-0.09724382,-0.09724391,0.12356627,0.12356627,0.09724382,0.09724382,0.09724391
11560,13,1,True,0.28863740,0.75207520,0.32635200,0.82178998,0.28863740,0.28863740,0.28863740,0.46343780,0.03771460,0.53315258,0.00000000,0.00000000,0.00000000,0.00000000,0.00000000,0.00000000,0.00000000,0.00000000
13913,16,3,True,0.00118293,0.03091406,0.00611755,0.10883185,0.00118293,0.00118293,0.01636723,0.02973114,0.00493462,0.10764892,0.00000000,0.00000000,0.01518430,0.00000000,0.00000000,0.00000000,0.00000000,-0.01518430
6881,11,1,False,1.61753368,1.42851698,1.60833955,1.42005312,1.42005312,1.42851698,1.42005312,-0.18901670,-0.00919414,-0.19748056,-0.19748056,-0.18901670,-0.19748056,0.19747984,0.18901682,0.19748056,0.18901670,0.19748056
3601,3,1,False,0.83354414,0.02469050,3.99686074,0.48568124,0.02469050,0.02469050,0.48568124,-0.80885363,3.16331673,-0.34786290,-0.80885363,-0.80885363,-0.34786290,0.80885506,0.80885506,0.80885363,0.80885363,0.34786290
6097,7,3,True,0.84109557,1.15593123,0.93638986,1.27391589,0.84109557,0.84109557,0.84109557,0.31483567,0.09529430,0.43282032,0.00000000,0.00000000,0.00000000,0.00000000,0.00000000,0.00000000,0.00000000,0.00000000
5519,8,1,True,0.31178740,0.30120972,0.26461419,0.25692451,0.25692451,0.25692451,0.25692451,-0.01057768,-0.04717320,-0.05486289,-0.05486289,-0.05486289,-0.05486289,0.05486324,0.05486324,0.05486289,0.05486289,0.05486289
1666,1,5,True,0.00007212,0.00364212,0.00041190,0.01011142,0.00004947,0.00004947,0.00054678,0.00357000,0.00033978,0.01003930,-0.00002265,-0.00002265,0.00047466,0.00002491,0.00002491,0.00002265,0.00002265,-0.00047466
626,1,7,True,-0.00000000,0.00047649,0.00000083,0.00258861,0.00000024,-0.00000000,0.00000203,0.00047649,0.00000083,0.00258861,0.00000024,0.00000000,0.00000203,0.00000000,0.00000000,-0.00000024,0.00000000,-0.00000203
16528,19,5,True,0.22178803,1.89320242,0.12134333,1.24115753,0.12134333,0.12134333,0.12134333,1.67141438,-0.10044470,1.01936948,-0.10044470,-0.10044470,-0.10044470,0.13608433,0.13608433,0.10044470,0.10044470,0.10044470
3414,3,7,True,0.00910724,0.01085130,0.18659030,0.25428495,0.00520541,0.00520541,0.01061661,0.00174406,0.17748307,0.24517772,-0.00390183,-0.00390183,0.00150937,0.00511815,0.00511815,0.00390183,0.00390183,-0.00150937
16570,17,7,False,4.56218433,8.74354649,3.18487573,6.36522675,3.38004923,3.38004923,3.38004923,4.18136215,-1.37730861,1.80304241,-1.18213511,-1.18213511,-1.18213511,2.71535635,2.71535635,1.18213511,1.18213511,1.18213511
14400,16,19,True,0.12026607,0.45921254,0.33764523,0.68173146,0.04111031,0.04111031,0.04111031,0.33894646,0.21737915,0.56146538,-0.07915577,-0.07915577,-0.07915577,0.11647350,0.11647350,0.07915577,0.07915577,0.07915577
433,1,3,True,0.00031871,0.00504352,0.00095798,0.01214985,0.00031871,0.00031871,0.00089034,0.00472481,0.00063927,0.01183114,0.00000000,0.00000000,0.00057162,0.00000000,0.00000000,0.00000000,0.00000000,-0.00057162
6350,10,33,True,0.00000048,0.00568286,0.00001347,0.01235651,0.00000083,0.00000048,0.00000048,0.00568238,0.00001299,0.01235604,0.00000036,0.00000000,0.00000000,0.00000000,0.00000000,-0.00000036,0.00000000,0.00000000
13848,15,1,True,0.21600756,0.27038774,0.28608912,0.35433924,0.21600756,0.21600756,0.21600756,0.05438018,0.07008156,0.13833168,0.00000000,0.00000000,0.00000000,0.00000000,0.00000000,0.00000000,0.00000000,0.00000000
10324,12,8,True,0.02548069,0.07248870,0.02495447,0.11470652,0.03154309,0.02185802,0.06620273,0.04700801,-0.00052622,0.08922584,0.00606240,-0.00362266,0.04072204,0.00912873,0.00402373,-0.00606240,0.00362266,-0.04072204
13863,15,12,False,1.26070762,3.19363451,1.11067963,2.87558556,0.97577024,0.97654772,0.97577024,1.93292689,-0.15002799,1.61487794,-0.28493738,-0.28415990,-0.28493738,0.29797506,0.29726684,0.28493738,0.28415990,0.28493738
3539,3,13,False,2.17708731,0.29087472,6.86216068,2.22775769,0.29270345,0.29270345,0.29270318,-1.88621259,4.68507338,0.05067039,-1.88438392,-1.88438392,-1.88438416,3.21355724,3.21355724,1.88438392,1.88438392,1.88438416
10221,12,13,True,0.01298319,0.02027933,0.12101215,0.13820550,0.00626860,0.00626860,0.00935563,0.00729614,0.10802896,0.12522231,-0.00671459,-0.00671459,-0.00362756,0.00976770,0.00976770,0.00671459,0.00671459,0.00362756
16404,17,9,True,0.37161458,1.17158663,0.25332057,0.64399695,0.22045344,0.23952006,0.22045325,0.79997206,-0.11829400,0.27238238,-0.15116113,-0.13209452,-0.15116133,0.19384682,0.17277288,0.15116113,0.13209452,0.15116133
4713,7,20,True,0.31811157,3.69209003,0.13684845,2.68555713,0.13100754,0.13100754,0.13100754,3.37397838,-0.18126312,2.36744547,-0.18710403,-0.18710403,-0.18710403,0.34780002,0.34780002,0.18710403,0.18710403,0.18710403
3243,3,3,False,3.73201489,2.49233341,4.68364763,3.38019848,2.49233341,2.49233341,2.49233341,-1.23968148,0.95163274,-0.35181642,-1.23968148,-1.23968148,-1.23968148,1.27955699,1.27955699,1.23968148,1.23968148,1.23968148
3305,5,5,True,0.12519859,0.31896788,0.36491671,0.62671292,0.11792544,0.11792544,0.11792544,0.19376929,0.23971812,0.50151432,-0.00727315,-0.00727315,-0.00727315,0.00742409,0.00742409,0.00727315,0.00727315,0.00727315
11240,13,5,True,0.02066172,0.34386533,0.02786086,0.37719345,0.02066172,0.02066172,0.02066172,0.32320362,0.00719914,0.35653174,0.00000000,0.00000000,0.00000000,0.00000000,0.00000000,0.00000000,0.00000000,0.00000000
14158,16,3,True,0.01171566,0.05546644,0.02477016,0.08326665,0.01171566,0.01171566,0.01171566,0.04375078,0.01305450,0.07155099,0.00000000,0.00000000,0.00000000,0.00000000,0.00000000,0.00000000,0.00000000,0.00000000
13151,15,1,False,1.32005882,1.35013568,1.74826288,1.79000545,1.32005882,1.32005882,1.35013568,0.03007686,0.42820406,0.46994662,0.00000000,0.00000000,0.03007686,0.00000000,0.00000000,0.00000000,0.00000000,-0.03007686
2477,3,11,False,0.97935635,0.20275585,4.18601322,1.28368902,0.17745927,0.17745927,0.17745927,-0.77660048,3.20665693,0.30433267,-0.80189705,-0.80189705,-0.80189705,1.89708626,1.89708614,0.80189705,0.80189705,0.80189705
11540,13,1,True,0.00897398,0.04114360,0.00789888,0.03527326,0.00789888,0.00789888,0.00789888,0.03216961,-0.00107510,0.02629928,-0.00107510,-0.00107510,-0.00107510,0.00107510,0.00107510,0.00107510,0.00107510,0.00107510
5025,8,1,True,0.04180955,0.05150757,0.03607687,0.04453576,0.03607687,0.03607687,0.03607687,0.00969802,-0.00573269,0.00272620,-0.00573269,-0.00573269,-0.00573269,0.00573245,0.00573245,0.00573269,0.00573269,0.00573269
1012,1,17,True,0.00005233,0.12245306,0.00020955,0.22498712,0.00003278,0.00003278,0.00003779,0.12240073,0.00015722,0.22493479,-0.00001955,-0.00001955,-0.00001454,0.00002277,0.00002277,0.00001955,0.00001955,0.00001454
5135,8,1,True,0.60414171,1.53780675,0.50339818,1.33277702,0.50339818,0.50339818,0.50339818,0.93366504,-0.10074353,0.72863531,-0.10074353,-0.10074353,-0.10074353,0.10074282,0.10074282,0.10074353,0.10074353,0.10074353
2385,3,3,False,1.80093992,2.32705069,6.74944305,8.39757729,1.12626529,1.12626529,1.12626529,0.52611077,4.94850302,6.59663725,-0.67467463,-0.67467463,-0.67467463,0.78962374,0.78962374,0.67467463,0.67467463,0.67467463
14634,15,4,True,0.25074023,0.87416190,0.31743643,1.02713799,0.25074023,0.25074023,0.25074023,0.62342167,0.06669620,0.77639776,0.00000000,0.00000000,0.00000000,0.00000000,0.00000000,0.00000000,0.00000000,0.00000000
10330,12,110,True,0.00030143,0.07272128,0.00262678,0.09531291,0.00012027,0.00012027,0.00012027,0.07241984,0.00232535,0.09501147,-0.00018116,-0.00018116,-0.00018116,0.00030330,0.00030330,0.00018116,0.00018116,0.00018116
2799,3,1,False,2.16001129,2.08206844,2.64213133,2.60000420,2.08206844,2.08206844,2.08206844,-0.07794285,0.48212004,0.43999290,-0.07794285,-0.07794285,-0.07794285,0.07794380,0.07794380,0.07794285,0.07794285,0.07794285
1354,1,3,True,0.00001919,0.00460398,0.00013410,0.03297297,0.00001919,0.00001919,0.00077265,0.00458478,0.00011491,0.03295378,0.00000000,0.00000000,0.00075346,0.00000000,0.00000000,0.00000000,0.00000000,-0.00075346
9331,12,4,True,0.02034218,0.08457412,0.04114028,0.19511168,0.02034218,0.02034218,0.02193115,0.06423194,0.02079810,0.17476951,0.00000000,0.00000000,0.00158897,0.00000000,0.00000000,0.00000000,0.00000000,-0.00158897
1579,1,4,True,0.00032026,0.00270299,0.00399648,0.02840757,0.00032026,0.00032026,0.00112887,0.00238273,0.00367622,0.02808730,0.00000000,0.00000000,0.00080861,0.00000000,0.00000000,0.00000000,0.00000000,-0.00080861
16969,18,4,False,2.05616426,4.13587952,1.98484373,3.98438311,1.92016065,1.92016065,1.92016065,2.07971525,-0.07132053,1.92821884,-0.13600361,-0.13600361,-0.13600361,0.14108002,0.14108002,0.13600361,0.13600361,0.13600361
15658,17,6,True,0.63970286,1.48704779,0.37498906,0.95398450,0.36405978,0.36405978,0.36405978,0.84734493,-0.26471379,0.31428164,-0.27564308,-0.27564308,-0.27564308,0.33164912,0.33164912,0.27564308,0.27564308,0.27564308
2377,5,1,False,4.43755913,4.24767017,4.45671034,4.26689291,4.24767017,4.24767017,4.24767017,-0.18988895,0.01915121,-0.17066622,-0.18988895,-0.18988895,-0.18988895,0.18988848,0.18988848,0.18988895,0.18988895,0.18988895
16417,19,1,False,1.55918562,2.30509186,1.60276878,2.34142017,1.55918562,1.55918562,1.55918562,0.74590623,0.04358315,0.78223455,0.00000000,0.00000000,0.00000000,0.00000000,0.00000000,0.00000000,0.00000000,0.00000000
5649,7,3,True,0.01423479,0.08761770,0.03588839,0.14665875,0.01325016,0.01423479,0.01325016,0.07338291,0.02165360,0.13242397,-0.00098463,0.00000000,-0.00098463,0.00098475,0.00000000,0.00098463,0.00000000,0.00098463
1714,0,1,True,1.02411330,1.46474695,1.34365988,1.84397054,1.02411330,1.02411330,1.02411330,0.44063365,0.31954658,0.81985724,0.00000000,0.00000000,0.00000000,0.00000000,0.00000000,0.00000000,0.00000000,0.00000000
10582,12,8,True,0.01303885,0.06118175,0.02965958,0.10531722,0.00895413,0.00895413,0.00895413,0.04814290,0.01662073,0.09227837,-0.00408472,-0.00408472,-0.00408472,0.00554371,0.00554371,0.00408472,0.00408472,0.00408472
12943,14,1,False,1.57305062,3.11625242,1.72309542,3.24931431,1.57305062,1.57305062,1.57305062,1.54320180,0.15004480,1.67626369,0.00000000,0.00000000,0.00000000,0.00000000,0.00000000,0.00000000,0.00000000,0.00000000
8661,12,34,True,0.00789167,0.02338637,0.02767581,0.09476385,0.00658296,0.00658296,0.00658296,0.01549470,0.01978415,0.08687219,-0.00130871,-0.00130871,-0.00130871,0.00174902,0.00174902,0.00130871,0.00130871,0.00130871
4117,8,2,True,0.01425947,0.02347626,0.00921804,0.01527140,0.00921804,0.00921804,0.00921804,0.00921679,-0.00504143,0.00101194,-0.00504143,-0.00504143,-0.00504143,0.00552886,0.00552886,0.00504143,0.00504143,0.00504143
1569,1,19,True,0.00002110,0.00292220,0.00050091,0.02715202,0.00000942,0.00000763,0.00001621,0.00290110,0.00047981,0.02713092,-0.00001168,-0.00001347,-0.00000489,0.00001979,0.00001919,0.00001168,0.00001347,0.00000489
7689,11,2,False,1.91080916,3.33893871,1.65722096,2.73787642,1.65722096,1.65722096,1.65722096,1.42812955,-0.25358820,0.82706726,-0.25358820,-0.25358820,-0.25358820,0.34826899,0.34826899,0.25358820,0.25358820,0.25358820
11888,13,4,True,0.00190982,0.61174512,0.00426823,0.32913312,0.00244759,0.00426823,0.00182343,0.60983533,0.00235841,0.32722330,0.00053777,0.00235841,-0.00008638,0.00048514,0.00037294,-0.00053777,-0.00235841,0.00008638
6608,9,78,True,-0.00000000,0.01800245,0.00000274,0.04012019,0.04012019,0.00000191,0.00000191,0.01800245,0.00000274,0.04012019,0.04012019,0.00000191,0.00000191,0.00000000,0.00000000,-0.04012019,-0.00000191,-0.00000191
10689,12,2,False,1.44325697,2.01678729,1.47639549,2.04900837,1.42056894,1.42056894,1.42056894,0.57353032,0.03313851,0.60575140,-0.02268803,-0.02268803,-0.02268803,0.02268887,0.02268887,0.02268803,0.02268803,0.02268803
9150,12,10,True,0.44395941,0.20988996,1.52426291,0.62916440,0.19519366,0.19519366,0.19519366,-0.23406945,1.08030343,0.18520498,-0.24876575,-0.24876575,-0.24876575,0.62717539,0.62717539,0.24876575,0.24876575,0.24876575
11643,13,8,True,0.04656661,0.79981923,0.08773564,0.79247653,0.04327074,0.04327074,0.04327074,0.75325263,0.04116903,0.74590993,-0.00329587,-0.00329587,-0.00329587,0.00428013,0.00428013,0.00329587,0.00329587,0.00329587
2964,5,2,False,1.23584819,1.70314503,3.22132826,3.16749287,1.14672232,1.14672232,1.14672232,0.46729684,1.98548007,1.93164468,-0.08912587,-0.08912587,-0.08912587,0.08912611,0.08912611,0.08912587,0.08912587,0.08912587
5794,7,42,True,0.00833391,1.70621717,0.03230342,1.71909726,0.00473034,0.00473034,0.00473034,1.69788325,0.02396951,1.71076334,-0.00360356,-0.00360356,-0.00360356,0.00512624,0.00512624,0.00360356,0.00360356,0.00360356
14167,15,1,True,0.09923747,0.36840630,0.12534036,0.44164929,0.09923747,0.09923747,0.09923747,0.26916882,0.02610289,0.34241182,0.00000000,0.00000000,0.00000000,0.00000000,0.00000000,0.00000000,0.00000000,0.00000000
6043,8,6,True,0.00072679,0.00522605,0.00028129,0.00194289,0.00028129,0.00028129,0.00028129,0.00449925,-0.00044550,0.00121610,-0.00044550,-0.00044550,-0.00044550,0.00065844,0.00065844,0.00044550,0.00044550,0.00044550
3968,7,158,True,0.00000012,0.69282442,0.00000226,0.04774291,0.00157018,0.00000024,0.00000024,0.69282430,0.00000215,0.04774280,0.00157006,0.00000012,0.00000012,0.00000000,0.00000000,-0.00157006,-0.00000012,-0.00000012
10637,12,6,True,0.00081923,0.03444562,0.00741231,0.11423757,0.00081923,0.00078742,0.00094298,0.03362639,0.00659308,0.11341834,0.00000000,-0.00003180,0.00012375,0.00000000,-0.00006396,0.00000000,0.00003180,-0.00012375
8522,12,5,True,0.09300225,0.14281864,0.14727357,0.23028694,0.09066849,0.09066849,0.09066849,0.04981639,0.05427132,0.13728470,-0.00233376,-0.00233376,-0.00233376,0.00233365,0.00233365,0.00233376,0.00233376,0.00233376
7345,9,1,True,0.05534925,0.06585713,0.03158375,0.03722698,0.03158375,0.03158375,0.03158375,0.01050787,-0.02376551,-0.01812227,-0.02376551,-0.02376551,-0.02376551,0.02376551,0.02376551,0.02376551,0.02376551,0.02376551
10032,12,18,False,0.71627408,1.21021330,0.77256328,1.50498402,0.34464958,0.34464967,0.34464967,0.49393922,0.05628920,0.78870994,-0.37162450,-0.37162441,-0.37162441,0.57724398,0.57724398,0.37162450,0.37162441,0.37162441
1711,1,2,True,0.08868443,0.07320147,0.09361665,0.06854380,0.06477536,0.06477536,0.06477536,-0.01548296,0.00493222,-0.02014063,-0.02390907,-0.02390907,-0.02390907,0.02427420,0.02427420,0.02390907,0.02390907,0.02390907
8084,9,1,False,10.19602489,6.91412401,8.42557049,5.16531563,5.16531563,5.16531563,5.16531563,-3.28190088,-1.77045441,-5.03070927,-5.03070927,-5.03070927,-5.03070927,5.03070641,5.03070641,5.03070927,5.03070927,5.03070927
14379,15,9,True,0.03562453,0.23009953,0.05749065,0.32831493,0.03520283,0.03520283,0.03520283,0.19447500,0.02186613,0.29269040,-0.00042170,-0.00042170,-0.00042170,0.00042205,0.00042205,0.00042170,0.00042170,0.00042170
10913,13,3,True,0.00273343,1.25964212,0.01283021,0.88441318,0.00273343,0.00273343,0.37474379,1.25690866,0.01009678,0.88167977,0.00000000,0.00000000,0.37201035,0.00000000,0.00000000,0.00000000,0.00000000,-0.37201035
7358,11,4,True,0.51526308,0.24374282,0.48031789,0.23506834,0.23013988,0.21352263,0.23013988,-0.27152026,-0.03494519,-0.28019476,-0.28512320,-0.30174047,-0.28512320,0.38585138,0.37792861,0.28512320,0.30174047,0.28512320
4721,7,8,True,0.02671443,0.21262895,0.02820246,0.19774300,0.02354310,0.02354310,0.02354310,0.18591452,0.00148803,0.17102857,-0.00317133,-0.00317133,-0.00317133,0.00331078,0.00331078,0.00317133,0.00317133,0.00317133
921,1,1,True,0.03720516,0.02538562,0.03372657,0.02456535,0.02456535,0.02538562,0.02456535,-0.01181953,-0.00347859,-0.01263981,-0.01263981,-0.01181953,-0.01263981,0.01263992,0.01181965,0.01263981,0.01181953,0.01263981
6111,8,1,True,0.00709206,0.00772572,0.00554701,0.00597026,0.00554701,0.00554701,0.00554701,0.00063365,-0.00154505,-0.00112180,-0.00154505,-0.00154505,-0.00154505,0.00154505,0.00154505,0.00154505,0.00154505,0.00154505
16778,17,3,False,1.78225648,4.15238714,1.64403749,3.05022287,1.64403749,1.64403749,1.64403749,2.37013054,-0.13821900,1.26796639,-0.13821900,-0.13821900,-0.13821900,0.35608196,0.35608196,0.13821900,0.13821900,0.13821900
15031,17,10,False,2.29083538,3.73255348,0.99719447,2.00277233,0.84146804,0.84146804,0.84146827,1.44171810,-1.29364085,-0.28806305,-1.44936728,-1.44936728,-1.44936705,1.82220125,1.82220125,1.44936728,1.44936728,1.44936705
6654,9,2,False,2.73135161,1.48213542,3.54285622,2.20950937,1.48213542,1.48213542,1.48213542,-1.24921620,0.81150460,-0.52184224,-1.24921620,-1.24921620,-1.24921620,1.32016265,1.32016265,1.24921620,1.24921620,1.24921620
10429,12,21,True,0.01247096,0.06134197,0.03292960,0.11567383,0.01237394,0.01237394,0.01237394,0.04887102,0.02045865,0.10320287,-0.00009702,-0.00009702,-0.00009702,0.00127525,0.00127525,0.00009702,0.00009702,0.00009702
12804,14,1,True,0.26311800,0.21368130,0.25246891,0.20562458,0.20562458,0.20562458,0.20562458,-0.04943670,-0.01064909,-0.05749342,-0.05749342,-0.05749342,-0.05749342,0.05749293,0.05749293,0.05749342,0.05749342,0.05749342
774,1,7,True,0.00451628,0.23506400,0.13681695,0.58000034,0.00352310,0.00352310,0.00552769,0.23054771,0.13230066,0.57548404,-0.00099319,-0.00099319,0.00101141,0.00099319,0.00099319,0.00099319,0.00099319,-0.00101141
7651,11,1,True,0.55251271,0.72475195,0.43353099,0.66770238,0.43353099,0.55251271,0.43353099,0.17223924,-0.11898172,0.11518967,-0.11898172,0.00000000,-0.11898172,0.11898118,0.00000000,0.11898172,0.00000000,0.11898172
16938,18,10,True,0.25628462,1.34033775,0.16262709,1.02303696,0.14479923,0.14220893,0.14479923,1.08405316,-0.09365754,0.76675236,-0.11148539,-0.11407569,-0.11148539,0.14513141,0.14461215,0.11148539,0.11407569,0.11148539
6612,9,1,False,4.11752129,3.16066957,4.24607801,2.81230950,2.81230950,2.81230950,2.81230950,-0.95685172,0.12855673,-1.30521178,-1.30521178,-1.30521178,-1.30521178,1.30521202,1.30521202,1.30521178,1.30521178,1.30521178
8144,9,6,True,0.00009000,0.01073974,0.00012051,0.01609277,0.00008511,0.00008511,0.00011539,0.01064974,0.00003051,0.01600277,-0.00000489,-0.00000489,0.00002539,0.00000501,0.00000501,0.00000489,0.00000489,-0.00002539
2415,3,1,True,0.01933314,0.04144409,0.10116732,0.22596967,0.01933314,0.01933314,0.10116732,0.02211095,0.08183418,0.20663653,0.00000000,0.00000000,0.08183418,0.00000000,0.00000000,0.00000000,0.00000000,-0.08183418
16617,19,3,False,3.50170779,3.91339755,2.50013852,2.89456916,1.99451017,1.99451017,1.99451017,0.41168976,-1.00156927,-0.60713863,-1.50719762,-1.50719762,-1.50719762,1.62711549,1.62711549,1.50719762,1.50719762,1.50719762
13242,16,1,True,0.42088220,0.23817211,0.41864851,0.24269004,0.23817211,0.23817211,0.23817211,-0.18271008,-0.00223368,-0.17819215,-0.18271008,-0.18271008,-0.18271008,0.18270993,0.18270993,0.18271008,0.18271008,0.18271008
2,1,2,False,1.18039763,2.19164443,1.35698783,2.35286093,1.18039763,1.18039763,1.18039763,1.01124680,0.17659020,1.17246330,0.00000000,0.00000000,0.00000000,0.00000000,0.00000000,0.00000000,0.00000000,0.00000000
14628,16,2,True,0.16628684,0.20465581,0.25333041,0.30633253,0.16628684,0.16628684,0.16628684,0.03836897,0.08704357,0.14004569,0.00000000,0.00000000,0.00000000,0.00000000,0.00000000,0.00000000,0.00000000,0.00000000
11768,13,4,True,0.01569256,0.34657794,0.01961209,0.34769112,0.01553142,0.01553142,0.01553142,0.33088538,0.00391953,0.33199856,-0.00016114,-0.00016114,-0.00016114,0.00016126,0.00016126,0.00016114,0.00016114,0.00016114
15545,17,2,True,0.01053463,0.17840986,0.05824186,0.59743065,0.01053463,0.01053463,0.17840965,0.16787523,0.04770723,0.58689600,0.00000000,0.00000000,0.16787502,0.00000000,0.00000000,0.00000000,0.00000000,-0.16787502
13534,15,7,True,0.01654852,0.44052500,0.02481609,0.51645446,0.01638951,0.01638951,0.01638951,0.42397648,0.00826758,0.49990594,-0.00015901,-0.00015901,-0.00015901,0.00015901,0.00015901,0.00015901,0.00015901,0.00015901
2391,3,4,True,0.03672736,0.03998951,0.15909898,0.19548264,0.02820790,0.02820790,0.02820790,0.00326215,0.12237163,0.15875529,-0.00851945,-0.00851945,-0.00851945,0.00959924,0.00959924,0.00851945,0.00851945,0.00851945
6517,9,1,True,0.47764802,1.03367496,0.32184184,0.74123532,0.32184184,0.32184184,0.32184184,0.55602694,-0.15580618,0.26358730,-0.15580618,-0.15580618,-0.15580618,0.15580633,0.15580633,0.15580618,0.15580618,0.15580618
10893,13,14,True,0.00269740,1.12488341,0.00313398,0.58203846,0.00244259,0.00234400,0.00229037,1.12218606,0.00043658,0.57934105,-0.00025481,-0.00035340,-0.00040704,0.00115463,0.00114750,0.00025481,0.00035340,0.00040704
4731,7,52,True,0.00029417,0.71533579,0.00079707,0.32408360,0.00026115,0.00026664,0.00025508,0.71504164,0.00050291,0.32378942,-0.00003301,-0.00002753,-0.00003909,0.00009546,0.00009534,0.00003301,0.00002753,0.00003909
16760,17,2,True,0.03083836,0.39166555,0.01022671,0.15450841,0.01022671,0.01022671,0.01022671,0.36082721,-0.02061165,0.12367006,-0.02061165,-0.02061165,-0.02061165,0.02734488,0.02734488,0.02061165,0.02061165,0.02061165
8702,12,22,True,0.02704157,0.10501525,0.09180484,0.22911610,0.01588077,0.01588077,0.01588077,0.07797368,0.06476328,0.20207453,-0.01116079,-0.01116079,-0.01116079,0.01936666,0.01936666,0.01116079,0.01116079,0.01116079
7611,9,21,True,0.00027486,0.02915929,0.00792005,0.17638767,0.00026854,0.00026854,0.00026854,0.02888443,0.00764519,0.17611282,-0.00000632,-0.00000632,-0.00000632,0.00000632,0.00000632,0.00000632,0.00000632,0.00000632
3497,5,4,False,1.33853722,1.34523463,2.69951487,2.43368554,0.41796568,0.41796568,0.41796568,0.00669742,1.36097765,1.09514832,-0.92057157,-0.92057157,-0.92057157,0.92057210,0.92057210,0.92057157,0.92057157,0.92057157
6499,10,7,True,0.00017034,0.00984846,0.00023684,0.01331415,0.00017034,0.00017034,0.00017034,0.00967812,0.00006651,0.01314381,0.00000000,0.00000000,0.00000000,0.00000000,0.00000000,0.00000000,0.00000000,0.00000000
11007,13,24,True,0.00008559,0.41706827,0.00005710,0.05977358,0.00001276,0.00001228,0.00001276,0.41698268,-0.00002849,0.05968799,-0.00007283,-0.00007331,-0.00007283,0.00024305,0.00024305,0.00007283,0.00007331,0.00007283
2543,3,4,True,0.03427538,0.02500586,0.32606319,0.28321448,0.01525238,0.01525238,0.01525238,-0.00926953,0.29178780,0.24893910,-0.01902300,-0.01902300,-0.01902300,0.02356685,0.02356685,0.01902300,0.01902300,0.01902300
6168,7,10,True,0.39882830,1.80476940,0.21276049,1.29925323,0.18784538,0.18784538,0.18784538,1.40594113,-0.18606780,0.90042496,-0.21098292,-0.21098292,-0.21098292,0.27933884,0.27933884,0.21098292,0.21098292,0.21098292
12633,14,13,True,0.37986612,0.82982761,0.20538075,0.60463434,0.20702979,0.20702979,0.20702979,0.44996148,-0.17448537,0.22476822,-0.17283633,-0.17283633,-0.17283633,0.30448073,0.30448073,0.17283633,0.17283633,0.17283633
13846,16,1,True,0.45724884,1.23214293,0.53509760,1.39155114,0.45724884,0.45724884,0.45724884,0.77489412,0.07784876,0.93430233,0.00000000,0.00000000,0.00000000,0.00000000,0.00000000,0.00000000,0.00000000,0.00000000
4858,8,10,False,8.27738380,6.79708576,6.13748741,4.65757465,4.38912392,4.38912392,4.38912392,-1.48029804,-2.13989639,-3.61980915,-3.88825989,-3.88825989,-3.88825989,4.52943802,4.52943802,3.88825989,3.88825989,3.88825989
3871,8,2,True,0.00143306,0.00200285,0.00090939,0.00129092,0.00090939,0.00090939,0.00090939,0.00056979,-0.00052367,-0.00014214,-0.00052367,-0.00052367,-0.00052367,0.00055424,0.00055424,0.00052367,0.00052367,0.00052367
11010,13,4,True,0.26618445,3.10385442,0.13675332,2.29927993,0.13675332,0.13675332,0.13675332,2.83766985,-0.12943113,2.03309536,-0.12943113,-0.12943113,-0.12943113,0.18159018,0.18159018,0.12943113,0.12943113,0.12943113
2860,3,1,True,0.28191763,0.22174391,0.48609811,0.39413446,0.22174391,0.22174391,0.22174391,-0.06017372,0.20418048,0.11221683,-0.06017372,-0.06017372,-0.06017372,0.06017391,0.06017391,0.06017372,0.06017372,0.06017372
6409,10,11,True,0.00073597,0.04078590,0.00133223,0.07073924,0.00073597,0.00073597,0.00076837,0.04004994,0.00059626,0.07000327,0.00000000,0.00000000,0.00003240,0.00000000,0.00000000,0.00000000,0.00000000,-0.00003240
3780,5,1,False,2.47260237,2.25997019,2.45149112,2.24007177,2.24007177,2.24007177,2.24007177,-0.21263218,-0.02111125,-0.23253059,-0.23253059,-0.23253059,-0.23253059,0.23253179,0.23253179,0.23253059,0.23253059,0.23253059
13482,15,1,True,0.85391420,2.05664349,0.84994805,2.04859018,0.84994805,0.84994805,0.84994805,1.20272923,-0.00396615,1.19467592,-0.00396615,-0.00396615,-0.00396615,0.00396633,0.00396633,0.00396615,0.00396615,0.00396615
9501,12,19,True,0.00159958,0.02197407,0.01057167,0.06593235,0.00150079,0.00150079,0.00150079,0.02037448,0.00897209,0.06433277,-0.00009879,-0.00009879,-0.00009879,0.00011224,0.00011224,0.00009879,0.00009879,0.00009879
12734,14,10,True,0.61696374,2.20568538,0.50363475,1.73076189,0.42205334,0.42205334,0.42205343,1.58872163,-0.11332899,1.11379814,-0.19491041,-0.19491041,-0.19491032,0.26807004,0.26807004,0.19491041,0.19491041,0.19491032
4428,8,2,True,0.00232688,0.11490325,0.00102920,0.04951658,0.00102920,0.00102920,0.00840673,0.11257637,-0.00129768,0.04718970,-0.00129768,-0.00129768,0.00607985,0.00150026,0.00150026,0.00129768,0.00129768,-0.00607985
13826,16,1,False,5.21788216,4.53041553,5.01590109,4.41822100,4.41822100,4.53041553,4.41822100,-0.68746662,-0.20198107,-0.79966116,-0.79966116,-0.68746662,-0.79966116,0.79966259,0.68746901,0.79966116,0.68746662,0.79966116
14498,15,10,True,0.03906478,0.60687703,0.07033198,0.88741678,0.03906478,0.03906478,0.03906478,0.56781226,0.03126721,0.84835202,0.00000000,0.00000000,0.00000000,0.00000000,0.00000000,0.00000000,0.00000000,0.00000000
14678,16,11,True,0.06771429,0.47019339,0.09298878,0.53334916,0.06743685,0.06743685,0.06743696,0.40247911,0.02527449,0.46563488,-0.00027744,-0.00027744,-0.00027733,0.00027744,0.00027744,0.00027744,0.00027744,0.00027733
10975,13,3,True,0.02512967,0.09441704,0.02046120,0.06897070,0.02046120,0.02046120,0.02046120,0.06928736,-0.00466847,0.04384102,-0.00466847,-0.00466847,-0.00466847,0.00592388,0.00592388,0.00466847,0.00466847,0.00466847
3384,5,2,True,1.19820154,1.07332730,1.37093830,1.24815488,1.07332730,1.07332730,1.07332730,-0.12487423,0.17273676,0.04995334,-0.12487423,-0.12487423,-0.12487423,0.13272870,0.13272870,0.12487423,0.12487423,0.12487423
1111,2,1,True,0.97831678,1.15142977,0.92114097,1.08731067,0.92114097,0.92114097,0.92114097,0.17311299,-0.05717582,0.10899389,-0.05717582,-0.05717582,-0.05717582,0.05717510,0.05717510,0.05717582,0.05717582,0.05717582
5843,7,1,True,0.69987047,0.75579268,0.73717076,0.79543525,0.69987047,0.69987047,0.69987047,0.05592221,0.03730029,0.09556478,0.00000000,0.00000000,0.00000000,0.00000000,0.00000000,0.00000000,0.00000000,0.00000000
15100,17,20,True,0.00012421,4.00705957,0.00029953,0.61846215,0.00026401,0.00027557,0.00008332,4.00693560,0.00017532,0.61833793,0.00013981,0.00015137,-0.00004088,0.00020132,0.00020132,-0.00013981,-0.00015137,0.00004088
1397,1,2,True,0.00000119,0.00012206,0.00004482,0.00349090,0.00000119,0.00000119,0.00075860,0.00012087,0.00004363,0.00348971,0.00000000,0.00000000,0.00075741,0.00000000,0.00000000,0.00000000,0.00000000,-0.00075741
5846,8,1,False,5.06858063,4.38895416,5.16179180,4.30181980,4.30181980,4.30181980,4.30181980,-0.67962646,0.09321117,-0.76676083,-0.76676083,-0.76676083,-0.76676083,0.76676083,0.76676083,0.76676083,0.76676083,0.76676083
15929,17,1,True,0.00464895,0.17815042,0.00532435,0.14776504,0.00464895,0.00464895,0.14776504,0.17350146,0.00067540,0.14311609,0.00000000,0.00000000,0.14311609,0.00000000,0.00000000,0.00000000,0.00000000,-0.14311609
2981,5,2,False,3.26197314,1.96378899,4.48090506,2.66100359,1.96378899,1.96378899,1.96378899,-1.29818416,1.21893191,-0.60096955,-1.29818416,-1.29818416,-1.29818416,1.66121173,1.66121173,1.29818416,1.29818416,1.29818416
760,0,5,True,0.02445705,0.12886414,0.09292208,0.31442285,0.02042207,0.01911224,0.02042207,0.10440709,0.06846503,0.28996581,-0.00403498,-0.00534481,-0.00403498,0.00652636,0.00534469,0.00403498,0.00534481,0.00403498
11474,13,18,True,0.00011467,0.50297594,0.00014757,0.15268964,0.00008952,0.00008952,0.00008952,0.50286126,0.00003290,0.15257496,-0.00002515,-0.00002515,-0.00002515,0.00017999,0.00017999,0.00002515,0.00002515,0.00002515
13606,16,6,False,2.88185000,3.13247681,3.14825916,3.40448952,2.62235022,2.62235022,2.62235022,0.25062680,0.26640916,0.52263951,-0.25949979,-0.25949979,-0.25949979,0.32287359,0.32287359,0.25949979,0.25949979,0.25949979
15046,17,7,True,0.02549196,0.33811468,0.03297182,0.32107314,0.02736245,0.02610779,0.02673787,0.31262273,0.00747986,0.29558119,0.00187049,0.00061583,0.00124591,0.00779618,0.00778385,-0.00187049,-0.00061583,-0.00124591
16549,19,5,False,2.41218019,3.19920945,1.95536375,2.69281483,1.95536363,1.95536375,1.95536363,0.78702927,-0.45681643,0.28063464,-0.45681655,-0.45681643,-0.45681655,0.49527216,0.49527216,0.45681655,0.45681643,0.45681655
1379,1,1,True,0.00032324,0.01139372,0.00129699,0.04309937,0.00032324,0.00032324,0.04309937,0.01107047,0.00097375,0.04277612,0.00000000,0.00000000,0.04277612,0.00000000,0.00000000,0.00000000,0.00000000,-0.04277612
3969,8,1,True,0.07587481,0.49768949,0.05637861,0.39636543,0.05637861,0.05637861,0.39636543,0.42181468,-0.01949619,0.32049063,-0.01949619,-0.01949619,0.32049063,0.01949596,0.01949596,0.01949619,0.01949619,-0.32049063
12163,13,4,True,0.06577866,0.53530329,0.07636409,0.51647580,0.05611447,0.05611447,0.05611447,0.46952462,0.01058543,0.45069712,-0.00966419,-0.00966419,-0.00966419,0.00966430,0.00966430,0.00966419,0.00966419,0.00966419
5678,7,5,False,3.44449496,5.05548573,2.76497459,4.32423449,2.62681770,2.62681770,2.62681770,1.61099076,-0.67952037,0.87973952,-0.81767726,-0.81767726,-0.81767726,0.83794856,0.83794856,0.81767726,0.81767726,0.81767726
7784,9,8,True,0.03963381,0.60899937,0.01004238,0.19432223,0.01004238,0.01004238,0.01004238,0.56936556,-0.02959143,0.15468842,-0.02959143,-0.02959143,-0.02959143,0.05058220,0.05058220,0.02959143,0.02959143,0.02959143
14785,16,23,True,0.10803480,0.60726357,0.16380866,0.68069011,0.07568959,0.07646403,0.07568959,0.49922878,0.05577386,0.57265532,-0.03234521,-0.03157077,-0.03234521,0.04532520,0.04532263,0.03234521,0.03157077,0.03234521
2817,3,5,True,0.58680522,0.07338559,2.24202180,0.99068129,0.07338559,0.07338559,0.07338559,-0.51341963,1.65521657,0.40387607,-0.51341963,-0.51341963,-0.51341963,0.93109727,0.93109727,0.51341963,0.51341963,0.51341963
5765,7,1,True,0.01276407,0.09166595,0.01383877,0.09421494,0.01276407,0.01276407,0.01383877,0.07890189,0.00107471,0.08145087,0.00000000,0.00000000,0.00107471,0.00000000,0.00000000,0.00000000,0.00000000,-0.00107471
13090,16,6,True,0.20723106,0.62792623,0.42789373,0.75901246,0.16088910,0.16088910,0.16088910,0.42069519,0.22066267,0.55178142,-0.04634196,-0.04634196,-0.04634196,0.05362193,0.05362193,0.04634196,0.04634196,0.04634196
4754,7,1,True,0.62215334,0.81885976,0.45850247,0.62643933,0.45850247,0.45850247,0.62643933,0.19670641,-0.16365087,0.00428599,-0.16365087,-0.16365087,0.00428599,0.16365141,0.16365141,0.16365087,0.16365087,-0.00428599
14630,16,1,True,0.03319614,0.08514281,0.04988341,0.10799210,0.03319614,0.03319614,0.03319614,0.05194667,0.01668727,0.07479596,0.00000000,0.00000000,0.00000000,0.00000000,0.00000000,0.00000000,0.00000000,0.00000000
5447,7,31,True,0.08031021,1.35557592,0.04097083,0.70585042,0.00647873,0.00647873,0.00647873,1.27526569,-0.03933938,0.62554020,-0.07383148,-0.07383148,-0.07383148,0.19044462,0.19044462,0.07383148,0.07383148,0.07383148
9896,12,1,True,0.07042176,0.15035105,0.12974143,0.25730386,0.07042176,0.07042176,0.15035105,0.07992929,0.05931967,0.18688211,0.00000000,0.00000000,0.07992929,0.00000000,0.00000000,0.00000000,0.00000000,-0.07992929
9406,12,3,True,0.01173851,0.01202018,0.06600210,0.04381046,0.01029089,0.01029089,0.01029089,0.00028166,0.05426359,0.03207195,-0.00144762,-0.00144762,-0.00144762,0.00372739,0.00372739,0.00144762,0.00144762,0.00144762
2927,5,6,True,0.32542002,1.54656124,0.70597553,1.78540635,0.39765516,0.39765516,0.39765516,1.22114122,0.38055551,1.45998633,0.07223514,0.07223514,0.07223514,0.24543369,0.24543369,-0.07223514,-0.07223514,-0.07223514
12282,14,19,True,0.18311860,0.32134914,0.16860068,0.32784146,0.16860068,0.16860068,0.16860068,0.13823055,-0.01451792,0.14472286,-0.01451792,-0.01451792,-0.01451792,0.05140211,0.05140211,0.01451792,0.01451792,0.01451792
2439,4,10,False,3.00664473,3.19636869,2.89023399,2.98614264,2.80800414,2.31206155,2.80800414,0.18972397,-0.11641073,-0.02050209,-0.19864058,-0.69458318,-0.19864058,1.20328569,1.14545417,0.19864058,0.69458318,0.19864058
12133,13,6,True,0.00916666,0.13715947,0.01303450,0.15195404,0.00829300,0.00829300,0.00829300,0.12799281,0.00386784,0.14278738,-0.00087365,-0.00087365,-0.00087365,0.00090427,0.00090427,0.00087365,0.00087365,0.00087365
171,1,2,True,0.01126678,0.02963064,0.02696916,0.06663007,0.01126678,0.01126678,0.01868352,0.01836387,0.01570239,0.05536330,0.00000000,0.00000000,0.00741674,0.00000000,0.00000000,0.00000000,0.00000000,-0.00741674
9206,12,3,True,0.05108946,0.05927600,0.33533406,0.36709926,0.03995103,0.03995103,0.03995103,0.00818654,0.28424460,0.31600979,-0.01113844,-0.01113844,-0.01113844,0.01736180,0.01736180,0.01113844,0.01113844,0.01113844
14727,16,2,True,0.22902319,0.70217752,0.43486679,0.98830736,0.22902319,0.22902319,0.22902319,0.47315434,0.20584360,0.75928414,0.00000000,0.00000000,0.00000000,0.00000000,0.00000000,0.00000000,0.00000000,0.00000000
5498,8,1,True,0.59061497,0.63647711,0.55146748,0.59604049,0.55146748,0.55146748,0.55146748,0.04586214,-0.03914750,0.00542551,-0.03914750,-0.03914750,-0.03914750,0.03914678,0.03914678,0.03914750,0.03914750,0.03914750
2199,5,29,True,0.55350745,0.23562446,0.88599569,0.41483489,0.07150032,0.07150021,0.07150021,-0.31788298,0.33248824,-0.13867256,-0.48200712,-0.48200724,-0.48200724,1.05079126,1.05079114,0.48200712,0.48200724,0.48200724
2163,4,7,False,4.53603649,1.72765207,4.26497030,1.60418975,1.47226810,1.47226810,1.47226810,-2.80838442,-0.27106619,-2.93184662,-3.06376839,-3.06376839,-3.06376839,3.96045303,3.96045303,3.06376839,3.06376839,3.06376839
13121,16,77,True,0.00670363,0.46082306,0.49969906,0.58466339,0.00160803,0.00165314,0.00174573,0.45411944,0.49299544,0.57795978,-0.00509559,-0.00505049,-0.00495790,0.01097277,0.01096567,0.00509559,0.00505049,0.00495790
3563,3,6,True,0.02781924,0.02546302,0.54076797,0.48877379,0.01235899,0.01235899,0.02174570,-0.00235621,0.51294875,0.46095455,-0.01546025,-0.01546025,-0.00607354,0.02317815,0.02317815,0.01546025,0.01546025,0.00607354
7878,11,4,False,2.45423603,1.37120581,2.54198790,1.42137706,1.37120581,1.37120581,1.37120581,-1.08303022,0.08775187,-1.03285897,-1.08303022,-1.08303022,-1.08303022,1.21748400,1.21748400,1.08303022,1.08303022,1.08303022
3253,3,3,True,0.02101243,0.04833123,0.38806477,0.75335366,0.01125817,0.01125817,0.04833123,0.02731879,0.36705235,0.73234123,-0.00975426,-0.00975426,0.02731879,0.00975426,0.00975426,0.00975426,0.00975426,-0.02731879
6079,7,5,True,0.01425254,0.12923819,0.02478946,0.20196208,0.01425254,0.01425254,0.01425254,0.11498565,0.01053693,0.18770956,0.00000000,0.00000000,0.00000000,0.00000000,0.00000000,0.00000000,0.00000000,0.00000000
4750,8,1,True,0.36476666,0.58050227,0.30790982,0.51036465,0.30790982,0.30790982,0.30790982,0.21573561,-0.05685684,0.14559799,-0.05685684,-0.05685684,-0.05685684,0.05685717,0.05685717,0.05685684,0.05685684,0.05685684
14681,16,11,False,1.19841409,1.40478098,1.14781702,1.20468330,0.88876736,0.88876724,0.88876724,0.20636690,-0.05059707,0.00626922,-0.30964673,-0.30964684,-0.30964684,0.39933872,0.39933872,0.30964673,0.30964684,0.30964684
2394,3,3,True,0.01227868,0.01318722,0.07826425,0.08656907,0.00990417,0.00990417,0.00990417,0.00090853,0.06598557,0.07429039,-0.00237451,-0.00237451,-0.00237451,0.00237451,0.00237451,0.00237451,0.00237451,0.00237451
15803,19,4,False,2.44433999,3.84951878,1.29584026,2.59296465,1.29584026,1.29584002,1.29584002,1.40517879,-1.14849973,0.14862466,-1.14849973,-1.14849997,-1.14849997,1.47019672,1.47019672,1.14849973,1.14849997,1.14849997
12762,14,2,True,0.04822263,0.03192742,0.04803484,0.03151271,0.03138714,0.03138714,0.03138714,-0.01629521,-0.00018779,-0.01670993,-0.01683550,-0.01683550,-0.01683550,0.01929666,0.01929666,0.01683550,0.01683550,0.01683550
10520,12,10,True,1.05328572,1.77086234,1.28494990,1.67032683,0.64570194,0.64570194,0.64570194,0.71757662,0.23166418,0.61704111,-0.40758377,-0.40758377,-0.40758377,0.49321252,0.49321252,0.40758377,0.40758377,0.40758377
9559,12,38,True,0.00520636,0.01782259,0.02188695,0.07761685,0.00402937,0.00402937,0.00402937,0.01261623,0.01668059,0.07241049,-0.00117699,-0.00117699,-0.00117699,0.00137188,0.00137188,0.00117699,0.00117699,0.00117699
16702,17,4,True,0.01264024,0.23254253,0.01758719,0.35762206,0.01133208,0.01133208,0.01530803,0.21990229,0.00494695,0.34498182,-0.00130816,-0.00130816,0.00266779,0.00130816,0.00130816,0.00130816,0.00130816,-0.00266779
4079,8,2,True,0.02571715,0.03362502,0.02318115,0.03051188,0.02318115,0.02318115,0.02318115,0.00790787,-0.00253600,0.00479473,-0.00253600,-0.00253600,-0.00253600,0.00264696,0.00264696,0.00253600,0.00253600,0.00253600
16959,19,15,True,0.32283777,2.20049286,0.22245200,1.36568761,0.21858951,0.21858951,0.21858951,1.87765503,-0.10038577,1.04284978,-0.10424826,-0.10424826,-0.10424826,0.37180746,0.37180746,0.10424826,0.10424826,0.10424826
1991,3,2,True,0.02710932,0.08309629,0.11949934,0.39590636,0.02710932,0.02710932,0.08309629,0.05598696,0.09239002,0.36879703,0.00000000,0.00000000,0.05598696,0.00000000,0.00000000,0.00000000,0.00000000,-0.05598696
14694,15,3,True,0.23645605,2.12791491,0.25351906,1.73535192,0.19513169,0.19513169,0.23645605,1.89145887,0.01706301,1.49889588,-0.04132436,-0.04132436,0.00000000,0.04132468,0.04132468,0.04132436,0.04132436,0.00000000
869,2,1,False,1.76341903,2.38746858,2.10590172,2.74993801,1.76341903,1.76341903,1.76341903,0.62404954,0.34248269,0.98651898,0.00000000,0.00000000,0.00000000,0.00000000,0.00000000,0.00000000,0.00000000,0.00000000
8120,9,1,True,0.56028450,1.05437636,0.55931860,1.05241525,0.55931860,0.55931860,0.55931860,0.49409187,-0.00096589,0.49213076,-0.00096589,-0.00096589,-0.00096589,0.00096673,0.00096673,0.00096589,0.00096589,0.00096589
253,1,6,True,0.01013891,0.01786475,0.01846154,0.03270176,0.00730782,0.00730782,0.01215562,0.00772584,0.00832263,0.02256285,-0.00283109,-0.00283109,0.00201671,0.00342577,0.00342577,0.00283109,0.00283109,-0.00201671
339,1,3,True,0.00027093,0.00251834,0.00031931,0.00281296,0.00027426,0.00027426,0.00028010,0.00224742,0.00004838,0.00254203,0.00000334,0.00000334,0.00000918,0.00001085,0.00001085,-0.00000334,-0.00000334,-0.00000918
12783,14,10,True,0.08352920,0.44005471,0.13648796,0.44502014,0.07693459,0.07693459,0.07693459,0.35652551,0.05295876,0.36149094,-0.00659461,-0.00659461,-0.00659461,0.00659428,0.00659428,0.00659461,0.00659461,0.00659461
15746,17,7,True,0.00088438,0.18610609,0.00069403,0.06748421,0.00069403,0.00069403,0.00062434,0.18522170,-0.00019035,0.06659983,-0.00019035,-0.00019035,-0.00026004,0.00062296,0.00062296,0.00019035,0.00019035,0.00026004
3593,3,1,True,0.23510414,0.22433494,0.47966751,0.57246572,0.22433494,0.23510414,0.22433494,-0.01076920,0.24456337,0.33736157,-0.01076920,0.00000000,-0.01076920,0.01076865,0.00000000,0.01076920,0.00000000,0.01076920
14127,15,1,True,0.24263215,0.30952653,0.25442353,0.32397515,0.24263215,0.24263215,0.24263215,0.06689438,0.01179138,0.08134300,0.00000000,0.00000000,0.00000000,0.00000000,0.00000000,0.00000000,0.00000000,0.00000000
5989,7,13,True,0.27314532,0.48023862,0.21721245,0.37937981,0.16216132,0.16216132,0.16216132,0.20709330,-0.05593286,0.10623449,-0.11098400,-0.11098400,-0.11098400,0.14056736,0.14056736,0.11098400,0.11098400,0.11098400
11308,13,3,True,0.30915138,1.07661915,0.28724417,0.92568487,0.28724417,0.28724417,0.28724417,0.76746774,-0.02190721,0.61653352,-0.02190721,-0.02190721,-0.02190721,0.04336461,0.04336461,0.02190721,0.02190721,0.02190721
13764,15,3,True,0.01495390,0.43069771,0.01918896,0.52303296,0.01439872,0.01439872,0.01918896,0.41574380,0.00423506,0.50807905,-0.00055518,-0.00055518,0.00423506,0.00055518,0.00055518,0.00055518,0.00055518,-0.00423506
13157,15,4,True,0.03603478,0.23171382,0.05213668,0.28824323,0.03380517,0.03380517,0.03380517,0.19567904,0.01610190,0.25220844,-0.00222961,-0.00222961,-0.00222961,0.00222984,0.00222984,0.00222961,0.00222961,0.00222961
15589,17,3,True,0.02576803,0.22564068,0.48993266,0.78337193,0.02576803,0.02576803,0.07547206,0.19987264,0.46416461,0.75760388,0.00000000,0.00000000,0.04970403,0.00000000,0.00000000,0.00000000,0.00000000,-0.04970403
9794,12,2,True,0.02929717,0.03604846,0.22827761,0.23314850,0.02723636,0.02929717,0.03604846,0.00675129,0.19898044,0.20385133,-0.00206082,0.00000000,0.00675129,0.00206117,0.00000000,0.00206082,0.00000000,-0.00675129
8559,12,2,True,0.21158485,0.35175765,0.26598129,0.41131291,0.21158485,0.21158485,0.21158485,0.14017279,0.05439644,0.19972806,0.00000000,0.00000000,0.00000000,0.00000000,0.00000000,0.00000000,0.00000000,0.00000000
16595,17,11,True,0.00212408,0.21843947,0.00707987,0.47908413,0.00198644,0.00198644,0.00250336,0.21631539,0.00495579,0.47696006,-0.00013764,-0.00013764,0.00037928,0.00015441,0.00015441,0.00013764,0.00013764,-0.00037928
2161,3,3,True,0.10531893,0.02871991,2.29202414,1.40522170,0.02871991,0.02871991,0.03003041,-0.07659902,2.18670511,1.29990280,-0.07659902,-0.07659902,-0.07528853,0.09910606,0.09910606,0.07659902,0.07659902,0.07528853
5193,8,1,False,1.49298835,1.20664024,1.54392791,1.21922636,1.20664024,1.20664024,1.20664024,-0.28634810,0.05093956,-0.27376199,-0.28634810,-0.28634810,-0.28634810,0.28634787,0.28634787,0.28634810,0.28634810,0.28634810
16674,17,1,True,0.22889310,0.87014043,0.17004730,0.57197845,0.17004730,0.17004730,0.17004730,0.64124733,-0.05884580,0.34308535,-0.05884580,-0.05884580,-0.05884580,0.05884612,0.05884612,0.05884580,0.05884580,0.05884580
10354,12,47,True,0.00236101,0.08429956,0.01439249,0.26574790,0.00231273,0.00231273,0.00231273,0.08193855,0.01203148,0.26338691,-0.00004829,-0.00004829,-0.00004829,0.00007635,0.00007635,0.00004829,0.00004829,0.00004829
7219,9,6,False,2.93291473,3.07920361,3.79311323,3.67770958,2.31516218,2.31516218,2.31516218,0.14628887,0.86019850,0.74479485,-0.61775255,-0.61775255,-0.61775255,0.78003502,0.78003502,0.61775255,0.61775255,0.61775255
1395,1,3,True,0.00365340,0.08887587,0.04061846,0.45096409,0.00361611,0.00365340,0.05036392,0.08522247,0.03696506,0.44731069,-0.00003730,0.00000000,0.04671052,0.00003730,0.00000000,0.00003730,0.00000000,-0.04671052
1171,1,1,True,0.01542589,0.01400700,0.01674302,0.01520918,0.01400700,0.01400700,0.01400700,-0.00141889,0.00131712,-0.00021672,-0.00141889,-0.00141889,-0.00141889,0.00141889,0.00141889,0.00141889,0.00141889,0.00141889
3053,3,3,False,1.26154685,0.98693442,3.05211592,3.30897856,0.98693442,1.08703053,0.98693442,-0.27461243,1.79056907,2.04743171,-0.27461243,-0.17451632,-0.27461243,0.36368537,0.17451560,0.27461243,0.17451632,0.27461243
16405,17,2,False,1.00271070,3.71354842,0.43370762,2.50005913,0.29570264,0.29570264,0.29570264,2.71083784,-0.56900311,1.49734843,-0.70700806,-0.70700806,-0.70700806,0.70700645,0.70700645,0.70700806,0.70700806,0.70700806
1207,1,1,True,0.00047875,0.14790961,0.01638024,1.23431873,0.00047875,0.00047875,0.14790961,0.14743087,0.01590150,1.23383999,0.00000000,0.00000000,0.14743087,0.00000000,0.00000000,0.00000000,0.00000000,-0.14743087
4540,8,1,True,0.23586470,1.10170078,0.09453168,0.54699433,0.09453168,0.09453168,0.09453168,0.86583608,-0.14133301,0.31112963,-0.14133301,-0.14133301,-0.14133301,0.14133334,0.14133334,0.14133301,0.14133301,0.14133301
9679,12,36,True,0.00549473,0.04416901,0.08567277,0.08847844,0.00199572,0.00188031,0.00188031,0.03867428,0.08017804,0.08298371,-0.00349901,-0.00361442,-0.00361442,0.00625893,0.00625763,0.00349901,0.00361442,0.00361442
5270,8,3,True,0.02157504,1.05234563,0.00619776,0.39439389,0.00619776,0.00619776,0.01372731,1.03077054,-0.01537728,0.37281886,-0.01537728,-0.01537728,-0.00784773,0.02252458,0.02252458,0.01537728,0.01537728,0.00784773
879,1,1,True,0.00305911,0.35774794,0.01178187,0.58251482,0.00305911,0.00305911,0.35774794,0.35468882,0.00872276,0.57945573,0.00000000,0.00000000,0.35468882,0.00000000,0.00000000,0.00000000,0.00000000,-0.35468882
6909,10,34,True,0.00006902,0.08166561,0.00033719,0.13041644,0.00006199,0.00006199,0.00006199,0.08159658,0.00026817,0.13034742,-0.00000703,-0.00000703,-0.00000703,0.00000715,0.00000715,0.00000703,0.00000703,0.00000703
13731,15,6,True,0.13363314,0.82230890,0.18518230,0.95527011,0.12400480,0.12400480,0.12400480,0.68867576,0.05154917,0.82163697,-0.00962833,-0.00962833,-0.00962833,0.00962854,0.00962854,0.00962833,0.00962833,0.00962833
14165,16,1,False,8.21464062,7.54438591,7.69396114,7.01302242,7.01302242,7.01302242,7.01302242,-0.67025471,-0.52067947,-1.20161819,-1.20161819,-1.20161819,-1.20161819,1.20161629,1.20161629,1.20161819,1.20161819,1.20161819
1081,1,8,True,0.00011992,0.00363630,0.00065889,0.01151581,0.00006735,0.00006735,0.00010955,0.00351638,0.00053897,0.01139589,-0.00005257,-0.00005257,-0.00001037,0.00006139,0.00006139,0.00005257,0.00005257,0.00001037
8042,10,2,True,0.00811127,0.02065739,0.01014316,0.02516606,0.00811127,0.00811127,0.00811127,0.01254612,0.00203189,0.01705478,0.00000000,0.00000000,0.00000000,0.00000000,0.00000000,0.00000000,0.00000000,0.00000000
4047,8,2,True,0.00508254,0.01730791,0.00439464,0.01366769,0.00439464,0.00439464,0.00439464,0.01222537,-0.00068791,0.00858515,-0.00068791,-0.00068791,-0.00068791,0.00078796,0.00078796,0.00068791,0.00068791,0.00068791
5085,7,1,True,0.01098679,0.78665102,0.01615775,0.77119809,0.01098679,0.01098679,0.77119809,0.77566421,0.00517097,0.76021129,0.00000000,0.00000000,0.76021129,0.00000000,0.00000000,0.00000000,0.00000000,-0.76021129
12624,14,28,True,0.04368003,0.04517610,0.00905621,0.04659176,0.01554139,0.01554139,0.01554139,0.00149606,-0.03462383,0.00291172,-0.02813864,-0.02813864,-0.02813864,0.10044625,0.10044623,0.02813864,0.02813864,0.02813864
10316,12,3,True,0.79960096,0.85439175,0.87657595,0.82810122,0.32799321,0.32799321,0.32799321,0.05479079,0.07697499,0.02850026,-0.47160774,-0.47160774,-0.47160774,0.58620882,0.58620882,0.47160774,0.47160774,0.47160774
7569,9,11,True,0.90986836,1.84408116,2.01693344,1.32980192,0.37872580,0.37872580,0.33941102,0.93421280,1.10706508,0.41993356,-0.53114259,-0.53114259,-0.57045734,0.76559800,0.76559800,0.53114259,0.53114259,0.57045734
13733,15,5,True,0.11666609,0.46579826,0.13196820,0.49303371,0.10213112,0.10213112,0.10213112,0.34913218,0.01530211,0.37636763,-0.01453497,-0.01453497,-0.01453497,0.01453517,0.01453517,0.01453497,0.01453497,0.01453497
11828,13,12,True,0.00005162,0.07896344,0.00004756,0.03297032,0.00004959,0.00004959,0.00004959,0.07891183,-0.00000405,0.03291870,-0.00000203,-0.00000203,-0.00000203,0.00004661,0.00004661,0.00000203,0.00000203,0.00000203
7649,9,2,False,8.01077366,7.43664646,7.71012402,7.13663721,6.66583347,6.66583347,6.66583347,-0.57412720,-0.30064964,-0.87413645,-1.34494019,-1.34494019,-1.34494019,1.34493923,1.34493923,1.34494019,1.34494019,1.34494019
11744,13,45,True,0.00004494,0.35379818,0.00043287,0.09889554,0.00010240,0.00010847,0.00010847,0.35375324,0.00038793,0.09885060,0.00005745,0.00006353,0.00006353,0.00007772,0.00007760,-0.00005745,-0.00006353,-0.00006353
14905,16,8,True,0.17544857,0.54379809,0.59346998,0.82929492,0.16227484,0.18117495,0.16227484,0.36834952,0.41802141,0.65384638,-0.01317373,0.00572638,-0.01317373,0.01317342,0.00949082,0.01317373,-0.00572638,0.01317373
16228,19,1,True,0.06518678,0.20200291,0.05899565,0.16721874,0.05899565,0.05899565,0.06518678,0.13681613,-0.00619113,0.10203196,-0.00619113,-0.00619113,0.00000000,0.00619102,0.00619102,0.00619113,0.00619113,0.00000000
5429,8,6,True,0.53652251,3.03897262,0.05746645,1.04299033,0.04746625,0.04746625,0.04746625,2.50244999,-0.47905606,0.50646782,-0.48905626,-0.48905626,-0.48905626,1.10795093,1.10795093,0.48905626,0.48905626,0.48905626
9322,12,20,True,0.02075548,0.21569371,0.11817778,0.42750120,0.01381467,0.01381467,0.01381467,0.19493824,0.09742230,0.40674573,-0.00694081,-0.00694081,-0.00694081,0.00821618,0.00821618,0.00694081,0.00694081,0.00694081
6989,9,9,True,0.00117400,0.03882147,0.00284850,0.04112117,0.00137009,0.00137009,0.00149579,0.03764747,0.00167450,0.03994717,0.00019609,0.00019609,0.00032179,0.00010359,0.00010359,-0.00019609,-0.00019609,-0.00032179
14320,16,11,True,1.03198028,1.03494430,1.65993977,1.54145133,0.60877639,0.61636651,0.60877639,0.00296402,0.62795949,0.50947106,-0.42320389,-0.41561377,-0.42320389,0.48917770,0.48749924,0.42320389,0.41561377,0.42320389
6745,11,1,False,1.30794489,1.10027385,1.38147604,1.15719724,1.10027385,1.10027385,1.10027385,-0.20767105,0.07353115,-0.15074766,-0.20767105,-0.20767105,-0.20767105,0.20767033,0.20767033,0.20767105,0.20767105,0.20767105
10711,12,15,True,0.01893177,0.08491649,0.04598352,0.18570934,0.01632641,0.01632641,0.01632641,0.06598472,0.02705175,0.16677758,-0.00260535,-0.00260535,-0.00260535,0.00318057,0.00318057,0.00260535,0.00260535,0.00260535
4573,7,6,True,0.03502236,0.26280043,0.06741067,0.36805022,0.03502236,0.03502236,0.03502236,0.22777808,0.03238831,0.33302787,0.00000000,0.00000000,0.00000000,0.00000000,0.00000000,0.00000000,0.00000000,0.00000000
14649,16,19,True,0.00385138,0.04521506,0.03298843,0.15580244,0.00297556,0.00297556,0.00297556,0.04136368,0.02913705,0.15195106,-0.00087582,-0.00087582,-0.00087582,0.00097522,0.00097522,0.00087582,0.00087582,0.00087582
14035,15,2,True,0.27469555,1.31947947,0.34612182,1.43320215,0.27469555,0.27469555,0.27469555,1.04478395,0.07142627,1.15850663,0.00000000,0.00000000,0.00000000,0.00000000,0.00000000,0.00000000,0.00000000,0.00000000
11709,13,62,True,0.00001395,0.95136243,0.00005019,0.09066729,0.00000393,0.00000370,0.00000346,0.95134848,0.00003624,0.09065334,-0.00001001,-0.00001025,-0.00001049,0.00002599,0.00002575,0.00001001,0.00001025,0.00001049
14563,16,2,False,3.30093837,3.45692921,2.66261315,2.82107306,2.66261315,2.66261315,2.66261315,0.15599084,-0.63832521,-0.47986531,-0.63832521,-0.63832521,-0.63832521,0.65250897,0.65250897,0.63832521,0.63832521,0.63832521
14648,15,1,True,0.05176977,0.31340238,0.05718537,0.33224216,0.05176977,0.05176977,0.05718537,0.26163262,0.00541561,0.28047240,0.00000000,0.00000000,0.00541561,0.00000000,0.00000000,0.00000000,0.00000000,-0.00541561
14763,16,1,True,0.00505859,0.00692278,0.00730936,0.01027107,0.00505859,0.00505859,0.00692278,0.00186420,0.00225078,0.00521249,0.00000000,0.00000000,0.00186420,0.00000000,0.00000000,0.00000000,0.00000000,-0.00186420
9184,12,3,True,0.34935030,0.94836032,0.40246433,1.00188780,0.34470043,0.34470043,0.34470043,0.59900999,0.05311403,0.65253747,-0.00464988,-0.00464988,-0.00464988,0.00464886,0.00464886,0.00464988,0.00464988,0.00464988
14230,16,3,False,5.83855629,3.46031356,6.65083981,4.44985104,2.64983201,2.64983201,2.64983201,-2.37824273,0.81228352,-1.38870525,-3.18872428,-3.18872428,-3.18872428,3.26040053,3.26040053,3.18872428,3.18872428,3.18872428
10307,12,3,True,0.46839815,0.15573919,0.87228042,0.36091372,0.15573919,0.15573919,0.15573919,-0.31265897,0.40388227,-0.10748443,-0.31265897,-0.31265897,-0.31265897,0.45791522,0.45791522,0.31265897,0.31265897,0.31265897
2274,4,1,False,2.49458623,4.24305773,2.08312821,3.76402950,2.08312821,2.08312821,2.08312821,1.74847150,-0.41145802,1.26944327,-0.41145802,-0.41145802,-0.41145802,0.41145825,0.41145825,0.41145802,0.41145802,0.41145802
2354,5,4,True,0.01391460,0.19320349,0.21974222,0.91460198,0.01391460,0.01391460,0.04304696,0.17928889,0.20582762,0.90068740,0.00000000,0.00000000,0.02913236,0.00000000,0.00000000,0.00000000,0.00000000,-0.02913236
4082,8,1,True,0.63185269,0.94066906,0.62009305,0.92210972,0.62009305,0.62009305,0.62009305,0.30881637,-0.01175964,0.29025704,-0.01175964,-0.01175964,-0.01175964,0.01175928,0.01175928,0.01175964,0.01175964,0.01175964
7408,11,2,False,3.73474360,0.80303335,3.03452396,0.78892976,0.78892976,0.63368404,0.78892976,-2.93171024,-0.70021963,-2.94581389,-2.94581389,-3.10105944,-2.94581389,3.88640213,3.81082273,2.94581389,3.10105944,2.94581389
3544,5,7,False,2.07962680,1.13914847,3.78368115,0.84907538,0.43639344,0.43639344,0.43639344,-0.94047832,1.70405436,-1.23055148,-1.64323330,-1.64323330,-1.64323330,2.84804201,2.84804225,1.64323330,1.64323330,1.64323330
3078,3,2,False,3.73181486,2.36241651,4.95319653,3.48359632,2.36241651,2.36241651,2.36241651,-1.36939836,1.22138166,-0.24821854,-1.36939836,-1.36939836,-1.36939836,1.39256859,1.39256859,1.36939836,1.36939836,1.36939836
7271,10,2,True,0.00858793,0.07614880,0.00507685,0.04775541,0.00507685,0.00507685,0.00507685,0.06756087,-0.00351108,0.03916748,-0.00351108,-0.00351108,-0.00351108,0.00372272,0.00372272,0.00351108,0.00351108,0.00351108
12498,14,4,False,2.39974856,1.93878448,2.54495239,1.83332396,1.50511479,1.50511479,1.50511479,-0.46096408,0.14520383,-0.56642461,-0.89463377,-0.89463377,-0.89463377,0.94865525,0.94865525,0.89463377,0.89463377,0.89463377
1083,1,1,True,0.24528544,0.04806200,0.86955273,0.20006052,0.04806200,0.04806200,0.20006052,-0.19722344,0.62426728,-0.04522492,-0.19722344,-0.19722344,-0.04522492,0.19722363,0.19722363,0.19722344,0.19722344,0.04522492
7820,9,7,False,7.12855768,4.35305166,9.18382835,6.20862293,4.35726929,4.35726929,4.35726929,-2.77550602,2.05527067,-0.91993475,-2.77128839,-2.77128839,-2.77128839,3.05807734,3.05807734,2.77128839,2.77128839,2.77128839
15550,17,4,False,3.32886291,4.78581333,2.25153613,3.48925352,2.08753896,2.08753896,2.08753896,1.45695043,-1.07732677,0.16039062,-1.24132395,-1.24132395,-1.24132395,1.24132395,1.24132395,1.24132395,1.24132395,1.24132395
7921,11,2,True,0.03175271,0.04703291,0.03694727,0.04750831,0.03090308,0.03175271,0.03090308,0.01528020,0.00519456,0.01575560,-0.00084963,0.00000000,-0.00084963,0.00084963,0.00000000,0.00084963,0.00000000,0.00084963
3157,5,1,True,0.97226989,0.97829616,1.16895556,1.17124748,0.97226989,0.97226989,0.97226989,0.00602627,0.19668567,0.19897759,0.00000000,0.00000000,0.00000000,0.00000000,0.00000000,0.00000000,0.00000000,0.00000000
980,1,2,True,0.04578596,0.02984877,0.05082958,0.03246464,0.02984877,0.02984877,0.02984877,-0.01593719,0.00504362,-0.01332132,-0.01593719,-0.01593719,-0.01593719,0.01809254,0.01809254,0.01593719,0.01593719,0.01593719
15044,17,1,True,0.61112797,0.84103543,0.56814897,0.94239360,0.56814897,0.61112797,0.56814897,0.22990745,-0.04297900,0.33126563,-0.04297900,0.00000000,-0.04297900,0.04297882,0.00000000,0.04297900,0.00000000,0.04297900
2093,4,6,False,1.90307665,2.02973604,1.87070656,2.03149128,1.81526160,1.73279440,1.81526160,0.12665939,-0.03237009,0.12841463,-0.08781505,-0.17028224,-0.08781505,0.21636534,0.18041897,0.08781505,0.17028224,0.08781505
15630,17,2,True,0.00035196,0.02742392,0.00043025,0.03124526,0.00029703,0.00035196,0.00591765,0.02707196,0.00007829,0.03089330,-0.00005494,0.00000000,0.00556569,0.00005494,0.00000000,0.00005494,0.00000000,-0.00556569
1403,1,4,True,0.00249741,0.00095917,1.09590888,0.14603366,0.00035029,0.00035029,0.00107838,-0.00153824,1.09341145,0.14353624,-0.00214712,-0.00214712,-0.00141903,0.00455824,0.00455824,0.00214712,0.00214712,0.00141903
15060,19,28,True,0.43494302,3.31282377,0.08899824,1.46512842,0.08622541,0.08622541,0.08622541,2.87788081,-0.34594479,1.03018546,-0.34871760,-0.34871760,-0.34871760,0.95614761,0.95614779,0.34871760,0.34871760,0.34871760
41,1,7,True,0.03190514,0.04641674,0.64859909,0.79575074,0.01197930,0.01197930,0.02594321,0.01451160,0.61669397,0.76384562,-0.01992583,-0.01992583,-0.00596192,0.02747278,0.02747278,0.01992583,0.01992583,0.00596192
13636,15,20,True,0.01360925,0.62144256,0.02956560,0.90663290,0.01193136,0.01193136,0.01193136,0.60783333,0.01595636,0.89302367,-0.00167788,-0.00167788,-0.00167788,0.00167765,0.00167765,0.00167788,0.00167788,0.00167788
13608,16,26,True,0.00014531,0.00513200,0.00130378,0.01654934,0.00012802,0.00012802,0.00012802,0.00498670,0.00115847,0.01640403,-0.00001728,-0.00001728,-0.00001728,0.00002217,0.00002217,0.00001728,0.00001728,0.00001728
6618,9,3,False,6.22819614,3.52098513,6.87872505,3.91456842,3.52098513,3.52098513,3.52098513,-2.70721102,0.65052891,-2.31362772,-2.70721102,-2.70721102,-2.70721102,3.35238361,3.35238361,2.70721102,2.70721102,2.70721102
15416,18,5,False,0.98969096,2.85192299,0.77456337,2.72359467,0.77472305,0.77472317,0.77472317,1.86223197,-0.21512759,1.73390365,-0.21496791,-0.21496779,-0.21496779,0.25501531,0.25501531,0.21496791,0.21496779,0.21496779
16078,17,1,True,0.34252357,0.66099203,0.44901454,0.78702229,0.34252357,0.34252357,0.34252357,0.31846845,0.10649097,0.44449872,0.00000000,0.00000000,0.00000000,0.00000000,0.00000000,0.00000000,0.00000000,0.00000000
7423,9,3,False,3.67097378,3.74510479,4.09277916,4.17188263,3.67097378,3.67097425,3.67097378,0.07413101,0.42180538,0.50090885,0.00000000,0.00000048,0.00000000,0.00000000,0.00000000,0.00000000,-0.00000048,0.00000000
1115,1,2,True,0.21774551,0.34847587,0.99763399,0.97777218,0.12652992,0.21774551,0.12652992,0.13073036,0.77988851,0.76002669,-0.09121560,0.00000000,-0.09121560,0.09121560,0.00000000,0.09121560,0.00000000,0.09121560
8712,12,47,True,0.03985137,0.51033092,0.29305381,2.37031698,0.01143544,0.01143544,0.01143544,0.47047955,0.25320244,2.33046556,-0.02841593,-0.02841593,-0.02841593,0.04799723,0.04799723,0.02841593,0.02841593,0.02841593
15817,17,5,True,0.01064185,0.40816694,0.00287168,0.07034510,0.00287168,0.00287168,0.00359924,0.39752510,-0.00777017,0.05970325,-0.00777017,-0.00777017,-0.00704261,0.01483598,0.01483598,0.00777017,0.00777017,0.00704261
4838,7,2,True,0.85923672,1.21796405,0.92716265,1.22369027,0.84194189,0.86490458,0.84194189,0.35872734,0.06792593,0.36445355,-0.01729482,0.00566787,-0.01729482,0.01729286,-0.00566894,0.01729482,-0.00566787,0.01729482
3227,3,5,True,0.34047338,0.11965187,3.13933492,1.58905911,0.07595469,0.08408643,0.07595469,-0.22082151,2.79886150,1.24858570,-0.26451868,-0.25638697,-0.26451868,0.39465249,0.33191907,0.26451868,0.25638697,0.26451868
16356,17,1,True,0.05932049,0.56595945,0.15825096,0.79720795,0.05932049,0.05932049,0.15825096,0.50663894,0.09893046,0.73788744,0.00000000,0.00000000,0.09893046,0.00000000,0.00000000,0.00000000,0.00000000,-0.09893046
16710,17,2,True,0.40191290,4.34670162,0.16949099,2.19867778,0.16850138,0.16850138,0.16850138,3.94478869,-0.23242190,1.79676485,-0.23341152,-0.23341152,-0.23341152,0.26417568,0.26417568,0.23341152,0.23341152,0.23341152
12201,14,1,True,0.31674328,0.35796022,0.35085955,0.40035412,0.31674328,0.31674328,0.31674328,0.04121694,0.03411627,0.08361083,0.00000000,0.00000000,0.00000000,0.00000000,0.00000000,0.00000000,0.00000000,0.00000000
386,1,1,True,0.02857163,0.10544875,0.04741349,0.18745655,0.02857163,0.02857163,0.10544875,0.07687712,0.01884187,0.15888491,0.00000000,0.00000000,0.07687712,0.00000000,0.00000000,0.00000000,0.00000000,-0.07687712
13022,14,1,True,0.03535761,0.09145938,0.04640217,0.11952631,0.03535761,0.03535761,0.04640217,0.05610177,0.01104457,0.08416870,0.00000000,0.00000000,0.01104457,0.00000000,0.00000000,0.00000000,0.00000000,-0.01104457
6169,8,14,False,1.14453912,1.88614166,0.84268433,1.50455570,0.55411750,0.55411750,0.55411750,0.74160254,-0.30185479,0.36001658,-0.59042162,-0.59042162,-0.59042162,0.78996831,0.78996831,0.59042162,0.59042162,0.59042162
15197,19,1,False,2.05713272,2.87215328,1.67372847,2.25813174,1.67372847,1.67372847,1.67372847,0.81502056,-0.38340425,0.20099902,-0.38340425,-0.38340425,-0.38340425,0.38340259,0.38340259,0.38340425,0.38340425,0.38340425
12876,14,1,True,0.00500497,0.04432081,0.00534522,0.05184481,0.00500497,0.00500497,0.04432081,0.03931584,0.00034025,0.04683984,0.00000000,0.00000000,0.03931584,0.00000000,0.00000000,0.00000000,0.00000000,-0.03931584
5878,8,1,True,0.08914153,0.15082788,0.04456392,0.08833887,0.04456392,0.04456392,0.04456392,0.06168635,-0.04457762,-0.00080266,-0.04457762,-0.04457762,-0.04457762,0.04457751,0.04457751,0.04457762,0.04457762,0.04457762
8401,12,25,True,0.04109932,0.04111271,0.32855502,0.15225466,0.01271310,0.01271322,0.01271310,0.00001339,0.28745571,0.11115533,-0.02838622,-0.02838610,-0.02838622,0.05604379,0.05604379,0.02838622,0.02838610,0.02838622
13861,16,28,True,0.80714267,2.43258190,1.69474506,2.63729429,0.48684427,0.48370111,0.48684427,1.62543917,0.88760239,1.83015156,-0.32029840,-0.32344157,-0.32029840,0.38983798,0.38419104,0.32029840,0.32344157,0.32029840
4060,8,2,True,0.03076969,0.04672066,0.02855749,0.04311558,0.02855749,0.02855749,0.02855749,0.01595097,-0.00221220,0.01234589,-0.00221220,-0.00221220,-0.00221220,0.00239487,0.00239487,0.00221220,0.00221220,0.00221220
2995,3,4,True,0.01648954,0.05691874,0.35793012,1.13605106,0.01133066,0.01133066,0.05691874,0.04042920,0.34144059,1.11956155,-0.00515887,-0.00515887,0.04042920,0.00515876,0.00515876,0.00515887,0.00515887,-0.04042920
13770,16,1,True,0.02923049,0.03808755,0.03717276,0.04820662,0.02923049,0.02923049,0.02923049,0.00885706,0.00794227,0.01897613,0.00000000,0.00000000,0.00000000,0.00000000,0.00000000,0.00000000,0.00000000,0.00000000
15571,19,5,True,0.09872718,1.76195455,0.07294329,0.94229430,0.07294329,0.07294329,0.06544475,1.66322732,-0.02578390,0.84356713,-0.02578390,-0.02578390,-0.03328243,0.06105205,0.06105205,0.02578390,0.02578390,0.03328243
11821,13,32,True,0.00107660,0.40223002,0.00088557,0.13965805,0.00069332,0.00069332,0.00069332,0.40115342,-0.00019102,0.13858145,-0.00038328,-0.00038328,-0.00038328,0.00145117,0.00145117,0.00038328,0.00038328,0.00038328
5884,8,3,False,1.70164537,5.82626104,0.88732159,4.66495085,0.74378830,0.74378830,0.74378830,4.12461567,-0.81432378,2.96330547,-0.95785707,-0.95785707,-0.95785707,1.05430961,1.05430961,0.95785707,0.95785707,0.95785707
8441,12,1,True,0.13061072,0.25348824,0.20687743,0.36715531,0.13061072,0.13061072,0.13061072,0.12287752,0.07626671,0.23654459,0.00000000,0.00000000,0.00000000,0.00000000,0.00000000,0.00000000,0.00000000,0.00000000
14019,16,5,True,0.03388860,0.10436465,0.05952201,0.15714441,0.03388860,0.03388860,0.03388849,0.07047604,0.02563341,0.12325580,0.00000000,0.00000000,-0.00000012,0.00000000,0.00000000,0.00000000,0.00000000,0.00000012
6857,9,2,True,0.03639199,0.05181810,0.09034605,0.11158000,0.02888009,0.02888009,0.02888009,0.01542611,0.05395406,0.07518801,-0.00751190,-0.00751190,-0.00751190,0.00751190,0.00751190,0.00751190,0.00751190,0.00751190
3229,5,1,True,0.00929753,0.20684457,0.07603866,0.43095973,0.00929753,0.00929753,0.43095973,0.19754705,0.06674113,0.42166221,0.00000000,0.00000000,0.42166221,0.00000000,0.00000000,0.00000000,0.00000000,-0.42166221
3228,4,106,False,1.65127194,4.33995152,2.23212051,2.90877652,0.68407094,0.68407094,0.68407094,2.68867970,0.58084857,1.25750458,-0.96720099,-0.96720099,-0.96720099,3.86806250,3.86806250,0.96720099,0.96720099,0.96720099
15289,17,6,False,4.66996002,5.23041773,3.50537276,4.07174301,3.14276552,3.14276552,3.14276552,0.56045771,-1.16458726,-0.59821701,-1.52719450,-1.52719450,-1.52719450,1.59725904,1.59725904,1.52719450,1.52719450,1.52719450
9762,12,1,True,0.47617978,0.12311330,0.80530971,0.25652355,0.12311330,0.12311330,0.12311330,-0.35306647,0.32912993,-0.21965623,-0.35306647,-0.35306647,-0.35306647,0.35306638,0.35306638,0.35306647,0.35306647,0.35306647
2877,5,4,False,1.31591904,1.23816252,2.35479355,2.10312700,0.83574533,0.91533506,0.83574557,-0.07775652,1.03887451,0.78720796,-0.48017371,-0.40058398,-0.48017347,0.58347249,0.56981361,0.48017371,0.40058398,0.48017347
14316,16,4,False,3.34979844,3.09191561,3.25883174,3.03124857,2.95689631,2.95689631,2.95689631,-0.25788283,-0.09096670,-0.31854987,-0.39290214,-0.39290214,-0.39290214,0.43380976,0.43380976,0.39290214,0.39290214,0.39290214
179,1,1,True,0.02551392,0.06079997,0.22901019,0.23041542,0.02551392,0.02551392,0.06079997,0.03528605,0.20349628,0.20490149,0.00000000,0.00000000,0.03528605,0.00000000,0.00000000,0.00000000,0.00000000,-0.03528605
14587,15,16,True,0.03308854,0.30654287,0.03835236,0.33914420,0.02152615,0.02152615,0.02152615,0.27345434,0.00526382,0.30605567,-0.01156239,-0.01156239,-0.01156239,0.01323671,0.01323671,0.01156239,0.01156239,0.01156239
10441,12,16,True,0.09445316,0.74354988,0.44680411,1.18413281,0.09047358,0.09047369,0.09047358,0.64909673,0.35235095,1.08967972,-0.00397957,-0.00397947,-0.00397957,0.01516826,0.01516826,0.00397957,0.00397947,0.00397957
1830,1,1,True,0.12095162,0.07088217,0.73844570,0.43723980,0.07088217,0.07088217,0.12095162,-0.05006945,0.61749411,0.31628817,-0.05006945,-0.05006945,0.00000000,0.05006927,0.05006927,0.05006945,0.05006945,0.00000000
4159,7,28,True,0.18452206,4.95398521,0.03184105,1.96371233,0.01987448,0.01987448,0.01987448,4.76946306,-0.15268101,1.77919030,-0.16464758,-0.16464758,-0.16464758,0.57931870,0.57931876,0.16464758,0.16464758,0.16464758
14793,16,12,True,0.14668027,1.18100274,0.50650668,2.09424639,0.13665777,0.13665777,0.13665777,1.03432250,0.35982642,1.94756615,-0.01002249,-0.01002249,-0.01002249,0.01059686,0.01059686,0.01002249,0.01002249,0.01002249
9133,12,1,True,0.03732023,0.03327858,0.10219624,0.06078438,0.03327858,0.03327858,0.03327858,-0.00404165,0.06487601,0.02346414,-0.00404165,-0.00404165,-0.00404165,0.00404165,0.00404165,0.00404165,0.00404165,0.00404165
12871,14,7,True,0.06277111,0.66895562,0.11640880,1.25981653,0.05446018,0.05542223,0.06757614,0.60618448,0.05363769,1.19704545,-0.00831093,-0.00734888,0.00480503,0.00892614,0.00734877,0.00831093,0.00734888,-0.00480503
15970,17,3,True,0.05294732,0.19587483,0.19598125,0.45190954,0.05294732,0.05294732,0.05527470,0.14292750,0.14303392,0.39896223,0.00000000,0.00000000,0.00232738,0.00000000,0.00000000,0.00000000,0.00000000,-0.00232738
8714,12,2,True,0.37551656,0.69010139,0.55605817,0.92967689,0.37551656,0.37551656,0.37551656,0.31458482,0.18054160,0.55416036,0.00000000,0.00000000,0.00000000,0.00000000,0.00000000,0.00000000,0.00000000,0.00000000
6369,10,7,True,0.00016438,0.02594089,0.00032908,0.04504368,0.00015186,0.00015186,0.00016438,0.02577651,0.00016471,0.04487931,-0.00001251,-0.00001251,0.00000000,0.00001251,0.00001251,0.00001251,0.00001251,0.00000000
11991,13,1,True,0.04584347,0.27312392,0.03147875,0.17841125,0.03147875,0.03147875,0.04584347,0.22728045,-0.01436472,0.13256778,-0.01436472,-0.01436472,0.00000000,0.01436506,0.01436506,0.01436472,0.01436472,0.00000000
1475,1,10,True,0.28292966,0.97024715,1.34847045,2.40725136,0.18354771,0.18354771,0.18354771,0.68731749,1.06554079,2.12432170,-0.09938195,-0.09938195,-0.09938195,0.11283255,0.11283255,0.09938195,0.09938195,0.09938195
239,1,1,False,4.90500498,2.68332958,5.27724361,2.92196655,2.68332958,2.68332958,2.68332958,-2.22167540,0.37223864,-1.98303843,-2.22167540,-2.22167540,-2.22167540,2.22167516,2.22167516,2.22167540,2.22167540,2.22167540
5806,8,1,True,0.00551737,0.01104597,0.00415557,0.00869713,0.00415557,0.00415557,0.00415557,0.00552860,-0.00136180,0.00317976,-0.00136180,-0.00136180,-0.00136180,0.00136180,0.00136180,0.00136180,0.00136180,0.00136180
2290,5,3,True,0.43509904,0.49579322,0.51965344,0.54685807,0.35195959,0.39233291,0.35195959,0.06069419,0.08455440,0.11175904,-0.08313945,-0.04276612,-0.08313945,0.15804720,0.04276666,0.08313945,0.04276612,0.08313945
12655,14,1,True,0.04249311,0.03886402,0.04347655,0.03981735,0.03886402,0.03886402,0.03886402,-0.00362910,0.00098344,-0.00267576,-0.00362910,-0.00362910,-0.00362910,0.00362921,0.00362921,0.00362910,0.00362910,0.00362910
9926,12,3,True,0.18188460,0.40269977,0.55884904,0.77989048,0.21201678,0.21201688,0.21201678,0.22081517,0.37696445,0.59800589,0.03013217,0.03013228,0.03013217,0.02123514,0.02123514,-0.03013217,-0.03013228,-0.03013217
13877,16,1,True,0.78475982,1.03002000,0.89331722,1.14960742,0.78475982,0.78475982,0.78475982,0.24526018,0.10855740,0.36484760,0.00000000,0.00000000,0.00000000,0.00000000,0.00000000,0.00000000,0.00000000,0.00000000
2264,3,8,True,0.00747775,0.00373547,0.15186402,0.08615487,0.00317712,0.00317712,0.00317712,-0.00374228,0.14438628,0.07867713,-0.00430063,-0.00430063,-0.00430063,0.00589225,0.00589225,0.00430063,0.00430063,0.00430063
10977,13,14,True,0.00009095,0.16642199,0.00556693,0.52709091,0.00009095,0.00009095,0.00014781,0.16633104,0.00547598,0.52699995,0.00000000,0.00000000,0.00005686,0.00000000,0.00000000,0.00000000,0.00000000,-0.00005686
4290,7,17,True,0.05876379,0.99212182,0.04237143,0.73159224,0.03687305,0.03687294,0.03687305,0.93335801,-0.01639236,0.67282844,-0.02189073,-0.02189085,-0.02189073,0.02988590,0.02988590,0.02189073,0.02189085,0.02189073
15494,17,2,True,0.05560492,0.37933651,0.01767843,0.49631065,0.01767843,0.01786662,0.01631480,0.32373160,-0.03792649,0.44070575,-0.03792649,-0.03773829,-0.03929011,0.07702851,0.03773828,0.03792649,0.03773829,0.03929011
1557,1,2,True,0.00119400,0.14832512,0.00867208,0.40270153,0.00119400,0.00119400,0.14832512,0.14713112,0.00747808,0.40150753,0.00000000,0.00000000,0.14713112,0.00000000,0.00000000,0.00000000,0.00000000,-0.14713112
15617,17,4,True,0.85245001,2.53965473,1.67917633,3.60615015,0.82219160,0.82219160,0.82219160,1.68720472,0.82672632,2.75370026,-0.03025842,-0.03025842,-0.03025842,0.03043294,0.03043294,0.03025842,0.03025842,0.03025842
15122,18,1,False,1.29615092,2.26325798,0.69566077,1.27817917,0.69566077,0.69566077,0.69566077,0.96710706,-0.60049015,-0.01797175,-0.60049015,-0.60049015,-0.60049015,0.60049027,0.60049027,0.60049015,0.60049015,0.60049015
11708,13,21,True,0.00004804,0.08232588,0.00005948,0.03316212,0.00001490,0.00001490,0.00001490,0.08227783,0.00001144,0.03311408,-0.00003314,-0.00003314,-0.00003314,0.00007379,0.00007379,0.00003314,0.00003314,0.00003314
11826,13,1,True,0.00042930,0.01550501,0.00052319,0.01435642,0.00042930,0.00042930,0.01435642,0.01507571,0.00009389,0.01392712,0.00000000,0.00000000,0.01392712,0.00000000,0.00000000,0.00000000,0.00000000,-0.01392712
3317,4,40,False,7.30170107,4.53505516,6.12973118,2.90111017,2.87196302,2.87196302,2.87196302,-2.76664591,-1.17196989,-4.40059090,-4.42973804,-4.42973804,-4.42973804,5.60290337,5.60290337,4.42973804,4.42973804,4.42973804
7998,9,5,True,0.00904262,0.02710109,0.01395246,0.03871540,0.00829016,0.00829016,0.00829016,0.01805847,0.00490983,0.02967278,-0.00075246,-0.00075246,-0.00075246,0.00074080,0.00074080,0.00075246,0.00075246,0.00075246
16484,17,7,True,0.17210260,0.68943447,0.19084825,0.68752068,0.12316336,0.12316336,0.12316326,0.51733184,0.01874565,0.51541805,-0.04893924,-0.04893924,-0.04893934,0.05470072,0.05470072,0.04893924,0.04893924,0.04893934
15366,19,1,False,4.22366858,4.32671928,4.15649843,4.22872877,4.15649843,4.15649843,4.15649843,0.10305071,-0.06717014,0.00506020,-0.06717014,-0.06717014,-0.06717014,0.06716967,0.06716967,0.06717014,0.06717014,0.06717014
11365,13,3,True,0.15692484,1.28526783,0.15655418,1.15835631,0.13812347,0.13812347,0.13812347,1.12834299,-0.00037067,1.00143147,-0.01880138,-0.01880138,-0.01880138,0.02060390,0.02060390,0.01880138,0.01880138,0.01880138
3126,5,8,True,0.53004837,0.21600333,1.14617252,0.38292333,0.18430902,0.18430902,0.18430902,-0.31404504,0.61612415,-0.14712504,-0.34573936,-0.34573936,-0.34573936,0.72580332,0.72580332,0.34573936,0.34573936,0.34573936
1448,1,3,True,0.03192754,0.08852645,0.07849715,0.28164351,0.03189347,0.03192765,0.08565887,0.05659891,0.04656961,0.24971597,-0.00003406,0.00000012,0.05373133,0.00003406,0.00000000,0.00003406,-0.00000012,-0.05373133
15489,17,2,True,0.42515442,1.57505596,0.45998678,1.13327742,0.45998707,0.45998707,0.45998678,1.14990151,0.03483236,0.70812297,0.03483266,0.03483266,0.03483236,0.06281731,0.06281731,-0.03483266,-0.03483266,-0.03483236
